Date,Review,sentiment,Sentiment2
2024-06,"자주 들러요, 커피 끝맛까지 좋아요",긍정적,긍정적
2024-06,좋아요,긍정적,긍정적
2024-02,친절하시고 커피 음료 가격대비 나쁘지 않은 맛이네용👏🏻ㅎㅎ,긍정적,긍정적
2024-02,사장님 매번 너무 친절하시네요,긍정적,긍정적
2022-12,출근길에 커피박스 오늘의 메뉴 꼭 확인하고 가는편 ㅎ 꿀생강차 맛있음,긍정적,긍정적
2022-12,자주방문하고있어요,긍정적,긍정적
2023-02,굳,긍정적,긍정적
2022-11,맛있어여,긍정적,긍정적
2022-09,자몽에이드 맛있어요,긍정적,긍정적
2022-07,"저렴하지만 맛있습니다
친절하시구요~ 많이 파시고 부자되세요",긍정적,긍정적
2022-07,굿,긍정적,긍정적
2022-02,굿,긍정적,긍정적
2021-11,굿,긍정적,긍정적
2021-10,맛있어요,긍정적,긍정적
2021-07,커피맛 괜찮아요,긍정적,긍정적
2021-04,커피가 맛나요 지나가다가 멈춰서 사먹을 정도,긍정적,긍정적
2021-06,좋아요,긍정적,긍정적
2021-01,강추 착한가격 끝까지 맛있어요.,긍정적,긍정적
2021-01,"직원이 넘 친절하네요~
유자차 좋아요~~",긍정적,긍정적
2020-11,갈때마다 친절하시고 잘챙겨주시니 기분이 좋네요 번창하십시오,긍정적,긍정적
2020-10,늘 친절한 사장님 너무 좋아요! 커피맛도 좋고 디카페인 배려도 감동입니다 🧡,긍정적,긍정적
2020-11,#아메리카노맛집 #친절한사장님,긍정적,긍정적
2020-10,카페 생긴지는 조금 된 것 같은데 이제야 방문해봤네요..사장님 엄청 친절하시고 커피도 맛있어요!!,긍정적,긍정적
2020-08,알바생이셨나... 세상 친절하심,긍정적,긍정적
2020-10,또 왔습니다~,긍정적,긍정적
2020-06,"#가성비갑 #깨끗한위생 #친절
사장님 갈때마다 다 기억해주시고 친절해서 너무 좋아요! 아침새벽에 사는편인데 항상 깨끗하게 청소하고 계시더라고요 믿고마십니다! 번창하세요!",긍정적,긍정적
2020-07,커피 진해서 좋아요,긍정적,긍정적
2020-07,ㅡ,부정적,부정적
