Date,Review,sentiment,Sentiment2
2024-10,"오늘은 않먹어 보던 닭칼국수 먹었는데
그것도 맛있음^^;;
이 집은 점심먹으로 자주감^^
가성비 좋음",긍정적,긍정적
2024-11,칼국수 국물이 너무 맛있움ㅎㅎ가격도 만원안넘거 굿,긍정적,긍정적
2024-09,"누가 사진을 이렇게 찍었는지 참..
진짜 매운 닭볶음탕
엽떡급 매움인데 맛인게 매워요
다른 메뉴들도 다 맛있데요
점심에 직장인 많은 곳",긍정적,긍정적
2024-08,"여름이라 기운 딸려 닭 먹으러 갔는데
여기 가격도 좋고 닭곰탕도 맛있음
닭고기 살도 많이 들어 있구",긍정적,긍정적
2024-06,"2번째 방문
이번엔 초계국수 도전!
맛과 가격 모두 잡았음 ㅇㅈ
면발 괜찮고, 닭 고명 맛있고 국물맛 다른 거 추가할 것 없이 적절함
이런집이 냉면도 잘하네 ㅋㅋ여름에 자주 봐요",긍정적,긍정적
2024-10,"1. 닭냄새 비린내 최악
2. 불친절 서비스상태최악",부정적,부정적
2024-08,"솔직히.. 닭한마리 맛도 그냥 그랬는데 그건 그러려니 합니다. 근데 뭐 좀 더 달라고 말하려는데 워낙 바빠보여서 쟁반 들고 갔더니 들고다니지말라고 넘어지면 냄새난다고 짜증내시고 계속 말투 툴툴대시고 이래라 저래라 명령하시고 참 . 내 돈내고 밥 먹으러왔다가 짜증이 나네요. 쟁반을 던저버리러다가 진짜 주인아주머니는 친절해서 참았습니다. 그 따님인지 종업원인지 헤비급 여자분. 그따위 태도로 장사하실거면 제발 그냥 가게에 나오질 마시는게 도움되지 싶습니다.
왜 내가 내 돈 주고 짜증나야하는지요. 나 원 별

체하는줄 알았네요. 아 그리고 다시 한번 강조하는데 맛도 걍 그래요.",부정적,부정적
2024-07,"여기도 직장근처라 점심때 매운거 먹고 싶을때 가는데
초복.중복.말복에는 진짜 사람 많음
닭곰탕도 먹어봤는데 그것도 맛있음
닭볶음탕은 좀 매워서 매운거 못먹는 사람들에겐 좀 힘들듯^^",긍정적,긍정적
2024-06,"개매운 닭볶음탕
+ 불닭급인데 뚝배기에 뜨거워서 그 이상 같아요
+ 사전안내 해주심 엄청 맵다고 ㅋㅋ
+ 스트레스 받는 회사에서 가끔 땡길 맛
- 매운 건 역시 나중에 속이 불편 ㅠ",긍정적,긍정적
2024-09,ㆍ,알 수 없음,알 수 없음
2024-10,굿굿,긍정적,긍정적
2024-07,찐 맛집요,긍정적,긍정적
2024-04,음식이 맛있어요~,긍정적,긍정적
2024-04,음식이 맛있어요,긍정적,긍정적
2024-02,닭한마리는 가격대비 냄새나고 별로였는데.. 반마리칼국수 가성비 좋아용ㅎㅎㅎㅎ,부정적,긍정적
2024-03,음식이 맛있어요,긍정적,긍정적
2024-02,"반마리칼국수
면도 쫄깃하고 양념찍어먹음 정말 맛있어요
홀사장님 응대도 깔끔하시고 좋아요
점심땐 엥간하면 대기필수라
혼밥이다보니 조금 천천히가서 맛나게 먹습니다.",긍정적,긍정적
2024-02,서초동 닭한마리 맛집 :),긍정적,긍정적
2024-03,음식이 맛있어요,긍정적,긍정적
2024-01,맛있게 먹었어요.,긍정적,긍정적
2023-10,"직장 근처인데 국물이 진짜 진하고 맛있네요:)
깍두기 너무 맛있어요😊
직원분도 친절하시네여^^",긍정적,긍정적
2024-01,닭곰탕 맛있게 먹었어요,긍정적,긍정적
2024-06,자주가요,긍정적,긍정적
2023-11,"추울때 생각나는 메뉴
뜨끈하고 감기일때 가서 먹고 왔어요
직원분도 친절합니다",긍정적,긍정적
2023-08,"지옥에서 온 닭도리탕입네다… 와오 이렇게 매운거 거의
첨 먹어봄🥵🥵 사장님께서 많이 맵다고눈 경고하셨는데 이렇게까지 겁나 매울줄이야…ㅋㅋㅋㅋ맵부심 있는 사람 데려가고 시퍼여… 닭칼국수랑 같이 시켜야 할거 같아엽ㅠ 아님 첨부터 버섯사리를 추가해 드셔유…!
오늘 하루죙일 장실이와 한몸될 예정..😭😨",부정적,긍정적
2023-09,짱빨리 나오고 늘 맛있음,긍정적,긍정적
2023-10,배아플 때 죽먹으러 오는곳ㅎㅎ,부정적,부정적
2023-10,"닭곰탕에 다데기 넣고 먹으면 얼큰하고 맛있어요
김치도 시원하고 정말 맛있어요~",긍정적,긍정적
2023-11,"닭곰탕 먹을만 합니다
날 추운 날 혼밥 좋아요",긍정적,긍정적
2023-08,"끓이는 음식인데...
에어컨이 시원하지 않아서 매장이 더웠어요
마지막에 넣어 끓인 칼국수가 맛있어요.",부정적,부정적
2023-10,"맛있어요.
직원끼리 자주 가서 먹습니다~^^",긍정적,긍정적
2023-09,일하시는 분이 엄격해서 긴장하고 먹는 곳..그래도 맛있긴합니다,부정적,긍정적
2023-09,"점심 시간에 한끼 든든하게 먹기 좋아요!
여기 닭반마리 칼국수 추천드려요~",긍정적,긍정적
2023-07,친절하고 음식도 맛있고 저렴하고 좋아요💕,긍정적,긍정적
2023-12,굿,긍정적,긍정적
2023-12,굿,긍정적,긍정적
2023-11,맛있어요~^^,긍정적,긍정적
2023-03,대체 언제까지 먹어야 질릴까 싶을 정도로 늘 맛있음.. 양념장 많이 넣고 겨자소스도 넣으면 더맛있음.,긍정적,긍정적
2023-03,너무 배고파서 좀 이른 저녁으로 먹으러 갔는데 애매한 시간대인데도 친절하게 잘 받아주셔서 감사했어요 :) 떡 쫄낏해서 넘 맛있구 소스나 특히 김치... 와 시원한 맛 진짜 최고에요 김치국물 숟가락으로 떠먹게 되는 맛이에요. 최고❤️,긍정적,긍정적
2024-03,굿,긍정적,긍정적
2023-09,맛있게 먹었어요^^,긍정적,긍정적
2023-07,반마리 칼국수 좋아요,긍정적,긍정적
2023-07,초복날 반계탕!,긍정적,긍정적
2023-05,칼국수가 푸짐해서 몸보양하기 좋습니다.,긍정적,긍정적
2023-06,"먹다가 소스장에 머리카락이 나왔어요 ㅜ 사장님께 말씀드렸더니 이런 일이 여러번 있었냐는듯 그냥 아 죄송합니다 하고 마무리하시더라구요.. 제가 웬만하면 이런 리뷰 안 쓰는데..
대처 하시는 방식이나 위생이나.. 별로여서 남깁니다 기분이 좋지 않았네요",부정적,부정적
2022-12,"'종로 닭한마리 골목보다 맛있는 닭한마리'
꼭 가보세요. 닭육수가 아주 진하고 깔끔해 국물을 한숟가락 먹는 순간 왜 종로와 다른지 알 수 있습니다.
종로는 맹맹한 느낌이 있는데 여기는 완전 진하고
닭의 식감을 부드럽다고 할 수는 없지만 질기지 않다.
여기에 특제소스를 찍고 물김치랑 같이 먹으면 진짜 기가막힌다.
마지막으로 칼국수와 죽까지 먹으면 1차~2차까지도 한큐에 끝낼 수 있다.

🎈인스타 : food_matgwanbu",긍정적,긍정적
2023-06,늘 맛있음,긍정적,긍정적
2023-07,닭곰탕 다대기를 넣어야 칼칼하고 더 맛있어요,긍정적,긍정적
2023-07,여름엔 초계국수 삼계탕,긍정적,긍정적
2023-02,강남에서 이 가격에 닭칼국수를 푸짐히 먹을 수 있는 곳이 잘 없죠. 양도 많고 좋습니다,긍정적,긍정적
2023-07,닭한마리,긍정적,긍정적
2022-12,김치도 맛있고 닭칼국수에 양념 넣어먹으면 칼칼한 맛 미침 ㅠㅠ 음식도 빨리 나와서 점심메뉴로 딱임,긍정적,긍정적
2023-04,닭칼국수 존맛! 강남에서 찾기 힘든 가성비 가격,긍정적,긍정적
2023-04,강남 최고의 닭한마리집,긍정적,긍정적
2023-01,닭칼국수 국물도 진하고 너무 맛있게 잘 먹었어요,긍정적,긍정적
2023-01,닭곰탕도 칼칼한 대박 ㅜ,긍정적,긍정적
2023-01,"가격도 좋고 진한 닭칼국수입니다.
반마리 닭칼국수 추천해요!
좌석은 좁아요.",긍정적,긍정적
2023-02,"닭이 맛있어요 반찬은 김치만 나오는데 식당에서 담근것 같아요 신선하고 좋아요
닭집에서는 강남에서 손에 꼽힐정도로 맛있는 것 같아요",긍정적,긍정적
2023-05,맛있어요~~,긍정적,긍정적
2023-02,맛있게 잘 먹었습니당,긍정적,긍정적
2023-02,닭한마리 깔끔하고 느끼하지 않아서 좋습니다!!,긍정적,긍정적
2022-11,"닭칼국수 국물맛이 정말 구수하고 좋아요
밥까지 말아 먹기 좋습니다",긍정적,긍정적
2022-12,순식간에 사람 꽉차는 맛집이에요 ㅠㅠ 가성비도 이 구역 최고...👍빨간양념 꼭 넣어드세요. 칼칼한 맛 대박임,긍정적,긍정적
2023-01,노포이고 가성비 굿 입니다. 사람이 많고 정신 없는 편이지만 착한 메뉴로 다 인정됩니다.,긍정적,긍정적
2022-12,맛은 있습니다. 좀 불친절한...,부정적,부정적
2023-01,노포 스타일의 닭칼국수 전문점인데 양 많고 맛있어요. 반찬으로 물김치 같은 걸 주는데 시원해요. 점심시간엔 줄 서야 합니다.,긍정적,긍정적
2022-12,"점심에 기다려서 먹기 좋은 곳으로
맛도 좋고 가격도 좋습니다 ㅎㅎ

가볼만한 곳입니다!",긍정적,긍정적
2022-12,"평소에 한그릇만 먹던 동료가 두그릇을 먹었습니다
너무 맛있어요",긍정적,긍정적
2023-02,닭반마리칼국수 👍,긍정적,긍정적
2022-10,"오랜만에 갔는데도
역시 변하지 않았더라고요!!
뜨끈한 국물에 닭이랑 떡사리!!!
너무 맛있어요~",긍정적,긍정적
2022-11,직장인들의 안식처..,긍정적,긍정적
2023-03,굿,긍정적,긍정적
2023-06,좋아요,긍정적,긍정적
2022-09,"국수넘부드럽고 쫄깃해요
가격이 칠천원이라 닭얼마없는건 당연하고
가성비대비좋아욧",긍정적,긍정적
2022-12,항상 닭칼은 여기,긍정적,긍정적
2023-02,굿굿,긍정적,긍정적
2022-11,닭한마리 메뉴들 다 맛있어요~ 맛집이라 손님 많은 편이에요ㅎㅎㅎ,긍정적,긍정적
2022-11,여기는 가도가도 맛있어요...!,긍정적,긍정적
2022-12,가성비 지리쥬,긍정적,긍정적
2023-01,굿굿,긍정적,긍정적
2023-01,굿굿,긍정적,긍정적
2022-11,회사 점심 먹기 좋아요,긍정적,긍정적
2023-01,굿,긍정적,긍정적
2022-12,굿굿,긍정적,긍정적
2022-12,닭곰탕 최애,긍정적,긍정적
2022-10,칼국수는 괜찮은데 김치가 별루예요 칼국수는 김치맛으로 먹는건데 김치가 맛있었으면 좋겠고 양이적어요,부정적,부정적
2022-12,맛있어용,긍정적,긍정적
2022-09,싼 맛에 먹네요.,부정적,부정적
2022-11,진짜 자주가요,긍정적,긍정적
2022-11,굿굿,긍정적,긍정적
2022-11,닭곰탕 최애,긍정적,긍정적
2022-11,굿굿,긍정적,긍정적
2022-09,음식 양도 많고 가성비 좋아요,긍정적,긍정적
2022-12,맛있어요,긍정적,긍정적
2022-08,직원분이 친절하고 닭칼국수도 초계국수도 맛있어서 좋습니다 ㅎㅎ,긍정적,긍정적
2022-06,맛이 진하고 좋음. 죽사리가 찹쌀이라 쫄깃하고 찰져서 맛있음. 죽이 별미.,긍정적,긍정적
2022-09,가성비가 좋습니다.,긍정적,긍정적
2022-08,종로 본점에 이어 강남점이고 맛있고 가성비 좋아요,긍정적,긍정적
2022-08,요즘 드문 7000원의 가격으로 맛있게 먹을수 있어요,긍정적,긍정적
2022-10,굿굿,긍정적,긍정적
2022-10,긋굿,긍정적,긍정적
2022-11,맛잇어요,긍정적,긍정적
2022-09,굿굿,긍정적,긍정적
2022-09,굿굿,긍정적,긍정적
2022-09,굿굿,긍정적,긍정적
2022-10,맛잇어요,긍정적,긍정적
2022-11,반마리칼국수 가격도 착하고 맛있어요! 깍두기도 맛나,긍정적,긍정적
2022-11,좋아요,긍정적,긍정적
2022-10,좋아요,긍정적,긍정적
2022-08,굿굿,긍정적,긍정적
2022-08,굿굿,긍정적,긍정적
2022-06,진짜진짜 맛잇음 ㅠㅠ,긍정적,긍정적
2022-05,반마리 칼국수 맛있어요~! 😊,긍정적,긍정적
2022-06,맛있어요.^^,긍정적,긍정적
2022-07,굿굿,긍정적,긍정적
2022-06,굿굿,긍정적,긍정적
2022-04,매번 점심에가서 먹느넫 국물이 진짜!!! 술을 부르는 맛!! 넘나 맛나요!!!,긍정적,긍정적
2022-05,닭죽도맛나요,긍정적,긍정적
2022-06,굿,긍정적,긍정적
2022-05,냠냠,긍정적,긍정적
2022-09,반마리칼국수 맛남,긍정적,긍정적
2022-03,진짜맛잇고 알고난 후로는 항상 여기만갑니다 짱,긍정적,긍정적
2021-11,"반마리 칼국수 먹었어요. 가성비 좋은 점심 메뉴.
국수가 부드러운 느낌이 없어서.. 면을 조금 더 삶았으면 더 맛있었겠다 싶었어요.",긍정적,긍정적
2022-04,긋굿,긍정적,긍정적
2022-04,맛있게 잘먹었습니다~! 자주 갈 것 같아요,긍정적,긍정적
2021-12,"시그니처메뉴는 닭칼국수~
볶음탕은 어어어엄청 매워서 와...이거 큰일났는데ㅡㅡ 하는 맛.
기본 간이 좀 많이 짜서 칼국수시켜 종이컵 2/3정도 온수 부어 먹고 나오는 집..
가성비는 좋은듯~",긍정적,긍정적
2022-01,굿,긍정적,긍정적
2022-01,좋아요,긍정적,긍정적
2021-09,맛은 있는데 공간이 매우협소해요. 투명가림막설치 안되어있어요,부정적,부정적
2021-12,굿,긍정적,긍정적
2022-01,맛남,긍정적,긍정적
2021-08,"서비스 최악 다신 안감
세트메뉴 설명도 없고, 메뉴 바꿔주지도 않음
양도 적음",부정적,부정적
2022-02,좋아요,긍정적,긍정적
2021-10,맛있어요~~,긍정적,긍정적
2022-02,친절해요,긍정적,긍정적
2021-09,좋아요,긍정적,긍정적
2021-03,"맛있게 잘먹었습니다.
혼자 식사하러갔는데도 거의 만석인데 받아주셔서 감사해요 자주갈게요",긍정적,긍정적
2021-07,맛나요,긍정적,긍정적
2021-07,좋아요,긍정적,긍정적
2021-10,굿,긍정적,긍정적
2021-02,떡이 쫀득쫀득하고 국물이 맑고 깊어서 너무 맛있습니다. 특히 칼국수 넣어 먹는게 맛있네요. 김치가 시원하게 잘 익어서 너무 개운합니다.,긍정적,긍정적
2021-04,맛있는데 세트메뉴는 꼭 앉은인원수데로 시키라고해서 조금실망,부정적,긍정적
2021-03,좀 짜지만 맛있음 겁나 시끄러움 특히 서빙하는 사장님,부정적,긍정적
2021-06,너무 맛있어,긍정적,긍정적
2021-05,굳,긍정적,긍정적
2021-06,맛나요,긍정적,긍정적
2021-10,좋아요,긍정적,긍정적
2021-06,좋아요,긍정적,긍정적
2021-06,엄청 맛나요!!!,긍정적,긍정적
2021-03,싸고 맛있는 집..*^^,긍정적,긍정적
2021-02,맛있는데 세트메뉴 주문이 어려워요,부정적,긍정적
2021-04,괜찮아요,긍정적,긍정적
2021-09,좋아요,긍정적,긍정적
2021-02,닭한마리 해장이 잘되요~,긍정적,긍정적
2021-01,완전맛있어요-!!!!,긍정적,긍정적
2021-08,좋아요,긍정적,긍정적
2021-02,조아요,긍정적,긍정적
2020-12,"닭죽 초계탕 삼계탕 등등 닭으로 할수 있는 보양 요리는 다 있어요 치킨빼고
사장님이 닭에 진심인거 같아요",긍정적,긍정적
2020-12,국물과 닭이 맛있어서 좋아요,긍정적,긍정적
2020-06,"원할매 이모네 닭한마리
세트C 시키면 딱 4인이에요!! 칼칼한 맛을 원할 땐 다대기!!! 팍팍!! 건강하고 기모으는 맛!!
떡사리 리필은 필수!! 칼국수는 의무!! 죽은 선택!!! 맛있는 한끼 든든한 한끼!",긍정적,긍정적
2020-11,좋아요,긍정적,긍정적
2021-01,맛있어요,긍정적,긍정적
2021-01,굿,긍정적,긍정적
2021-01,맛있어요,긍정적,긍정적
2021-03,맛나요,긍정적,긍정적
2021-03,굿,긍정적,긍정적
2020-09,싱겁게 해달라고 해야해용 맛남,긍정적,긍정적
2020-09,닭죽도 맛있어요,긍정적,긍정적
2021-02,시원한 국물,긍정적,긍정적
2020-09,사장님들이 친절하진않아요,부정적,부정적
2020-09,닭죽도 맛나요~^^,긍정적,긍정적
2020-09,매우 만족스러운 장소입니다.,긍정적,긍정적
2020-09,매우 만족스러운 장소입니다.,긍정적,긍정적
2020-06,"홀 직원 분이 친절하고 정리를 잘해요!
음식은 정말 맛있었는데ㅠㅠ 같이 시킨 동료와 양 차이가 많이 났어요ㅠㅠㅠ",긍정적,긍정적
2020-07,"오늘은 국물이 너무 짰어요ㅠㅠㅠ
아쉬운 맛 ㅠㅠㅠㅠㅠ",부정적,부정적
2020-11,굿,긍정적,긍정적
2021-05,맛있어요,긍정적,긍정적
2020-09,착한가격.,긍정적,긍정적
2020-05,여기는 진짜 주기적으로 생각나요ㅠㅋㅋㅋㅋㅋㅋ 맛있어요!,긍정적,긍정적
2020-07,"너무너무맛있음
김치까지 양념까지 다 맛있고 양도 많고
따님 친절하시고 넘조아요🏆",긍정적,긍정적
2020-07,맛좋고. 친절합니다,긍정적,긍정적
2020-06,좋아요,긍정적,긍정적
2020-06,맛있어요,긍정적,긍정적
2020-07,맛있어요,긍정적,긍정적
2019-09,육수가 너무 맛있는 집,긍정적,긍정적
2019-03,닭볶음탕 엄청 매움,부정적,긍정적
2019-02,맛있아요♡♡♡,긍정적,긍정적
2019-02,닭칼국수맛집,긍정적,긍정적
2019-03,맛있어요,긍정적,긍정적
2019-02,맛있어요,긍정적,긍정적
