Date,Review,sentiment,Sentiment2
2024-11,음료가 맛있어요,긍정적,긍정적
2024-09,자주가는데 커피맛이너무좋아요 커피 잘 못마시는데 여기꺼는 고소하고 향이좋아서 자주마셔요,긍정적,긍정적
2024-10,서비스가 조아요,긍정적,긍정적
2024-09,과일 주스가 조아요,긍정적,긍정적
2024-06,싱싱하고 맛있어요^^,긍정적,긍정적
2024-03,"이 근처 커피는 여기가 제일 맛있는 듯
커피는 아인슈페너, 음료는 이쁜이주스 추천",긍정적,긍정적
2024-02,"아인슈페너 맛집! 크림이 진짜 맛있어요~
최근에 더치크림라떼도 먹어봤는데 부드럽고 좋았음
다른 음료도 다 맛있어요",긍정적,긍정적
2024-06,좋아요,긍정적,긍정적
2023-06,기본 아메도 헤이즐넛 향나는 콜드브루에요,긍정적,긍정적
2023-09,맛있어요,긍정적,긍정적
2023-08,커피 맛있어요!!!,긍정적,긍정적
2023-06,청귤에이드 시원하니 맛있습니다~ 역시 여름엔 에이드~,긍정적,긍정적
2023-03,음료 종류가 정말 다양해요~ 사장님도 친절하시고 음료도 맛있습니다!,긍정적,긍정적
2023-06,맛있어요,긍정적,긍정적
2023-02,라떼가 너무 충격적이라 올려요... 우유스팀 연습 하셔야 할듯,부정적,부정적
2023-03,초코맛이 나는 이유가 항상 궁금하다,부정적,부정적
2023-01,크리미라떼 맛있어욤,긍정적,긍정적
2022-11,아메리카노가 달아용,긍정적,긍정적
2022-12,맛있어요,긍정적,긍정적
2022-07,커피도 합리적인 가격에 너무 맛있고 무료토스트도있는데 사장님이 막 하나더주시려고하고~~~~좋았어요*** 토스트와 함께 커피먹으니 세상행복~~,긍정적,긍정적
2022-07,"스벅 리저브에서 먹은 사케라또랑 비교하면 맛이 다르지만, 맛있게 먹었어요. 매장 청결하고 사장님 친절하시고 토스트 무한 제공 서비스가 있어서 좋았습니다. 매장은 생각보다 일찍 마감해요.",긍정적,긍정적
2022-09,굿굿 커피가 이케 맛있어도 되는거에요?? ㅎ,긍정적,긍정적
2022-11,친절해요,긍정적,긍정적
2022-12,친절해요,긍정적,긍정적
2022-03,커피가 모두 더치로 만든거만 판데서 아아 마셨는데 너무 맛있었어요 ㅎ 취향저격 ㅎ,긍정적,긍정적
2022-06,ㅋ,긍정적,긍정적
2022-10,좋아요,긍정적,긍정적
2022-07,굿👍,긍정적,긍정적
2022-06,굿,긍정적,긍정적
2022-06,굿,긍정적,긍정적
2022-05,굿굿,긍정적,긍정적
2022-05,굿👍,긍정적,긍정적
2022-03,에슬로우 더치커피..넘나 맛있는것,긍정적,긍정적
2022-01,내가 좋아하는 커피중 하나!! 최고,긍정적,긍정적
2022-05,굿,긍정적,긍정적
2022-04,좋습니다,긍정적,긍정적
2022-01,맛있어요,긍정적,긍정적
2022-01,사장님이 넘 친절해요,긍정적,긍정적
2021-05,사장님 친절하시고 하노이라떼를 비롯해 커피와 음료 다 맛있어요.,긍정적,긍정적
2021-10,좋아요,긍정적,긍정적
2021-07,늘 맛있고 친절하십니다.,긍정적,긍정적
2021-09,ㅁㅇ,부정적,긍정적
2021-05,커피 짱짱 맛있어요,긍정적,긍정적
2021-04,커피에서 진짜 다크 초콜릿 향 나요 ㅠㅠ 완전 좋아요! 원두 좋은 거 쓰시는 거 같은데 가격두 쌈,긍정적,긍정적
2021-05,좋고 친절합니다,긍정적,긍정적
2021-06,맛나요~~,긍정적,긍정적
2021-02,아아 양 많고 맛있네요 친구는 달고나 라떼 시켰는데 토핑 이렇게 많이 올려주는 곳 처음 봄... 사이드로 카야 토스트도 맛있었어요 추천추천,긍정적,긍정적
2021-06,좋아요,긍정적,긍정적
2021-06,좋아요,긍정적,긍정적
2021-02,"친구한테 추천받아서 다녀왔어요
달고나 커피 양도 많고 맛있네요
사장님도 친절하셔서 기분 좋게 다녀갑니다~~",긍정적,긍정적
2021-05,조아요,긍정적,긍정적
2021-02,커피맛도 좋고 친절해서 너무좋아요,긍정적,긍정적
2021-03,완전 맛있어요,긍정적,긍정적
2021-03,굿,긍정적,긍정적
2021-11,맛있습니다,긍정적,긍정적
2020-11,달고나 밀크티 전국에서 제일 맛나요~ 사장님 친절하십니다^^,긍정적,긍정적
2021-02,좋아요~~,긍정적,긍정적
2020-11,코로나로 힘들지만 힘내요,긍정적,긍정적
2020-11,달고나 밀크티 너무맛있어요,긍정적,긍정적
2020-12,달고나 라떼 맛집,긍정적,긍정적
2021-01,맛있어요,긍정적,긍정적
2021-04,좋아요,긍정적,긍정적
2020-10,하노이라떼 맛나여,긍정적,긍정적
2020-12,맛있어요,긍정적,긍정적
2020-09,맛있고 메뉴 다양해요,긍정적,긍정적
2020-07,더치 맛있어서 팩으로 사러 왔어요,긍정적,긍정적
2020-10,콜드브루,긍정적,긍정적
2020-10,파인애플 좋아,긍정적,긍정적
2020-06,달고나커피 완전 맛있대요,긍정적,긍정적
2020-11,좋아요,긍정적,긍정적
2020-10,라떼 맛집!,긍정적,긍정적
2020-08,좋아요좋아요좋아요 친절해요,긍정적,긍정적
2020-06,"넘 맛있고 좋아요
사장님도 엄청 친절하시네요~♡
짱짱짱!!!좋아요
자주 올꺼 같아용~♡",긍정적,긍정적
2020-06,"최고에요
마바주스 넘 맛있어요~
커피는 말해뭐해~^^",긍정적,긍정적
2020-03,적당한 맛이에요.,긍정적,긍정적
2020-04,.,알 수 없음,알 수 없음
2020-05,커피 맛나요,긍정적,긍정적
2020-01,아메리카노가 더치라 맛있어요^^,긍정적,긍정적
2020-03,친절하고 커피도 넘 맛있어요^^,긍정적,긍정적
2019-12,크리미카노랑 마더주스 맛있고 직원도 친절해서 좋았어요,긍정적,긍정적
2019-06,적립도 해주고 메뉴도 다양하고 조금 비싸긴 하지만 거의 다 맛있어요,긍정적,긍정적
2019-03,직원분도 친절하고 선인장맥주가 진짜 맛있네요,긍정적,긍정적
2019-03,언제나 맛있는 곳,긍정적,긍정적
