Date,Review,sentiment,Sentiment2
2024-10,"닭개장은 혼자 먹기에도 충분할 정도로 양이 많고 계란찜은 무슨 계란폭탄찜으로 주시네요🤯
계육볶음도 매콤하니 술안주로 딱인 거 같아요
다음에도 꼭 오고 싶습니다!!",긍정적,긍정적
2024-08,거래처 근처에 새로 들어와서 가봄. (지난주 오픈날 재료소진 떠서 입구컷 당함…) 닭개장과 닭곰탕 하나씩 시켜서 서로 조금씩 맛봤는데 둘 다 진짜 훌륭했다. 간판에 적힌 대로 닭곰탕은 진짜 깊고 담백하고 닭개장은 딱 좋게 맵고 칼칼함. 무엇보다 양이 진짜 푸짐. 밥 말아서 떠먹는데 다른 국밥집은 숟가락에 올라간 양이 밥>건더기인데 여긴 밥<건더기 ㄷㄷㄷ 깍두기도 어떤 데는 너무 달던데 단맛 덜헤서 좋았고 백김치는 깔끔해서 매운 닭개장이랑 잘 맞았다.국밥집인데도 실내가 쾌적하고 직원분들도 친절하셔서 좋았다.,긍정적,긍정적
2024-09,계육볶음이란 메뉴가 궁금해서 주문해봣어요. 매콥하면서 닭갈비느낌도 나고 깻잎향이 확 나서 술안주로 딱이엇어요! 닭곰탕은 담백하고 닭고기가 진짜 많아서 배불럿어요 ㅎㅎㅎ 또 오고싶네요,긍정적,긍정적
2024-08,"오픈일 점심에 바로 가서 먹어본 닭개장도 칼칼하면서도 집에서 끓인 것처럼 건강한 맛이었는데, 어제 지인들과 저녁에 방문해서 먹은 닭도리탕도 맛있었고(단짠이 아니어서 진짜 좋았음!) 특히 처음 보는 닭전이 완전 취향이었습니다. 통다리살로 구운 전인데 기대했던 맛! 양념장도 진짜 맛있었고요. 가까운 곳에 생겨서 자주 방문할듯! 사진 올리면서 보니까 닭전 또 먹고 싶네요^^ 점심 저녁 직원분들도 모두 친절하셨어요. 매장도 깔끔합니다.",긍정적,긍정적
2024-11,추운 날 따끈한 국물에 든든히 먹을 수 있어서 좋았어요... 💗 고명도 많아서 끝까지 맛있게 먹을 수 있었습니다!!! 사장님도 친절하시고 다음에 또 들러서 먹고 싶은 곳이에요ㅠ ㅠ ... !!! 🫶🏻,긍정적,긍정적
2024-09,"둘이서 밥 한공기 먹었는데도 양이 엄청 많아서 배부르게 먹고도 남겼어요.!!!
닭곰탕에 고기 엄청 많고 너무 맛있어요!
미친 닭곰탕💖",긍정적,긍정적
2024-09,"다 먹고 나서 사진 찍었네용
닭곰탕 양 많고 맛있고 속이 든든해서 배가 안꺼지네요 ㅎㅎ
밥을 다 말았는데도 입에 들어오는건 고기가 훨씬 많내요 ㅎㅎ",긍정적,긍정적
2024-08,엄청담백하고 양많고 맛있어요~,긍정적,긍정적
