Date,Review,sentiment,Sentiment2
2024-10,"도곡동의 한식뷔페인데
다른곳의 한식 뷔페보다 반찬종류는 많지는않아요
카드1만원
현금9천원
조금 아쉽습니다",부정적,긍정적
2024-08,"엄마가 해주는 맛있는 밥집^^
올때마다 기분 좋게 먹고 가용~
이 집 치킨도 맛남",긍정적,긍정적
2024-07,"이젠 2차에도 갑니다ㅋㅋㅋ
점심식사에서 2차맥주까지~!!",긍정적,긍정적
2024-11,가까워서 좋아요,긍정적,긍정적
2024-06,음식이 금방 빠지면 같은 메뉴로 채워주세요~~~ ㅠ,부정적,긍정적
2024-04,"음식은 맛있지만 가장 절대적으로 필요한것이라고 느끼는점은
오늘의 메뉴가 어떤건지 입구쪽이나 1층에 공지해주시면 좋겠습니다
근처가 직장이라 자주 지나가는데 호불호가 있는 음식이 나올까봐 그냥지나친적도많은데 무턱대고 들어갔다가 닭볶음탕(닭을 못먹음)나와있으면 성격상 나오지도못하고 기본찬들만 먹고 나온적도있습니다 제발 간곡히 부탁드립니다 번거롭더라도 오늘의 메뉴 공지해주시면 더 자주갈수있을것같아요
꼭 그런방법아니더라도 sns같은곳으로 공지해주는곳도 있더라고요
그냥 저의 희망사항 적어봤습니다",부정적,부정적
2024-04,"사장님 너무 친절하시고, 일단 맛이 집밥입니다.
엄마밥이 그리울땨 자주 가요!
그리고 2층에 있어그런지 밥먹으면서도 경치보며 먹어서 더 좋아요!",긍정적,긍정적
2024-05,여러가지 종류의 반찬이 다양하며 음식들이 깔끔하고 맛있어요,긍정적,긍정적
2024-03,"가성비 최악의 식당입니다 오지마시길
인당 만원인데. 고기류 생선류 전혀 없음 (보통 일반적인 한식뷔페는 불고기나 돈까스, 동그랑땡, 잡채, 제육볶음, 생선구이 이중에 4가지 이상은 있는데 여긴 전혀 없음)
그나마 있던 콩알만한 만두튀김도 양이 얼마 없고 떨어지니. 젓갈로 보충함 어이 상실.

고기는 없나요 하니깐. 어제 제육 나왔고 오늘은 김치찌게국에 많이 들어 있다고 함 국에 고기는 숫돼지인지 돼지 냄새 작렬 또 어이상실 . 그냥 7000~8000원도 비싸 보이는데 강남이라 책정. 봉구스 컵밥 5200원보다 못함, 근처 황금식당 7000원이 나음
4만원 내고 기분 나쁘게 먹었음
아래의 네이버 리뷰들 믿지 마시길. 가짜입니다
사장님께서 이 리뷰를 보시고 영업 마인드를 바꿔주시기를 바랄뿐입니다",부정적,부정적
2024-01,"친절하십니다, 한식뷔페라고 해서 어머님 같은 분들이 매번 음식을 새로 해주시는데, 문제는 양입니다. 양이 부족하여 매번 기존 메인메뉴에서 변경되는게... 아쉽네요. 그래도 맛나게 나온 음식은 맛있습니다. 강남이라 그런지 1만원의 끼니는 약간 부담되기도...",긍정적,긍정적
2024-02,"최악입니다!!
사장님이랑 홀에 일하는 여자분 매우 불친절합니다.
""오늘 고기 없고 생선까스인데 드실거예요?"" 대뜸 이러시더군요.
너무 기분이 나빴습니다.
차라리 ""오늘은 생선까스예요"" 라고 하셨으면
기분 나쁘지 않았을텐데 고기 없으면 안먹을 사람 취급 하더군요.

얼마전에 방문했을때에 메인반찬이 없네요.
이러고 나온적이 있는데
그걸 기억하시고 이런 말씀 하신거 같은데
솔직히 고기뿐만 아니라 메인반찬 없는 경우 많고
풀떼기만 있는 경우 많습니다.
만원 받으시면서 반찬 구성 신경 좀 쓰세요!!

그리고 매번 결재 할때 마다 현금결제 유도하시는데
이런 행위 불법이신거 아시죠?
지난번에는 첫손님인데 현금주면 안되겠냐고
사정사정 하셔서 계좌이체 해드렸는데
진심 탈세 의심됩니다. 그런식으로 장사하지 마세요!",부정적,부정적
2024-09,친절해요,긍정적,긍정적
2024-06,친절합니다,긍정적,긍정적
2023-11,"두번째 방문인데
퀄이 좋아졌네요
떡볶이, 돼지두루치기, 각종 쌈류 등
좋아하는 반찬이 가득합니다
만원에 배부르게 먹었어요
현금결제는 천원 할인된다는 거~",긍정적,긍정적
2023-11,사장님의 음식 솜씨는 먹을때 마다 느끼지만 도곡동의 한식을 몇단계 업그레이드를 시켰네요. 오래오래 맛있게 해주세요. 우거지탕 진짜 맛있어요^^,긍정적,긍정적
2024-05,굿,긍정적,긍정적
2023-10,"뷔페에 있을 반찬은 모두 보이네요
잡채, 생선조림, 맑은 국, 두부구이 등등
식후 커피머신도 있고요
혼밥도 괜찮은 분위기입니다
단, 제 입맛엔 살짝 매웠습니다",긍정적,긍정적
2023-09,"왕산골 토요일, 일요일 주말엔 오늘의 밥상 정말 맛있어요. 주중에는 한식뷔페가 맛있어요.",긍정적,긍정적
2024-01,맛좋음,긍정적,긍정적
2023-09,왕산골 한식뷔페 맛있고 속이 부드럽네요^^,긍정적,긍정적
2023-09,반찬도 다양하고 깔끔한게 맛있네요.,긍정적,긍정적
2023-09,"분위기도 좋고, 음식이 정말 신선하고 맛있어요^^ 소고기 무국 최고!!",긍정적,긍정적
2023-09,점심 뷔페 만원인데 고기 하나도 안나오고 풀만 나오는데 너무 비싸요.,부정적,부정적
2024-01,굳,긍정적,긍정적
2023-09,한식뷔페인데 반찬은 7~8개정도..? 사람이 많이 있지 않았음에도 반찬이랑 밥이 계속 모자르고 그릇버리는 곳도 줄서서 버려야하고.. 변함이 없으면 1번가고 다시는 안갈 것 같아요🐧,부정적,부정적
2024-03,친절해요,긍정적,긍정적
2024-03,맛있어요,긍정적,긍정적
2024-03,맛있어요,긍정적,긍정적
2024-03,맛있어요,긍정적,긍정적
2023-09,;-),긍정적,긍정적
