Date,Review,sentiment,Sentiment2
2024-08,"와... 진심 이 집 참치에 진심입니다.
해동이 기가 막혀요!
너무 신선하고 참치한접시B세트 먹었는데 2인이서 배부르게 먹고왔습니다. 스끼다시까지 다 맛있네요. 진짜 뱅뱅사거리 참치집 찾으시면 꼭 월참치로 가세요!!!",긍정적,긍정적
2024-02,맛있어요 :),긍정적,긍정적
2023-11,시원하고 맛있어요~~,긍정적,긍정적
2023-11,음식이 맛있어요.,긍정적,긍정적
2023-11,좋아요 :),긍정적,긍정적
2023-03,신선하고 맛있었어요. 조용하고 깔끔합니다. :),긍정적,긍정적
2023-07,좋아요:),긍정적,긍정적
2023-02,양이 많아요. 반찬이 3개 나오고 샐러드에 회도 몇 점 올라가있는데 요즘 이 가격에 이 정도 나오는데가 별로 없죠.,부정적,부정적
2023-02,맛있어요,긍정적,긍정적
2023-02,시원하고 맛있어요,긍정적,긍정적
2022-11,대구지리 깔끔하고 시원해요,긍정적,긍정적
2023-05,굳,긍정적,긍정적
2022-06,점심메뉴는 참치회덮밥이 젤 맛있어옹💕,긍정적,긍정적
2022-12,좋아요,긍정적,긍정적
2022-07,맛있음!,긍정적,긍정적
2022-01,"아무생각없이 들렀지만
깔끔하게 먹고 포만감 든든했던~~

자주가는 동네가 아니지만
다시 방문할 의사있는~~

사장님 성함이 김성월이라 월~~ :)",긍정적,긍정적
2022-07,냠,긍정적,긍정적
2021-12,"혼마구로 위주로 잘나옴
비린내 전혀없고 맛있음
서버님도 친절 실장님도 친절",긍정적,긍정적
2021-08,바다의 선물 참치를 무지 좋아하는데~ 항상 변함없이 신선하고 맛있는 월참치가 이제는 단골이 되었네요^^ 이번에도 맛있게 잘 먹고갑니다!!,긍정적,긍정적
2021-08,회가 신선하고 입에서 살살 녹음. 식감이 좋은 특수부위도 많이 주시고 직화쇼도 볼 수 있음. 사장님이랑 직원분 친절하시고 인심도 좋으셔서 강남역에서 찐단골많은 곳...!!!! 넘넘 맛있게 잘 먹고 갑니다♡,긍정적,긍정적
2022-04,굿,긍정적,긍정적
2022-02,굿,긍정적,긍정적
2022-02,좋아요,긍정적,긍정적
2022-03,좋습니다,긍정적,긍정적
2022-01,조아,긍정적,긍정적
2022-01,맛있음,긍정적,긍정적
2021-12,굿,긍정적,긍정적
2021-12,좋아요,긍정적,긍정적
2021-12,맛있어요!,긍정적,긍정적
2021-11,참치 런치세트 가격대비 별로예요,부정적,부정적
2021-10,위치도좋고 직장인들 점심이나 저녁 회식장소로도 좋아보여요. 신선한 참치가 참 맛있었어요.,긍정적,긍정적
2022-01,ㅏ,부정적,부정적
2021-10,회덮밥 넘 맛있어요!,긍정적,긍정적
2022-01,맛있어요~,긍정적,긍정적
2021-06,선도좋은 참다랑어 아주 맛나게 먹었어요. 인기많은 맛집이예요.,긍정적,긍정적
2021-12,소소해요,긍정적,긍정적
2021-11,소소,긍정적,긍정적
2021-11,맛있어요,긍정적,긍정적
2021-04,"오늘도 맛있게 잘 먹었습니다^^
변함없는 서비스 감동!!!",긍정적,긍정적
2021-04,"양도 많이 주시고, 다양하게 반찬도 나와요 ㅎㅎ 맛있게 잘먹었습니당",긍정적,긍정적
2021-03,와 무한리필인데ㅠㅠㅠ 스끼다시까지 짱... 올만에 참치먹구싶어서 간집인데넘조앗어요,긍정적,긍정적
2021-03,근방에 비슷하게 부담없는 가격의 횟감 음식이 없는 것 같아요 좋습니다,긍정적,긍정적
2021-04,ㆍ,알 수 없음,알 수 없음
2021-04,조아,긍정적,긍정적
2021-07,조아요,긍정적,긍정적
2021-04,좋아요,긍정적,긍정적
2020-11,참치회덮밥 강추예용,긍정적,긍정적
2020-09,좋아요!! 친절하시구 맛잇습니다,긍정적,긍정적
2020-08,사장님이 친절하고 참치코스 양도 많아요,긍정적,긍정적
2020-11,사장님 진짜 친절하시고 참치 너무 맛있어요! 오랜만에 먹은 참치였는데 넘 좋은시간이었습니다^^ 다음에 또 갈게요!!!,긍정적,긍정적
