Date,Review,sentiment,Sentiment2
2024-09,점심시간에 다녀왔는데 먹을 때마다 맛있어요 :) 직원분들도 친절하시고 매콤하면서도 달달한 닭도리탕이 은근한 중독성이 있어요,긍정적,긍정적
2024-09,"블로그 리뷰들을 미리 찾아보고 방문했습니다만 애석하게도 저에게는 다른 분들 평 만큼의 훌륭한 맛은 아니였습니다. 재료 구성은 닭고기, 양파, 파, 감자와 떡 사리가 들어있고 밑반찬은 미역줄기, 김치, 양파장아찌 세가지 였습니다.",부정적,부정적
2024-09,항상 맛있게 잘 먹고 있습니다.감사합니다.,긍정적,긍정적
2024-08,항상 맛있게 잘 먹고 있습니다.. 여기 직원분들 친절합니다.,긍정적,긍정적
2024-07,닭도리탕의 최고의 맛집👍오산본점가보고 찾아서 강남에왔어요 이렇게 육즙많고 가득한 닭도리탕은 첨이예요🥰,긍정적,긍정적
2024-09,맛있게 잘 먹었습니다.,긍정적,긍정적
2024-08,맛있다 맛이 다함,긍정적,긍정적
2024-06,"익혀먹을수록 맛있네요!!!
볶음밥까지 잘 먹고 나왔어요",긍정적,긍정적
2024-06,"한 번 맛보면 한 번맘 맛볼 수 없는 맛
무조건 재방문하게되는집!",긍정적,긍정적
2024-06,"굉장히 자극적인 맛입니다! 첫맛은 달큰하고 감칠맛이 탁 치고 올라와 입맛을 돌게하고 맵콤 단짠의 향연입니다. 자칫 금방 물릴수 있을정도로 강해요~ 전체적으로 메인메뉴부터 찬들까지 단맛이 강하기때문에 단음식 선호하지 않는분들에게는 호불호가 있습니다. 먹다보면 엄청 짜지니 드시면서 불조절 하시는게 좋고 참고로 생각보다 덜익혀 나오니 충분히 익혀드세요!
볶음밥 맛있어요~",부정적,긍정적
2024-06,"유명한 곳!
사람많은 이유를 알겠어요
즉석요리라 배고픈 사람들은 좀 기다려야하니
감안하고 오세요",긍정적,긍정적
2024-03,"넘 맛나용ㅋㅋㅋ 칼칼하고 매콤합니다
볶음밥도 꼭 먹어야되고요
기본반찬으로 나오는 갓 붙힌 부침개도 맛나요 !",긍정적,긍정적
2024-02,진짜 닭도리탕 한가지만 한다는 자부심에는 이유가 있습니다! 가게도 넓고 쾌적합니다 꼭 한번 가보세요!,긍정적,긍정적
2024-07,굿,긍정적,긍정적
2023-12,"닭도리탕 너무 야무지고 맛있었어요!!!!
비오는날 막걸리랑 먹으니 환상이었습니다 ㅠㅠ
직장인들 퇴근하고 왜 많은지 알겠어요!!
전도 기본반찬인데 크기 무슨일 ㅌㅋㅋㅋㅋㅋ
너무 만족!!!",긍정적,긍정적
2023-11,강남에 이런 닭도리탕 맛집이 있을줄이야..! 너무 맛있어욤 ㅠㅠ양도 엄청 엄청 푸짐하구 서비스도 너무 좋고 무엇보다 닭도 많이 들어있고 닭이 매우 야들야들합니다!! 매장도 넓어서 회식으로도 좋을거 같어요,긍정적,긍정적
2023-10,"강남역과 양재역 근처에서 전통맛집을 찾는다면 조순금닭도리탕을 추천한다.
닭도리탕 하나로 강남 중심지에서 이렇게 유지될 수 있었던 이유는 맛있다. 라는 이유 !
거기에 포장 10% 할인이나 알뜰하게 먹을 수 있는 요소도 존재하면서
가게 분위기도 올드하지 않고 꾸준한 인테리어 투자가 되고 있어서 사장님의 건강한 마인드도 엿볼 수 있다.
장사의 신 유투브도 보시는지 정말 사장님 답게 매사 요리복 착용하시고 단정하시고 예의바르셔서
재방문을 홀린듯이 하게되는 마법을 보게 될 것이당
닭이 정말 싱싱하고 야들야들하고 소스가 핵맛존맛 !",긍정적,긍정적
2024-04,회사 근처라 가끔 직원들과 맛있는 식사를 위해 방문하는 곳입니다. 갈 때마다 만족스럽네요.,긍정적,긍정적
2023-12,진짜 맛있어서 몇번이나 오는 곳이에요 국물이 정말 끝내주는 곳 양도 많고 매장도 넓고 화장실도 안에있어요,긍정적,긍정적
2023-12,"맛있고 진짜 친절하십니다
간이 좀 쎄긴한데 양도 많고
맛있어요
잘먹었습니다",긍정적,긍정적
2023-10,"너무너무 맛있는 강남 닭도리탕 !
술을 부르는 매콤한 양념맛에 다들 테이블에 소주가 한가득ㅋㅋㅋ
다이어트 중이었는데 정신줄 놓고 라면에 볶음밥까지 먹어버렸습니다 사장님 진짜 친절하시고 좋아서 다음에 남자친구랑 또 갈거예요~~",긍정적,긍정적
2023-12,닭도리탕 중자 시켰는데 맛있게 잘 먹었습니다ㅎㅎ 전도 서비스로 주시고 직원 아주머니도 친절하셔서 기분 좋게 먹고 왔습니다^^ 다만 마늘과 김치가 중국산인 게 아쉬웠습니다,긍정적,긍정적
2023-10,"기본 전 최고!
닭도리탕 짱 맛있고 제가 앞치마 안 쓴다고 하니 제 옷에 덮어주셔서 너무 감동 받았어요 ㅠ
라면 사리 익혀져서 나와서 넣어 먹으면 체고체고
볶음밥까지 캬

어여 또 가고파요!",긍정적,긍정적
2023-10,매콤하니 넘 맛잇었어요! 남자 둘이 먹었는데 양도 많고 닭고기도 엄청 맛낫어요! 라면사리 추가햇더니 완전 끝판왕!! 저녘으로 한잔하면서 갈만한 곳이네여 추천합니다!!,긍정적,긍정적
2023-11,"너무 맵지도 않고 맛있어요. 반찬도 모두 정갈하구요~
그런데 많이 먹고 싶지 않아 여럿이 먹고 싶어도 무조건 4명이면 큰 걸 시켜야하는건 좀 별루에요. 먹고 싶은 만큼 주문할 수 있게 해줬으면 좋겠어요. 4명이서 4인분짜리 시키면 꼭 남기고 옵니다.ㅜ",긍정적,긍정적
2024-01,너무 맛있게 잘 먹었습니다. 정말 맛있어요!,긍정적,긍정적
2023-12,회식으로 먹어 보고 맛있어서 남자 친구 데리고 왔습니다 역시나 맛있네요 다음에 또 오겠습니다,긍정적,긍정적
2023-11,오랫만에 가서 너무 맛있게 먹었습니다. 강추합니다.,긍정적,긍정적
2024-02,약간 맵지만 소스가 너무 맛있어요,긍정적,긍정적
2023-06,"닭도리탕 전문점이 잘 없어서 일부러 검색해서 찾아갔어요
단일 메뉴인 식당은 일단 신뢰가 가지요
12:30에 갔는데도 식사 중인 손님 많아써 맛집이구나 했습니다
살짝 매콤하지만 맴찔이도 먹을만 합니다
끓일 수록 국물이 맛있게 진해져서 계속 떠 먹게 되더라구요",긍정적,긍정적
2023-05,"주차는 확인해 봐야 되고요.
살짝 매콤한 맛의 맛있는 다크릿향 전문점입니다.

이것도 꽐라 오래 되었어요.
오래됐다는 것은 그만큼 내공이 있다는 거죠.

닭도리탕을 좋아하지 않아서 오랜만에 간간히
가는데

밑반찬에 빈대 떡도 나오고 나쁘지 않게 잘 나옵니다. 그리고 맛도 깊은 맛을 내는 그런 살짝 만약 약한 국물이에요. 떡도 잘 들어있구요.

식사로 왔다면 포장해가서 집에 가서 볶음밥을 해먹어도
되는 부분 부분 입니다",긍정적,긍정적
2023-11,시간은 좀 걸림,부정적,부정적
2024-05,굿,긍정적,긍정적
2023-10,전이 맛있어요,긍정적,긍정적
2023-03,칼칼 매콤한 닭도리탕 맛도 퀄리티도 좋으면서 가성비 금액으로 푸짐하게 먹고 가요- 기본 서비스로 제공되는 전과 닭도리탕 술 안주로 쵝오죠! 마무리는 공기밥에 감자사리와 닭고기살로 비벼드시길 추천!,긍정적,긍정적
2023-12,좋아요,긍정적,긍정적
2023-12,"닭도리탕이랑 부추전 너무 맛있어요~
닭도리탕에 막걸리 잘 어울렸어요^^",긍정적,긍정적
2023-10,굳,긍정적,긍정적
2023-07,"중복이라 방문~~~생각보다 대기가 없어서 편하게
맛있게 먹었습니다.",긍정적,긍정적
2023-10,굿,긍정적,긍정적
2023-03,"정말정말 맛있습니다.
특히 전은 두번 세번 더 드세요..💗
너무 친절하셔서 말하기도 전에 앞치마도 챙겨주셨어요
닭도리탕은 너무 맛있어서 포장까지 해갔습니다",긍정적,긍정적
2023-09,좋아요,긍정적,긍정적
2023-05,맛있게 먹었어요.,긍정적,긍정적
2023-04,바로 구워나오는 파전도 바삭하니 맛나고 닭도리탕도 적당히 매콤하고 맛있어요~ 볶음밥까지 배부르게 먹었네용^^,긍정적,긍정적
2023-05,평일 점심시간 이용하였는데 매장도 쾌적하고 닭도리탕이 달달하니 맛있어요! 직원분들이 매우 친절하십니다.,긍정적,긍정적
2023-11,👍,긍정적,긍정적
2023-06,친절하고 음식이 맛있어요,긍정적,긍정적
2023-09,굳,긍정적,긍정적
2023-07,"맛있어요 라면사리
필수",긍정적,긍정적
2023-08,ㅇ,부정적,긍정적
2023-05,닭도리탕 맛있고 양도 많네용,긍정적,긍정적
2023-04,요즘 점심때 자주가는데 갈때마다 손님이 많아요. 그래도 친절하게 해주시고 반찬 리필도 잘해주십니다. 다만 닭도리탕 맵기 조절도 가능하면 좋겠어요. 매운거 잘 못드신 지인이 맛있어서 가는데 맵다면서 물을 벌컥벌컥 마시는데 안타까워요.ㅎㅎㅎㅎㅎ,긍정적,긍정적
2023-11,닭도리탕 정말 맛있어요,긍정적,긍정적
2023-03,"1. 매콤한 닭볶음탕이라 맛있습니다. 기본 반찬으로 전이 같이 나와요.
2. 3인까진 중자 4인부턴 대자 시키면 되구요.
라면사리나 밥을 볶아서 먹을 수 있어요.
3. 창가에 앉아서 테라스 창문을 다 열면 개방감이 느껴지고 좋아요!",긍정적,긍정적
2023-04,"너무 맛있어요🫶🏻
보통양 먹는 여자4명이서 대자(4인분)+공기밥1개+볶음밥(3개) 시켰는데, 너무 많아서 닭 6-7조각 남기고 볶음밥도 1개치는 남겼습니다.
맛있어서 계속 수저를 떴으나 양이 진짜 많아서 어쩔 수 없이 남기며 눈물 흘렸습니다.
비 오는 날은 어김없이 생각나는 맛집입니다. 강추!
+2층이라 답답하지 않아서 모임하기도 좋습니다",긍정적,긍정적
2023-10,👍,긍정적,긍정적
2023-02,"진짜진짜 맛있어요..🧡🧡
단골각입니다 ㅠㅠ 감동적이었어요
최애..",긍정적,긍정적
2023-01,대존맛..ㅠㅜㅠㅠ 요즘같은 날씨에 딱입니다!!! 마법같은 양념덕분에 볶음밥까지 싹싹 다 먹었어요!! 그리고 라면사리는 꼭 추가하세요! 양념 배어들어서 더 맛있음,긍정적,긍정적
2023-07,OK,부정적,부정적
2023-01,맛도 좋고 매장도 청결하고 직원분들도 완전 친절하세요.. 닭볶음탕 생각나면 여기로 가려구요. 포장해서 먹어도 좋을 것 같아요!,긍정적,긍정적
2023-01,일단 왜 맛집이라고 하는지 알꺼같아요😆😆진짜 정신없이 먹고 나왔어요! 꼭 한번 가보는거 추천합니다.👍,긍정적,긍정적
2023-03,여기 강남 닭도리탕중 1위,긍정적,긍정적
2023-03,"약간고춧가루많은 매콤한맛이에요~
안매운엽떡느낌이살짝나고 맛있어요~~",긍정적,긍정적
2022-12,강남 닭도리탕 맛집! 사람이 많은 덴 이유가 있지!!😋👍,긍정적,긍정적
2023-07,굿,긍정적,긍정적
2023-03,양이 진짜 많고 맛있어요 뱅뱅사거리맛집입니당,긍정적,긍정적
2023-01,너무 맛있어서 몇번이나 방문하는 중이에요,긍정적,긍정적
2023-02,포장은 10%할인해줘요 자주먹어요,긍정적,긍정적
2023-02,양도 많고 맛있고 친절하고 굿입니다.,긍정적,긍정적
2023-01,닭도리탕 찐맛집이에요 메뉴가 닭도리탕 딱 하나인데 정말 맛있습니다 양념이 중독성있고 고기가 진짜 부드러워요 양도 엄청 푸짐해요 라면사리랑 볶음밥 강추합니다~!,긍정적,긍정적
2023-04,맛있어요.,긍정적,긍정적
2022-12,맛은 중간~~ 달짝하니 맛좋아요,긍정적,긍정적
2022-12,중짜리 전화포장하니 할인도해주고 양도많고 맛도있네요~,긍정적,긍정적
2022-12,포장해서 왔어요. 굿입니다.,긍정적,긍정적
2022-09,매장 깨끗하고 직원분들이 다 친절하세요 무엇보다 음이 맛있어요!! 닭도리탕 정말 호불호 없는 맛!,긍정적,긍정적
2022-11,"넓은 매장에서 전통 닭도리탕 먹을 수 있어요
째끔 달긴 하지만 괜찮았어요",긍정적,긍정적
2023-01,진짜 맛있어요:>,긍정적,긍정적
2023-04,굳,긍정적,긍정적
2023-01,"최애 닭도리탕
얼큰 시원",긍정적,긍정적
2023-02,맛있어요!,긍정적,긍정적
2023-02,그냥그냥.,부정적,부정적
2023-03,굳,긍정적,긍정적
2023-01,너무너무 맛있는 닭도리탕집 이예요 강추♡,긍정적,긍정적
2022-11,닭도리탕맛잇어요 양이많아용,긍정적,긍정적
2023-02,굿,긍정적,긍정적
2022-11,매콤한 양념이 닭살에 배어 맛있네요.,긍정적,긍정적
2023-02,넘 맛있어요!,긍정적,긍정적
2022-08,맵단짠의 정석! 달달하고 매콤하니 누구나 맛있다고 느낄 맛. 볶음밥도 맛있음.,긍정적,긍정적
2022-11,"매장 넓고 깨끗하고 친절하시고요
음식이 정말 맛있어요. 또 생각나고 또 생각나고 ㅎㅎ 매콤한맛이 간도 잘맞도 깔끔한맛.
닭도리탕집 일등~~",긍정적,긍정적
2022-11,증말마싯쏘요!,긍정적,긍정적
2023-01,맛있어요.,긍정적,긍정적
2022-10,포장하면 10프로 할인해줍니다. 맛있어요.,긍정적,긍정적
2023-02,굿,긍정적,긍정적
2022-11,닭도리탕 맛집 찾았어요!,긍정적,긍정적
2022-05,"여기 엄청 맛있어요!!^^ 닭도리탕 먹고 싶어서 맛집 검색했는데 여기 양도 많고 가성비가 좋더라구요!!^^ 라면사리도 넣어먹고 볶음밥까지 완료했는데 정말 맛있게 배부르게 잘 먹었습니다!!^^
양이 많아서 마지막엔 남은거 포장했어용!!^^",긍정적,긍정적
2022-06,"오롯이 닭볶음탕을 전문으로 하는 전문맛집
부침개 써비스 갬동🥹
먹다보면 맛있어서 부침개,볶음밥,라면사리,닭볶음탕까지 과식할 수 밖에 없는곳
후",긍정적,긍정적
2022-08,요즘같이 비오고 지치는 날 칼칼하게 닭볶음탕에 국물 같이 먹으면 스트레스 다 날아갑니다 크~~,긍정적,긍정적
2022-09,포장하면 10프로 할인해줍니다. 집에서 냠냠 잘 먹었습니다.,긍정적,긍정적
2022-11,좋아요,긍정적,긍정적
2022-11,친절해요.,긍정적,긍정적
2022-08,가성비 좋아요.,긍정적,긍정적
2023-05,맛있어용,긍정적,긍정적
2022-11,음식이 맛있고 직원분들이 하나같이 친절하세요^^,긍정적,긍정적
2022-05,"사장님 너무 친절함 + 닭고기가 엄청 탱탱함 (갓 잡은 닭처럼) 신선함 + 양념 맛있음 + 양이 많음+ 감자 한개짜리 통째로 6개 이상?넣어줌ㅋㅋ
찐맛집 인정합니다…번창하세요~~",긍정적,긍정적
2022-10,굿입니다~~~^^,긍정적,긍정적
2023-01,맛있어요!,긍정적,긍정적
2022-11,굿,긍정적,긍정적
2022-09,ㅏ,부정적,부정적
2022-09,좋아요,긍정적,긍정적
2022-09,굿,긍정적,긍정적
2022-04,"진짜 맛있었어요 찐맛집!
여길 인제 알았다뉘",긍정적,긍정적
2022-01,마늘 숙성이 진하게 돼서 진짜 맛있더라고요!! 양도 완전 혜자구 라면사리에 볶음밥까지 너모 행복했습니당 ㅠ 강남에 흔하지 않은 양 많고 저렴한 맛집이에요🤗♥️,긍정적,긍정적
2022-04,맛있는데 공깃밥 천원은 점심시간 가성비에 좀 떨어집니다ㅠㅠ 라면사리까지 추가해서 1인당 12000원 나옴요ㅠ,부정적,긍정적
2022-05,맵고 맛있어용,긍정적,긍정적
2022-07,ㅏ,부정적,부정적
2022-06,굿,긍정적,긍정적
2022-06,굿,긍정적,긍정적
2022-07,좋아용,긍정적,긍정적
2022-01,"너무 맛있어요.

재방문 의사 있음
식사시간대에 손님이 꽉참 .
일찍가야함~~",긍정적,긍정적
2022-03,닭도리탕 양이 많고 맛이 진합니다.,긍정적,긍정적
2022-06,친절,긍정적,긍정적
2022-06,굿,긍정적,긍정적
2022-04,ㅏ,부정적,부정적
2022-05,맛있어요,긍정적,긍정적
2022-04,맛,긍정적,긍정적
2022-03,ㅏ,부정적,부정적
2021-11,"맵고 칼칼한거 땡길때 가보시길ㅎㅎ
감자도 찐맛있어요ㅎㅎ",긍정적,긍정적
2022-03,맛나요,긍정적,긍정적
2022-02,ㅏ,부정적,부정적
2022-02,ㅏ,부정적,부정적
2022-02,ㅏ,부정적,부정적
2022-05,좋아요,긍정적,긍정적
2022-01,ㅑ,부정적,부정적
2022-01,ㅏ,부정적,부정적
2021-12,맛있어요!,긍정적,긍정적
2021-11,ㅏ,부정적,부정적
2021-12,맛있어요,긍정적,긍정적
2021-12,좋아요,긍정적,긍정적
2022-04,좋아요,긍정적,긍정적
2022-04,좋아요,긍정적,긍정적
2022-03,굿,긍정적,긍정적
2021-12,맛있어요,긍정적,긍정적
2022-03,굿,긍정적,긍정적
2021-07,복날이라 사람이 많아서 힘드실텐데 친절히 응대해 주셨습니다. 닭도리탕은 맵지만 맛있습니다.,긍정적,긍정적
2021-10,맛있어요,긍정적,긍정적
2021-09,맛나요,긍정적,긍정적
2021-10,맛있어요^^,긍정적,긍정적
2021-05,"맵찔이가 가기엔 좀 맵네요 ㅜㅜ
덜맵게가 안되는게 아쉬웠어요..",부정적,부정적
2021-08,맛있어요~,긍정적,긍정적
2021-08,좋습니다,긍정적,긍정적
2021-02,넘 맛있어요!!!! 인근 닭볶음탕집중 쵝오,긍정적,긍정적
2021-07,좋아요,긍정적,긍정적
2021-05,굿,긍정적,긍정적
2021-05,좋아요,긍정적,긍정적
2021-05,짱맛잇어요,긍정적,긍정적
2021-03,맛있어요,긍정적,긍정적
2021-02,맛있어요,긍정적,긍정적
2020-09,"#강남 #닭볶음탕
얼큰매콤해서 맛있어요
점심은 11:30 부터~!",긍정적,긍정적
2020-09,"깔끔하고, 맛있어요
다만,점심시간엔 음식나오는 속도가 조금만 빨랐으면",긍정적,긍정적
2020-12,맛나여,긍정적,긍정적
2020-09,맛있는 닭도리탕.. 추천해요~,긍정적,긍정적
2020-09,매우 만족스러운 장소입니다.,긍정적,긍정적
2020-10,맛있어요 조금 매워요,긍정적,긍정적
2020-12,맛나여,긍정적,긍정적
2020-12,맛나요,긍정적,긍정적
2020-12,맛나요,긍정적,긍정적
2020-09,매우 만족 입니다.,긍정적,긍정적
2020-09,매우 만족스러운 장소,긍정적,긍정적
2020-09,국물이 정말 끝내줘요,긍정적,긍정적
2020-07,가격대가 비싸지만 맛있어요 소(small)도 있었음 좋겠어요,긍정적,긍정적
2020-07,친절하고 국물이 간이 딱 배서 맛있어용!,긍정적,긍정적
2020-09,맛있어요.,긍정적,긍정적
2020-05,매콤하니 맛있네요,긍정적,긍정적
2021-08,좋아요 ^^,긍정적,긍정적
2020-04,"진짜 맛있어요! 제 인생 닭볶음탕이에요! 사장님도 친절하시고 좋습니당! 맛있어서 포장해서도 많이 먹어요, 추천추천:)",긍정적,긍정적
2020-05,네번째 방문인데 역시나 맛있어요 🤤🤤🤤,긍정적,긍정적
2020-05,"소문난 맛집 명성에 걸맞게 역시
엄지척!!
자리에 앉고 얼마 안있어 부침개 주시는데 바삭 바삭
닭도리탕도 너무 맛있네요
비주얼도 좋고",긍정적,긍정적
2020-12,맛나요,긍정적,긍정적
2020-12,맛나요,긍정적,긍정적
2020-07,맛있어용,긍정적,긍정적
2020-07,맛있어요,긍정적,긍정적
2021-04,맛나요,긍정적,긍정적
2019-11,"이번이 세번째 방문인데 직원분이 친절해서 매번 기분 좋게 먹고 와서 리뷰 남겨요~~
감자 으깨서 국물이랑 밥비벼 먹는것도 맛있고 볶음밥도 맛있어서 두공기씩 먹고 가네요 ㅎㅎㅎㅎㅎㅎㅎㅎㅎ
오이 반찬도 너무 맛있어서 리필 했어요 🤤🤤",긍정적,긍정적
2020-02,벌써 4번째 방문인데 감자도 엄청 많이 들어있고 사장님도 너무 친절해요 맛있어요,긍정적,긍정적
2020-05,조금 덜 달면 퍼펙뚜,긍정적,긍정적
2019-12,닭도리탕 적당히 매콤하고 맛있어요 ㅋ 저는 요기 기본찬으로 주는 전이 정말 맛있는거 같아요 ㅋ 가게도 깔끔하고 친절하고 만족스럽네요~,긍정적,긍정적
2019-11,"우와~대박~완존맛집~!!
사람들많아서포장~집에서먹어도존맛
ㅎㅎ",긍정적,긍정적
2020-02,ㅎㅎ,긍정적,긍정적
2020-02,존맛탱,긍정적,긍정적
2019-07,노키즈존. 4명이서가서 중 시키면 양 늘어나는거없이 3천원추가.,부정적,부정적
2019-06,이열치열 매콤 닭볶음탕과 라면사리의 환상궁합ㅎㅎ,긍정적,긍정적
2019-06,더운 여름이지만 이열치열 매콤한 요리로 힘내봐요ㅎ,긍정적,긍정적
2019-05,정말 번화한 강남ㅎㅎ 점심시간도 인기가 많아 줄서서 먹지만 퇴근 후 저녁 닭볶음탕에 소주한잔의 여유ㅎㅎ 한번 맛보면 벗어나기 힘든식당.,긍정적,긍정적
2019-09,맛나요,긍정적,긍정적
2019-02,깔끔해요,긍정적,긍정적
