Date,Review,sentiment,Sentiment2
2024-10,"음식은 매우 맛있었습니다
초리조 파니니!! 진짜 먹어본 파니니 중에 제일 바삭함 유지도 오래되면서 매콤하고. 소스를 묻혀먹으면 좀더 군침이 돌게 되어서 아주 맛있었고 토마토스프는 생각보단 묽었지만 그렇다고 맛이떨어지는 건 아니었습니다. ㅎㅎ
다만 이곳이 큐물러스가 맞는지 한참 고민하고 매장에 들어섰고(간판을 못찾겠음)
매장 한켠에 조그맣게 자리가 있는데
주문이 많이 많이 들어오더라구요. 그래서 많이 바쁘신데, 메뉴는 또 많이 바스락 거리며 떨어지는 재질이라 부스러기는 좀 관리가 어려워 보였습니다.
저는 제가 흘리거나 한 부스러기를 모두 치우고 일어서긴 했지만, 그렇지 못하는 분들도 있을테니 조금 관심가져 주시면 좋을 거 같습니다!",긍정적,긍정적
2024-09,"오가다 저기가 뭐하는 곳인가,,,,,,,,,,,,,,,,,,
살펴보니 샌드위치 커피집^^

밥먹고 방문한 터라
커피만 시켰는데 커피 맛남.
건물 로비같은 곳에 무심히 꾸민 커피집 분위기
의외로 산만하지않고 대화하기 좋아씀^^
그리고 블루리본도 있고,,,,,

주변 프렌차이즈 커피집만 가보다
방문하니 신선쓰~~~
오가다 또 들릴 것 같음😁😁",긍정적,긍정적
2024-09,와 생각보다배불러요! 그리고 샐러드 파니니 파니니소스까지 다 맛있어요! 트러플 소스 완전 맛있게 먹었어요!! 추천합니다,긍정적,긍정적
2024-09,맛은 너무 좋았는데 좀 식어서 나와서 아쉬웠어요ㅜ 따뜻하게 먹고 싶었는데…!,부정적,긍정적
2024-11,샌드위치가 맛있어요.,긍정적,긍정적
2024-08,점심에 잠시 와서 커피랑 샐러드 먹었어용ㅎㅎㅎㅎㅎ 매장도 쾌적하구 좋아요,긍정적,긍정적
2024-04,성수동 때 부터 애정하는 큐뮬러스. 큐뮬러스는 오늘도 감동적인 맛💓☘️🩵,긍정적,긍정적
2024-06,"재료가 신선하고 맛있어요. 자리도 넓고 베이커리와 샐러드볼, 샌드위치 등 은근 다양해서 좋아요~^^",긍정적,긍정적
2024-03,가격이 비싸지만 맛 있었음 메뉴가 더 다양했으면 좋겠음,긍정적,긍정적
2024-01,늘 한결같이 맛있어요! 스프는 처음 먹었는데 진짜 맛있네요. 달지 않고 건강한 맛!,긍정적,긍정적
2024-02,"커피는 평범
샌드위치가 정말 맛있어요
소스는 매워서 맵찔이는 그냥 먹는게 더 좋았어요",긍정적,긍정적
2024-03,"트러플핫소스 앤 로스트 치킨과 브레이징램
그리고 토마토스프를 주문했습니다
토마토스프와 치킨 샌드위치 너무너무너무 맛있었어요 👍👍👍👍👍👍
매장안에 테이블 앞 홀로그램 거울에서 사진찍기 좋았고
매장이 예뻤습니다
개인적으로 램은 램향이 강해서 불호였어요..",긍정적,긍정적
2024-01,여기 진심입니다. 재료 하나하나 그리고 프레이팅 그릇까지 너무 만족스럽워여☺️ 오랜만에 정성 가득한 음식먹어서 너무 감동적! 다른 메뉴들도 맛보고 싶습니다.,긍정적,긍정적
2023-08,"총평🐷: 먹어본 샌드위치 중에 가장 고기 육즙과 신선도가 좋고 스튜는 깔끔하고 에피타이저로 좋다!

뱅뱅사거리 바로 앞에 위치해서 위치가 너무 좋고
⭐️로스트비프 샌드위치⭐️ 시그니처라 해도 될
만큼 정말 안에 고기는 불고기 양념처럼 달달하고
채소랑 적절한 조합으로 되어있음

토마토 스튜도 처음 시켜봤는데 전혀 싱겁지 않고
담백하고 맛있음 ! 같이주는 빵에 찍어먹으면 꿀임",긍정적,긍정적
2023-10,한우샌드위치라니! 가격이 좀 나가지만 점심시간에 잠깐의 여유+호화 누리기 딱입니다,긍정적,긍정적
2023-10,"갈 때마다 샐러드 없는게 아쉬워요.
로스트비프 맛있어요.
토마토스프도 괜찮네요.",부정적,긍정적
2023-12,"집근처에생겼는데 이제야 먹어보네요
야채샌드위치 굿입니다",긍정적,긍정적
2024-02,맛있어요,긍정적,긍정적
2023-09,매장에서 먹으면 지나다니는 사람들 때문에 약간 부담스러워요.. 그래도 맛있으니깐..,부정적,긍정적
2023-07,코티지치즈는 요거트볼같은데 가벼운 한끼로도 딱이네요! 브레이징램은 진짜 잘만든 고급진 샌드위치에요 강추합니다ㅎㅎ 빌딩로비같은 곳에 있어서 의아했지만 이색적이고 맛있었어요,긍정적,긍정적
2023-08,"샌드위치 가격으론
다소 비싼감이 있지만
고기냄새가 전혀 없고
올리브 등 가니쉬와 계절과일 참외도
곁들여져서 나름 성의가 있네요",긍정적,긍정적
2024-02,맛있다,긍정적,긍정적
2023-06,"경리단길에 있을때부터 팬이였어요^^ 성수동에 이어 뱅뱅사거리에 다시! @.@ 메뉴는 좀 바뀌었지만, 여전히 맛있고 힙하네요:)",긍정적,긍정적
2024-01,좋아요!,긍정적,긍정적
2023-11,핫소스가맛닛어용,부정적,긍정적
2023-04,"첫 방문 이였는데
너무 좋았어요.
혼밥 하기도 편하고
직원분들이 음식 재료 손질 하는 모습도 오픈 키친으로 되어 있어서 볼 수 있는데 재료들도 신선해 보여서 믿음도 가고 메뉴 하나씩 찬찬히 맛 보려구요:)",긍정적,긍정적
2023-03,새우완자 탱글탱글하고 맛있었어요 고수랑 레몬즙 뿌려먹으니까 똠양꿍 맛도 나고 신기하더라구요! 국물이 맑아서 빵이랑은 좀 안 어울리는 것 같았어요 토마토 스프랑은 완전 찰떡궁합일 듯! 살몬 칩스는 연어 양이 적어서 아쉬웠지만 매장에서 직접 굽는 칩스가 바삭하고 맛있었어요!,긍정적,긍정적
2023-04,"최근에 알게 되고 자주 찾게 되는 곳이예요.
새로운 샌드위치를 먹어봤는데
고기가 정말 부드럽고 먹기도 편해요.
다만 제 입맛에는 조금 느끼해서 피클이 좀 많이 필요하더라구요",긍정적,긍정적
2023-07,"샌드위치 자체는 맛있음 !
다만 저 옆에 절인 올리브, 토마토, 샐러리는 샌드위치랑 전혀 어울리지 않고 되려 이것때문에 샌드위치 맛이 기억이 안나게 됨 ㅠㅠ",부정적,긍정적
2023-06,가격이 사알짝 비싸긴하지만 샌드위치 재료들 다 신선하고 양도 은근 많아 배불러요!!,긍정적,긍정적
2023-11,다맛잇네요ㅠㅠ,긍정적,긍정적
2023-05,"바닐라라떼 고급진 맛 나요
아메리카노는 산미 많은 맛",긍정적,긍정적
2023-08,샌드위치들 맛있는데 트러플핫소스 양 좀 늘려주셨으면 좋겠어요. 너무 적어요ㅠㅠ,부정적,긍정적
2023-10,맛있어요,긍정적,긍정적
2023-07,정말 맛있게 먹었습니다~~~또 방문할고에용,긍정적,긍정적
2023-03,"심플 담백한 큐뮬러스의 샌드위치, 사워도우 겉은 빠싹 구워주시고 속에 들어간 치즈랑 토마토는 수분기가 있어서 조화롭게 느껴지더라구요! 치킨과 트러프 소스의 조합도 맛있었어요❤️",긍정적,긍정적
2023-05,"맛있어요
브레이징램, 코티지 치즈, 새우완자스프 먹었는데 전부 다 좋았어요
다른 메뉴도 먹어보고 싶어요",긍정적,긍정적
2023-01,"핵존맛 샌뒤치 🤍🤍
솔직히 가기 전까진 샌뒤치가 좀 비싸서 흥췟췟 ! 이런 느낌이었는데
먹어보자마자 반했어요 🥰
저는 양고기, 비프, 핫치킨 샌뒤치 먹었는데
빵이 넘 맛있어서 그런지 진짜 너무 맛있었어요
식빵, 치아바타, 바게트로 각각 다른 빵인 것도 너무 좋았어요
생각해보니 샌뒤치만으로 3개의 메뉴를 시켰는데 비슷한 느낌이었으면 그저 그랬을 것 같은데
먹는 동안 전혀 그런 생각을 하지 못했거든요 !🤍
커피 맛집이라는 말을 듣고 왔는데
산미가 퍼지는 커피 맛이어서 프레쉬한 샌드위치랑 잘어울렸어요 🫶
하고싶은 말이 많아지는 샌드위치가게였어요
말그만할게요 꼭 드셔보시면 좋겠어요",긍정적,긍정적
2023-06,회사에 큐뮬러스가 들어와서 먹어봤는데 분위기도 좋고 맛도 좋아요!!,긍정적,긍정적
2023-05,겉은 바삭하고 트러플핫소스의 조합이 굿굿.맛있어요!!,긍정적,긍정적
2023-07,시원하게 잘 먹었습니다.,긍정적,긍정적
2023-04,샌드위치 맛집,긍정적,긍정적
2023-05,전체적으로 평균 이상의 샌드위치 가게,긍정적,긍정적
2023-05,가끔 아아 사먹는데 맛있어요!!,긍정적,긍정적
2023-08,긋,부정적,긍정적
2023-08,좋아요,긍정적,긍정적
2023-04,플랫화이트 오트밀크변경 너무 맛있어,긍정적,긍정적
2023-01,분위기 좋고 맛있어요!! 솔직히 가성비가 좋은 편은 아니지만 특별해서 좋아요,긍정적,긍정적
2023-07,굿,긍정적,긍정적
2022-12,"엄청 맛있어요 😭😭 직원분들도 친절하시고 분위기가 도쿄에 온 것 같았어요,,💖",긍정적,긍정적
2023-04,맛있어요,긍정적,긍정적
2023-01,"직원분들 친절하시고 매장에 꽃이 있어서 예뻤어요
소고기 샌드위치 맛있어요",긍정적,긍정적
2023-06,굿,긍정적,긍정적
2023-06,좋아요,긍정적,긍정적
2022-11,"샌드위치덕후로서 로스트비프가 맛있다구 소문나서 강남까지 와봤습니다!
손으로 샌드위치를 들자 육즙이 흘러나와서 (그렇다고 과다하지않은 적당한수준으로) 뭔가 비주얼적으로 '맛있겠다'는 생각이 들면서 입안으로 들어오는 순간 고기가 부드럽게 씹히는 편이고 구워져서녹은치즈와 잘 어울렸습니다! 그리고 적당한 양의 다른 재료(풀,소스, 그외에것들)들도 잘어울려서 맛의 조화를 이뤄서 좋았어요! 그리구 느끼하지않게 옆에 작은 야채들(토마토,피클?)도 주셔서 좋았어요!

아 또 맘에들었던건 나중에 오후에 디저트까페가서 커피마시고싶은데, 점심으로 샌드위치먹을때 커피없으면 아쉽잖아요오. 근데 디카페인으로 있어서 좋았던!! 게다가 디카페인이라구 맛없지않아요! 느끼한맛잡아주는 정도로 맛있었어요!",긍정적,긍정적
2023-04,좋아요,긍정적,긍정적
2023-06,존맛탱,긍정적,긍정적
2023-01,비싸지만 맛있는 샌드위치🥪,긍정적,긍정적
2022-09,"큐뮬러스 재료가 싱싱해서 샌드위치 자체가 고퀄인 건 모두 아실거고!
포장배달까지 이렇게 세심합니다ㅜㅜ
사내 소모임 시 종종 시키는데, 한결같이 꼼꼼히 챙겨주셔요.
수량 부족했던 적도 없고, 포크에 물티슈까지 먼저 챙겨넣어주시고, 개별적으로 가져갈 수 있게 쇼핑백도 일일이 넣어주세요.
단 한 번도 늦게 온 적 없고, 여자 매니저님은 또 어쩜 그렇게 친절하게 챙겨주시는지 몰라요ㅠㅠ
굳이 굳이 영수증 찍어서 리뷰 쓰는데는, 맛과 서비스 모두 보장되기 때문이랍니다!",긍정적,긍정적
2023-06,좋아요,긍정적,긍정적
2022-12,"오늘은 커피만 마시러 왔는데 안에서 마시는 것도 일회용 컵에 주셔서 조금 아쉽네요..
그리고 통창이라 그런지 한기가 미쳤어요ㅠㅠㅠ 너무 추워요 ㅠㅠ",부정적,긍정적
2022-11,좌석배치는 좀 난해하지만 음식은 전체적으로 맛있어요!,긍정적,긍정적
2023-01,트러플 핫소스 진짜 맛있다... 기대 이상으로 좋았던 샌디치 !!! 전메뉴 다 도전해야겠당,긍정적,긍정적
2022-08,"내가 애정하는 큐뮬러스… 하지만 난 성수일 때가 좋았다구~
그래도 여전히 맛있었다. 트러플 핫소스 치킨 샌드위치는 품절이었기에 로스트 비프와 아카를 먹었다. 베짱이 농부의 샐러드는 이전 후 생긴 메뉴라 같이 시켜보았다. 건강해지는 시간이었다! 개인적으로 아카는 성수 때보다 지금이 더 맛있어진 것 같다. 로스트 비프는 내 마음 속 2인자로 여전히 훌륭했다. 그런데 이상하게 자주 갈 것 같진 않다. 집이랑 아주 가까워졌는데도…",긍정적,긍정적
2022-12,"좀 많이 춥네요 건조하고ㅠ 둘중 하나라도 해결하면 좋은 공간이 될 것 같아요
테이블 중간에 상대가 안보이게 된 나무 장식이 있어요…",부정적,부정적
2023-07,굿,긍정적,긍정적
2023-07,좋아요,긍정적,긍정적
2022-10,"매장깔끔하니 샌드위치도 맛있고
빵도 야채들도 살아있는 느낌이에요.",긍정적,긍정적
2023-04,맛집,긍정적,긍정적
2022-11,"샌드위치가 넘 맛있어요!
에피소드 강남 아래에 있는 카페라 자리가 넓진 않았어요",긍정적,긍정적
2022-10,"맛은 있는데, 가성비가 별로고… 빌딩 1층 리셉션이 있어야 하는 자리에 있는 느낌이라 빌딩 오가는 손님들로 인해 어수선한 분위기에요.",부정적,부정적
2023-06,굿,긍정적,긍정적
2023-04,좋아요,긍정적,긍정적
2022-07,경리단길에 있을 때부터 애정하는 곳이에요- 이전 후 처음 가봤는데 공간이 특이하네요 ㅎㅎ 음식 맛은 여전히 좋고요 와인도 즐길 수 있어서 더 좋았습니다,긍정적,긍정적
2023-02,최고에요ㅎㅎ~,긍정적,긍정적
2022-07,"일단 너무 친절하시고, 음식도 굉장히 맛있습니다. 딱 상상하는 샌드위치 맛이어서 너무 좋았어요. 다음에는 다른 메뉴도 먹어보고 싶네요.

찾는데 살짝 어려울 수 있는데, 건물 바라봤을때 1층 오른쪽에 있어요. 그리고.. 선곡 센스 장난 없습니다.",긍정적,긍정적
2022-08,너무 맛있었어요 또 갈거에요,긍정적,긍정적
2022-11,비프가 진짜 맛있음,긍정적,긍정적
2023-05,굿,긍정적,긍정적
2023-02,굿,긍정적,긍정적
2023-03,가격대비 맛별로,부정적,부정적
2022-06,"평일 저녁에 파미에스테이션에서 대기 없는 음식점 찾다 들어갔어용! 손님이 많이 없어서 별로일까봐 걱정했는데 생각보다 괜찮았어요! 스프도 건강하고, 살몬 샌드위치도 양은 적지만 신선한느낌🥪❤️",긍정적,긍정적
2022-05,"어나더 레벨 샌드위치입니다. 요리라고 생각하시면 될듯합니다. 특히 아까 샌드위치는 꼭 또 먹고싶습니다. 재료 이슈로 아귀라구는 못먹어봤지만, 다음에 방문해서 아귀라구 꼭 먹어볼게요. 가격대가 있으나 값어치 충분히 하는 곳입니다.",긍정적,긍정적
2022-10,비싸지만 맛있다….,긍정적,긍정적
2023-04,굿,긍정적,긍정적
2022-07,간단하게 먹기 좋아요!,긍정적,긍정적
2022-06,포장으로 주문했는데 매장과 다를 바 없이 맛있어요!,긍정적,긍정적
2022-09,양은 아쉬운데 트러플핫소스랑 먹으면 굿,긍정적,긍정적
2022-07,샌드위치가 비싸지만 맛있어요. 한번쯤 맛보기 좋은 곳,긍정적,긍정적
2022-08,손바닥만한게 8천원...넘 비싸여!!!,부정적,부정적
2022-07,음식에 비해 가격이 비싼편이에요,부정적,부정적
2022-08,오ㅓ 진따 맛있어요 다음에 또가야지,긍정적,긍정적
2022-03,3년간 성수동에 있다가 최근 뱅뱅사거리로 온 큐뮬러스. 통밀 식빵은 구수했고 부드러운 풍미를 자아내는 치즈와 로스트 비프 등 재료들이 깔끔한 조화를 이루었습니다. 콜드브루와도 잘 어울렸어요 ☺️,긍정적,긍정적
2022-05,샌드위치도 샐러드도 다 넘 맛있어요…!! 성수동에 있을때부터 좋아하던곳인데 더 멋진 장소로 옮기신것같아 기쁩니다 ㅎㅎ,긍정적,긍정적
2022-06,"플레이팅 넘 예쁘고 맛있는 샌드위치에요.
사이즈는 좀 작아요!",긍정적,긍정적
2022-10,비싸지만 맛나요,긍정적,긍정적
2022-07,친절하고 맛있고 위치 접근성이 좋아요~!,긍정적,긍정적
2022-08,여자직원분 피곤해보이시네요ㅋ큐,부정적,부정적
2022-05,햇볕이 잘들어서 넘 좋네요! 좌석은 많지 않지만 넘넘 맛있구 친절하세요ㅠㅠ,긍정적,긍정적
2022-11,인생 샌드위치네요! 자주 올듯요,긍정적,긍정적
2022-08,완자스프 브런치로 딱입니다,긍정적,긍정적
2022-03,"공간과 직원분들이 주는 에너지가 너무 좋네요.
뱅뱅사거리에 이런 핫플이 생겨서 행벅🧡
샌드위치 맛은 말모! 새우 완탕은 꼭 시켜드세요🙌🏻",긍정적,긍정적
2022-05,"맛은 인정
그러나 이런저런 안내가 불충분하고 메뉴에 정보가 너무 불충분하다. 자리도 적고....
그리고 영수증 만지던 맨 손을 물에 대충 헹구기만 하고 레몬즙 짜시는 걸 봐버렸다....",부정적,부정적
2022-08,맛난데 양에 비해 가격대가 있어요,부정적,부정적
2022-09,굿,긍정적,긍정적
2022-07,아침이나 점심먹으러가볼려구여,긍정적,긍정적
2022-01,"치킨샌드위치가 제일 맛있어요~ 굽기도 적당해서 육즙도 나오고 감칠맛 짱짱 특히 트러플핫소스가 상당히 잘어울리네요..!
비프샌드위치는 나쁘진 않은데 빵의 식감과 향이 살짝 아쉬웠어요
김치새우빵은 김치시즈닝이 생각보다 강하지 않아서 맛을 느낄려면 팍팍뿌려야 해요. 고수향은 거의 안나고 새우향이 가득해요~~",긍정적,긍정적
2022-07,포장했어요. 북유럽맛…. 너무 조아요!!!,긍정적,긍정적
2022-05,분위기 좋아요,긍정적,긍정적
2023-04,좋아요.,긍정적,긍정적
2022-07,"살몬 샌드위치가 제일 맛이 있고,
분위기도 좋아요",긍정적,긍정적
2022-09,콜드브루 맛남,긍정적,긍정적
2022-06,샌드위치 양은 많지 않지만 맛 밸런스가 좋아요! 커피도 깔끔한 산미가 샌드위치랑 잘 어울립니다,긍정적,긍정적
2022-04,"인테리어가 깔끔하고좋아요
커피는 산미가 있는 원두인데 고소한원두도 있었으면 좋겠네요",긍정적,긍정적
2022-03,맛은 있는데 좀 너무 크기가 작긴 해요..,부정적,긍정적
2022-05,존맛탱.. 모든 메뉴 다 맛있음. 여기서 잠깐 먹어본 트러플 핫소스 맛있어서 쿠팡직구로 주문함ㅋㅋㅋㅋㅋ 양이 조금 적긴 한데 다 맛있어요ㅠ 가격 좀만 더 착했으면 더 자주 사먹었을듯,긍정적,긍정적
2022-03,"트러플핫소스 치킨샌드위치를 많이들 추천하셔서 먹어봤는데, 맛은 괜찮지만 저한테는 좀 느끼했어요 ㅠㅠ
새우완탕이 기대보다 괜찮네요
다음에는 로스트비프나 연어 먹어봐야겠습니다
직원분들은 친절하세요",긍정적,긍정적
2022-12,맛있어요,긍정적,긍정적
2022-05,"데코도 예쁘고 맛도 있음
빵이 저세상 바삭함",긍정적,긍정적
2021-12,"매장 깨끗하고 생각보다 매장은 작아요.
직원분들은 매우 친절하시고
사진에 있는 매뉴 3개 시키니깐 배가 불렀어요..
샌드위치만 먹었다면 아쉬웠을꺼같아요!!
토마토숩은 건강한 입맛에 길들여져 있는 저는 완전 극 호였는데 간 좋아하시는 분들은 잉? 건강한맛이네 라고 할 수도 있어요. 아까는 씹히는 식감으 일품이여서 매력적이고 토마토 숩이랑 같이 나오는 빵 존맛입니다.
치킨 샌드위치는 부드러워서 주방들어가서 비법 물어볼뻔했습니다;; 엄마가 매일 해주면 좋겠는 맛입니다!",긍정적,긍정적
2022-06,인테리어가 멋있어요!,긍정적,긍정적
2022-05,치킨 샌드위치 맛있어요,긍정적,긍정적
2022-03,봄이 느껴지는 샐러드🥬🫒,긍정적,긍정적
2022-11,맛있어요,긍정적,긍정적
2022-01,"샌드위치가 깔끔하고 고급지네여. 뻔한 재료 넣지 않아서 좋아요.
수프는 진짜 착하게 원재료만 충실하게 넣고 만든 맛.",긍정적,긍정적
2022-01,"🌟🌟🌟🌟🌟
샌드위치가 너어모 맛남🤤🤤
베를린 동독쪽에 있는 가게느낌도 나고:D
너어무 좋았어요👍👍",긍정적,긍정적
2022-06,굿,긍정적,긍정적
2022-03,공간이 조하요❤️‍🔥,긍정적,긍정적
2022-03,"매장에서 마시는 커피는 머그잔에 주셨으묜🥲
(+설탕)",긍정적,긍정적
2022-06,긋,부정적,긍정적
2022-08,굿,긍정적,긍정적
2022-06,맛있어요,긍정적,긍정적
2022-03,분위기 무엇! 꽃도 예쁘고 샌드위치도 맛있고!,긍정적,긍정적
2022-05,간판이없어서 들어가서 가게이름을 여쭤봣어요! 층고가높고 트여있어서 개방감이좋습니다,긍정적,긍정적
2022-01,신선하고 다양한 재료를 이용한 참신한 샌드위치샵 맛도 너무 좋아요,긍정적,긍정적
2022-02,"지금까지 먹어본 샌드위치중 제일 맛있어요.., 인생 샌드위치ㅠㅠ 직원분들도 친절하시고 인테리어가 너무 예뻐요. 좋은기억, 좋은맛으로 남는 곳입니다. 🙂 재방문의사 백퍼",긍정적,긍정적
2022-07,좋아요,긍정적,긍정적
2021-12,깔끔하고 맛있어요! 다 먹고 싶었는데 메뉴 다 못주문한게 아쉽 ㅠㅠ 트러플 소스도 맛있어서 퍼먹었어요,긍정적,긍정적
2022-03,맛있는데 양이 넘 적어요ㅠ,부정적,긍정적
2022-02,맛없는게 없다 다 맛있음,긍정적,긍정적
2022-09,굿,긍정적,긍정적
2022-03,샌드위치가 조금 작긴하지만 맛있고 분위기가 좋아요,긍정적,긍정적
2022-03,매일 먹어도 질리지 않는 샌드위치가 있어요🙂,긍정적,긍정적
2021-12,짱맛....우리 집 앞에서 장사해주세여,긍정적,긍정적
2022-04,좋아요,긍정적,긍정적
2021-11,가격에 비해 양이 너무너무 작아요... 맛은 괜찮았고 친절하시지만 재방문은 글쎄요..,부정적,부정적
2021-12,"오랜만에 방문했는데 여전히 맛있고 아니, 더 맛있어졌고 분위기도 따뜻하고 힐링했어요❣️",긍정적,긍정적
2022-04,"가성비찾을라면 옆건물 맥모닝ㄱㄱ, 오픈주방이라 재료나 제조과정은 엄숙하고 정갈함. 비교적 비싼가격은 뭐한때 성수동 핫플 어쩌고에 여자들 인수타인수타사딘사딘 꺅꺅 비용이라 생각하심됨..",긍정적,긍정적
2021-12,샌드위치 맛있게 먹었어요,긍정적,긍정적
2021-10,신선하고 맛있어요! 재료 하나하나에 신경을 많이 쓴게 느껴져요,긍정적,긍정적
2021-10,"단도직입적으로 말씀 드리면 돈이 안 아까울 정도로 맛있어요.
샌드위치 맛이 다채롭고 좋아요.
재료도 상태가 좋은 듯하고 손질도 잘 되어 있어요.
그리고 사장님과 직원 분들이 친절하시고 섬세하셔서 좋았어요.
성수 들를 때마다 생각날 것 같아요.",긍정적,긍정적
2021-10,샌드위치가 이런 맛이 있다니 놀랍습니다. 재방문 해서 새로운 메뉴 먹었는데 감동이에요. 또 놀러 가겠습니다.,긍정적,긍정적
2021-10,서울에서 제일 좋아하는 샌드위치 가게에요. 근사한 요리를 먹는 느낌🧡,긍정적,긍정적
2021-09,맛있고 분위기가 좋아요. 혼자 먹기 좋아용,긍정적,긍정적
2021-11,"로스트비프는 깔끔 담백, 김치새우볶음빵은 먹기 좀 불편할뿐 맛있게 먹었어영!!ㅎㅎㅎ",긍정적,긍정적
2021-10,로스트 치킨 시켜먹으세요ㅠ 존맛입니다,긍정적,긍정적
2021-08,안경쓰신 여자분 사장님이신가요!?ㅎㅎ오늘 방문했는데 너무너무 친절하셔서 꼭 리뷰 남기고 싶었어요 분위기도 좋고 주차 편해요!,긍정적,긍정적
2021-10,맛있는게 양이 쪼금임,긍정적,긍정적
2022-05,좋아요,긍정적,긍정적
2021-06,최고의 샌드위치가게. 아귀 샌드위치 엄청 배부르고 맛있네요,긍정적,긍정적
2021-03,"수프 농도가 생각한 것보다 묽어서 특이하다고 생각했는데 맛있게 잘 먹었어요. 샌드위치와 함께 나온 절임류들 간도 딱 알맞았어요. 비프 샌드위치는 맛이 조화로웠고, 치킨은 조금 느끼했지만 트러플 소스랑 궁합이 좋았습니다!",긍정적,긍정적
2021-06,가장 좋아하는 샌드위치 가게예요. 늘 맛있어요!,긍정적,긍정적
2021-08,"맛있다
토마토 스프 개인적으로 강추",긍정적,긍정적
2021-06,아주 맛있습니당:),긍정적,긍정적
2021-06,깔끔하고 정성스러운 맛! 그리고 무엇보다 너무 친절하심!,긍정적,긍정적
2021-04,정말 애정하는 샌드위치 집이예요 ㅜㅜ 나머지는 다 포장하고 아귀샌드위치 매장에서 먹었는데 진짜 다른데서는 먹지못할 맛입니다 감동적인맛 ㅜㅜ,긍정적,긍정적
2021-08,깔끔하고 분위기도 좋았어요,긍정적,긍정적
2021-05,"넘 맛있고 !!
친절하세여
비싼건 요즘 다 마찬가지니까여.. ㅎ",긍정적,긍정적
2021-04,일단 간판이 없고요.. 양은 생각보다 적고 값은 더 비싸요. ACCA는 그냥 그랬고 트러플핫치킨은 소스가 맛있었습니다. 음식 전반적으로 특별할건 없는 맛이었지만 사람 없을땐 프라이빗한 분위기와 채광이 괜찮았어요,부정적,긍정적
2022-04,맛있어요,긍정적,긍정적
2021-04,"옆에 웨이팅 공간이 따로있어서 기다리기 편했고 직원분이 친절함
트러플핫소스 대존맛
확실히 샌드위치가 다른곳과 다르다 마시썽",긍정적,긍정적
2021-04,담백하고 맛있어요 분위기도 좋고 직원분들도 친절하세요! 강아지 데리고왔는데 밖에 있으니까 들어와도 된다고 해주셔서 감사해요😇,긍정적,긍정적
2021-06,맛있어요,긍정적,긍정적
2020-11,"경리단길에 있을 때(플랫아이언)
넘 맛있게 먹었던 기억이 있어서 또 찾아갔어요.
로스트 비프 좀 아쉬워요ㅠ 그땐 더 맛있었는데...
치킨에 트러플 소스 조합은 따뜻해서 좋았어요",긍정적,긍정적
2021-08,와 진짜 미식이네요🥪,긍정적,긍정적
2020-10,처음 먹고 너무 맛있어서 또 왔어요. 트러플 핫소스 메뉴가 맛있대서 먹어봤는데 정말 맛있네요. 소스 가득 뿌려먹어야해요. 샌드위치 가게 중엔 큐뮬러스가 최고인거같습니다.,긍정적,긍정적
2020-12,성수동 최고의 샌드위치,긍정적,긍정적
2021-02,이런 샌드위치 다른데서 본적도 먹어본 적도 없어요! 일단 와서 먹어봐야되요! 차분한 분위기에서 조용히 맛있는 샌드위치를 먹을 수 있는 경험을 할 수 있습니다!,긍정적,긍정적
2020-12,짹ㅉ개짹짹깨짺짹쨕째짝딱짹깨짹짹,부정적,부정적
2021-07,맛있어요..빵이 엄청 바삭하고 닭고기가 실하네요. 음악도 편안하고 좋아요!,긍정적,긍정적
2021-04,맛있당ㅎㅎ,긍정적,긍정적
2021-02,깔끔하고 좋아요,긍정적,긍정적
2020-11,성수동 괜찮은 샌드위치,긍정적,긍정적
2021-02,로스트 비프 담백하고 맛있어요. 기회가 되면 또 가고 싶어요.,긍정적,긍정적
2020-07,성수동의 샌드위치 맛집 큐뮬러스의 신메뉴 스더 샌드위치. 바삭하게 구워진 빵 안에 담백한 라구와 치즈가 들어가 있다. 치즈가 더 알차게 들어갔으면 모양새 뿐만 아니라 맛도 더 균형감이 좋지 않았을까.,긍정적,긍정적
2020-08,"신메뉴 ACCA, ‘S THE를 먹었는데
아까는 잣이랑 치즈가 섞여서 너무 맛있고
스더는 담백하고 플레이팅도 예뻐요!
샌드위치 맛집🥪",긍정적,긍정적
2020-12,최애 샌드위츠,긍정적,긍정적
2020-12,좋아하는 샌드위치,긍정적,긍정적
2021-02,쫀맛,긍정적,긍정적
2020-12,그들만의 가게,긍정적,긍정적
2020-05,"#성수동맛집 #샌드위치맛집 #브런치맛집 #풀드포크샌드위치 #로스트비프샌드위치 #토마토치킨스프 #아메리카노
샌드위치 넘 맛있어요!! ☺️👍🏻
★블로그 리뷰↓↓↓
https://m.blog.naver.com/szstyle/221977865038",긍정적,긍정적
2020-07,"간판이없어서 못찾을뻔 했는데 이 골목에서 식당이 딱하나뿐이라 겨우찾앗네요 ㅋㅋ
맛은 듣던대로 맛잇어요. 근데 생각지도 않은 콜드브루가 제일 맛잇엇네요. 한번쯤 ?근처지나가다 올법하지 다시 방문할지는 모르겠습니당",긍정적,긍정적
2020-08,"처음엔 김희원 작가의 사진과 함께 부라타 샐러드에 빠져서 한동안 줄곧 갔던 곳. 지난 겨울을 끝으로 오랜만에 방문한 곳엔 메뉴가 많이 바뀌었다. 제일 사랑하던 부라타치즈 샐러드가 사라졌고.. 올해 돌아온다던 에프리콧과 딜, 절임 청포도와 버터의 조합인 ""여름의 맛"" 이 돌아오지 않았다ㅜㅜ 너무 슬펐다.. 작년에 마지막 날이라고 방문했었는데 솔드아웃되었거드요.. 사장님 내년은 기대해도 될까요ㅠㅠ 상큼한 조합의 샐러드나 샌드위치 기대해봅니다! 참 치킨샌드위치는 언제나 진리🤘",부정적,긍정적
2020-08,너무 맛있게 잘 먹고갑니다. 먹어본 샌드위치 중 가장 맘에드는 구성! 건강한 맛이네요.,긍정적,긍정적
2020-04,"샌드위치 맛있네요. 수준급입니다.

프랑스에서 온 내추럴와인도 맛있고요. 풍부한 산미에 과실향이 느껴지며 더불어 와인의 쌉쌀한 맛이 있어요.

인테리어는 미니멀리즘입니다. 음악도 일요일 햇살과 어울렸습니다.",긍정적,긍정적
2021-02,"#최애
#인생샌드위치
#죽기전에꼭맛봐야할집",긍정적,긍정적
2020-09,맛있는데 양이 적고 비쌉니다.,부정적,부정적
2020-10,최고의 샌드위치집 가끔씩 생각날때마다 들르게 되네요,긍정적,긍정적
2020-09,맛있어요!! 다음에는 다른 메뉴 먹으러 방문하고 싶어요,긍정적,긍정적
2020-07,"맛있는데 양이 너무 적어서 너무 비싸게 느껴진다.
둘이 먹고 오만원.",부정적,부정적
2020-07,이 세상 샌드위치가 아니다,부정적,부정적
2020-09,맛있어요!!!,긍정적,긍정적
2020-04,말이필요없음 너무 맛있음 꼭 가보시길,긍정적,긍정적
2020-05,샌드위치 맛있어욤,긍정적,긍정적
2020-06,아 췌켄 개좋지~~!~!~!~!~!~ 췌케네ㅔㅔㅔㅔㅔ,긍정적,긍정적
2020-06,완전완전 대박 맛집ㅜ,긍정적,긍정적
2020-11,굿~~,긍정적,긍정적
2020-10,ㅎㅎㅎ,긍정적,긍정적
2020-05,짱맛,긍정적,긍정적
2020-04,하트시그널 김현우 오영주 데이트 식당. 샌드위치 꿀맛,긍정적,긍정적
2020-04,존맛탱,긍정적,긍정적
2019-12,"샌드위치가 먹고 싶다면 여기로
추천메뉴는 로스트비프",긍정적,긍정적
2019-08,"굿 서비스~ 분위기도 좋쿠..
다만 따습한 아메리카노가 없다는 게 아쉽..
그거 빼곤 다 완벽했던 샌드위치집..
❤️❤️❤️",긍정적,긍정적
2019-06,정말 좋아하는 샌드위치 샵이에요. 심플하지만 뭐하나 소홀함이 없는 정성 가득한 느낌입니다. 근처 뺑드에코에서 빵을 가지고 오시는데 빵이랑 부재료들이 참 잘 어울려요. 공간도 조용하지만 예쁘고 강 때마다 힐링되는 곳입니다.,긍정적,긍정적
2019-12,냄새부터 존맛탱,긍정적,긍정적
2024-06,좋아요,긍정적,긍정적
