Date,Review,sentiment,Sentiment2
2024-10,"냉면이랑 갈비먹러 왔어요~! 예약하니 룸 안내해주시네요.
반찬이랑 고기 정갈하고 맛있아요🥰🥰🥰 서버분이 맛나게 구워주셔서 신나게 먹고왔네용😆😆❤️ 냉면 말해모하나요~ 깔끔하고 맛있어요♡♡굿굿굿👍👍

또와야지!",오류,오류
2024-08,"유명한 평양냉면집인데 기회가 없어서 방문하지못하다가 근처올 일이 있어서 들렀습니다 다른 평양냉면이랑 외관상 다른 특이한점은 얼갈이배추 물기를 꼭짠 고명을 올려준다는 점 그리고 계란지단을 채썰어서 올려준다는 점 정도입니다 육수에서 육향이 매우 진하게 느껴지는게 인상적이었고 면은 잘끊어지는식감을 보완하려고 그런지 다른 곳보다는 탱글한 식감이 있었습니다을밀대랑은 확실히 다른 맛인것 같았습니다
맛있게 잘먹었어요",긍정적,긍정적
2024-09,여사님들 친절하시고 고기도 잘 구워주시고 안내도 잘해주셨습니다. 점심 예약을 했음에도 제가 동행을 오래 기다렸어야 했는데 양해해 주셔서 감사했습니다. 음식은 다 맛있고 정갈하고 좋았습니다. 담에 가면 다른 식사류도 먹어보고 싶었습니다.,긍정적,긍정적
2024-07,"봉피양 대치는 가봣어도 양재점은 첨인데 친절하셔서 감동이엇어요
맛도 맛이지만 직원분들께서 친절 하셔서 녹두전 쵝오 더 맛잇고 냉면 속이 편하게 맛났어요 감사히 잘 먹었습니다",오류,오류
2024-09,음식은 값을 못하고 서비스도 형편 없다못해 과도하게 불친절합니다. 일단 재료가 없어서 못만드는지 특정 메뉴를 팔아먹으라고 교육을 받은건지 메뉴 유도를 부모님이 불편하실때까지 엄청 합니다. 일단 넘어갔습니다. 그리고 나온 솥밥에는 메뉴 사진과 다르게 딱 밥하고 생선만 들어가있고 쪽파가 하나도 없길래 이게 맞냐 메뉴 사진하고 완전 다르지 않냐 했더니 요즘 솥밥은 쪽파를 안넣는다고 우기길래 짜증나서 주방에서 실수한 것 같으니까 들어가서 물어보라 그랬더니 쪽파 한 5조각 썰어서 넣옵니다. 당연히 잘못 만들어드렸다 뭐 그런 설명 하나도 없습니다. 뭐 제가 이거 쓴다고 한들 먹으러 갈사람들은 먹으러 가겠지만 부디 진심으로 이 따위로 장사할거면 그냥 안했으면 좋겠는 마음으로 리뷰 남겨봅니다.,부정적,부정적
2024-03,"점심특선으로 먹었는데 양념소고기부터 밑반찬까지 너무너무 완벽해서 정말 맛있게 먹고왔어요!!
특히 냉면이 평양냉면이라 담백하고 심심할때 양념 소고기 먹어주니까 너무 찰떡궁합이었어요!!",오류,오류
2024-06,"6월11일 올해 첫 물냉면 개시
1만6천원에 후덜덜한 가격대비 만족도는 점점 떨어지네요.구래도여름엔 물냉면 뱅뱅사거리 근처 점심시간 이용해서 번잡스럽지 않고 조용하게 식사 할수 있어 가끔 이용합니다.뱅뱅사거리 양재 대로변이라 찾기 쉬워요. 11시 45분 도착하니 가다리지 않고 먹을 수 있었지만 12시이후부터는 조금 대기 하셔야 합니당~~가격대비 평냉은 다 아는 맛이고 양재점은 그나마 양이 적지 않습니다.",부정적,부정적
2024-09,"평양냉면 & 떡갈비 구성 정갈하고 맛있습니다.
역시 봉피양!",오류,오류
2024-09,"여긴 넘 맛나요
가격이 아쉬울뿐 ㅎㅎ",긍정적,긍정적
2024-06,"워낙 유명한곳이니 음식맛은 좋았으나
응대가 아쉬웠습니다.
음식 나오기까지 대기시간도 길었고
반찬 리필이나 그릇 수거도
빠르지않고 홀서버분들이 이리저리
바빠기색이 역력했어요.
먹은 소고기가 무슨고긴지 그냥 바쁘게
구워주고 가셔서
가격대비 진짜 아쉬웠습니다. 여력이 안되면
예약을 받지마시지...",오류,오류
2024-08,"음식은 아주 맛있었습니다.
다만 8월 14일 오후 7시 반 경 부터 홀을 담당하신
송금미 매니저?분 때문에 맛있게 먹은걸 다 망친 기분이네요.
해당 매니저분이 본점 사장이라면 다시 방문할 의사가 없습니다. 혹은 기본 매니저님이라면 다른 지점 발령 혹은 자르시는걸 추천드립니다.

전체 홀이 떠나가라 본인 기분이 나쁘다는걸 표출하는 홀 매니저가 어디에 있나요. 기본적으로 음식맛 좋고 서빙해주신 분의 태도 또한 훌륭했습니다.

그런데 홀매니저가 캐셔보면서 본인 목소리 못들었다고 서버들 집합시키고 자기한테 사과하라며 소리지르는게 맞는 태도인지요? 지인분에게 조용하고 분위기 좋다고 소개하고 간 집인데 쫓겨나오듯 나온 기분입니다. 1층 전체가 떠나가라 욕하는 홀매니저는 처음이네요. 이런게 프랜차이즈 홀매니저인가요?",부정적,부정적
2024-07,이름표 보고 성함을 알게되었는데 1층에서 서빙하시는 권혜령님 정말 친절하시네요. 어떻게 그렇게 열심히 즐겁게 서빙하시는지 동기가 궁금할 수준입니다. 봉피양의 음식 맛도 나무랄 데 없지만 때로는 그런 맛있는 음식보다도 누군가의 따듯한 응대가 더 마음 깊이 남기도 하다는 걸 알게 됐습니다. 잔돈이 없어 팁을 드릴 순 없어서 대신 리뷰로 남깁니다. 부디 지치지 마시고 오래오래 행복하게 일하세요^^,오류,오류
2024-07,맛나네요! 바쁜점심에 빨리 나오고 좋습니다!,긍정적,긍정적
2024-10,"가족모임했어요
돼재갈비 너무 맛있네요~",긍정적,긍정적
2024-08,잘먹었습니다...감사합니다,오류,오류
2024-06,"식사는 영 가격 값 못 하는 퀄리티.
거짓말 조금보태면 설렁탕 국물이 정수기 정수 온도?",부정적,부정적
2024-06,"도미회 끝내줍니다.
주머니는 거덜나지만 잎에 쩍쩍 붙는 쫄깃함이라니",오류,오류
2024-07,양곰탕 점심으로 먹고 힘냅니다,긍정적,긍정적
2024-08,아주 맛있어요,긍정적,긍정적
2024-07,좋아요 추천합니다 감사합니다,오류,오류
2024-08,맛있어요,긍정적,긍정적
2024-04,"봉피양 양재점 다신 안갈거 같아요.
직원이 대놓고 불친절한건 아니고 은근히 사람 기분 나쁘게 만들어서 한소리 하려다 참았어요.
방이점보다 손님 없는이유를 알겠네요.
위치는 양재가 더 가까워도 이제 양재점은 안갈거같아요.
음식이야 봉피양 말할 필요없이 맛있는건 똑같고.
굽고 컷팅도 대충..탄부분도 잘 손질 안해주네요.
직원교육 제대로 다시 하시길 바랍니다.
여러 봉피양 가보았지만 최악의 양재점이네요.",오류,오류
2024-04,"양재굿본재활의학과 점심 회식으로 갔는데 너무 친절하시고 서비스도 많이 주시고 감동받고 갑니다!!😍
특히나 고기가 씹었는데 어쩜 입에 살살 녹는지... 인생 최고의 갈비였어요!!‘ 또갈게요 ㅎㅎ",긍정적,긍정적
2024-05,고기도 맛있고 음식이 자극적이지 않고 건강한 맛입니다.,오류,오류
2024-06,평양냉면,긍정적,긍정적
2023-11,정기적으로 먹어줘야하는 평양냉면 맛집입니다! 부담없이 혼밥으로도 먹을 수 있고 직원분들이 엄청 친절하십니다. 평양냉면 육수는 고기향이 은은한게 계속 숟가락이 가고 뒷맛이 깔끔합니다. 그리고 새콤달콤한 백김치가 포인트입니다. 면은 메밀이 많이 들어가 잘 끊겨 먹기 편하고 살짝 메밀향도 납니다. 리뷰 남기면서 또 생각납니다!,긍정적,긍정적
2024-02,어느 누구도 싫어할 사람이 없는 봉피양 양재점🥢,오류,오류
2024-07,"시원하게
잘먹고 갑니다",긍정적,긍정적
2024-07,깔끔합니다,오류,오류
2024-03,회식 때 맛있어서 친구랑 재방문 했어요 고기도 맛있고 냉면도 맛있습니다,긍정적,긍정적
2024-08,감사해요,긍정적,긍정적
2024-06,맛있어요,오류,오류
2023-11,"생각보다 금액이 많이 비싼편. 맛은 특별히 맛있다거나 맛없다거나 하지 않음. 항상 봉피양 대치점을 가다가 이곳에 왔는데 이곳이 더 앉는 좌석은 편함. 다만 상당히 거북했던것은 서빙하는 직원이 자꾸 스페셜 오퍼라며 무슨 해장세트인지 뭔가 하는것을 자꾸 권함. 1번도 아니고 여러번 권함. 안먹는다고 해도 자꾸 권해서 불쾌함. 아마 주문 하면 커미션이 있는것인지 알 수 없지만 이건 좀 아닌듯. 객관적으로 맛은 소소 가격은 사악
침고로 영수증 리뷰 할려고 영수증 받았는데 영수증 위에 주소랑 사업자 번호 지워져 있음. 이건 상당히 의도적인듯 싶음",부정적,부정적
2024-03,봉퍙,오류,오류
2024-05,👍,긍정적,긍정적
2023-08,"정갈한 음식들로 눈과 입이 즐거운 공간 🥩🥗🍜

넓고 편안한 자리 덕분에 보다 안정된 식사가 가능하고
최상의 맛을위해 정성스럽게 직접 구워주시는 갈비가 너무 맛있는 집 ❤️

밍밍하면서도 오묘한 평양냉면은 아직 입문단계 🍾
초보답게 비빔하나 물하나


한우암소양념갈비
물냉면
비빔냉면",긍정적,긍정적
2023-12,"맛있어요 이번방문때는 6명예약인데 화구를 한개 주셔서 몹시 불편했어요 결국 거의 단품메뉴 를 먹었네요
단품이 핸들링하기 쉬워서 일부러 그랬나 싶습니다",오류,오류
2024-01,"돼지갈비도 맛있지만, 반찬중에 감자샐러드 미쳤어요ㅋㅋ
먹어본 감자샐러드 중 1등ㅋㅋ
냉면만 먹었었는데, 고기랑 같이 먹으니까 궁합이 좋네요. 고기도 좋은 숯에 구워주셔서 금방 익혀지고 빨리 먹을 수 있어서 좋았네요",긍정적,긍정적
2024-01,깔끔하고 맛있어요,오류,오류
2024-02,암소양념갈비 먹음 맛은 괜찮지만 가격대비 그만큼의 맛있지는 않다 직원분들은 친절하지만 직원수대비 테이블이 많아서 요청사항이 바로바로 반영되지는.않음,부정적,부정적
2024-07,친절,긍정적,긍정적
2023-12,조용히 식사하기 좋아요.,오류,오류
2024-08,좋아요,긍정적,긍정적
2023-12,"회사 근처라 가격이 비싸도 맛과 서비스때문에 회식을 자주했습니다. 그런데 오늘은 정말 최악이네요. 미리 예약하고 회식하러 단체로 입장하고 30분 정도 밥 먹고 있는데 30분후에 자리 비워 줄 수 있냐며 다른 손님 받으려 한다고 하더라구요. 같이 밥먹던 모두가 어처구니가 없어서 참.... 소 안먹고 1인분에 36,000원짜리 돼지 먹어서 무시한건가 기분이 않좋더라구요. 전 회식때는 정말 돈도 많이 썼고 자주 간 곳인데... 더군다나 고기 굽는다고 왔다갔다 하다가 일행 패딩에 고기 기름 잔뜩 뭍혀 놓고 건성으로 죄송하다고 하고... 이제는 서비스 보다 돈이 더 중요한 곳이 된 것 같네요. 최소한 제 직장 회식은 발 벗고 반대하려 합니다. 가격 받는 만큼 서비스에 노력 하셨으면 합니다. 그렇게 부자되세요.",오류,오류
2023-11,사악한 가격 빼면 다좋아유!!ㅎ,부정적,긍정적
2023-09,"볼륨가득하고 맛도 있어요
추천합니다",긍정적,긍정적
2023-11,평양냉면 먹으러 또 왔다. 넘 맛있다,오류,오류
2024-05,좋아요,긍정적,긍정적
2023-12,굿,긍정적,긍정적
2023-09,불친절하다는 후기가 간간히 있어서 다른지점 가려다가 그냥 가까워서 방문했는데 저희는 친절하시다고 느꼈어요~ 다만 다른분들 후기처럼 예약없이 입장하니 식사인지 고기인지랑 몇시까지 다 먹을수있냐고 물어보시고 가능하다하니 룸으로 주시긴했어요. 입장전에 서로 얘기하고 합의(?)된거라 전혀 기분나쁜점은 없었습니다. 고기도 냉면도 맛있었어요!,긍정적,긍정적
2023-07,"돼지갈비 양이 많네요,, 너무 맛있어요! 평냉도 굿❤️",오류,오류
2023-09,점점 가성비가 나빠지는 양곰탕ㅠ 근데 jmt,부정적,부정적
2023-07,"평양냉면은 봉피양
수육이랑 먹으면 더 맛있죠~~",오류,오류
2024-01,굿,긍정적,긍정적
2023-09,8번 룸에 2시에 예약손님이 있다고 하셔서...2시전까지 최대한 식사하고 가겠다고 하여 룸 배정 받고 2층으로 올라갔습니다. 1시 45분이 다가오는 시점에 룸 주변을 서성이면서 2시까지 인데...룸 밖에서 얘기하고 재촉하는 모습과 1시 50분즈음에 갑자기 들어오더니...가족들이 식사를 하고 있었음에도 불구하고 냉면 그릇을 치워갔습니다. 제가 2시까지 나가드릴테니.식사를 다하면 치워달라고 말씀을드렸습니다. 식사중에 중간에 그릇을 치우는 행동은 참으로 불편 했습니다. 봉피앙 명성에 맞지않는 불편한 서비스를 경험했습니다. 그래도 봉피앙 음식은 맛있었습니다.,부정적,부정적
2023-10,맛은 있습니다.,오류,오류
2023-06,예전부터 돼지갈비와 평냉이 생각날때 종종 들리는 곳 입니다. 다른 지점 보다는 주차 때문에 그나마 가게 되는데요.. 오늘은 실망을 했네요. 매장이 바빠서 그랬겠지만. 이번만큼 고기를 대충 구워주시는 분은 처음 봤습니다.(물론 혼자서 일정영역을 커버하셔야 되겠지만요..) 이거면 그냥 넘어가려 했습니다만. 반찬도 전에 먹던 구성들이 나오지 않기에 한번 말씀 드리니 그제서야 나오는 추가 반찬들..(원래는 나오지 않는거라는 얘기 및 기존엔 없었다는?) 그것도 그냥 그려려니 하고 넘어갔지만. 기본 생수? 술맛이 나는 이슈건.. 그리고 마지막으로 된장찌개..종종 먹기에 맛을 아는데 이번 맛은 참으로 달랐네요.. 너무 심심한데. 그냥 뭔가 하나 빠진것 같은 밍밍함..이것 또한 다시 가져가셔서 끓여주심. 많이 아쉬웠어요,부정적,부정적
2023-06,양재점은 세번정도 방문했었는데 항상 만족스러웠어요! 직원분 친절한건 테이블 담당?? 서버분 차이인거 같아요 같은날 두분이 봐주셨는데 한분은 엄청 친절하셨고 잠깐 봐주신분은 담당하시는 분이 아니셔서 그런지 해주실것만 해주시고 띡 가시더라구요..! 한번은 용산점에서 돼지갈비가 구워져서 나왔었는데 테이블에서 갓 구워먹는게 더 맛있는거 같아서 양재점만 가게되는거 같아요,긍정적,긍정적
2023-10,비쌈..근데 맛있음,오류,오류
2023-06,평양냉면 입문자도 부담없이 먹을 수 있는 냉면맛집이에요.,긍정적,긍정적
2023-08,"봉피양 다른 지점들 좋아했는데 여긴 오늘 이후로 안갈 듯... 들어갔는데 안내해주는 사람이 아무도 없어서 기다리다가 2층 올라갔더니 1층에서 안내 받고 올라와야하니까 다시 내려가라고 1층에 안내할 사람 있다고 내려보냄, 근데 또 다시 부르더니 아무 자리나 앉힘. 그럴거면 무전은 왜 끼고 일하시는지. 여튼 주문하고 소주 병 딱 열었는데 갑자기 30분만에 먹고 나가라고 함 예약 있다고. 그럼 앉히거나 음식 내기 전에 미리 말을 해줘야죠? 어이없는 표정으로 쳐다보니까 그럼 30분 먹다가 다른 데로 자리 옮겨야 한다고 함 ㅋㅋㅋ 이런 집 처음 봤네요. 그러고도 미안하단 말 한 마디 없고 기분 완전 나빠서 빨리 먹고 일어났더니 계산할 때 되어서야 미안하다고 하고. 진짜 이 정도로 기본 안 된 식당 오랜만이었습니다.",오류,오류
2023-06,"가격이 계속 오르는 것이 아쉽지만, 언제 먹어도 양곰탕은 최고입니다!",긍정적,긍정적
2023-06,양곰탕도 점심 후식메뉴에 추가해주시면 좋겠습니다!! 돼지 정식도 정말 양도 맛도 훌륭합니다.,긍정적,긍정적
2023-05,"와! 평양냉면 너무 맛있네요!
좀 비싸긴 하지만 너무 맛있어요!! 다시 생각나는 맛!",오류,오류
2023-06,"슴슴하고 맛있는 봉피양 평양냉면 16,000원",긍정적,긍정적
2023-07,봉피앙 맛있어요,오류,오류
2023-07,"집에서 가까워서 자주 가는곳
돼지갈비 처음 먹어봤는데 괜찮음
구워주셔서 편함",긍정적,긍정적
2023-05,비싼가격과 소문에 못미치는 맛,부정적,부정적
2024-04,맛있어요,오류,오류
2023-07,좋아요 또 오고싶어요,긍정적,긍정적
2023-05,"12시쯤 방문해써 좀기다리다 12시10분쯤 자리받고 2명이 룸에서 5.9만원 정식을 먹었는데 다먹고 얘기좀 하려니 자꾸 들어와서 어떠한 양해도 없이 음식을 치우네요 물론 다 먹긴 했지만 3번이나 들어와서 첨엔 반찬 두번짼 냉면그릇 세번째도 반찬...이런식으로 자꾸 나가라는 듯이 무언의 압박을 줍니다 1인당 5.9만원 점심 먹으면서 이런 대접은 첨입니다 결국 40분쯤 나왔습니다 다른지역 봉피양 여러번 가고 조아라 하는 곳이지만 양재점은 차음가봤지만 최소한 양재점은 다신 안갈겁니다 손님과 안갔다면 심하게 항의했을듯합니다

오죽하면 이런리뷰도 첨 적어봅니다",오류,오류
2023-07,고기가 맛있어요♡,긍정적,긍정적
2023-03,"너무 유명한 평양냉면 맛집입니다! 평양냉면도 물론 맛있고, 만두도 정말 맛있네요 👍🏻👍🏻",긍정적,긍정적
2023-03,"역시 양곰탕은 봉피양이
최고입니다!",오류,오류
2022-12,육회비빔밥 혼밥하러 종종 가는 곳인데 야채 양이 상당히 적고 육회 양도 적게 줘서 안가려고 했다가 이번 방문엔 직원분께 말씀 드렸더니 야채 양을 좀 더 주셨다고 하더라구요. . 이 정도 양은 나오는게 맞는것 같은데… 아무튼 그래서 이번 식사는 만족스러워서 또 가고 싶네요. 그럼 또 말씀 드려야 하나..;;,오류,오류
2023-04,만두도 맛있어요 주차 가능,긍정적,긍정적
2023-07,굿 맛있어요,긍정적,긍정적
2023-04,"아침에 제주에서 직송한 갈치구이라고 7만원 주고 주문했더니 작은 갈치 3토막
그나마 방금 굽지도 않아 뜨겁지도 않고 말라서 오네요
딱2만원 받으면 될듯
돼지갈비 냉면 욱계장 등은 훌륭한데 왜 이런 황당한 해산물을 파는지 모르겠네요
갈치구이 절대 드시지 마세요",오류,오류
2023-03,"음식 맛이야 모 훌륭하고요(돼지 갈비도 맛남), 다만 식후 맛보니 메뉴(냉면 된찌 등)는 가격을 좀 낮추어도 되지 않나 싶습니다. 따로 밑반찬이 식사와 함께 나오는게 아니니깐요",긍정적,긍정적
2023-05,"고기는 괜찮은데 갈비탕은 가격대비 퀄이 너무 떨어지네요~~
가격에 비해 만족도는 떨어지네요",부정적,부정적
2023-08,깔끔한육수!,오류,오류
2023-06,맛있어요,긍정적,긍정적
2023-07,맛있네요,오류,오류
2023-01,가격대가 좀 있지만 매장이 청결하고 음식이 맛있어요 ㅎㅎ,긍정적,긍정적
2023-04,평양냉면이랑 고기 같이 먹고 싶을 때 가는 곳. 굿굿,긍정적,긍정적
2023-01,"가격은 후덜덜하지만
양곰탕 냉면
모두 맛있어요",오류,오류
2023-04,평냉이랑 곁들여먹었던 메밀전도 백김치가같이들어있어서 맛나요,긍정적,긍정적
2022-12,"소고기집이지만 돼지갈비도 우수함
구워줘서 편하고
음식들이 정갈하고 밥도 맛있는!!",오류,오류
2023-02,"돼지갈비 3.3만/1인분, 맛보기 물냉 9,500. 맥주 7천. 발렛 3천.
고기는 구워 주고, 밑반찬은 몇개 안 나온다. 환기는 잘 안 되는데, 친절 하다.
맛은 3.3만원 돼지갈비 맛.",긍정적,긍정적
2023-05,맛있어요,긍정적,긍정적
2023-03,평양냉면은 역시 봉피양!,오류,오류
2022-11,점심 단품 메뉴도 갈비 정식 메뉴도 냉면도 역시 훌륭합니다. 전 양곰탕 정식을 자주 시키는데요 정식과 단품의 차이는 옥돔 구이 유무입니다. 옥돔구이가 흔치 않기에 가면 정식으로 먹습니다. 봉피양은 다소 가격이 비싸지만 그 만큼 값어치를 하는 곳이라고 생각이 드네요.,긍정적,긍정적
2022-12,"결론, 봉피양 양재점은.. 이후방문은 없습니다.

1.고기굽는 스킬, 아쉬움.(태움.교체없음)
줗은고기를 굽는스킬에따라 더 맛이나거나 아니나거나합니다만,, 빠르게 굽기에만급급..

2.송년모임 주차장 문제심각.
단체모임을 진행하게될때 확실하게 느낀 자리부족
발렛과 봉피양양재점 별개라며 봉피양직원분은
상황에따른 대처부족. 그리하여 주차못한 한분은,
그 옆건물에 발렛비 5배이상의 금액주고 주차했습니다.
주변을 돌고돌다가..

3.식사와 음주로 2시간이상은 식사하게되는석식
-발렛기본비 에서 추가, 즉 더불을 요구함
심지어 비슷한 시간대에 주차한 동반자들과 금액차이가 있었음. 알수없는 기준
근래 식사장소에서 억지스런 느낌받은곳은 처음입니다.",오류,오류
2022-11,"가격은 비싸나 맛은 비싼맛을 한다.
반찬도 맛있다.
돈 벌러가자.",긍정적,긍정적
2023-08,맛있어요,오류,오류
2023-01,"돼지목심본갈비 부드럽고 맛있습니다.
음식이 맛있어요.",긍정적,긍정적
2023-02,음식이 맛있어요.,긍정적,긍정적
2022-12,비싸지만 맛있는…,오류,오류
2022-10,양곰탕도 맛있고 빈대떡도 맛있었어요 밥 두공기주시길래 어련히 밥값따로 받는거라고 생각했는데 영수증에 보니 밥값은 포함안되어있더라구요 감사히 잘먹었습니다(대신 소주가 6천원인건..?😂😂),긍정적,긍정적
2023-01,음식이 맛 있어요,긍정적,긍정적
2022-11,봉피양은 갈비구이도 맛있습니다! 갈비도 다 구워주십니다.,오류,오류
2023-02,맛있어요,긍정적,긍정적
2023-01,맛 좋고 친절하고 굿,긍정적,긍정적
2022-07,"운동 끝나고 혼술하러 냉면집 왔더니
혼술한다구 이것 저것 안주 챙겨주시는데
감동인거 있죠 이리 친절하실 수 있나...
맛도 맛인데 친절함에 더 배부른 하루 였습니다",오류,오류
2022-12,돼지갈비,긍정적,긍정적
2023-02,좋아요,긍정적,긍정적
2023-02,친절해요,오류,오류
2023-01,좋아요,긍정적,긍정적
2022-12,호로록,오류,오류
2022-07,"돼지목심갈비 + 평냉, 비냉 번갈아 먹기
= 봉피양식 육쌈냉면 ♥️",긍정적,긍정적
2022-05,"도미밥정식은 도미가 따로 구워져나오는게 아니라 밥에 도미가 섞여있어요. 도미양은 많지않지만 정갈, 매운탕도 자극적이지않아 좋아요! 우거지탕 넘 구수하고 고기도 맛있고 자극적이지않아 속안좋을때 최고에요❣️ 불친절하다는 평이 많던데, 몇번 방문했는데 항상 친절하셨어요!",긍정적,긍정적
2022-09,양재점은 처음 가봤는데 고기맛이랑 반찬이 다른 봉피양점이 더 맛있는거같아요. 직원들은 무지 친절해요.,오류,오류
2022-11,맛 최고죠 .. 가격은 잇어요,긍정적,긍정적
2022-10,양곰탕 맛있어요,오류,오류
2023-01,맛있어요,긍정적,긍정적
2022-09,"양념돼지고기가 더 맛있네요.
맛은 좋은데 정신없는 서빙에 차분히 먹는 느낌이 안나요. 삼겹살집 보다 더 정신없이 먹은 느낌나요;;; 이런곳은 차분히 앉아서 먹으러가는데...ㅠ
12시 예약인데 13시에 예약손님 와도 되냐물으셔서 조금 황당했어요. 소고기를 1시간만에 먹으라는건지...룸인데도 정신없는 서빙으로 아쉬웠습니다.",긍정적,긍정적
2022-09,평양냉면 입문자도 먹을 수 있는 맛이에요,긍정적,긍정적
2022-11,역시봉피양양도맛도매장도너무깔끔하니좋았어요,오류,오류
2023-03,굳,긍정적,긍정적
2022-06,"바쁜 시간대엔 고기가 타는 것 빼곤 (직원이 부족해보여요)
고기 맛이랑 반찬 다 맛있어요",오류,오류
2022-12,"평냉 먹으러 간 집
요즘 평냉이 점점 맛이",부정적,부정적
2022-05,냉면이야 여러번 먹었고 늘 좋아함. 처음 시켜본 메밀전이 너무 맛있었다!!!,긍정적,긍정적
2022-10,음식맛있어요,오류,오류
2022-04,"봉피양에서 육회비빔밥은 처음 먹어보는데,
좀 부실해보였지만 나쁘진 않았어요~~
비빔밥의 야채나 전반적으로 양이 좀 적은편이네요…",부정적,긍정적
2022-07,맛있고 친절합니다.,오류,오류
2022-08,"점심시간에도 웨이팅이 있었는데 오래는 안 기다렸어요. 서빙하시는 분들 모두 친절하시고, 음식 맛은 더할나위 없죠. 한우석쇠양념구이정식 주문했는데 고기 양은 인당 100그램이라 좀 적을 수도 있어요.",긍정적,긍정적
2022-11,좋아요!,긍정적,긍정적
2022-11,가족끼리 모임에 적합한 곳~,오류,오류
2022-10,맛있어요. 비싸서그렇지...,긍정적,긍정적
2022-10,좋아여,오류,오류
2022-08,돼갈 쫀맛👍🏻,긍정적,긍정적
2022-06,"음식은 비싸고, 맛은 그저 그렇고. 주차도 불편하고. 포장손님은 손님도 아닌 것인지 주차장에 포장때문에 잠시 주차하려고 했는데 차빼라고 그러질 않나. 홀 직원들도 불친절하고.
이건 뭐 비싸면 비싼만큼 모든면에서 만족감을 줘야하는데 왜 불편한 마음이 드는지...",부정적,부정적
2022-06,"봉피양 여러 지점 이용했고, 양재점도 두번째인데,
오늘처럼 고기 태우시는 분은 처음이네요.
친절하시고 열심히 일하시는것 같아 별 말씀 안 드렸는데, 고기 굽는건 다시 배우셔야할 것 같아요.
더 주문했다가는 계속 타는걸 봐야할 것 같아 그만 주문했네요.",오류,오류
2022-08,면이 일반적인 면이고 육수는 평냉치고는 간이 조금 쎄네요. 전반적으로는 괜찮습니다.,긍정적,긍정적
2022-06,"카운터 직원 불친절, 평양냉면으로 유명한 집이 아니라 큰 기대는 안했는데, 육수는 그렇다 쳐도 면은 너무한 느낌입니다.",오류,오류
2022-06,맛있고 친절하고 깨끗~,긍정적,긍정적
2022-05,"가격대에 맞는 양념갈비는 인정, 그러나 일하시는분이 너무 바뻐서 봉피양의 급에 맞는 서빙을 하기 힘들고 중간중간 뜬금없는 영업에 민망했습니다. 간만에 가족모임에 대화중인데 봉피양 세트 영업들어오는건 아닌거 같구요, 양념갈비와 냉면의 품질과 급에 맞는 서비스에 집중하셔야될거 같습니다.",부정적,부정적
2022-05,"서버가 고기를 굽다말고 자리비우고, 덜익거나 타질않나, 반찬도 순서없이 나오고 (고기먹다 샐러드 나옴), 반찬 접시 정리도 슬라이딩에 갈비는 구우라며 집게는 가져가면 젓가락으로 구워요? 매우 저렴한 삼겹살집보다 더 서비스가 불만족스러움. 아래 다른 불친절 후기봤으면 룸잡고 먹으러 안갈듯함. 다시는 봉피양 안갈것임.",오류,오류
2022-08,평냉만 먹다가 만두 추가했는데 만두도 맛있어요,긍정적,긍정적
2022-07,존맛탱,오류,오류
2022-07,봉피앙의 맛의 비밀은...?!ㅎ,긍정적,긍정적
2022-09,가격이 비싸다,부정적,부정적
2022-01,"양재지나가다 평양냉면 땡겨서 우래옥
생각하며 갔다가 우래옥갈껄 100번 후회한 집
고기를 구워주는 테이블밖에 안남았다며 어쩔거냐기에 그때 빠른 걸음으로 나갔어야 했다.
고기식을때쯤 30분만에 나온 평양냉면은
테이블끝에서 슬라이딩해주고 태어나서 이런 고깃집에서 이런 서빙은 처음받아봄. 메뉴판은 치워주지도 않고 냉면가위는 물어보지도 주지도 않고 쌩하고 떠나버려 셀프로 가져옴.
88000원짜리 밥먹었는데 만족도는 8800원이였음.",오류,오류
2022-03,"점심 시간 식사를 다 마치지도 않았는데 아주머니가 카트 끌고와서 웃으며 다 드셨어요? 말끝기도 전에 그릇 치우는건 뭐죠?
당황 스럽네요!
오래 앉아있지도 않았고, 기다리던 사람도 없었고, 테이블 비어있던데.
기분 더럽네요. ㅋ",부정적,부정적
2023-02,좋아요,오류,오류
2022-10,냉면에 불고기 좋아해 가족모임을 합니다,긍정적,긍정적
2022-05,비싸기만하고~ 값비싼메뉴 추천을 부담스럽게 빈번히 하시네요,오류,오류
2022-04,"2층에서 식사했는데 불러도 오지않고
주문한거 계속 까먹고
밥 먹고있는데 직원이 음식 치우고
최악이네요.
다시는 안 갑니다.",부정적,부정적
2022-07,음식이 정갈하고 맛있어요,긍정적,긍정적
2022-03,"평양냉면 오랜만에 먹었는데 굿굿
봉피양 냉면 추천 합니다🧡",오류,오류
2022-08,좋아요,긍정적,긍정적
2022-07,돼지갈비 냉면 진짜 맛있어요,오류,오류
2022-03,"점심에 혼밥하러 갔다가 기분이 더러워져서 다른분들 리뷰 읽어보니 이제야 납득이 가네요. 고기드시는 분들도 서비스에 불만족하셨는데 냉면은 아예 서비스 열외 항목인가봅니다 ㅎㅎㅎㅎ
직원분이 바로 눈앞에서 눈 마주치면서도 메뉴를 5분넘게 안주시고 컵도 알아서 세팅이 안되네요.
회사도 집도 근처라 회식도 고려하고있었고 가족들도 좋아해서 같이 방문하려했는데 일단 양재점은 걸러야겠네요 서비스비를 줄 가치가 없어요",부정적,부정적
2022-04,대존맛,긍정적,긍정적
2022-07,맛있어요,긍정적,긍정적
2022-07,좋아요,오류,오류
2022-06,맛있어요.,긍정적,긍정적
2022-07,친절하세요,오류,오류
2022-03,"2시간반 동안 365,000원 식사했습니다. 발렛비 3천원에 식사를 오래했다고 주차비도 4천원 챙기시네요. 돈독이 오르셨나봅니다. 고객이 허둥지둥 식사를 해야만 하나요, 식대가 워낙 비싸니 4천원 주차료 정도는 아무것도 아니라 생각하는지요. 식사는 뭐 그닥..거기서 거기였고 고압적인 식당 자세에 실망하여 다시는 안갑니다",부정적,부정적
2022-09,조아요,긍정적,긍정적
2022-09,좋아요,오류,오류
2022-02,"돼지갈비 양이 정말 적어요.
2인분 66,000원치를 주문해서 먹었는데 양이 너무 적다고 항의했더니 1인분이 고기 1줄이라고 하네요.

그럼 메뉴판에라도 사진에 나온 고기가 2인분 66000원이라고 적어 놓으세요.
고기도 거의 반 이상 태워서 보냈습니다.",부정적,부정적
2022-03,돼지갈비 고기질 좋고 양념도 맛나요,오류,오류
2022-05,맛있어요!,긍정적,긍정적
2022-04,평양냉면 맛집입니다^^,긍정적,긍정적
2022-08,좋아요,오류,오류
2022-05,굿,긍정적,긍정적
2022-01,"가격이 좀 비싸지만
먹을만했습니다.",긍정적,긍정적
2022-04,👍,오류,오류
2022-05,맛있어요,긍정적,긍정적
2022-06,맛있어요,오류,오류
2022-03,굿,긍정적,긍정적
2021-10,평양냉면만 먹던 봉피양인데 양념갈비는 어떨지 해서 가봤어요. 비싸긴 하지만 양념갈비가 아주 부드럽고 양념도 잘 베어있더라구요. 반찬들도 깔끔하게 잘 나오고 직원분들도 친절하셔서 좋았습니다.,오류,오류
2021-12,룸이 있는데다 직원분께서 다 구워주셔서 편하게 먹을 수 있어 좋아요!!! 늘 감사합니다😆,긍정적,긍정적
2021-11,"주말에도 점심특선 된다고 조금이라도 저렴하게
맛볼 수 있게 추천해주시고 친절했습니다
갈비는 맛이 나쁘지않았어요
근데 위생상태가 엉망입니다!!
공기밥 그릇 안쪽에 고춧가루 붙어 있고
국자에 음식물 말라붙어 있고
유리컵에도 음식물 말라붙어 있고
식초안에 날파리 들어 있었어요...
기분좋게 돈쓰러 갔다가 기분 많이 잡쳤네요
비위 상해서 반이상 남기고
19만원 결제 하고 나왔습니다
후기는 위생상태 신경 좀 쓰라고 씁니다!!",긍정적,긍정적
2021-12,코로나시국인데 방이 나눠져있는곳을 예약하고 갈수있어서 너무 편하고 좋았습니다~ 예약하고 가시는걸 추천드려요~~,긍정적,긍정적
2021-12,"직원분들이 친절하시고, 직접 구워주시니 먹기 편했어요!! 돼지갈비도 맛있습니다!!",오류,오류
2022-02,비싸요.,부정적,부정적
2022-08,좋아요,오류,오류
2022-06,맛있어요,긍정적,긍정적
2022-01,좋네요,긍정적,긍정적
2021-08,평양냉면 먹으러 갔는데 맛있었어요 육수 최고ㅜㅜ,오류,오류
2021-11,맛있어요,긍정적,긍정적
2021-06,"봉피양 너무 좋아하는데요,
고기 구워주시는 이모님도 너무 친절하시고 맛있게 잘 먹었습니다.
하나 아쉬웠던 점은, 평양냉면을 포장주문해갈때 분명히 면과 육수를 따로 주신다고 했는데.. 집에 와서보니 육수속에 면이 그대로.. ㅠ-ㅠ
팅팅 불어서 결국 냉면 두개 다 못먹고 그대로 버렸네요~~ 흑흑",긍정적,긍정적
2021-12,굿,오류,오류
2021-06,"물통에 있는 물을 따랐는데 초파리가… ㅠㅡㅠ
냉면 맛도 예전같지 않았구요… 육수 많이 달라고 미리 요청했는데도 요구사항은 듣지 않으셨는지… 평랭 워낙 좋아하고 본점 봉피양 워낙아가때부터 다녔는데… 아쉽네요 참…",부정적,부정적
2021-07,친구맛집추천으로 친구3명이 양재봉피양 2층 8번룸에서 정심을 먹게되엿는데 홀언니 가 도미회를추천하엿는데 한친구가 회를 안먹는다고 하니가 도미밥정식으로 추천하셔서 너무 맛잇게 먹엇어요.홀언니가 너무 친절하셔서 그분의 명찰을 밧는데 전유미라는분이엿어요.덕분에 맛잇는정심먹어서 다음번에도 계속 찾아갈거같해요.^^,오류,오류
2021-06,"고기 맛있었어요 !!!
평양냉면은 처음인데 아무런 맛이 없더라구욥 ㅋㅋ
비빔이 그나마 괜찮았어용",긍정적,긍정적
2021-11,친절하세요,오류,오류
2021-09,첫번째 방문입니다,긍정적,긍정적
2021-06,"평소에 봉피양을 애정하는 사람으롰ㅓ.. 양재점은 첫 방문입니다만 맛은 훌륭한데 다른 지점에 비해 위생상태가 깜짝 놀랐네요... 컵에 립스틱 자국부터 고춧가루... 접시에 음식물찌꺼기... 깨끗이 닦이지 않은 식탁... 그래도 저녁타임이라 손님 많아서 정신 없는 와중에 친절하게 신경써주려고 하시는 모습은 감사했습니다.
손님들 다 있는 곳에서 직원에게 큰소리내는 모습은 조금 실망스럽네요. 더 나은 모습 기대할께요. 맛있는 저녁 감사했습니다 :)",부정적,부정적
2021-06,"영수증 인증을 하게 하네요.
점심시간을 피해 1시 넘어 도착, 손님은 거의 없습니다.
도미밥 정식 주문, 해물찌게에 도미 서더리가 들어있는데 겉만 익고 안은 날생선이네요. 직원에게 얘기하니 다시 끊여주겠다고 가져가서는 남아있는 국물만 끊여줍니다. 국물 소도해물찌게에 들어있는 가장 큰 건더기가 저 서더린데 최소한 서더리는 넣어서 끊여줘야 하지 않나요?
찌게 다시 끊이는 동안 맨밥에 반찬을 다 먹어 오이지, 고사리를 더 달라고 했습니다. 5분이 돼도 안주길래 물어보니 반찬을 하고 있답니다. 식당 들어갈때부터 허둥대고 있던 직원의 말이라서 그런지 믿어지지 않네요. 오이지같은 밑반찬을 만들고 있다는게...
봉피양 본점이라는데 이름이 아깝네요, 기본적인 대응도 안되는데 식당앞에 주인사진으로 배너는 왜 걸었는지.",오류,오류
2021-06,평양냉면이랑 개성만두 짱 맛있어요!,긍정적,긍정적
2021-06,정갈하고 맛있지만 가격은 좀 있어요~^^,긍정적,긍정적
2021-07,양곰탕 진짜 맛있었어요!!!!! 그런데 직원 분들이 불친절하셨습니다...,오류,오류
2021-03,"가격은 좀 사악하지만 친절하고 맛있어요. 회는 숙성이 잘 되어 고소하고, 고기도 잘 구워 주세요. 한 번 쯤은 먹어볼 만 해요",긍정적,긍정적
2021-05,"아들과 조용한 시간에 살짝...
점심특선했어요. 고기맛은 보증수표, 평양물냉면 육수 진합니다. 호박샐러드도 맛있었네요~^^",오류,오류
2021-06,맛있고 서비스 좋았습니당,긍정적,긍정적
2021-07,"폭우가 쏟아지는데도 너무 먹고 싶어서 갔어요 후회 안했습니다,, 평냉 육수 또 먹고 싶어요 ㅜ 그리고 정말 친절하세요",오류,오류
2021-07,맛있긴한데 예약이 힘듦,부정적,긍정적
2021-08,ㄲ,부정적,긍정적
2021-06,곰탕 너무 짜다,오류,오류
2021-01,"이모님들이 되게 친절하고 맛있게 구워주세요!
개인적으론 다른지점보다 더 맛있는듯.
이곳은 제주도에서 오는 숙성도미가 대표메뉴라고 하는데, 담에 세트메뉴 먹어보고 싶어요.
쌈이 없는건 쫌 아쉬워요.",긍정적,긍정적
2021-02,"봉피양은 방이점만 갔었는데 거긴 너무 북적되어서 어수선했는데
여긴 예약하고 가서 그런지 룸에서 편하게 먹었어요.
고기 구워주시는 분도 친절하시고.
본갈비는 맛남.
그런데... 냉면은 쫌...",긍정적,긍정적
2021-05,좋아요 굳 한적하다,오류,오류
2021-05,2층 12번 테이블에 앉음. 처음에 누가 썻던 음식이 닥지덕지 붙어있는 가위를 세팅해 주심. 그래서 다시 가져다 달라고 했더니 이번엔 박스 자르던 것으로 보이는 가위를 줌. 가위 손잡이에 테이프가 칭칭 감겨있었음. 황당해 하는데 갈비탕이 나옴. 근데 한우갈비탕에 같이 나오는 공기밥 뚜껑을 열었는데 누가 먹던거였음. 다른테이블에서 먹고남긴 공기밥을 다시 뚜껑닫고 우리한태 준거임. 다른 반찬도 재사용하는거 같은 의심이 됨. 여기 냉면하고 갈비탕 좋아해서 한달에 3번 이상은 오는데 이제 찝찝해서 못갈듯. 다들 여기서 식사할때 누가 먹던 공기밥 아닌지 꼭 확인해 보시길,부정적,부정적
2021-05,평양냉면에 만두 맛은 좋으나 약간 비싼느낌.,오류,오류
2021-08,굿굿,긍정적,긍정적
2021-05,평냉 너무 좋아요~,오류,오류
2021-04,맛은 있지만 회 전문도 아닌데 자꾸 서빙 직원들이 회를 권유하네요,부정적,부정적
2021-07,맛있음,긍정적,긍정적
2021-08,굿,오류,오류
2021-03,친절하고 음식이 정갈하고 맛있습니다.,긍정적,긍정적
2021-06,그냥,오류,오류
2021-03,평양냉면 생각날 때 가까워서 들러요♥,긍정적,긍정적
2021-02,"봉피양 좋아하고 맛있는데..
양재점은결제시 주문내역도 안 맞고 직원들이 너무산만해서 안정적인 식사가 이뤄지지않네요..

손님이 더 떠나가기전에 개선이 필요할듯하여 리뷰 남깁니다.",부정적,부정적
2022-01,조아요!!,오류,오류
2021-07,맛있어요,긍정적,긍정적
2021-02,맛있지만 좀 더 매장정리랑 위생에 더 신경써야 할 것 같아요 컵에 물 따르고 나서 봤더니 립스틱 자국이 그대로 남아있는 컵이더라구요...음식값만큼 매장 정리에 더 신경써야 할 듯요,오류,오류
2021-10,맛있어요,긍정적,긍정적
2021-03,주말에는 사람이 적어서 좋아요,긍정적,긍정적
2021-06,좋아요,오류,오류
2021-05,굿나,긍정적,긍정적
2021-03,"가격이 장난아니네요 맛보기냉면이 9천원~
맛은 있어요",오류,오류
2021-05,맛있어요,긍정적,긍정적
2022-01,맛있습니다,오류,오류
2021-04,비싼데 맛있어요.,긍정적,긍정적
2021-03,평양냉면 최고 !,긍정적,긍정적
2021-04,비싸지만 맛있네요,오류,오류
2021-03,평양냉면 맛있어요.,긍정적,긍정적
2021-06,친절하고 맛있어요 추천!,오류,오류
2021-01,비싸지만 맛은 보장하는집!,긍정적,긍정적
2021-01,"양은 부족하지만
맛잇느요",부정적,긍정적
2021-04,맛있어요,긍정적,긍정적
2021-02,가격만 비싸고 맛은 별로이네요ㅜㅜ,부정적,부정적
2021-03,잘먹었어요,오류,오류
2021-01,석쇠불고기 굿!,긍정적,긍정적
2021-04,친절해요,긍정적,긍정적
2021-01,친절하고 맛있습니다,오류,오류
2021-04,맛있어요,긍정적,긍정적
2021-04,친절해요,긍정적,긍정적
2021-04,친절해요,긍정적,긍정적
2021-04,맛있어요,오류,오류
2021-03,맛있어요,긍정적,긍정적
2021-01,맛이 너무없어요,오류,오류
2021-02,맛있어요!,긍정적,긍정적
2021-04,맛이ㅆ음,부정적,긍정적
2020-12,"봉피양은 음식맛도 좋았고 서비스도 좋았는데
발레파킹 정말 별로네요...",오류,오류
2021-01,친절합니다,긍정적,긍정적
2020-09,봉피양 가격을조금비싸지만 어딜가도 맛은최고예요,오류,오류
2020-12,맛이 없다.,부정적,부정적
2020-09,"봉피양
도미회 짱이어요... 🤭🤭👍👍
포장이 되는 곳이 있고 안 되는 곳이 있더라구요.
양재점은 포장도 됩니다!
한 입 먹으면 눈이 커져요 😮😮

#도미회 #양재봉피양 #평양냉면 #봉피양도미회",오류,오류
2020-08,생양념구이와 냉면 맛있어요^*^,긍정적,긍정적
2021-04,굿,긍정적,긍정적
2020-09,돼지갈비 맛있어요,긍정적,긍정적
2020-12,깔끔. 맛있고 친절^^,오류,오류
2020-08,평양냉면 맛있어요,긍정적,긍정적
2020-12,맛있습니다,긍정적,긍정적
2020-08,"8시 반인데 주문 마감이라고 어찌나 정신 없이 구는지. ㅡㅡ
다시 안올듯. 집앞인데.",부정적,긍정적
2020-08,냉몀은 맛있는데 이모님들이 너무 급해요.,오류,오류
2021-03,좋아요,긍정적,긍정적
2020-10,항상 맛있습니다,오류,오류
2020-09,여럿이 어울리기 좋아요,긍정적,긍정적
2020-10,좋아요,긍정적,긍정적
2021-04,첫평냉 굿,오류,오류
2020-07,"평양냉면과 양념갈비~
맛있어요^^",긍정적,긍정적
2020-07,갈비와 평양냉면 조합은 정말 최애예요~,오류,오류
2020-06,육수에서 나는 고기 향이 엄청 강해요!! 입문용으로 적합한 이유를 알겠어요!!,긍정적,긍정적
2020-07,평양냉면 맛있어요,긍정적,긍정적
2020-11,좋아요,오류,오류
2020-09,양곰탕 맛집,긍정적,긍정적
2020-05,제대로 먹었다 좋다,긍정적,긍정적
2020-05,평양냉면 육수 향이 강하고 면이 부드러워요. 맛있어요! :-),오류,오류
2021-02,조아요,긍정적,긍정적
2020-05,"냉면은 보통
발렛주차장 별로였어요. 발렛이 꼭 필요 있는지....",오류,오류
2019-11,갈비와 평양냉면을 동시에 먹을 수 있고 깔끔한 분위기가 넘 조아요!,긍정적,긍정적
2020-04,비싸지만 맛있음,긍정적,긍정적
2019-11,평양냉면(14000원) 생각보다 별로입니다. 주차료(3000원) 따로 받구요..17000원에 먹는다고 생각하니 비추하고 싶네요.,오류,오류
2019-10,좋은 서비스에 깔끔한 분위기에 가족 모임 기분 좋게 잘 했다는 🥳,긍정적,긍정적
2019-09,친절해요,오류,오류
