Date,Review,sentiment,Sentiment2
2024-10,"식사때를 놓쳐서 혼자식사하러갔는데
국수전문점이지만 오징어볶음밥 주문했는데
오징어도 실하고 맛있었어요
국물대신 나오는 국수도 너무 맛나요",긍정적,긍정적
2024-08,엄마손맛♡ 사장님이 아이 데리고 왔다고 다데기 넣은거 안넣은거 따로 주시고 양도 푸짐하게 주시고 아이도 예뻐해주셔서 감사했습니다^^ 넘 맛있게 잘 먹고 갑니다~~!!,긍정적,긍정적
2024-07,"여기도 회사 근처라 가끔 가는데
가성비 괜찮음^~^",긍정적,긍정적
2024-10,굿,긍정적,긍정적
2024-04,"양재에 이정도 음식 양에 가격이라니,, 놀랐습니다.. 보통 만원이상인데 말이에요
배 터지는 줄 알았습니다.. 국수양이 엄청 마나요
비빔국수 아니 사람 입맛돌게 합니다 이녀석.. 그리고 나름 식단을 챙기신다면 ‘두부국수’ 라는 녀석 추천합니다. 일단 멸치육수 베이스인데 크.. 진짜 그 국물의 깊이가.. 미칩니다. 같이 간 지인이 전날 술 옴총 마셨는데 그 국물로 해장했습니다 ㅋㅋㅋㅋ 담엔 다른 메뉴 먹으러 올라고용!! 벌써 단골분들이 몇분 계속 오시는거 같더라구여!! 아주머니도 너무 친근하시구 음식 만드실때 흥얼 노래 부르시는데 저까지 왠지 흥얼되게 되는 ㅎㅎㅎ 즐겁게 만들어주시니 맛도 더 있는 기분입니다😊🌸 봄날같은 음식점이었어요!!",긍정적,긍정적
2024-08,맛있는 국수 잘먹었어요,긍정적,긍정적
2024-07,잘 먹었습니다,긍정적,긍정적
2024-08,굿,긍정적,긍정적
2024-05,친절하고 맛있어요♡,긍정적,긍정적
2024-07,좋아요,긍정적,긍정적
2024-04,양 많이주시고 가성비 괜찮아요 굿굿,긍정적,긍정적
2024-07,좋아요,긍정적,긍정적
2024-04,직장근처이고 늘 맛있어서 자주 방문합니다!!^^,긍정적,긍정적
2023-11,"비빔국수 먹고 왔는데요..
사실은 김밥도 먹으려 했는데..
김밥은 매진이래요~
준비한 재료가 소진되면 땡이라고 합니당ㅎ
그만큼 맛집이라는 얘기겠쥬!",긍정적,긍정적
2024-02,건강한 맛!,긍정적,긍정적
2024-04,좋아요,긍정적,긍정적
2024-03,굿,긍정적,긍정적
2024-01,역쉬할매국시,긍정적,긍정적
2024-03,굿,긍정적,긍정적
2024-03,사장님 건강하세요~,긍정적,긍정적
2023-11,네이버 지도 검색하면 잔치국수 4천5백원인가 나오던데 실제는 6천5백원 그냥 평범한 맛이고 진한 멸치육수는 기대하지 마세요,부정적,부정적
2024-03,김밥 짱!,긍정적,긍정적
2022-06,양 많고 맛있어요~ㅎㅎ,긍정적,긍정적
2022-05,맛있어요,긍정적,긍정적
2022-05,맛나욤,긍정적,긍정적
2022-05,맛있어욤,긍정적,긍정적
2022-06,굿굿,긍정적,긍정적
2022-02,맛있어요,긍정적,긍정적
2022-02,굿,긍정적,긍정적
2021-11,친절하고 마싯ㅇㅓ요,긍정적,긍정적
2021-12,좋아요,긍정적,긍정적
2022-02,좋아요,긍정적,긍정적
2021-07,가성비 최고 맛도 있어요!!!,긍정적,긍정적
2021-08,감사합니다,긍정적,긍정적
2021-09,좋아요,긍정적,긍정적
2021-06,그냥 아침에 싼맛으로. 아저씨 서빙이 매우 느림.,부정적,부정적
2021-07,좋아요,긍정적,긍정적
2021-09,좋아요,긍정적,긍정적
2020-12,닭가슴살 비빔국수 제 입맛에 딱이네요,긍정적,긍정적
2021-08,좋아요,긍정적,긍정적
2020-11,국물이 죽입니다. 양도 많이 줍니다. 국물 리필해주십니다. 친절하십니다. 매일 가고싶습니다,긍정적,긍정적
2021-03,굿,긍정적,긍정적
2021-02,친절 양많음,긍정적,긍정적
2020-11,양도푸짐 맛도일품,긍정적,긍정적
2020-10,맛있어요~~👍👍👍,긍정적,긍정적
2020-09,"비빔국수에 왜 썰은단무지와 간장에절인 파만 덜렁 들어가는지 모르겠습니다
그러면 비주얼자체가 먹다담은거로 비빈거같애서 입맛떨어지거든요
양념은 괜찮은데 들어가는재료 다시한번생각해주세요 일반적인거로요
전에 멸치국수맛있게먹은기억에 오늘도 입맛없어서 들렀는데오늘은참씁쓸하네요............
괜히 속이 찝찝합니다",부정적,부정적
2021-02,좋아요,긍정적,긍정적
2020-06,"먹어도먹어도 안질리는 두부국수,,",긍정적,긍정적
2020-08,사장님 너무친절하고 국수맛있고 푸짐합니다,긍정적,긍정적
2020-05,너무 맛있어용,긍정적,긍정적
2020-07,맛좋고. 친절합니다,긍정적,긍정적
2020-11,국수맛집,긍정적,긍정적
2020-11,맛나요,긍정적,긍정적
2020-11,맛납니다,긍정적,긍정적
2020-04,♥,긍정적,긍정적
2019-11,엄청 빨리 주시고 양도 푸짐 맛도 좋아요,긍정적,긍정적
2019-03,질보다 양인 곳입니다,부정적,부정적
2019-12,좋습니다,긍정적,긍정적
