Date,Review,sentiment,Sentiment2
2024-11,"맥모닝이라는 알을 깨고, 더 넓은 세상에서 한 주의 시작을 하고 싶었습니다. 그래서 맥도날드 서초뱅뱅점이 아닌 다른 장소에서 아침을 맞이했죠. 다 좋았습니다. ‘강남’의 아침이 이런 것이구나! 느끼면서 좋은 경험을 한 것 같습니다. 그러다 문득 생각난 것이 있습니다.

월요일 아침의 조건!

제가 맥모닝을 먹는 이유는
1) 음식이 빨리 나와서
2) 가격 대비 성능이 훌륭해서
3) 적당히 배를 채울 수 있어서

였는데, 제가 잠시 위 3가지 조건을 잊고 있었나 봅니다.
그래서 돌아왔습니다. 언젠가 또 떠날 수는 있겠지만, 위의 조건이 계속되는 월요일 시작의 포문을 여는 건 맥도날드일 것 같습니다.",긍정적,긍정적
2024-10,"맥도날드 서초뱅뱅아, 너는 좋겠다.
누구나 눌러앉고 싶어하는 강남에 살아서.
매장도 넓고, 앞마당도 넓어서.
맛있는 맥머핀도 많고, 해쉬브라운도 많아서.
거기에 커피, 맥피즈 같은 음료도 있어서.
유동인구도 꽤 되어서 손님들이 많아서.
이미 유명한 로고와 징글이 있어서.
테이블 종류도 다양하고 키오스크도 넉넉해서.
거의 매주 찾아오는 이상한 단골도 있어서...




음, 이건 아니다.😅😅😅",긍정적,긍정적
2024-09,"여보, 안녕?

출근은 잘 했어요? 나는 맥도날드에 들려서 맥모닝 한 끼 하고 사무실 앞에서 이렇게 편지를 적어요. 일주일에 한 번 정도 맥도날드에 가게 해준 것 정말 고마워요. 나 정말 결혼 잘했어. 새벽에 차 안에서 내게 얘기했죠. 월요일 아침 맥도날드 먹어서 좋겠다고. 좋아요. 비록 햄버거같은 메뉴를 먹진 못해도. 탄산음료 대신에 커피만 주구장창 마셔도. 맥도날드에서 한 주의 각오를 다진다는 것만으로도 엄청난 기쁨이 되어주거든요. 특히 서초뱅뱅점같이 큰 매장의 바 테이블에 앉아서 보내는 시간은 정말이지. 고마워요. 한 주의 시작을 맥도날드에서 시작하는 것을 허락해줘서.^^",긍정적,긍정적
2024-10,"눈을 떠 보니 난 침대 위에 있었고, 아주 긴 꿈을 꿨어.
꿈이었지만, 너무 생생해서 현실 같았었던 것 같아.
그 꿈에서 나는 맥도날드 서초뱅뱅점에 있었고,
많은 머리카락을 잃었고,
풍선같은 배를 갖고 있었어.
혹시.. 이대로 맥도날드 서초뱅뱅점에 가지 않은채
다른 곳에서 식사한다면..
핸섬한 중년의 미래가.. 올 수도 있을까?

하지만 그건 싫어, 난 맥모닝을 선택했으니까
서초뱅뱅점이 좋으니까
키오스크에서 주문하고,
맥모닝을 먹으며 입이 즐거운 인생을 선택하고 싶어.
뭐라해도 내 마음이 그걸 원해.
설령 짧은 전성기일지라도 사랑하는 음식들과 함께 있는
미래를 선택하고 싶어.

해쉬브라운? 맥머핀? 드립커피? 기다려 주세요
지금, 먹으러 갑니다.",긍정적,긍정적
2024-10,새로나온 토마토치즈비프버거 굿굿굿,긍정적,긍정적
2024-09,"Jeremy형. 돌아와서 기뻐.
형이 있어야 진정한 McDonalds Tray가 완성되는데….
그동안 숙종이형이 형 대신에 센터도 서보고 고군분투했지만,
역시 외국인 포지션은 아무나 못하는 거였어.
맥도날드의 아이돌은 역시 Jeremy형, 현성이형, 태기형…. 이 구성이 제일 좋아.
물론 나는 맥모닝만 먹어서 형과의 접점은 없어.
하지만, 형이 Tray에 다시 돌아오니까 에그햄머핀이 2배는 더 맛있더라.
계란도 더 풍부한 것 같고 햄이 더 짭쪼름 했어.
이게 다 형이 있어서인것 같아.
언제 또 시트지가 바뀔지는 모르겠지만, 다시 만나서 반가웠어.
먼 곳에서 소 잘 키워. 잘 지내.",긍정적,긍정적
2024-10,"맥날에서 맥카페를 자주 이용하는 편입니다.
많이 먹으려고 라지 시킨건데
오늘 유난히 라지 컵에 다 안 담긴 느낌이라 받자마자 우유 좀만 더 채워달라고 말씀드렸어요. 그랬더니 기계로 나오는거라는 말만 남기고 쌩~ 할 일하러 가셨어요. 뭐죠..?
응대도 그렇고, 라지컵에 정량이 안 담기는데 그럼 기계 설정값이 잘못 되어 있는 걸까요? 여러므로 아쉽네요",부정적,부정적
2024-07,"카페인충전이 듬뿍 필요한 오늘 ;)
맥날 드립커피는 원래 좋아하구요.
아이스크림라떼 출시 됐길래 사봤어요 ㅎㅎ
바닐라아이스크림 올라가고 라떼는 커피가 살짝 더 진하면 좋을 것 같아용!

오후에 간식으로 해피-뉴1955스낵랩 포장해왔어요!",긍정적,긍정적
2024-11,간만에 쿼터파운드 치즈버거..굿,긍정적,긍정적
2024-11,"주말 아침 마다 맥모닝 먹으러 옵니다!!
다른 지점보다 여기가 제일 맛있어요👍👍👍",긍정적,긍정적
2024-11,혼밥하기 좋은 시간과 장소입니다. 약간 아재들이 많긴합니다,긍정적,긍정적
2024-07,"“진주고추크림치즈머핀님? 이름이 참 기네요? 어떻게 저희 회사에 지원하게 되셨어요?”
“타 업체들은 기본적으로 핫*리더블이나 스*쳐같이 매운맛이 하나씩은 있는데, 맥도날드는 없는 것 같아서 지원했습니다.”
“사실 저희는 어린 연령층들을 타깃으로 해서 그들이 다 자라서 노인이 될 때까지 잡아놓는 것이 영업목적이라 너무 매우면 안돼요. 자신 있습니까?”
“어린 아이들까지 좋아할 수 있게 크림치즈를 탑재했습니다.”
“본인만의 강점이 있다면요?”
“일단 지역 이름이긴 하지만, ‘진주’하면 ‘Pearl’이 생각나는 럭셔리한 네이밍, 단짠을 넘어선 맵고소까지 섭렵한 맛, 우리 농산물을 살리고픈 마음까지 갖고 있습니다.”
그렇게 맥도날드는 이름 긴 친구를 하나 더 추가했다고 한다.",긍정적,긍정적
2024-09,"오랜만에 팬케이크 땡겨서 들렀어요!
오랜만이라 더 맛있었다능!
메이플시럽도 넉넉하구 커피랑 아침으로 너무 좋아요!^^",긍정적,긍정적
2024-10,직원분들 정말 친절하시고 요구사항들도 다 잘 들어주셨어요! 감사드립니다~,긍정적,긍정적
2024-08,"대략 15년전 오픈때 알바 했었던 서초뱅뱅점!
오랜만에 오니 추억돋는구만~ㅋㅋㅋ
평소 진도대파크림치즈버거를 맛있게 먹어서..
진도대파크림크로켓머핀 궁금해서 먹어보러 왔는데..
주말쿠폰으로 스낵랩에 커피 한잔더 주는게 있어서 아아 과음함!ㅋㅋㅋ
머핀은 음..나쁘진 않았지만..고기패티가 없어 좀 허전하달까?
가격 좀 더 받더라도 작은 패티하나 더 있었음 좋았을 것 같지만..
간단히 먹기에는 괜찮았고 맛도 좋았다!",긍정적,긍정적
2024-09,"제가 가본 맥도날드중 젤 친절한 서초뱅뱅사거리 점

아침인데 사람 엄청 많아요.",긍정적,긍정적
2024-10,맥도날드 로고가 크게 있어요. 키오스크가 여러개 있어서 편합니다,긍정적,긍정적
2024-10,매장이 넓어서 좋아요..맥치킨버거 너무 맛있어요..,긍정적,긍정적
2024-10,불고기버거는 언제 먹어도 짱맛,긍정적,긍정적
2024-06,"월요병 환자입니다.
2010년대부터 월요병을 앓고 있는 것으로 진단받았고, 치료식으로 월요일 아침은 맥모닝 세트로 먹고 있습니다. 맥모닝 덕분에 월요일 아침에도 나쁘지 않은 텐션으로 시작하게 되었는데, 지난 주 타운보드에 뜬 한 줄 뉴스는 제게 걱정을 주었습니다.

‘맥도날드 감자튀김 일시 공급중단’

맥모닝세트의 해시브라운도 감자튀김의 한 종류이기에 해시브라운이 없는 불완전한 맥모닝 세트를 먹을까 불안했습니다. 키오스크 화면 속에 ‘세트’가 건재함을 확인 한 순간, 안도감이 파도처럼 밀려왔습니다. 그리고 두 눈으로 해시브라운의 존재감을 확인 한 순간, 보는 것 만으로도 월요병이 치료되는 기분이었습니다.
빨리 감자 수급이 안정화되어 ‘감튀결핍증’, ‘맥날의존증’ 에 걸리신 분들께도 희망이 왔으면 좋겠습니다.",긍정적,긍정적
2024-10,후렌치후라이가 방금 나와서 맛있네요..,긍정적,긍정적
2024-10,맥도날드 JMT 진짜빨리나와용,긍정적,긍정적
2024-09,"맥도날드 맥모닝세트 가성비도 좋고 메뉴구성도 좋아요!
베이컨 토마토 에그 머핀은 든든하고, 코울슬로 그리고 드립커피랑 같이 먹으니 더 맛있었어요~^^",긍정적,긍정적
2024-08,"아점으로 먹으려고 베이컨에그맥머핀 콤보&드립커피(M) 포장해왔어요.
드립커피 행사중이여서 넘 좋아요 ㅋㅋ",긍정적,긍정적
2024-10,갓 튀긴건지 정말 맛있었어요ㅋㅋㅋ,긍정적,긍정적
2024-09,맛은 맥도날드맛인데 다른지점보다 더 맛있는 것 같고 매장 크고 넓어서 좋아요! 직원분들도 친절하십니다,긍정적,긍정적
2024-10,맥도날드 사랑합니다!,긍정적,긍정적
2024-10,"마시떠용
아침에 먹기에 굿~
해시브라운 디집어집니다",긍정적,긍정적
2024-10,애플파이의 계절이에요. 1.5천원의 행복,긍정적,긍정적
2024-11,맥도날드서초뱅뱅점 좋아요 추천!,긍정적,긍정적
2024-10,맥도날드는 사랑입니다.,긍정적,긍정적
2024-09,간단히 맥너겟먹고 휴식. 기다리다가 충전도 가능함이 좋아요,긍정적,긍정적
2024-11,맥도날드서초뱅뱅점 좋아요 추천!,긍정적,긍정적
2024-11,맥도날드서초뱅뱅점 좋아요 추천!,긍정적,긍정적
2024-10,맥도날드 최고 !,긍정적,긍정적
2024-11,햄버거는 맥이죠^^,긍정적,긍정적
2024-10,맥도날드서초뱅뱅점 좋아요 추천!,긍정적,긍정적
2024-08,"천원의 행복♡
해피스넥 아주 훌륭합니다:)",긍정적,긍정적
2024-08,아이스라떼L 테이크아웃 했어요 :),긍정적,긍정적
2024-07,"오랜만에 먹는 오레오 맥플러리 너무 맛났어요!

여기에 감튀 🍟🍟 크

버거는 새벽이라서 그런지 차갑고 맛도 조금 아쉬웠어요!",긍정적,긍정적
2024-10,맥도날드서초뱅뱅점 좋아요 추천!,긍정적,긍정적
2024-09,신메뉴 맛있어용!!!!^^,긍정적,긍정적
2024-10,오랜만에 갔는데 대파버거는 아예 없고 광고는 왜 한거야 생수도 키오스크엔 없고 관리 언됨 좀 어수선하고 배달이 만타보니 머랄까 다시 가고 싶지 안응 느낌,부정적,부정적
2024-11,좋아요,긍정적,긍정적
2024-06,맥도날드 감튀와 베토디가 생각나 점심으로 방문🤩 역시 매장에서 먹는 감튀가 최고 🙌🏻🥹눈물나게 맛있어서 ㅋㅋ 또 올 것 같아요. 맥도날드의 비프버거로 단연 베스트 베토디는 저의 최애버거🩷콜라말고도 환타 (파인맛이면 더 좋았으련만..)추천해봅니다 ㅎ,긍정적,긍정적
2024-09,아침의 여유 ㅎㅎ 맥모닝 :),긍정적,긍정적
2024-09,봉투포장지가 바뀌었네요. 자주 포장 할 듯..,긍정적,긍정적
2024-10,맥도날드서초뱅뱅점 좋아요 추천!,긍정적,긍정적
2024-10,올때마다 항상 사람이 많은 곳🥲,부정적,긍정적
2024-10,맥도날드서초뱅뱅점 좋아요 추천!,긍정적,긍정적
2024-10,맥도날드서초뱅뱅점 좋아요 추천!,긍정적,긍정적
2024-11,좋아요,긍정적,긍정적
2024-10,맥도날드서초뱅뱅점 좋아요 추천!,긍정적,긍정적
2024-10,24시간 매장이라 이용하기 좋아요,긍정적,긍정적
2024-11,굿,긍정적,긍정적
2024-09,저녁으로 BTD세트 먹었어요!,긍정적,긍정적
2024-10,맥도날드서초뱅뱅점 좋아요 추천!,긍정적,긍정적
2024-10,감튀 갓 튀겨서 맛있어요,긍정적,긍정적
2024-09,맥도날드서초뱅뱅점 좋아요 추천!,긍정적,긍정적
2024-11,맛있어요,긍정적,긍정적
2024-08,간식으로 ‘베이컨 에그 맥머핀’ 테이크아웃 했습니다.,긍정적,긍정적
2024-09,맥도날드서초뱅뱅점 좋아요 추천!,긍정적,긍정적
2024-09,맥도날드서초뱅뱅점 좋아요 추천!,긍정적,긍정적
2024-07,음식 빨리 나오고 바쁜 매장인데도 늘 친절하세요! 🫶,긍정적,긍정적
2024-09,맥도날드서초뱅뱅점 좋아요 추천!,긍정적,긍정적
2024-08,간식으로 먹으려고 해피-뉴1955스낵랩+오레오 맥플러리 포장해왔어요.,긍정적,긍정적
2024-10,아이스크림콘 진짜 맛있어요 ㅠㅠㅠㅠㅠㅠㅠㅠㅠㅠㅠㅠㅠㅠㅠㅠㅠㅠㅠ 중독적인맛...💕,긍정적,긍정적
2024-07,"- 베리 스트로베리 맥플러리
주말 아침을 아이스크림으로 시작해서 좋아요😃",긍정적,긍정적
2024-09,맥도날드서초뱅뱅점 좋아요 추천!,긍정적,긍정적
2024-08,늘 쾌적한 환경을 제공해 주셔서 감사드립니다.,긍정적,긍정적
2024-07,"해피-아이스커피L 테이크아웃했어요!
가성비도 맛도 짱👍🏽",긍정적,긍정적
2024-07,"좋은 시긴과 공간 속에
행복과 건강을 찾을수 있어
참 좋았습니다! ㅎㅎ

짱!!!",긍정적,긍정적
2024-10,맛있게 잘 먹었습니다.,긍정적,긍정적
2024-09,햄버거 맛있음,긍정적,긍정적
2024-10,애플파이 굿!,긍정적,긍정적
2024-11,굿,긍정적,긍정적
2024-08,24시간이지만 매장도 넓고 직원분들도 항상 친절하셔서 좋아요!,긍정적,긍정적
2024-08,"매장 넓고 여유로와 편하게 쉴수있어요
신메뉴도 잘 보이게 되어있어요",긍정적,긍정적
2024-10,매장도크고 키오스크도 넉넉히 있어서 이용하기좋아요,긍정적,긍정적
2024-07,간식으로 먹으려고 해피 뉴1955스낵랩+바닐라쉐이크 포장해왔습니다 :),긍정적,긍정적
2024-08,치즈버거세트 맛있게 먹었어요.,긍정적,긍정적
2024-05,매징이 넓고 좌석이 많아요 친구 기다리기 좋아요 혼밥하기도 좋고요 그냥 간단한 회의도 괜찮을것 같아요,긍정적,긍정적
2024-07,팬케이크도 매장식사에는 다회용기를 제공하는 것이 좋아요,긍정적,긍정적
2024-10,맥런치 좋아요♡,긍정적,긍정적
2024-07,아침10시쯤 손님 꽉찼는데도 조금 더워서~시원하게 핫케이크 먹으러 왔는데~ 조금 더워서 다음에 포장해서 집에서 먹어야겠어요,부정적,긍정적
2024-07,"넓고 쾌적해요. 단, 노인들이 자리를 너무 많이 차지",긍정적,긍정적
2024-10,굿굿굿,긍정적,긍정적
2024-11,짱짠,긍정적,긍정적
2024-09,좋아요,긍정적,긍정적
2024-11,간만에 아이스크림먹고갑니다 :),긍정적,긍정적
2024-10,굿,긍정적,긍정적
2024-08,초코 선데 아이스크림 ♡,긍정적,긍정적
2024-07,아메 맛집👍🏻,긍정적,긍정적
2024-08,"저녁 11시에도 사람이 많은 강남 맥날
점심시간인줄 알았다",부정적,부정적
2024-07,"보통 트레이 회수하는곳에 직원이 정리 하고 있으면 대부분 ""저 주세요, 제가 버려드릴께요"" 하면서 받아주시는데 남자 직원 그냥 쌩까버리네요. 옆에서 버리고 있는데 뻘쭘 ㅠㅜ 짜증에 화난 얼굴하면 손님이 불쾌하답니다.",부정적,부정적
2024-10,굿,긍정적,긍정적
2024-09,굿,긍정적,긍정적
2024-09,2100원짜리 바닐라선데시켰는데 아이스크림 퍼주는 사람이 환경보호하려는지 컵 가장자리에 아이스크림 딱붙여서 엄청조금줬어요 중간도 비어있고 기본 콘보다 양적은듯... 여기서 아이스크림 먹지마세요 정량절대안지켜줌,부정적,부정적
2024-07,"자두칠러 나와서 먹엇어용
항상 맛남",긍정적,긍정적
2024-03,"수신. 맥도날드 양재점
안녕하세요? 매주 월요일 아침마다 맥모닝 먹고 이상한 리뷰를 쓰던 사람입니다. 2주째 글이 없어서 걱정되실 까봐 서초뱅뱅점에서 이렇게 서간문을 보냅니다. 저는 잘 살아있습니다. 양재점이 아닌 곳에서 루틴을 이어가는 것에 죄송합니다. 제가 이곳을 택한 이유가 몇 가지 있습니다. 첫째는 출근 동선이 더 잘 맞기 때문입니다. 출근 차편을 바꾼 이후로 서초뱅뱅점이 더 가까워졌습니다. 둘째는 더 넓은 맥도날드를 경험해보고 싶었습니다. 제가 언제 출세해서 강남 땅에 이렇게 넓은 맥도날드 매장을 들리겠습니까? 셋째는 혼밥에 부담이 더 적습니다. 한 쪽 유리창에 놓인 바 테이블이 저 같은 혼밥족들을 편안하게 해줍니다. 부디 넓게 이해해주시고 기쁨으로 다시 만날 날을 고대합니다.
탈퇴한가입자 드림",긍정적,긍정적
2024-10,굳,긍정적,긍정적
2024-06,"새로나온 상하이스파이시 버거 먹었는디 쌀가루라그런지 좀더 바삭한거 같기두?
큰차이는 모르겠지만 상하이는 항상 옳다!ㅋ",긍정적,긍정적
2024-09,좋아요,긍정적,긍정적
2024-09,딸기아이스크림 마싯는데 맥날주제 왜캐 비쌈 ㅋ이쒸,부정적,부정적
2024-10,굿굿굿,긍정적,긍정적
2024-06,"가성비 좋은 디저트가 가득한 맥도날드
위치도 정거장 주변이라 이용하기 좋아요👍",긍정적,긍정적
2024-04,"■ 양재역과 강남역을 끼고 있는 🚄 더블역세권!
■ 프라이머리 가사에도 나오는 👖 뱅뱅사거리 지역 위치!
■ ⛲️ 광장을 연상시키는 넓은 진입로와 매장!
■ 5대의 키오스크로 동시 주문 가능!
■ 촘촘히 배치된 의자들로 옆사람 🎼 오디오 청취 가능!
■ 🛋 원형 소파 등 다양한 가구의 배치로 핫플 너낌!
■ 타 매장에서는 할 수 없는 픽업대까지 런웨이 워킹!
■ 트레이 위로 🍔 음식에 가려진 사람들이 나타나면서 🤪 까꿍놀이 가능!
■ 👩‍🦱 어머님 연령대 크루분의 응대에 🛖 집밥 감성 가능!
■ 호텔의 오션뷰와 씨티뷰 선택처럼
🚙 강남대로 뷰와 🏍 바이크 뷰 중 선택 가능!
■ 이상한 리뷰를 써도 시크하게 넘어가 줌!
■ 외국인이 옆에 앉으면 얼굴에 열이 오르는 체험 가능!",긍정적,긍정적
2024-07,맥도날드 서초점 맛있네요,긍정적,긍정적
2024-09,상하이치킨랩이더맛잇네!!!,긍정적,긍정적
2024-08,자주 이용중입니다 ^^,긍정적,긍정적
2024-06,언제나 편하고 좋은 매장!,긍정적,긍정적
2024-07,너무 사람이 많았지만 아이스크림은 주문하고 10분만에 받았습니다!!! 점심에 맨날 와서 먹고 싶어요 그치만 자리가 없어요 ㅜㅠ,긍정적,긍정적
2024-09,ㅎ,부정적,긍정적
2024-06,"뱅뱅사거리의 최애공간♡
넓고 아기자기하고 다함! :)",긍정적,긍정적
2024-07,"가성비가 좋은 메뉴가 많고
맛이 보장되어 좋아요 🤭",긍정적,긍정적
2024-08,맛있게 잘 먹었습니다:),긍정적,긍정적
2024-09,굿,긍정적,긍정적
2024-09,베리굿,긍정적,긍정적
2024-09,베리굿,긍정적,긍정적
2024-07,주차장을 달라!,부정적,부정적
2024-07,자주 이용합니다!,긍정적,긍정적
2024-09,베리굿,긍정적,긍정적
2024-08,맛있어요~!,긍정적,긍정적
2024-04,"생기없고 의욕없는 월요일 아침.
시작부터 가득 차는 원인 모를 빡침.
사로잡혀 풀이 죽어 있을 때마침.
눈에 차는 맥도날드 차오르는 군침.

안왔다면 분명 나는 계속 의기소침.
시간조차 얼어붙어 버린 분침 초침.
힘들 때는 맥날가라 어르신 가르침.
그 말대로 맥날가면 나는 새로고침.",부정적,부정적
2024-08,매장도 넓고 깔끔해요!,긍정적,긍정적
2024-05,"좋아요
모닝세트도 굿
친절해요",긍정적,긍정적
2024-08,좋아요,긍정적,긍정적
2024-10,좋아요,긍정적,긍정적
2024-07,매장이 넓어서 좋아요,긍정적,긍정적
2024-08,매장이 쾌적해여,긍정적,긍정적
2024-09,친절해요,긍정적,긍정적
2024-10,디저트는 빨리 나와용 !,긍정적,긍정적
2024-05,"새벽에 가끔 막 나온 감튀 먹으면서 집 가는데 그때 느낌이 좋더라구요, 나중에 생각날 것 같아요 🍟",긍정적,긍정적
2024-06,감튀 x 아이스크림 땡겨서 다녀왔어요!,긍정적,긍정적
2024-07,진주 고추 크림치즈 버거인데 기대를 너무 많이했는지 실망이커요ㅠ,부정적,부정적
2024-09,편해요~~~,긍정적,긍정적
2024-07,쿠폰으로 50%할인 굿 👍 😎 😍,긍정적,긍정적
2024-06,칠러 맛있어요,긍정적,긍정적
2024-08,베리굿,긍정적,긍정적
2024-04,"맥날 감튀가 자주 땡겨요 ㅎㅎㅎ
새벽 4시 이후엔 감튀가 없어서 대신 해쉬브라운 주문했는데 바삭하니 맛나요",긍정적,긍정적
2024-08,굿,긍정적,긍정적
2024-03,"1. 이제야 처음으로 테이블오더 이용해봤는데 (가져가준다고 오래걸릴까봐) 매우 편리함
2. 커피종류다양(디카페 바닐라라테 주문)
3. 키오스크에서 카카오페이 주문 가능
4. 점바점(낮고 넓은 건물/미국스타일)",긍정적,긍정적
2024-09,맛있어요,긍정적,긍정적
2024-06,항상 사람이 많지만 맛잇어요,긍정적,긍정적
2024-09,굿,긍정적,긍정적
2024-08,맛있어요,긍정적,긍정적
2024-08,긋,부정적,긍정적
2024-10,굿,긍정적,긍정적
2024-05,맥날 감튀랑 맥너겟 생각날 때가 있어요 ㅎㅎㅎ 새벽 귀가 전에 들러서 포장했습니다!!,긍정적,긍정적
2024-07,맛있어요,긍정적,긍정적
2024-08,맛나요,긍정적,긍정적
2024-08,베리베리 굿,긍정적,긍정적
2024-07,언제나 맛있는 맥도날듯,긍정적,긍정적
2024-09,맛있어요,긍정적,긍정적
2024-06,맥도날드서초뱅뱅점 좋아요 추천!,긍정적,긍정적
2024-03,"🐶 아, 뭣이여? 왜 일루 왔어.
🐱 그렇게 됐어. 차 편이 그렇게 돼아스.
🐶 그나저나 매장이 넓직하니까 좋지?
🐱 그런 말 말어. 콤보 가지러 가는데 도가니 다 나가는 줄 알았어.
🐶 그래도 혼자 앉을 수 있는 바 테이블이 있어서 좋잖어? 창 밖도 보고 말이여.
🐱 그런 말 말어. 아까도 눈 마주쳤어. 쇼윈도 밖으로 사람 하나가 곁눈질 하며 지나가는데, 싸움날 뻔 했잖여.
🐶 먹을까 말까 고민하다 지나가니까 곁눈질 한 거 아녀. 뭐 그런 일로 성을 낸다그래.
🐱 맛은 어떤 것 같여?
🐶 빵은 다 똑같지. 뭐~ 그런 걸 물어보고 그랴. 근데 🤔
확실히 강남 물로 커피를 내리니까 강남 물맛이 나는 것 같여. 양재는 물 맛이 아무리 좋아도 양ㅈ...🫢
🐱 큰일 날 소릴 혀. 얼른 두 곳 다 맛있었다혀!",긍정적,긍정적
2024-06,미니키링 졸귀,긍정적,긍정적
2024-04,"신상 춘식이고구마튀김♡
목맥히니까 콜라는 필수에요..
먼가 찍어먹을 수 있는 소스를 따로 팔면 좋을거 같아요... !",긍정적,긍정적
2024-05,"햄버거 자꾸 생각나요
매장이 넓어서 단체도 좋고 혼밥도 좋아요
키오스크가 여러대라 주문도 편리합니다",긍정적,긍정적
2024-06,좋아요 😀 신속하게 먹기 굿,긍정적,긍정적
2024-04,쉐이크보단 스무디같고 단맛이 강해요 덜 달았음 좋겠어요ㅠ,부정적,긍정적
2024-09,맛나여,긍정적,긍정적
2024-09,굿굿,긍정적,긍정적
2024-03,넓직허니 깨끗하고 좋네요. 오다가다 들르기 위치도 좋고요.,긍정적,긍정적
2024-03,"맥도날드 새로운 메뉴 먹었네요…
특히, 매장에서 앉은 자리로 음식서빙해주시는 서비스 참 좋네요. 서서 기다리지않아서 음식이 더 금방 나오는거 같아요.",긍정적,긍정적
2024-09,편해요~~~~,긍정적,긍정적
2024-06,맥도날드가 맥도날드,부정적,부정적
2024-05,넓어서 좋아요,긍정적,긍정적
2024-07,쉐이크와 맥윙은 최고,긍정적,긍정적
2024-07,감자튀김 언제 오나요^^,긍정적,긍정적
2024-03,"슈비버거!! 오랜만에 먹어도 맛있네요!
양상추도 많이 넣어주시구 서초뱅뱅점 최고에요!",긍정적,긍정적
2024-08,좋아요,긍정적,긍정적
2024-08,좋아요!!,긍정적,긍정적
2024-04,사람 몰리는 거에 비해 음식은 빨리 나오는 것 같아요,긍정적,긍정적
2024-04,맥그리들 제발 없어지지마ㅜ,긍정적,긍정적
2024-07,👍👍,긍정적,긍정적
2024-05,머물다 가기 좋습니다.,긍정적,긍정적
2024-06,아이스크림 맛있어요,긍정적,긍정적
2024-05,가져다 주시는 서비스 편리합니다,긍정적,긍정적
2024-05,가성비가 좋아요,긍정적,긍정적
2024-04,친절하고 맛있어요~!,긍정적,긍정적
2024-08,매장이넓어요,긍정적,긍정적
2024-06,감자튀김이 없다고 하네요,부정적,긍정적
2024-06,오랜만에,긍정적,긍정적
2024-08,편해요~~~~,긍정적,긍정적
2024-05,스트로베리콘 너무 좋아요💕,긍정적,긍정적
2024-01,슈림프 스낵랩 저번에 왔을땐 아마 매진되서 없었던 것 같은데 오늘 먹었어요 개인적으로 젤 좋아하는 메뉴라서 시즌판매말고 고정됐으면 좋겠네요 ㅜㅜ,긍정적,긍정적
2024-04,새벽에 가면 유난히 따뜻한 분위기에요!,긍정적,긍정적
2024-06,맥도날드는 사랑입니다,긍정적,긍정적
2024-07,베리베리 굿,긍정적,긍정적
2024-03,"키오스크주문후, 음식이 빨리 나와요…",긍정적,긍정적
2024-05,감자가 늘 바삭해요!,긍정적,긍정적
2024-06,맛있어요 :),긍정적,긍정적
2024-02,"점심으로
맥날 신메뉴 쿼파치B베이컨을 먹어봤다🍔🍟🥤",긍정적,긍정적
2024-09,얌,긍정적,긍정적
2024-09,두번째방문인데 24시라서 좋아욤 ㅎㅎ 내년에도 근처에서 숙박하면 갈 생각입니당!,긍정적,긍정적
2024-04,늘 이용하기 편한 맥날 👍 👍 👍,긍정적,긍정적
2024-05,상하이 맛잇고 1955맛있어용,긍정적,긍정적
2024-07,굿,긍정적,긍정적
2024-06,분위기 좋아요,긍정적,긍정적
2024-04,맥플 먹엌ㅅ는데 딸기는 양 엄청많고 초코는 다 녹아있었다..,부정적,긍정적
2024-05,늦게까지 영업해서 좋아요..,긍정적,긍정적
2024-05,아이스크림 이 맛있어요,긍정적,긍정적
2024-05,"시도때도없이 청소를해서 먼지 엄청날립니다.
점장이 문제인지 매니저가문제인지 손님바글바글하고 식사중인데 걸레질엄청해댐",부정적,부정적
2024-07,맛있어요,긍정적,긍정적
2024-06,이제는 추억,긍정적,긍정적
2024-05,열라마싯네여 감튀 감튀는 맥날 반박시 맥날,부정적,긍정적
2024-04,언제나 좋음 직원들 대박 친절함,긍정적,긍정적
2024-02,쿠폰이 있어서 방문..다른메뉴로 주문..매장이 넓고 버거가 빨리 나와서 좋음. 여기 직원분들 특히 매니저님 너무 친절합니다.,긍정적,긍정적
2024-01,"늦은 점심먹기
불고기버거세트+치즈스틱",긍정적,긍정적
2024-04,햄버거 먹으러 왔어요,긍정적,긍정적
2024-04,또 출근 맥모닝 최고,긍정적,긍정적
2024-07,👍,긍정적,긍정적
2024-07,좋아요,긍정적,긍정적
2024-03,맥도날드 빅맥은 가끔씩 먹어줘야 해요 ^--^,긍정적,긍정적
2024-06,좋아요,긍정적,긍정적
2024-07,굿,긍정적,긍정적
2024-06,햄버거 맛있어요,긍정적,긍정적
2024-07,굿,긍정적,긍정적
2024-08,굿,긍정적,긍정적
2024-06,좋아요,긍정적,긍정적
2024-06,굿,긍정적,긍정적
2024-02,"아침에
슈림프스낵랩 + 토마토 치킨 스낵랩 + 드립커피 먹으면서 요기했습니다.",긍정적,긍정적
2024-06,좋아융~,긍정적,긍정적
2024-02,슈비버거 은근히 맛있네요,긍정적,긍정적
2024-06,햄버거 맛있어요,긍정적,긍정적
2024-07,굿,긍정적,긍정적
2024-08,쾌적한 매장,긍정적,긍정적
2024-07,맛나요,긍정적,긍정적
2024-06,굿,긍정적,긍정적
2024-05,맥플러리/딸기 아이스크림 맛있어요!,긍정적,긍정적
2024-03,크리스피 디럭스 맛있었어요. 맥날 라떼도 생각보다 괜찮아요 :),긍정적,긍정적
2024-04,알라뷰 맥모닝,긍정적,긍정적
2024-04,매장 넓고 좋아요~,긍정적,긍정적
2024-05,최애맥도널드집,긍정적,긍정적
2024-03,앉을자리가 많고 음식이 빨리 나옵니다.,긍정적,긍정적
2024-04,매장이 넓어서 좋고 바쁜데도 음식이 금방 금방 나와요!! 따뜻할 때 먹는 감자튀김 최고👍🏻,긍정적,긍정적
2024-04,혼밥하기 딱 좋아요! 앱 다운받아서 쿠폰 사용하면 싸게 먹을 수 있기도 하구요. 햄버거 중에는 맥도날드 제일 좋아해요,긍정적,긍정적
2024-09,냠냠굿,긍정적,긍정적
2024-02,"월요일 오후 4시쯤인데도 매장에 사람들이 꽤 있었어요. 남녀노소, 혼자 혹은 여럿이 식사하는 모습을 보니 기분이 좋았어요 🥰",긍정적,긍정적
2024-04,"항상 잘 이용하고 있어요, 새로운 메뉴 나왔길래 먹어봤네요ㅋㅋ 좋아요",긍정적,긍정적
2024-07,굳,긍정적,긍정적
2024-06,굿,긍정적,긍정적
2024-04,맛있어요!! 가성비 굿굿!!!,긍정적,긍정적
2024-04,점심에 진짜 사람 많아요,부정적,긍정적
2024-03,"매장이
넓어서 좋아요",긍정적,긍정적
2024-06,편해요~~~~,긍정적,긍정적
2024-02,지금 파우치 키링 세트 오천원 너무 귀여워요!!!!,긍정적,긍정적
2024-02,맥그리들 먹고 싶어서 방문ㅎ 맛있어요! 가격이 좀 더 내려갔으면ㅠ,긍정적,긍정적
2024-06,편해요,긍정적,긍정적
2024-02,"종종 포장하는곳
속도가 빠르고 심야에도 이용가능",긍정적,긍정적
2024-03,토마토크러스트 신제품 맛있어,긍정적,긍정적
2024-04,주말에 아침 먹으러 가끔 들려요,긍정적,긍정적
2024-06,맛점,긍정적,긍정적
2024-06,굿,긍정적,긍정적
2024-02,깨끗하고 넓은 매장 카페같은 맥도널드입니다.,긍정적,긍정적
2024-06,좋어요,긍정적,긍정적
2024-05,베리굿,긍정적,긍정적
2024-06,매장이 넓어요,긍정적,긍정적
2024-05,매장이 넓어 혼자 먹기에 눈치가 보이지 않아서 좋았어요.,긍정적,긍정적
2024-06,굿,긍정적,긍정적
2024-05,혼자 먹기에도 좋고 빠르고 친절해요,긍정적,긍정적
2024-06,좋아요,긍정적,긍정적
2024-05,베리 친절,긍정적,긍정적
2024-03,디카페인 커퓌,긍정적,긍정적
2024-06,편해요~~~~,긍정적,긍정적
2024-02,햄버거 맛있어요 념ㄴ,긍정적,긍정적
2024-02,맛있어요 얌냠냠냠 나도,긍정적,긍정적
2024-04,좋아요,긍정적,긍정적
2024-05,맛나요,긍정적,긍정적
2024-04,쏘굿,긍정적,긍정적
2024-06,좋아요,긍정적,긍정적
2024-04,ㅎ,부정적,긍정적
2024-04,굿,긍정적,긍정적
2024-04,베리굿,긍정적,긍정적
2024-05,좋아요,긍정적,긍정적
2024-01,햄버거 맛있어요..커피도 굿..,긍정적,긍정적
2024-02,감자튀김 맛있어요!!,긍정적,긍정적
2024-05,조아요,긍정적,긍정적
2023-12,크리스마스에 커피한잔의 힐링~,긍정적,긍정적
2024-02,매장 넓고 좋아요,긍정적,긍정적
2024-07,굳,긍정적,긍정적
2024-02,혼자 구상하기 딱 맥모닝과,긍정적,긍정적
2024-02,파우치 키링 다 떨어졌어요 ㅠ,부정적,부정적
2024-01,"베이컨에그맥머핀 구매
줄이없네요",부정적,긍정적
2024-03,맥플러리~~~🖤🤍,긍정적,긍정적
2023-12,친구들이랑 파티하는데 간편하고 빠르게 사갈수있고 늦게까지 해서 너무너무 좋아요-!,긍정적,긍정적
2023-10,"런치세트
베토디셋트+드립커피

든든한 점심에 카페인충전까지 완료!",긍정적,긍정적
2024-02,비싸지만 맛있어요.,긍정적,긍정적
2024-05,^^,긍정적,긍정적
2024-01,"감튀 사서 먹으면서 집에 오는 거 좋아해용 ㅎㅎㅎ
🍟🍟🍟",긍정적,긍정적
2024-02,쏘굿이요 맥모닝!!,긍정적,긍정적
2024-08,좋아요,긍정적,긍정적
2024-05,편해요~~~~~~~,긍정적,긍정적
2024-05,맛있게 잘 먹었어요,긍정적,긍정적
2024-04,굳,긍정적,긍정적
2024-11,빨리나와요~~,긍정적,긍정적
2024-07,굳,긍정적,긍정적
2024-06,굳,긍정적,긍정적
2024-04,굿,긍정적,긍정적
2024-01,항상 친절하시고 넘 맛이써요!!!!,긍정적,긍정적
2024-03,맥모닝 최고 👍,긍정적,긍정적
2024-02,새로 나와서 먹어봤어요,긍정적,긍정적
2023-12,"역시 상하이~
늦은시간에도 사람많아서 아주 활기찹니다.
넓지만 관리도 엄청 잘되는 매장이에요!",긍정적,긍정적
2024-02,잘 이용 했어요~ 늦게까지 해서 좋아요,긍정적,긍정적
2024-05,맛있어요,긍정적,긍정적
2024-04,굿굿,긍정적,긍정적
2023-12,"야간 이모님 너어무친절하고
매일가요",긍정적,긍정적
2024-05,편해요~~~~~,긍정적,긍정적
2024-03,맥모닝 쏘굿,긍정적,긍정적
2023-10,"소시지 스낵랩+제로콜라
간단하게 아침으로 딱!이에유",긍정적,긍정적
2024-04,굳,긍정적,긍정적
2024-01,종종 밤에 감튀 먹으러 가요 ㅎㅎㅎ 🍟,긍정적,긍정적
2023-12,매장이 넓어 편리해요. 신속히 나와 아이가 좋아해요.,긍정적,긍정적
2024-01,한밤 중의 위로 감튀 🍟🍟🍟,긍정적,긍정적
2024-04,굿,긍정적,긍정적
2024-01,스낵랩 굳 새로나온 골드 맥피즈도 오렌지 맛나고 맛있어요,긍정적,긍정적
2024-03,쏘굿,긍정적,긍정적
2024-01,이렇게 연휴 맥도날드 출근은 종료! 잘먹었다 맥모닝!!!,긍정적,긍정적
2024-03,늘 가던 햄버거집이예요,긍정적,긍정적
2024-05,굳굳,긍정적,긍정적
2024-01,알바 답답하고 불친절,부정적,부정적
2023-11,"오랜만에 맥모닝🌞 +치즈스틱까지
거하게 먹는 아침 :)",긍정적,긍정적
2024-04,좋아요,긍정적,긍정적
2024-01,와아 점심시간에 오니까 자리가 없다. 키오스트 주문도 줄 서야되고,부정적,긍정적
2024-02,점심에 가면 사람 진짜 많은데 회전율은 빠른편 ㅎㅎ,긍정적,긍정적
2024-01,오랜만에 맥모닝으로 하루 시작하긩,긍정적,긍정적
2023-12,"맨날가진않아도
맥날가면좋아요",긍정적,긍정적
2023-12,와..디럭스버거 진짜 양도적고 맛도없고..,부정적,부정적
2023-12,휴일 조요히 힐링~,긍정적,긍정적
2024-02,점심에 사람 많아요,부정적,긍정적
2024-01,맥도날드에 디카페인 커피도 있어서 넘 좋습니다!,긍정적,긍정적
2023-12,눈오는 맥도날드에서 맥모닝 냠,긍정적,긍정적
2023-11,"뱅뱅사거리에 있는 맥도날드 좋아요!
하지만, 점심시간에는 음청 붐빕니다~~",긍정적,긍정적
2024-01,맥도날드서초뱅뱅점 좋아요 추천!,긍정적,긍정적
2024-05,감사합니다,긍정적,긍정적
2023-12,자리 많고 맛있어요. 빨리 나와요,긍정적,긍정적
2024-06,빅맥세트 늘 맛있어요,긍정적,긍정적
2024-04,3000,부정적,긍정적
2024-06,맛있어요,긍정적,긍정적
2024-02,점심시간엔 사람들로 북적거려요 포장이용,부정적,부정적
2023-12,"트리플치즈버거 맛있어요 :)
맛있어서 자꾸 먹게되는 맛 :)",긍정적,긍정적
2024-03,쏘굿,긍정적,긍정적
2024-01,아주 기분 최고!!,긍정적,긍정적
2024-03,굿,긍정적,긍정적
2023-12,휴일 낮 조용하게 힐링중~,긍정적,긍정적
2024-03,굿,긍정적,긍정적
2024-03,굿굿굿,긍정적,긍정적
2024-02,가깝고 좋아요.,긍정적,긍정적
2024-05,맛있어요,긍정적,긍정적
2024-02,맥모닝 주말,긍정적,긍정적
2023-12,매장이 넓어서 좋아요..,긍정적,긍정적
2024-04,o,알 수 없음,알 수 없음
2024-01,직원분이 쓰레기를 잘 치우셔서 매장에 냄새가 안나서 좋아요.,긍정적,긍정적
2023-11,함버거도 먹고 커피도 잘 마셨습니다~~,긍정적,긍정적
2023-12,사이드종류가 많이 없어요,부정적,부정적
2024-03,친절,긍정적,긍정적
2023-11,간단히 호다닥먹기 좋아요 :),긍정적,긍정적
2024-01,맥도날드 말모말모,긍정적,긍정적
2023-12,저녁식사로 가끔씩 들립니다.,긍정적,긍정적
2023-12,음식 빨리 나와서 좋았어요,긍정적,긍정적
2024-02,굿,긍정적,긍정적
2024-06,good,긍정적,긍정적
2024-03,맥모닝 존맛,긍정적,긍정적
2024-01,너무 맛있어요,긍정적,긍정적
2024-05,귿,부정적,긍정적
2023-10,아메리카노 가성비 좋아요~,긍정적,긍정적
2023-12,키오스크가 여러개 있어서 오래 기다리지않고 주문할 수 있어서 좋아요. 매장 넓고 24시간 하는 점이라 편하게 이용하기 좋습니다~ 다만 직원들 위생교육이 좀더 돼야 할것같아요. 청소하다가 손안씻고 감자튀김 만지고 그러는건 고쳐지길 바랍니다. 햄버거 만들고 감자튀김 만들고 할 때는 깨끗한 손으로 해주길 바래요. 덧붙여 뒷문 출입구 쪽에 가끔 수레를 세워두던데 그건 통로를 좀더 확보하면서 놓았으면해요~,긍정적,긍정적
2024-04,굿,긍정적,긍정적
2023-10,굿입니다. 매장이 넓어서 쾌적해요,긍정적,긍정적
2023-10,매장도넓고 아메리카노도 맛있어요,긍정적,긍정적
2023-11,"집에 오는 길 뜨거운 감튀 먹고파서 사서 집가면서 먹었어요 짱맛 ㅎㅎㅎ
라떼도 괜찮았어요~",긍정적,긍정적
2024-03,굿,긍정적,긍정적
2024-03,맛점!,긍정적,긍정적
2023-11,입구에 로고간판이 멋져요. 넓어요,긍정적,긍정적
2023-11,모닝커피〰️ 맥날 드립커피 짱!,긍정적,긍정적
2023-12,"24시라서 좋아요.
직원분들도 친절해요!",긍정적,긍정적
2023-11,맥도날드 맛있어요레요.,긍정적,긍정적
2023-12,조용히 커피한잔의 휴식~,긍정적,긍정적
2024-01,맛있게 잘 먹었습니다.,긍정적,긍정적
2024-04,👍,긍정적,긍정적
2024-02,ㅎ,부정적,긍정적
2024-03,조아여~,긍정적,긍정적
2024-03,굿,긍정적,긍정적
2023-12,햄버거 먹으러 가끔씩 들립니다.,긍정적,긍정적
2024-03,맛점!,긍정적,긍정적
2024-09,맛있어요,긍정적,긍정적
2023-10,휴일 아침 조용히 커피한잔 하기 좋아요~,긍정적,긍정적
2023-10,"가성비 좋은 치즈버거!
맥날 감튀 좋아요 ❤️❤️",긍정적,긍정적
2023-11,혼자 조용히 커피한잔 ~,긍정적,긍정적
2023-10,오늘도 아침으로 맥모닝 :),긍정적,긍정적
2024-01,굿,긍정적,긍정적
2023-10,"에그불고기 갓 만든 것 같은 느낌?
따뜻하게 잘 먹었습니당!!!
디카페인 커피도 맛있어요.",긍정적,긍정적
2023-09,"🍟 감튀에 아이스크림 🍦 이 땡기는 날이 있는데
그게바로 오늘! 간단히 직장 앞 맥날에서 퇴근길에 한감자하고 퇴근
👍 장점) 매장이 넓다.
바로 먹으면 배달보다 천배 맛남
키오스크가 많아서 주문줄 빨리 줄어든다
단점) 직장인들이 많은가 사람이 많은 극 혼잡 점포...
점심때는 테이블이 없을 정도",긍정적,긍정적
2023-08,"매장이 엄청 넓어요
평일 점심시간에는 사람이 많아요
그치만 메뉴 금방 나오고 따듯하고 맛있었어요
다 먹고 정리하는 곳을 직원분이 계속 치워주셔서 깔끔하게 유지될 수 있는 것 같아요
좋습니다 .",긍정적,긍정적
2023-11,"굿 1,500원 스트로베리아이스크림",긍정적,긍정적
2023-11,가성비가 좋아요,긍정적,긍정적
2023-11,드립커피 2천원. 아메리카노보다 연하고 싸서 좋음.,긍정적,긍정적
2024-02,쏘굿!!,긍정적,긍정적
2024-03,맛점!,긍정적,긍정적
2024-03,좋아요,긍정적,긍정적
2024-01,매장도 넓고 혼밥하기 좋아요,긍정적,긍정적
2023-11,"점심 포장해왔어요
런치세트(베토디) + 치즈스틱2 + 바닐라쉐이크",긍정적,긍정적
2024-03,맛점!,긍정적,긍정적
2024-01,가깝고 주문도 편해요,긍정적,긍정적
2024-02,맥도날드,긍정적,긍정적
2024-02,굿.,긍정적,긍정적
2023-12,건물안에있어서 들렸어용,부정적,긍정적
2023-11,맥모닝으로 아침먹기! 굿모닝 :),긍정적,긍정적
2023-11,저녁으로 간단하게 소시지 스낵랩 + 제로콜라 먹었어요! :),긍정적,긍정적
2023-10,"런치세트(베이컨토마토+코카콜라제로+후렌치후라이M) +바닐라선데이
간편하면서도 든든하게 점심식사하기!",긍정적,긍정적
2024-02,굿굿굿,긍정적,긍정적
2023-11,"맛이편차가 심함 어떤날에는 패티가 안익구

어떤날은 잘익어서 정말맛남",부정적,긍정적
2023-12,늦게까지 영업해서 좋아요!!!,긍정적,긍정적
2023-12,오늘도 맥모닝🌞,긍정적,긍정적
2023-09,"양재 강남 뱅뱅 중 맥도날드는 여기로 가는편이에요. 셋 중에 젤 깔끔합니다. 물론 점심시간에는 사람 버글버글 합니다만 , 사람없는 시간에는 여기가 젤 깔끔하고 음식도 잘나오는 듯합니다.",긍정적,긍정적
2023-11,커피 메뉴 가격이 괜찮아요.,긍정적,긍정적
2024-01,갓튀긴 김튀!,긍정적,긍정적
2024-03,굿,긍정적,긍정적
2024-01,행운버거!,긍정적,긍정적
2023-11,신메뉴 맥크 스리라차 런치세트 괜츈👍🏻,긍정적,긍정적
2024-01,굿,긍정적,긍정적
2023-11,맥치킨 포장 이용,긍정적,긍정적
2023-12,간단히 먹기 아주 좋아요,긍정적,긍정적
2023-11,혼자 아메리카노~,긍정적,긍정적
2023-11,레알 Fast 푸드,긍정적,긍정적
2023-11,맥모닝 땡겨요,긍정적,긍정적
2024-01,맛있어용 🥰,긍정적,긍정적
2023-10,미국 살 때부터 거의 40 몇년째 애용하는 맥도날드의 소프트 아이스크림! 우유맛 진하고 맛있어요. 35센트 할 때부터 사먹음 ㅋㅋㅋ,긍정적,긍정적
2023-06,튀김 맛집!!! 최고예요!!!! 맥그리들이랑 디럭스 두개 다 세트로 시켰어요. 여기가 튀김을 잘해서 해쉬브라운 두개 먹고 싶었거든요! 비오는날 먹으니 운치있고 앉는자리도 넓고 깔끔해서 너무 좋아요! 대만족!!,긍정적,긍정적
2024-01,맛있어요.,긍정적,긍정적
2023-11,집근처에있어서 좋아요,긍정적,긍정적
2024-05,좋아요,긍정적,긍정적
2024-01,뱅뱅,긍정적,긍정적
2024-01,굿,긍정적,긍정적
2023-10,자주 혼자 커피마시러 오는곳~,긍정적,긍정적
2023-12,맥날앱써서 잘먹었어요,긍정적,긍정적
2023-10,"아침식사로
소시지 스낵랩 + 제로콜라
든든하게 하루시작하기!",긍정적,긍정적
2023-10,타로파이 온고잉 했음 좋겠어요ㅠ,긍정적,긍정적
2024-02,굳,긍정적,긍정적
2023-12,맥모닝 탐닉,긍정적,긍정적
2023-09,매장 넓고 24시간이라 좋아요,긍정적,긍정적
2023-11,맥도날드서초뱅뱅사거리점 좋아요 추천!,긍정적,긍정적
2024-03,맛있어요~~^^,긍정적,긍정적
2024-01,쏘굿,긍정적,긍정적
2023-12,"신메뉴 티비광고 보고 바로 달려왔어요
미트칠리는 먹어야죠 ~",긍정적,긍정적
2023-10,맥모닝 먹으러 종종 가요 매장넓고 쾌적함,긍정적,긍정적
2024-01,맛있어용,긍정적,긍정적
2024-03,좋아요,긍정적,긍정적
2024-05,칠러 맛남,긍정적,긍정적
2024-01,맛있어요,긍정적,긍정적
2024-01,굿,긍정적,긍정적
2023-11,"문쪽 추워요, 어쩐지 자리가 남는다 했음😅",부정적,긍정적
2023-12,맥 출근,긍정적,긍정적
2023-09,"m오더 오류잇지만 금방해결
친절한맥날",긍정적,긍정적
2023-12,혼자 힐링중~,긍정적,긍정적
2024-01,굿굿굿,긍정적,긍정적
2024-02,굿,긍정적,긍정적
2023-10,역시 맛있어요,긍정적,긍정적
2023-09,감자튀김 맛집 입니다! 맛있어요,긍정적,긍정적
2023-12,좋아요,긍정적,긍정적
2023-11,빅맥 포장했어요,긍정적,긍정적
2024-08,맥날은짱,긍정적,긍정적
2023-12,매장이 넓고 친절헤요!,긍정적,긍정적
2024-01,쏘 굿,긍정적,긍정적
2023-10,편하게 혼자 커피한잔~,긍정적,긍정적
2023-10,"서초 뱅뱅점 버거, 맥모닝 다 맛있어요🧡",긍정적,긍정적
2024-02,좋아요,긍정적,긍정적
2023-11,테이블이 많아 좋습니다.,긍정적,긍정적
2024-01,맥모닝 굿굿,긍정적,긍정적
2023-12,가성비가 좋아요.,긍정적,긍정적
2023-10,매장이 정말 깔끔하고 응대가 빨라요!,긍정적,긍정적
2024-02,맛점!,긍정적,긍정적
2023-10,복숭아자두칠러 너무 맛있어요!,긍정적,긍정적
2023-11,집근처에있어서 좋아요,긍정적,긍정적
2024-01,굿,긍정적,긍정적
2023-11,"접근성 좋고, 가성비 좋은 맥도날드",긍정적,긍정적
2024-02,맛점!,긍정적,긍정적
2024-01,굿굿굿,긍정적,긍정적
2024-03,매장이 쾌적해요,긍정적,긍정적
2024-06,굿,긍정적,긍정적
2024-04,굿,긍정적,긍정적
2023-11,가끔은 이런것도~^^✌️,긍정적,긍정적
2023-10,"빅맥 런치 세뚜!
오랜만에 먹으니 더 맛있음
코울슬로는 역시 맥날!!!",긍정적,긍정적
2024-02,좋아요,긍정적,긍정적
2024-02,굿,긍정적,긍정적
2024-01,햄버거맛있어요,긍정적,긍정적
2024-02,맛점!,긍정적,긍정적
2023-10,직원들친절하고 좋아요,긍정적,긍정적
2024-02,냠냠,긍정적,긍정적
2023-10,깨끗하고 넓고 매우 좋아요!!!,긍정적,긍정적
2024-01,맛있어요,긍정적,긍정적
2023-09,창녕갈릭버거 처음 먹어봄..굿,긍정적,긍정적
2023-10,점심엔 사람 많아요!!!!,긍정적,긍정적
2023-09,커피 너어어어무 맛있어요!!🥰,긍정적,긍정적
2023-10,아메리카노 가성비 굿~,긍정적,긍정적
2024-09,굿,긍정적,긍정적
2024-04,굿,긍정적,긍정적
2023-10,가볍게 먹기 좋은 곳,긍정적,긍정적
2024-01,맛점!,긍정적,긍정적
2024-06,굿,긍정적,긍정적
2023-11,24시간이고 쾌적,긍정적,긍정적
2024-02,혼밥 좋아요,긍정적,긍정적
2023-09,맥모닝 포장해왔어요 :),긍정적,긍정적
2023-08,소확행! 모닝커피는 진리쥬,긍정적,긍정적
2023-11,감사히잘이용했습니다,긍정적,긍정적
2024-01,맛있어요,긍정적,긍정적
2023-12,혼밥 최고👍,긍정적,긍정적
2023-08,"드립커피로 맥모닝 :)
비오는 오늘은 뜨아로!",긍정적,긍정적
2023-08,드립커피(M)마시면서 카페인충전했어요☕️,긍정적,긍정적
2023-10,맛있어요.점심에 바빠요,긍정적,긍정적
2023-09,점심할인 좋아요,긍정적,긍정적
2023-12,맥모닝 냠 굿,긍정적,긍정적
2023-09,항상 잘 이용합니다,긍정적,긍정적
2023-12,굿,긍정적,긍정적
2023-09,1955버거세트 배부릅니다.,긍정적,긍정적
2024-01,굿,긍정적,긍정적
2023-10,역시 이번을 통해 알았다..! 햄버거는 버거킹임,긍정적,긍정적
2024-05,맛잇어요 맥도날드 짱,긍정적,긍정적
2024-01,맛나요,긍정적,긍정적
2023-09,"친절해요
매장도 넓어요",긍정적,긍정적
2023-09,베리스트로베리 맥플러리 굿~~~,긍정적,긍정적
2023-12,맥모닝 아침에 좋아요,긍정적,긍정적
2024-01,좋아요,긍정적,긍정적
2023-10,스트로베리콘 가격상승 엄청나네여,부정적,긍정적
2023-10,휴일 혼자 커피 한잔~,긍정적,긍정적
2024-01,마싯서요,긍정적,긍정적
2024-01,좋아요,긍정적,긍정적
2023-10,오늘은 맥모닝데이 :),긍정적,긍정적
2023-12,냠,긍정적,긍정적
2023-12,빠르고 맛있어요.,긍정적,긍정적
2024-01,맛점!,긍정적,긍정적
2023-11,좋아요,긍정적,긍정적
2024-01,맛점!,긍정적,긍정적
2024-01,좋아요,긍정적,긍정적
2024-04,맛있어요~,긍정적,긍정적
2023-08,너무 맛있는 초코 선데이~ 초코가 찐이에요.. 가격이 많이 올라서 앱 쿠폰이 있을 때만 먹습니다,긍정적,긍정적
2024-01,편해요~~~~,긍정적,긍정적
2023-10,진도대파 진짜 맛있어요,긍정적,긍정적
2023-08,"뚜껑 열자마자 누가 잘라놓은 것처럼 조각나 있는 팬케익 받는 기분 어떤대,,,",부정적,부정적
2024-01,좋아요,긍정적,긍정적
2024-01,편하고 맛있어요,긍정적,긍정적
2023-09,"바쁜데, 음..테이블주문은 좀 피하셨으면해요..
직원분들 목도 아프실 것 같고, 안그래도 바쁜데, 왜 이런시스템을 만든건지ㅠㅠㅠ 그럴시간에 차라리 메뉴를 빨리 만들어 줬으면 좋겠어용",부정적,부정적
2023-08,일요일아침에 먹기 좋아요,긍정적,긍정적
2023-12,넓고 좋아여!!ㅎㅎ,긍정적,긍정적
2023-10,친절하고 매장도 커요! 24시간이라 좋아요,긍정적,긍정적
2023-10,맥도날드서초뱅뱅점 좋아요 추천!,긍정적,긍정적
2023-11,좋아요,긍정적,긍정적
2023-11,맥도날드 가까워서 자주갑니다. 깔끔하고 좋아요,긍정적,긍정적
2024-01,좋아요,긍정적,긍정적
2023-08,맛있어요! 오늘은 감튀가 좀 흐물하네요 ㅠ,긍정적,긍정적
2024-01,굳,긍정적,긍정적
2023-10,혼밥할 때 편하게 찾는 곳,긍정적,긍정적
2024-01,맛점!,긍정적,긍정적
2023-10,맥 출근 이젠 퇴근,긍정적,긍정적
2024-01,좋아요,긍정적,긍정적
2023-08,맥모닝세트로 아침밥 챙겨먹기,긍정적,긍정적
2023-08,맛있어요~~~사람 엄청많아요,긍정적,긍정적
2023-09,드립커피 한잔하기! :),긍정적,긍정적
2023-10,아이스크림 굿,긍정적,긍정적
2023-08,맛있어요! 자리도 넓고 앉을공간 많아요,긍정적,긍정적
2023-12,굳,긍정적,긍정적
2023-12,좋아요,긍정적,긍정적
2023-08,마늘 버거 맛있어요! 소고기 패티보다 치킨 패티랑 더 잘 어울려요,긍정적,긍정적
2023-09,추석엔 맥모닝,긍정적,긍정적
2023-10,라지 후렌치 후라이 양이 정량대로가 아니고 바쁘다보니 창렬로 받았네요.,부정적,부정적
2023-12,좋아요,긍정적,긍정적
2023-08,양재맥날보다 여기가 깔끔하고 좋아요. 매장이 훨씬 깔끔한 편이라 여기로만 오네요-!,긍정적,긍정적
2023-09,"맥모닝세트 포장했어요:)
믿고 먹는 아침!",긍정적,긍정적
2023-08,아이스크림 라떼 맛있어요 ㅎㅎㅎ,긍정적,긍정적
2023-11,타로파이짱,긍정적,긍정적
2023-08,사람이 언제나 많지만 근무자도 항상 많아서 좋아요,긍정적,긍정적
2023-08,맥모닝 나오는 속도 늘 감탄🫢,긍정적,긍정적
2024-03,ㄱ,알 수 없음,알 수 없음
2023-11,드립커피 굿.,긍정적,긍정적
2023-11,가끔가용,부정적,긍정적
2023-10,맥날 가끔 커피맛이 별로일때가있어서 그부분빼곤 만족,부정적,긍정적
2023-09,내가 살다살다 햄버거 양념 많이 넣어달라는데 본사정책상 그렇게 못해준다는데 처음봄,부정적,부정적
2023-12,좋아요,긍정적,긍정적
2023-07,진도대파크림크로켓버거 최고!!!! 인절미 감튀 필수 !!!,긍정적,긍정적
2023-10,"일주일에 두번은 가는데 처음올리는리뷰
매장이넓고 언제나 맥도날드는 진리~~",긍정적,긍정적
2023-12,조아요,긍정적,긍정적
2023-09,가성비 좋아요,긍정적,긍정적
2023-12,맛점,긍정적,긍정적
2023-10,키오스크 주문 편해요,긍정적,긍정적
2024-01,굿.,긍정적,긍정적
2024-01,맛있어요,긍정적,긍정적
2024-01,편해요~~~~~,긍정적,긍정적
2023-09,친절하시고 좋아요~!,긍정적,긍정적
2023-07,"1시 30분에와도 사람이 많네요..
40분 이후면 사람들이 많이 빠져요
참고해서 가면 좋을듯해요",부정적,부정적
2023-09,"확실히 햄버거가 맛있었다
다른 지점이랑 비교해봐도
잘 만드신다 햄버거…!",긍정적,긍정적
2023-11,굿굿굿,긍정적,긍정적
2023-12,좋아요,긍정적,긍정적
2023-07,"새로 나왔다길래 시켜봤는데…

아….
차라리 아이스크림 따로, 커피 따로 사먹겠어😭😭😭",부정적,부정적
2023-08,겨울에 나왔던 것 같은데 계속 팔길래 또 먹었습니다. 맛있어요,긍정적,긍정적
2023-08,여름날 콘아이스크림 ❤️,긍정적,긍정적
2024-01,👍,긍정적,긍정적
2023-09,사람이 항상 많아요 자리부터 잡아야 해요.,부정적,부정적
2023-08,커피를 사랑한다면?맥카페에서 힐링타임ㅎㅎ,긍정적,긍정적
2023-12,좋아요,긍정적,긍정적
2023-07,"맥도날드를
좋아하는 나지만
서초뱅뱅점은 화장실도 깨끗하고
더욱맘에든다.
맥 커피는
가성비도좋고 맛있다",긍정적,긍정적
2023-06,아침밥 먹을려고 들렸어요! 맥그리들 너무 맛있어요!!! 여기 튀김 맛집이라 해쉬브라운도 맛있어요!,긍정적,긍정적
2023-10,신메뉴 런치로 먹었는데 스리라차 소스 매콤하고 제 취향이에요!,긍정적,긍정적
2023-10,한번씩 맥도날드 땡길 때가 있는 거 같아요ㅋㅋㅋㅋㅋㅋㅋ 맥런치 먹으면 가성비도 좋아요ㅎ,긍정적,긍정적
2023-12,역시 맥도날드^^,긍정적,긍정적
2024-03,굿,긍정적,긍정적
2023-12,굿,긍정적,긍정적
2023-11,맛나요,긍정적,긍정적
2023-11,맛나요,긍정적,긍정적
2023-07,유행에 뒤떨어질까 대파크림치즈크로켓버거 얌냠. 그래도 전 빅맥이 제일 좋더라능 ㅎㅎ,긍정적,긍정적
2023-09,꽤 넓고 24시입니당!!!,긍정적,긍정적
2023-06,"뜨끈한
짠한 감튀~캬아~ 요즘 많이 빨라짐",긍정적,긍정적
2024-03,굿,긍정적,긍정적
2023-09,맥도날드서초뱅뱅점 좋아요 추천!,긍정적,긍정적
2023-11,맛있어요.,긍정적,긍정적
2023-04,"맥드리들 처음 먹어봤는데 넘 맛있었어요 ㅎㅎㅎㅎ
오늘 새벽에도 먹고팠는데 꾹 참았네요 :)",긍정적,긍정적
2023-12,맛점,긍정적,긍정적
2023-10,가깝고 좋아요,긍정적,긍정적
2023-11,굿굿굿,긍정적,긍정적
2023-10,베리 굿,긍정적,긍정적
2023-12,굿,긍정적,긍정적
2023-08,사람 진짜 많은 편인데 매장이 넓어서 쾌적함,긍정적,긍정적
2023-05,새벽에 맥모닝이 당기곤 해요 🖤🖤,긍정적,긍정적
2023-07,"비싸고 맛없는 커피보다는
가성비 좋은 맥날 커피!",긍정적,긍정적
2023-07,맥모닝 먹었어요 :-),긍정적,긍정적
2023-08,"분위기 좋고, 깨끗~ 1인 좌석이 많아서 혼자 밥먹기 좋아요~🙂",긍정적,긍정적
2023-11,좋아요,긍정적,긍정적
2023-10,매장이 넓어서 좋아요,긍정적,긍정적
2023-08,항상 열려있어서 좋아요.,긍정적,긍정적
2023-11,맛있어요,긍정적,긍정적
2023-10,굿굿이요,긍정적,긍정적
2023-11,좋아요,긍정적,긍정적
2023-08,맥모닝하러 출석했네여,긍정적,긍정적
2023-09,좋아요,긍정적,긍정적
2024-01,좋아용,긍정적,긍정적
2023-11,좋아요,긍정적,긍정적
2023-08,아이스크림 이쁘게해줬으면좋겠어요...,부정적,부정적
2023-08,맥도널드 창녕마늘버거 맛있는대 조금 짜네요.,긍정적,긍정적
2023-12,굿,긍정적,긍정적
2023-06,튀김이 맛있는 맛집! 버거 새로나온거 시켰는데 어떨지 기대되요,긍정적,긍정적
2023-11,굿굿,긍정적,긍정적
2023-11,좋아요,긍정적,긍정적
2023-09,매장이 넓고 메뉴가 금방 나옵니다.,긍정적,긍정적
2023-11,맛있어요,긍정적,긍정적
2023-11,좋아요,긍정적,긍정적
2023-08,맥모닝 :-),긍정적,긍정적
2023-08,사람도 별로 없었는데… 역대급으로 버거 내용물들이 따로 놀았음 ㅠ 그래도 매번 잘 이용하고 있습니다.,긍정적,긍정적
2023-11,굿,긍정적,긍정적
2023-10,좋아요,긍정적,긍정적
2023-09,가성비 최고의 햄버거,긍정적,긍정적
2023-08,맥날은 거기서 거기 회사 근처라 자리가 잘 없어서 급한 곳,부정적,부정적
2023-11,좋아요,긍정적,긍정적
2023-11,굿,긍정적,긍정적
2023-09,혼밥하기 좋은 곳,긍정적,긍정적
2024-01,굳,긍정적,긍정적
2023-11,좋아요,긍정적,긍정적
2023-09,m오더좋다,긍정적,긍정적
2023-09,굿굿,긍정적,긍정적
2023-09,내맥날,부정적,부정적
2023-06,"감튀가 바삭할 때도 있고, 눅눅할 때도 있어서 복불복!
맥크리스피 핫앤치즈는 다리살에다 소스가 맛있어서 최애 메뉴! 😋",긍정적,긍정적
2023-09,맛있어요~,긍정적,긍정적
2023-09,맥도날드 좋아요,긍정적,긍정적
2023-10,모닝세트 좋아요 ㅎ,긍정적,긍정적
2023-10,맛있다요!,긍정적,긍정적
2023-11,굿,긍정적,긍정적
2023-10,좋아요 ~,긍정적,긍정적
2023-09,베토디 냠냠,긍정적,긍정적
2023-09,무인주문기기중에 하나만 정상작동 나머지는 큐얼 인증을 못함,부정적,부정적
2023-11,좋아요,긍정적,긍정적
2023-10,굿굿굿,긍정적,긍정적
2023-11,좋아요,긍정적,긍정적
2023-08,창녕 갈릭버거는 진짜 맛없네요 그냥 원래 먹던 베토디나 먹을걸,부정적,부정적
2023-10,친절합니다!,긍정적,긍정적
2023-12,👍,긍정적,긍정적
2023-09,혼밥하기 좋아요~!,긍정적,긍정적
2023-11,굿,긍정적,긍정적
2023-08,주문과 동시에 음식이 나오는 수준의 스피드,긍정적,긍정적
2023-06,바로나온 감튀와 콜라..흐미..,긍정적,긍정적
2023-11,좋아요,긍정적,긍정적
2023-06,24시간 맥도날드 내장도 넓고 금방 다라고 친절하다.,긍정적,긍정적
2023-10,굿,긍정적,긍정적
2023-09,🫡,긍정적,긍정적
2023-09,사람많은대도 일하시는분들 웃으면서 친절하게 응대해주셔서 좋아요,긍정적,긍정적
2023-05,저녁 8시 반쯤 구매했는데… 감튀 눅눅하고 햄버거도 만들어 놓은 느낌이라서 별로였어요 ㅠ,부정적,부정적
2023-08,치킨랩싸져라 ㅠ,부정적,긍정적
2023-12,좋아요,긍정적,긍정적
2023-10,좋아요,긍정적,긍정적
2023-09,ㅈㅇㅇ,부정적,부정적
2023-05,여기 진짜 튀김 맛집이예요! 감튀부토 애플파이까지 튀긴건 다 맛있어요!!,긍정적,긍정적
2023-08,맛있어요~~편리하게 이용하는 맥도날드!!!,긍정적,긍정적
2023-10,굳,긍정적,긍정적
2023-10,매장이 넓어요,긍정적,긍정적
2023-09,매장이 넓어요~~!🙂,긍정적,긍정적
2023-07,허니버터 인절미 맛있어요,긍정적,긍정적
2024-01,맛있어요,긍정적,긍정적
2023-10,굳,긍정적,긍정적
2023-08,정통의 맥도날드,긍정적,긍정적
2023-07,24시간이라 좋으나 주차장이 너무 협소함,부정적,긍정적
2023-08,갈릭비프버거 괜찮네요.,긍정적,긍정적
2023-07,대파버거에 밀크쉐이크 조합 좋아요👏🏻👏🏻,긍정적,긍정적
2023-07,맥윙이랑 한라봉칠러 애정하는 조합!,긍정적,긍정적
2023-10,좋아요,긍정적,긍정적
2023-10,맛있어요,긍정적,긍정적
2023-11,굳,긍정적,긍정적
2024-04,좋아요,긍정적,긍정적
2023-10,좋아요,긍정적,긍정적
2023-10,맛있어요,긍정적,긍정적
2023-08,맥모닝 알라뷰,긍정적,긍정적
2023-09,햄버거맛있어요,긍정적,긍정적
2023-09,나의맥날,긍정적,긍정적
2023-07,진도대파크림버거 먹으러 왔습니다!! 맛있어요!!,긍정적,긍정적
2023-07,"점심 혼밥하러 갔는데 사람이 너므 많아요
점심시간 피해야해요",부정적,부정적
2023-10,언제와도 깨끗해요,긍정적,긍정적
2023-09,굿,긍정적,긍정적
2023-10,좋아요,긍정적,긍정적
2023-10,굳!,긍정적,긍정적
2023-12,맛집! 충전도 가능,긍정적,긍정적
2023-09,좋아요,긍정적,긍정적
2023-10,ㅇㅇ,부정적,긍정적
2023-10,좋아요,긍정적,긍정적
2023-05,딸기맛이 연하게 나요 질감이 솜사탕같아요,긍정적,긍정적
2023-10,좋아요,긍정적,긍정적
2023-07,대파크림 존맛탱,긍정적,긍정적
2023-10,맛있어요,긍정적,긍정적
2023-10,좋아요,긍정적,긍정적
2023-08,편언하게 먹기 좋음,긍정적,긍정적
2023-10,굿,긍정적,긍정적
2023-10,굳,긍정적,긍정적
2023-07,물가 올라서 싸게 먹을 수 있는 곳,부정적,긍정적
2023-09,굿,긍정적,긍정적
2023-09,맥날 그잡채,긍정적,긍정적
2023-08,가깝고 좋아요,긍정적,긍정적
2023-09,좋아요,긍정적,긍정적
2023-09,맛있어요!,긍정적,긍정적
2023-10,굳굳,긍정적,긍정적
2023-09,굿,긍정적,긍정적
2023-07,신속정확함에 늘 감탄합니다!! 인사도 다들 잘해주셔서 감사하구요!!!,긍정적,긍정적
2023-09,구ㅛ,부정적,긍정적
2023-07,선데이❤️‍🔥,긍정적,긍정적
2023-09,맛읶어요 좋아요,긍정적,긍정적
2023-10,좋아요,긍정적,긍정적
2023-07,밤 늦게 커피 마시고 싶고 ~들어가면 오레오맥플러리도 먹고 싶어지는 맥 !!!,긍정적,긍정적
2023-10,좋아요,긍정적,긍정적
2023-06,뷰좋은 맥도날드 매장...,긍정적,긍정적
2023-09,좋습니다.,긍정적,긍정적
2023-10,굳!,긍정적,긍정적
2023-10,굿,긍정적,긍정적
2023-07,이번에 새로 출시된 진도 대파 크로켓 버거 먹었는데 완전 맛있어요. 대파 맛이랑 패티 맛이랑 동시에 느낄 수 있어요.,긍정적,긍정적
2023-07,매장도 넓고 자리도 편해서 자주 이용합니다.,긍정적,긍정적
2023-10,맛있어요,긍정적,긍정적
2023-09,굿,긍정적,긍정적
2023-06,손님도 많지만 근무자도 많아서 대기인원에비해 음식이 매우 빨리나오는편이에요!,긍정적,긍정적
2023-07,맥도날드는 맥도날드죠,부정적,부정적
2023-10,굿,긍정적,긍정적
2023-08,맛있어요,긍정적,긍정적
2023-08,"매장이 넓고
새벽에더 사람이 많아요",긍정적,긍정적
2023-09,굿,긍정적,긍정적
2023-09,아포카토 맛집,긍정적,긍정적
2023-10,좋아요,긍정적,긍정적
2023-07,넓고 시원해요,긍정적,긍정적
2023-09,ㅇㅇ,부정적,긍정적
2023-09,긋,부정적,긍정적
2023-09,좋아요,긍정적,긍정적
2023-09,굳!,긍정적,긍정적
2023-03,주말 아침은 맥모닝과 함께,긍정적,긍정적
2023-07,쿠폰으로 맛있게 먹었던 아이스크림이네요.,긍정적,긍정적
2023-10,굳,긍정적,긍정적
2023-07,"먹으면 후회
안먹으면 그리운",부정적,부정적
2023-07,맥윙나왔다고해서 방문하였습니다 가격대비 양이좀적은것같아아쉽지만 맛나요! 칠리소스가 젤잘어울려요!,긍정적,긍정적
2023-07,시원하다 칠러,긍정적,긍정적
2023-09,맛있어요,긍정적,긍정적
2023-06,맥그리들빵이 머핀빵보다 맛있는 것 같아요 매력있음,긍정적,긍정적
2023-07,맥런치로 평소보다 저렴하게 먹을 수 있었어요! 갓 나와서 따뜻하고 맛있게 먹었습니다,긍정적,긍정적
2023-08,맥모닝 맛있어요,긍정적,긍정적
2023-08,좋아요,긍정적,긍정적
2023-08,맛있어용,긍정적,긍정적
2023-06,"김기원쉬,, 제발,, 맥윙 단종 시키지 마세오,,,
치킨 프랜차이즈보다 맥날 맥윙이 더 마싯단 말이에오,,,,",부정적,긍정적
2023-09,좋아요,긍정적,긍정적
2023-04,강남역 4번 출구에서 길따라 쭈욱 올라가면 있는 맥도날드 ㅎㅎ 자리도 쾌적하고 좋아요~ 뭐 맥모닝이야 맛있는거 말해 뭐해요 ㅎ 맥그리들은 단짠단짠 광고 슬로건처럼 정말 단짠에 충실한 ㅎㅎ 맥도날드 커피 좋아하는데 오늘은 왠지 텁텁해서 ㅠㅠ 뜨거운 물 막 부어서 마셨어요 ㅠㅠ 상하이 스낵랩은 생각보다 매콤했고 슈림프 스낵랩은 맥너겟 새우버전 같은 느낌? 저는 슈림프에 들어간 소스가 살짝 더 달콤해서 좋았어요~~,긍정적,긍정적
2023-09,좋아요,긍정적,긍정적
2023-08,좋아요,긍정적,긍정적
2023-09,맛있어요,긍정적,긍정적
2023-07,버거 맛집이에요 ㅎㅎ,긍정적,긍정적
2023-07,넓어서 좋아요,긍정적,긍정적
2023-09,좋아요,긍정적,긍정적
2023-10,굳구ㅜㄷ,부정적,긍정적
2023-09,언제나 사람이 한가득,긍정적,긍정적
2023-08,굿,긍정적,긍정적
2023-01,여기 배달 시키면 누락되거나 늦게 와서 식거나 음료 쏟아지는 경우가 많아서 시키는건 끊었구요. 그래도 매장 가서 먹으면 쟁반에 따끈한 음식들 🍔🥤이 나와서 다 좋아요. 취향대로 감튀 🍟소금 없이 주문하면 시간은 좀 걸려도 덜 짜게 뜨겁게 튀겨져 나와요. 왠지 더 맛있음.,부정적,긍정적
2023-10,굳,긍정적,긍정적
2023-08,맛있어요!,긍정적,긍정적
2023-02,진심으루… 맥도날드 커피가 스벅보다 낫습니다.. 팬케이크는 항상 사랑입니당,긍정적,긍정적
2023-12,굿,긍정적,긍정적
2023-09,맥날,긍정적,긍정적
2023-09,친절해요,긍정적,긍정적
2023-07,맥도날드야 역시맛있쥬,긍정적,긍정적
2023-09,굿,긍정적,긍정적
2023-09,맛있어요,긍정적,긍정적
2023-09,좋아요,긍정적,긍정적
2023-06,매장이 넓고 깨끗해서 좋습니다.,긍정적,긍정적
2023-04,"쿼터파운드가 유독 작게 느껴지는건 기분탓인가
…
쨌든.
바로 튀긴 감튀의 바삭함은 정말 매력적",긍정적,긍정적
2023-06,"뱅뱅사거리 맥도날드
매장 넓음
화장실은 내부에 없는듯하다",부정적,긍정적
2023-09,맛있어요,긍정적,긍정적
2023-09,굿,긍정적,긍정적
2023-07,맥윙 너무 좋음 제 최애ㅠ 맥윙 시즌메뉴가 아니라 계속 나와있으면 좋겠어요ㅠ,긍정적,긍정적
2023-09,굿,긍정적,긍정적
2023-07,잘먹었습니다,긍정적,긍정적
2023-06,역시 감자튀김은 맥도날드가 제일 맛있어요ㅎㅎㅎ,긍정적,긍정적
2023-05,찾기 힘든 24시간 맥도날드 중 하나,부정적,긍정적
2023-11,맛있어요,긍정적,긍정적
2023-04,런치.행사 상품이 많았으면 좋겟어용,긍정적,긍정적
2023-07,맥모닝 좋아요,긍정적,긍정적
2023-05,맥모닝❤️‍🔥,긍정적,긍정적
2023-05,오랜만에 왔는데 오늘따라 감튀가 너무나 뜨끈하고 맛있습니다!,긍정적,긍정적
2023-07,맥모닝 좋아요,긍정적,긍정적
2023-03,뱅뱅맥 넓어서 좋아요. 조명이 스팟조명이라 자리에 따라어 좀 어두운곳이 있는게 아쉬워요.,긍정적,긍정적
2023-08,좋아요ㆍ,긍정적,긍정적
2023-08,좋아요,긍정적,긍정적
2023-08,맥모닝 굿굿,긍정적,긍정적
2023-09,굿,긍정적,긍정적
2023-07,잘먹었습니다,긍정적,긍정적
2023-09,친절해요,긍정적,긍정적
2023-05,"크리스피 디럭스..훈제맛이 난다..
담엔 그냥 상하이치킨으로..",부정적,긍정적
2023-07,잘먹었습니다,긍정적,긍정적
2023-05,한입 베어물면 김이 모락모락 나는 햄버거... 내가 좋아하는 맥도날드🤡👏 감자튀김도 뜨거워서 감동이라 버거하나를 더 주문했당 근방 맥날중에서 제일 좋아하는곳 💛🧡❤,긍정적,긍정적
2023-06,초스피드 사랑,긍정적,긍정적
2023-05,"밤에 술 먹고 자주 가는 곳 ,,, 매장도 넓고 사람도 많지만 음식이 짱짱 빨리 나온다 ,,, 24시라서 너무 좋다 …!!!!!!!",긍정적,긍정적
2023-07,잘 먹었습니다,긍정적,긍정적
2023-06,매장이 진짜 넓습니다.,긍정적,긍정적
2023-06,맥모닝 맛있어용,긍정적,긍정적
2023-05,이른 아침 맥모닝은 사막의 오아시스랄까🤡,긍정적,긍정적
2023-05,여기 감튀가 좀 짜긴해도 진리지,긍정적,긍정적
2023-03,"치킨 스낵랩 처음 먹어봤는대 완전 맛있음
화이트마요소스와 너무 잘 어울어짐",긍정적,긍정적
2023-09,좋아용,긍정적,긍정적
2023-11,맛있어요,긍정적,긍정적
2023-08,좋아요,긍정적,긍정적
2023-09,좋아요,긍정적,긍정적
2023-07,혼밥하기좋음,긍정적,긍정적
2023-08,굳굳,긍정적,긍정적
2023-08,좋아요,긍정적,긍정적
2023-07,넓은 맥날,긍정적,긍정적
2023-05,주차할만항 곳이 없어서 불편해요,부정적,부정적
2023-09,굿,긍정적,긍정적
2023-06,디저트도 굿,긍정적,긍정적
2023-06,최애 맥날매장💜,긍정적,긍정적
2023-08,ㅎㅎ,긍정적,긍정적
2023-05,새벽에 가도 친절한 메뚜기.,긍정적,긍정적
2023-08,할인 굿굿~,긍정적,긍정적
2023-04,1시쯤 오면 사람 별로 없어서 좋아요,긍정적,긍정적
2023-10,굿,긍정적,긍정적
2023-05,간편하게 먹을 때 좋아요!,긍정적,긍정적
2023-08,굿,긍정적,긍정적
2023-04,언제나 감자튀김이 맛있는곳! 키어스크에서 세트 주문할때 감튀 옵션 누르면 소금 없이 주문 가능해요! 소금이 없어도 바삭하고 맛있어요 ㅎㅎ,긍정적,긍정적
2023-04,주말은 맥모닝,긍정적,긍정적
2023-08,좋아요,긍정적,긍정적
2023-05,매장 깨끗하고 좋아요☺️,긍정적,긍정적
2023-04,맛있게 잘 먹고 갑니다~~,긍정적,긍정적
2023-08,좋아요 :),긍정적,긍정적
2023-08,굿,긍정적,긍정적
2023-08,굿,긍정적,긍정적
2023-05,이동네살면 뱅뱅맥날을 모를 수 없죠. 15년 넘게 있었던 듯 합니다. 그저 동네앞 치킨처럼 가끔가서 먹는 뱅뱅맥날은 추억의 장소 중 하나에요.,긍정적,긍정적
2023-09,굿,긍정적,긍정적
2023-09,굿,긍정적,긍정적
2023-08,좋아요,긍정적,긍정적
2023-04,"24시간 쉬지 않은 맥도날~뱅뱅점
부디,,,,,제발,,,,,
오래 오래 운영되길 바랄뿐🙏",긍정적,긍정적
2023-08,맛있어요,긍정적,긍정적
2023-08,맥윙 최고,긍정적,긍정적
2023-09,좋아요,긍정적,긍정적
2023-09,좋아영,긍정적,긍정적
2023-07,빅맥 맛있어요.,긍정적,긍정적
2023-03,아침은 맥모닝 ㅋ,긍정적,긍정적
2023-07,맥모닝이 맛있어용 귯~~,긍정적,긍정적
2023-07,좋아요,긍정적,긍정적
2023-05,매장도 시원하고 커피도 맛있어요,긍정적,긍정적
2023-08,맥모닝 굳,긍정적,긍정적
2023-07,굿,긍정적,긍정적
2023-05,"주말 브런치
커피 맛있어용",긍정적,긍정적
2023-06,빨리 나오고 매장도 넓어서 혼밥하기도 굿,긍정적,긍정적
2023-08,역시 언제나 햄버거는 맥도날드!!!!,긍정적,긍정적
2023-11,"우연히 햄버거 먹고싶어 시키다보니 빠진게있어 재주문
역쉬! 탁월한 선택",긍정적,긍정적
2023-07,굿굿,긍정적,긍정적
2023-06,좋아요,긍정적,긍정적
2023-08,굿,긍정적,긍정적
2023-06,집 앞에 자주 갑니다.,긍정적,긍정적
2023-04,매장이 넓고 깨끗하구 햄버거 맛있게 잘 먹었어요~,긍정적,긍정적
2023-07,굳,긍정적,긍정적
2023-07,자주머거여,부정적,부정적
2023-08,굿,긍정적,긍정적
2023-08,ㅇㅇ,부정적,긍정적
2023-07,좋아요,긍정적,긍정적
2023-05,다른 지점보다 넓직하고 맛도 초큼 더 있는것 같어요,긍정적,긍정적
2023-03,"믿고 먹는 맥날💛
친구랑 좋은 시간 보냈어요!",긍정적,긍정적
2023-04,혼밥 하기 좋음,긍정적,긍정적
2023-10,맛있어요,긍정적,긍정적
2023-04,넘 맛있어요 🧡,긍정적,긍정적
2023-04,주말 아침은 맥모닝,긍정적,긍정적
2023-06,"24시간이란거 만, .",부정적,부정적
2023-05,매장이 넓고 혼밥하기 좋아용~!,긍정적,긍정적
2023-08,굿,긍정적,긍정적
2023-04,트리플어니언 기대하고 갔는데 잘 모르겠네요. 사진과 똑같은걸 바라지는 않지만데 그전도로 실해보이지는 않았는데 가격은 왜케 비싸진건지 모르겠어요. 다음에는 그냥 1955 먹으려고요.,부정적,부정적
2023-06,맨날 맛있지 모,긍정적,긍정적
2023-10,굿,긍정적,긍정적
2023-08,좋아요,긍정적,긍정적
2023-06,좋아요 :),긍정적,긍정적
2023-10,ㆍ,알 수 없음,알 수 없음
2023-09,아메 할인하고 24시여서 좋습니당 ㅎㅎ,긍정적,긍정적
2023-03,"가성비, 접근성 둘 다 좋습니다.",긍정적,긍정적
2023-08,맥모닝 굳,긍정적,긍정적
2023-04,"맛잇는 맥도날드
점심시간에 붐벼요",긍정적,긍정적
2023-04,집근처 맥도날드라서 가봤는데 맛있어용!!^^,긍정적,긍정적
2023-06,좋아여,긍정적,긍정적
2023-07,해피밀,긍정적,긍정적
2023-05,매장이 넓어요.,긍정적,긍정적
2023-08,굿,긍정적,긍정적
2023-06,혼밥최애,긍정적,긍정적
2023-08,맥모닝 굳,긍정적,긍정적
2023-04,기분이 상하는 맥도날드 소리 넓고 잘 꾸며놨어요.,긍정적,긍정적
2023-03,맛있어요!! 감튀맛집,긍정적,긍정적
2023-05,가성비좋아요,긍정적,긍정적
2023-03,오늘도 아침은 맥모닝,긍정적,긍정적
2023-05,맛있어요,긍정적,긍정적
2023-07,맛있어요.,긍정적,긍정적
2023-03,앱쿠폰 이용해서 맛있게 먹었어요,긍정적,긍정적
2023-04,가끔 생각날때,긍정적,긍정적
2023-04,전 여기 좋아해요 인테리어가 좋거든요,긍정적,긍정적
2023-08,맛있어요,긍정적,긍정적
2023-06,맥런치로 싸게 먹었어요,긍정적,긍정적
2023-05,"매장도 크고 바쁜 점심시간에도 솔직히 빨리 나오는 편 같아요!
아, 맥도날드는 꼭 전용 어플 깔고 포인트 적립하세오",긍정적,긍정적
2023-07,굿,긍정적,긍정적
2023-03,매장이 예쁘게 잘 되어있다. 그런데 10시에 마감이라니 ㅜㅜ 커피만 빠르게 한잔 마시고 나옴,긍정적,긍정적
2023-04,좋아요 ㅎ 혼밥할때 자주가요,긍정적,긍정적
2023-04,음식 빨리나옴 점심에 가면 자리 없을 때도 간혹 있으니 주의,긍정적,긍정적
2023-05,Goooooood,긍정적,긍정적
2023-08,맥모닝 굳굳,긍정적,긍정적
2023-08,맛나요,긍정적,긍정적
2023-05,맥도날드서초뱅뱅점 좋아요 추천!,긍정적,긍정적
2023-03,매장 넓고 좋았어요 감튀 맛있다 ㅋㅋ,긍정적,긍정적
2023-08,좋아요,긍정적,긍정적
2023-08,맥모닝 굿,긍정적,긍정적
2023-08,커피 순하고,긍정적,긍정적
2023-07,굿,긍정적,긍정적
2023-05,Goooooood,긍정적,긍정적
2023-05,Goooooood,긍정적,긍정적
2023-06,좋아요,긍정적,긍정적
2023-08,추천합니다.,긍정적,긍정적
2023-03,감튀가 맛있는 집 입니다~,긍정적,긍정적
2023-07,오랜만에 갔는데 항상 맛있네요!,긍정적,긍정적
2023-04,매장 관리가 잘 안되는듯 해요. 청결해 보이지 않아요.,부정적,부정적
2023-08,굿,긍정적,긍정적
2023-08,굿,긍정적,긍정적
