Date,Review,sentiment,Sentiment2
2024-10,해산물 좋아하면 정말 꼭 들려야하는 곳이에요 언주역에서 너무 맛있게 먹었었는데 뱅뱅사거리점도 오픈해서 바로 방문했어요 특별한 해산물을 취급하는 곳으로 신선함이 정말 최고에요 코스구성도 너무 알차서 이번에도 정말 만족스러웠습니다 사장님도 정말 친절하시고 잘 챙겨주셔서 더욱 편안하고 행복한 저녁시간 보냈어요 해산물 생각날때 또 방문하겠습니당🤍,긍정적,긍정적
2024-09,언주역 본점에 이어 뱅뱅사거리에 새로 생긴 만복회해산물! 여긴 제철 해산물 코스가 정말 잘 나옵니다~ 이렇게 많이 나온다고? 이런 귀한 재료가 나온다고? 입이 즐거운 시간~ 뭔가 건강해지는 느낌입니다! 하나하나 남길 게 없어요ㅎ 평소 주량보다 더 많이 먹게 되는 고급 횟집!! 다음에 또 갈게요^^,긍정적,긍정적
2024-10,모든 해산물을 산지직송하여 공급하는 만복! 그래서인지 회덮밥이 신선하고 정말 맛있어요~ 팀원분들과 종종 점심 먹으러 오는데 올때마다 메뉴를 다르게 해서 먹고 있어요 오늘은 리뷰이벤트로 양미리 구이도 주셨습니다. 감사히 잘 먹겠습니다!,긍정적,긍정적
2024-08,"강남역4번출구와 양재역3번출구에서 700m정도 거리 KB라이프타워 건물 뒤 파리바게뜨 뱅뱅사거리점 옆 골목길 안쪽에 위치한 강남역 횟집 추천해드리는 만복회해산물 뱅뱅사거리점 시그니처메뉴로 제철맞은 산지직송 신선한 활어회와 여러가지 해산물을 푸짐하고 화려하게 즐길수 있는 강남역 회식장소로도 매력적이죠. 친절한 서비스와 함께 철따라 달라지는 맛있는 활어회에 술 한잔하기에 최고라고 할수 있네요. 기름이 진하게 제대로 오른 활고등어회와 고소하면서 맛있는 학꽁치 활어회, 그리고 생선회의 황제라 불리우는 줄가자미와 참가지미회, 접시의 문양 그대로 비치는 복어사시미 화려한 맛 즐길수도 있고, 전복, 성게, 뿔소라, 멍게 등 여러가지 해산물이랑 북지리와 튀김, 회무침 그리고 서더리매운탕 일품요리까지 오마카세 맛집 추천해요",긍정적,긍정적
2024-10,"회사 점심시간때 일주일에 한번씩은 꼭 가는곳
양도 푸짐하지만 일단 신선하고 맛나요
그리고 사장님부터 직원분들까지 너무 친절하셔요
매장도 깔끔하고 넓어서 꼭 회식하고 싶은곳!!
강추 드립니다~~한잔하로 저녁에도 가야겠네요ㅎ",긍정적,긍정적
2024-10,"지나가다 보고 앗!! 맛집의 냄새가~해서 들어온 만복회해산물!!
점심시간에 동료들과 뜨끈한 알탕 먹고싶어서 들어왔는데
사장님이 일단 너무너무 친절하시고 음식맛도 말모말모!!!
해산물좋아하는 직장인에게는 천국같은곳🫶
다음번에는 저녁회식으로 와야겠어용 ㅎㅎ
날씨가 쌀쌀한 요즘 뜨끈하게 알탕 드신다면 완전 츄천이용!!!",긍정적,긍정적
2024-10,"생대구탕 너무너무 깔끔한맛~
가자미구이 고등어 구이도 고소하고 넘 맛있어요~
재방문각",긍정적,긍정적
2024-10,깔끔하고 매장이 넓어서 좋습니다! 점심 특선이 잇어서 너무 좋네요 직장인분들 식사하기 좋은 위치라서 추천헙니다!! 🐠🐟🐡🍤🎏,긍정적,긍정적
2024-10,"회사 앞이라 동료들과 몇번째 왔어요
양이 엄청 많고 반찬도 많아서 만족해요",긍정적,긍정적
2024-09,"회사 근처 점심때 이용했는데 테이블도 넓고 음식도 맛있고 친절해서 계속 이용 중입니다.
오늘의 메뉴는 그날그날 신선한 해산물에 따라서 메뉴가 바뀌는 듯(이것도 마음에 듬)
대게라면은 비쥬얼을 보고 깜놀, 맛도 아주 좋음.
암튼, 내부 시설이 깔끔해서 좋음. 저녁에도 한번 방문해봐야겠음.",긍정적,긍정적
2024-10,처음 오픈하고 궁금해서 왔는데 매장도 너무 깔끔하고 음식도 맛있네요! 추천합니다!,긍정적,긍정적
2024-09,"저 비린내를 못버텨서 해산물을 잘 못먹는데 여기는 굴이던 다른 음식이던 너무 신선해서 비린내가 전혀안나서 너무 맛있게 먹었습니다!

다음에 또 방문 하겠습니다! 잘 먹었습니다!",긍정적,긍정적
2024-09,밑반찬도 푸짐하고 재료들이 싱싱해요. 직장인들 부담없이 점심식사하기 좋아요. 메뉴가 다양해서 다음엔 회덮밥정식도 먹어보려고 합니다.,긍정적,긍정적
2024-10,"그릇이 짱크네욤 ㅎㅎㅋ
맛있게 잘 먹고 갑니다!!!",긍정적,긍정적
2024-10,"회덥밥이 실하다고 지인에게 소개 받아서 와봤는데 아주 좋네요. :)
리뷰 이벤트로 홍합탕과 생선구이까지 알차게 먹었습니다!",긍정적,긍정적
2024-10,사무실 근처 새로 생긴 횟집 고등어 구이도 맛있고 양도 좋아서 점심때 든든해요.,긍정적,긍정적
2024-10,"이곳이 강남의 일등 부둣가입니다!!!

해산물을 먹고싶다면 여기입니다 !!!
모든 해산물들이 EVEN한 신선도를 유지합니다",긍정적,긍정적
2024-10,점심특선 메뉴가 많고 좋습니다. 이번엔 알탕이지만 다른메뉴들도 한번씩 다 먹어볼 예정!,긍정적,긍정적
2024-10,"기본찬도 깔끔하고 오늘의 탕도 신경써서 내주는 거 같아요.
맛있어요.",긍정적,긍정적
2024-10,"가성비 괜찮은 집 입니다.
탕종류가 2인 이상인데 좀 아쉽지만
리뷰 이벤트 참여 하면 생선구이와 홉합탕이 공짜 였어요. 반찬은 두부구이 양배추쌈 김치 고등어조림 김이 나왔습니다.",긍정적,긍정적
2024-10,맛있습니다~~ 저녁도 맛있을거 같아요,긍정적,긍정적
2024-09,"가격도 좋고 맛도 좋아요!
너무 맛잇게 잘먹엇습니다
알탕이 정말 맛잇네요
오늘의탕도 추천드려요!!
담번애 또 올 의사 100프로 에여!!",긍정적,긍정적
2024-10,"맛도좋고 서비스도 풍성합니다
신선하고 감칠맛넘치는 음식들의 향연이었습니다",긍정적,긍정적
2024-09,"신선하고 맛납니다. 아귀 민어 보리새우 무늬오징어 단새우 성게 종류도 고급져요 앞으로 모임할때 또 와야겠어요!!!
즐거운 저녁시간 보낼수 있어서 행복한 시간이였어요^^",긍정적,긍정적
2024-10,"음식이 깔끔하고 너무 맛있어요
직원들도 친절하고 서비스도 좋아요",긍정적,긍정적
2024-09,"와 이가격에 자연산 이시가리에 자연산 참돔 모든게 자연산인데 이가격?? 말이 안됩니다 사장님 성격도 시원시원 하시고 1호점에서도 먹어봤는데 2호점도 미쳤습니다.
가격대비 진짜 강남에 이런곳 없고 동해? 현지가도 바가지때문에 이가격 절대 쉽지 읺습니다.
찐 방문자 리뷰니 절대 걱정 ㄴㄴㄴ

미쳤습니다 맛도 구성도 와.... 나만 알고 싶은 곳이지만 여기는 사장님 돈쭐내줘애 합니다.

한번 와보시면 단골 59000%

한두달후 또 방문예정입니다.",긍정적,긍정적
2024-11,방문때마다 항상 친절하시고 식사는 변함없이 맛있습니다! 점심메뉴도 좋고 저녁 식사로도 좋더라구요! 매장도 쾌적한 편이어서 식사하기가 참 좋습니다👍🏻,긍정적,긍정적
2024-10,"기본 찬도 잘 나오고
맛있어요
주 1회 이상 오는데
밤에 술 먹기도 좋아요",긍정적,긍정적
2024-09,사장님 친절하셔서 즐겁게 먹었습니다. 메뉴도 하나하나 설명해주셔서 알고 먹는 느낌이네요. 가성비 좋아 회식이나 지인들과 먹기 좋을 것 같아요. 재방문 완전 의사 있습니다.,긍정적,긍정적
2024-10,"회덮밥을 시켰는데
알록달록한 색감이 미각을 자극하네요.
쳐지기 쉬운 수요일에 활력이 됩니다.
좋은 메뉴로 함께 식사하는 동료들과도
기분 좋은 점심 시간이 되었네요.

감사합니다.",긍정적,긍정적
2024-09,강남역 근처 만복회해산물에서 회덮밥과 미니우동으로 든든한 한 끼! 🥢 신선한 회에 매콤달콤한 양념이 환상적이었어요~ 깔끔한 우동도 한 그릇 추가하니 금상첨화! 강남에서 해산물 땡길 때 딱이네요 😋,긍정적,긍정적
2024-10,밑반찬 좋고 횟감 신선한거 사장님이 설명해주셔서 디게 잘먹고 나왓어요!ㅎㅎㅎ 점심 알차게 먹어서 좋았어용,긍정적,긍정적
2024-10,이 근처에서 가장 신선하고 양많은 회덮밥이에요!! 가성비 좋고 반찬도 잘나와서 양도 푸짐 맛도 최고!!!,긍정적,긍정적
2024-10,"반찬이랑 메인 다 하나하나 다 맛있고 엄청 깨끗해요!
인근에서 제일 맛있어요 😃
늘 붐비는 곳",긍정적,긍정적
2024-10,주변회사를다녀서 가끔오곤하는데 재료도너무신선하고 맛있습니다!! 직원분들도 너무 친절해요~,긍정적,긍정적
2024-09,맛있고 정갈하고 아주 좋아요,긍정적,긍정적
2024-11,"새로 오픈해서 그런지 가게가 아주 깨끗하더라구요! 거기다 친절까지하시고, 음식은 맛있었습니다",긍정적,긍정적
2024-10,너무 맛있습니다!! 홍합 서비스 감사해요!,긍정적,긍정적
2024-10,"점심먹으러 왔는데 강추합니다
바다향이 물씬 나서 좋았어요 ㅋㅋ
저녁에도 와보고싶네요",긍정적,긍정적
2024-10,"항상 지나다니면서 보기만 했는데 매장도 깔끔하고 친절하셔서 들어오자마자 기분이 좋았어요!
음식도 깔끔하고 맛있어서 자주 올 거 같아요😆",긍정적,긍정적
2024-10,밑반찬이 맛있어요!,긍정적,긍정적
2024-09,"점심메뉴 가성비 좋아서 자주 와요!
신선한 재료인게 느껴지는 음식들도 좋습니다~",긍정적,긍정적
2024-10,"회사 옆이라 자주 이용하기 좋습니다~
쌀쌀해지는 요즘 뜨끈하게 탕 먹기 좋구요!
반찬이며 음식이 정갈하게 나와서 개인적으로는 맘에 듭니다~^^",긍정적,긍정적
2024-10,"점심 특선 먹으러 왔는데 너무 맛있어요~~~~
반찬도 맛있고~~~
또 방문의사 있습니다.",긍정적,긍정적
2024-10,회사 근처라서 점심 식사로 자주 오는데 양도 많고 맛있어요!! 단체로도 오기 좋습니다👍,긍정적,긍정적
2024-10,"식사 메뉴도 알차고,
점심 메뉴도 있어요.
간장새우 서비스도 있었어요.
사장님이 친절하고 분위기도 좋아요",긍정적,긍정적
2024-11,음식이 신선하고 맛있어요. 가격도 괜찮아요.,긍정적,긍정적
2024-10,다양한 메뉴가 있어요! 사케동도 맛있어요!담에 또 올게요~🍣,긍정적,긍정적
2024-10,점심에 방문했는데 음식도 맛있고 분위기도 좋습니다! 추천합니다,긍정적,긍정적
2024-10,"대구탕싱싱하고맛있어요
가격도좋고 자주와야겠어요",긍정적,긍정적
2024-10,"오늘또왔어요
재료가 신선하고 맛있습니다~~👍👍
다른 메뉴. 먹으러 또올거같아용~^^",긍정적,긍정적
2024-10,회사근처에 오픈해서 점심에 자주 오고 있어요~음식도 맛있고 재로도 신선한 거 같아요. 직원분들도 친절하세요.저녁에 오마카세 메뉴도 먹어봤는데 소규모 회식장소로도 추천해요:),긍정적,긍정적
2024-10,회사 근처에 새로 생김 만복회해산물 너무 맛있어요!!! 분위기도 좋고 사장님도 너무 친절하세요~~,긍정적,긍정적
2024-10,"음식이 너무 깔끔하고 맛있어요!
저녁에도 와봤는데 너무 맛있어요~~
자주 애용합니다",긍정적,긍정적
2024-10,맛은 물론 서비스도 푸짐해요~~ 재방문할꺼에요!!,긍정적,긍정적
2024-10,"서비스로 홍합탕이랑 생선구이까지!!
매장도 넓고 회덮밥 그릇 크기가..ㅋㅋㅋㅋ 장난아닙니다!!",긍정적,긍정적
2024-10,깔끔하니 좋아요 맛있고 서비스 좋아요,긍정적,긍정적
2024-11,"친절하고 음식이 깔끔해요
추천 드립니다~",긍정적,긍정적
2024-10,깔끔하고 맛있어요~,긍정적,긍정적
2024-10,첫 방문인데 깨끗하고 음식도 신선한 재료로 만들어 주셔서 맛있었습니다. 직원분께서 세심하고 친절하게 안내를 잘 해주셔서 재방문 하고싶네요~~,긍정적,긍정적
2024-10,음식 정갈하고 맛도 좋아요,긍정적,긍정적
2024-10,새로 오픈해서 그런지 매장내부도 깔끔하고 해산물이 생물이라 좋아요!!,긍정적,긍정적
2024-10,"점심시간에 방문했는데 가격도 괜찮고 사장님이 너무 친절해서 들어오자마자 기분이 좋았어요!
손님도 많고 맛도 있어요!",긍정적,긍정적
2024-10,"재료도 신선하고 맛있게 잘먹었습니다^^
제철 꽃게 점심식사로 너무 좋았어요~!",긍정적,긍정적
2024-10,친절하고 푸짐하고 신선해서 넘 맛있어요.,긍정적,긍정적
2024-10,양도 많고 싱싱해요! 매장이 넓고 쾌적해서 좋아요~ 단체로 와도 좋을거 같네요.,긍정적,긍정적
2024-10,"지인추천으로 왔는데 점심맛집~~!!
저녁에 오마카세 먹으러 올예정!!
참골뱅이가 있어서 두근두근 기대중~~",긍정적,긍정적
2024-10,"음식 깔끔하고 퀄리티 대비 맛있습니다!!
점심도 좋은데 저녁도 가성비짱이에요",긍정적,긍정적
2024-10,"든든하고 건강한 한끼 먹고 싶을때 자주 와요!!
앞으로도 맛있는 요리 부탁 드려요♥",긍정적,긍정적
2024-10,너무 맛있게 잘먹었습니다,긍정적,긍정적
2024-10,직원분들도 친절하시고 음식도 괜찮습니다! 평소 비린 맛을 싫어하는 저인데 여기서는 맛있게 먹을 수 있었습니다!,긍정적,긍정적
2024-10,"깔끔하고 서비스 좋고 맛도 좋아요
직장인 점심 회식장소로 적극 추천힙니다.",긍정적,긍정적
2024-10,"음식이 깔끔하고 맛있어요!
잘 먹었습니다:)",긍정적,긍정적
2024-09,"오늘도 역시 신선하고 맛있네요.
처음 같이 온 동료도 만족스러워하니 흐뭇하네요^^",긍정적,긍정적
2024-10,점심 메뉴로 처음 왔는데 반찬도 잘나오고 맛있어요!,긍정적,긍정적
2024-10,회사근처에서 밥먹기 좋아용 맛있습니당♡,긍정적,긍정적
2024-10,"처음와봤는데. 분위기 깔끔하고 정갈해요
메뉴도 다양하고. 맛있어요~
회사 근처에 있는데 자주올거같아요!^^",긍정적,긍정적
2024-10,맛있게 먹었습니다. 음식 깔끔하네요,긍정적,긍정적
2024-10,맛있어요. 가까워서 자주 오게 되네요!@,긍정적,긍정적
2024-09,"해산물재료가 신선해서 주 1회이상은 꼭 가는 집이예요.
오늘의 탕 대구지리 먹었는데 시원하고 맛있었어요~
사장님~변치않고 오래 오래 자리를 지켜주세요^^",긍정적,긍정적
2024-10,생선이 신선하고 구이와 조림도 맛있어요!! 점심특선이 좋아서 자주와요!,긍정적,긍정적
2024-10,음식도 금방 나오고 반찬도 맛있게 먹고 갑니다~,긍정적,긍정적
2024-10,우연히 들어온 곳인데 식당도 깨끗하고 음식도 너무 맛있어요~,긍정적,긍정적
2024-09,시원한 대구탕과 서비스 메뉴(홍합탕 가자미구이)도 맛있습니다 추천합니다,긍정적,긍정적
2024-10,처음에는 별로인 것 같앟으나.지금 벌써 세 번째 방운합니다!,긍정적,긍정적
2024-10,"아주 가게가 깨끗하고 좋았습니다.
가성비 좋고 음식도 맛있었어요",긍정적,긍정적
2024-10,신선하고 맛있어요,긍정적,긍정적
2024-11,서비스 너무좋아요,긍정적,긍정적
2024-10,음식이 깔끔합니다 맛있게 먹었습니다^^,긍정적,긍정적
2024-10,해산물이 신선하고 맛있어요 가격도 좋아서 자주 오고 싶은 곳이에요😊,긍정적,긍정적
2024-10,양이 많고 매우 신선합니다. 강추,긍정적,긍정적
2024-10,"음식도 맛있고
직원분도 너무 친절하시네요~~
자주 올 듯 합니다^^",긍정적,긍정적
2024-10,깔끔하고 음식이 맛있습니다. 👍👍👍 홍합탕도 맛있어요~~~,긍정적,긍정적
2024-10,점심시간 부담없이 식사할 수 있고 재료도 신선하고 가게도 깔끔합니다.,긍정적,긍정적
2024-10,새로 생겨서 동료랑 갔는데 서비스도 많이주시고 좋네요~,긍정적,긍정적
2024-10,음식이 신선하고 밑반찬도 모두 맛있었어요!,긍정적,긍정적
2024-09,"점심 메뉴 회덮밥 맛있습니다.
회가 싱싱하네요!!",긍정적,긍정적
2024-09,식사 맛있고 가성비 좋습니다,긍정적,긍정적
2024-09,"반찬이 엄청 깔끔하고 직원분들이 친절하셔서
굉장히 기분 좋은 점심식사였어요 ㅎㅎ
직장인분들 점심 장소로 추천합니더!!",긍정적,긍정적
2024-08,"점심에 방문하였는데, 다방면에서 약간의 아쉬움이 있었습니다. 오픈 초기라서 어수선해서 그런가봐요. 번창하시길 바랍니다.",부정적,긍정적
2024-10,고등어 구이 맛잇어요~,긍정적,긍정적
2024-10,점심때 방문하기 좋아요!,긍정적,긍정적
2024-10,회덮밥이 맛있습니다😋,긍정적,긍정적
2024-09,"친절하고 음식도 깔끔하네요
맛도 좋아요",긍정적,긍정적
2024-09,"너무 신선하고 맛있어요!
재방문인데, 자주 올 예정",긍정적,긍정적
2024-09,"양도 많고 음식도 맛있고 깔끔하고
사장님도 친절하세요",긍정적,긍정적
2024-09,점심에 쫌만 늦으면 웨이팅이네요. 친절하시고 맛있고 좋아요~~,긍정적,긍정적
2024-10,친절하고 맛있어요,긍정적,긍정적
2024-10,너무맛있어요,긍정적,긍정적
2024-10,너무 맛있어요 신선깨끗,긍정적,긍정적
2024-10,맛있어요,긍정적,긍정적
2024-09,사무실 근처 맛집이네요!,긍정적,긍정적
2024-09,음식이 너무 맛있어요~,긍정적,긍정적
2024-09,직원분들이 친절합니다,긍정적,긍정적
2024-09,맛깔나게 잘나옵니다,긍정적,긍정적
2024-09,"맛있고, 친절해요",긍정적,긍정적
