Date,Review,sentiment,Sentiment2
2024-11,"뱅뱅사거리 고기 찐맛집입니다! 고기만 놓고도 진짜 품질 좋고 맛있는데, 같이 나오는 소스와 반찬들도 정갈하고 다양해서 여러가지 조합으로 먹을수 있어 더 맛있었어요. 직접 구워주셔서 가장 완벽한 굽기로 먹을수 있는것도 너무 좋았습니다! 👍🏻👍🏻👍🏻👍🏻👍🏻",긍정적,긍정적
2024-11,서초구청점만 다니다 처음 방문했어요. 매장은 더 넓고 퇴근시간이후라 회식하는 팀들이 많아 내부는 시끄러워 가족단위팀에게는 분위기가 편치는 않습니다. 그래도 고기는 항상 맛있고 직원분들 응대나 서비스 좋아요. 집에서 더 가까워 자주 방문하게 될거같습니다. 사이드로 선택할수있는 누룽지나 볶음밥 등이 있어 고기 안좋아하는 가족이 있어도 선택할 메뉴가 있어 좋아요. 밑반찬도 손가는 반찬으로만 구성되어 있습니다.,긍정적,긍정적
2024-10,남편이랑 강남에 볼 일 있어서 방문했고 고기를 먹어야할 것 같아서 김일도 뱅뱅점 방문했어요. 내부는 깔끔하고 고기를 직접 구워주셔서 너무 편하게 먹을 수 있었습니다. 서비스로 김치찌개도 주셨어요 ㅎㅎ 이 가격에 강남에서 고기를 먹을 수 있다는게 믿기지 않았어요! 방문하셔서 꼭 드셔보세요~,긍정적,긍정적
2024-11,"고기를 구워줘서 편하게 대화하며 먹을 수 있어요~~
고기도 맛있었어요~♡
반찬이 대체적으로 좀 단편이예요~~
마지막 먹은 깍두기 볶음밥은 달고 짭짤해요~~
(너무 고추장맛)
남자들은 좋아하더라구요 ㅋㅋ",긍정적,긍정적
2024-10,"김에 싸먹는 신박한 고깃집!
고기도 다 구워주시고 육질이좋고 신선합니다
소세지도 완전 맛있어서 모둠으로 주문하시는것추천해요
밑반찬도 다양하고 특색있네요^^ 최고에요. 재방문 의사 만점
식사권을 제공받아 작성하는 리뷰 입니다.",긍정적,긍정적
2024-10,"집근처라서 항상 지나갈때마다 저녁시간에 손님들이 바글바글 한것보고 다음만 기약하다가, 저번에 어른분모시고 한번 방문하셨는데 너무 친절하신 직원분들은 물론, 깔끔하고 다양한방법으로 삼겹살을 먹을수있어서 너무 맛있게 먹고, 오늘 또 방문했습니다~ 여전히 매장 직원분들 분위기와 질리지 않게 여러가지로 먹는게 좋네요~ 처음에 서비스로 나오는 김치찌개에 소주1병은 그냥.... ㅎ 근처 계신분들은 꼭 먹어보세요 일반 삼겹살이랑은 달라요~",긍정적,긍정적
2024-11,"고기도 맛있고 직접 구워줘서 편하게 먹을 수 있어서 좋아요
김에 싸먹는건 처음인데 맛있어요!",긍정적,긍정적
2024-09,"김에 싸먹는 숙성돼지고기!
김일도 소스에 푹 적셔먹는 고기맛 진짜 맛있어요👍👍 고기도 일일히 다 구워주시고 한상차림 양도 엄청 많아요!
김치찌개도 완전 찐~한 맛에 너무너무 맛있습니다😣😣 찬이 골고루 종류도 많고 매장도 깔끔하고 좋습니다~!! 테이블 규모도 넓어서 단체로 방문하기도 좋을 것 같아요❣️",긍정적,긍정적
2024-08,고기를 정말 맛있게 구워 주시고 설명도 잘해 주시고 김에 다 싸 먹는 고기에 진짜 맛있네요 많이 들어봤는데 매장을 방문한 건 처음인데요 고기가 정말 최고예요 이렇게 맛있게 먹을 수 있을 줄이야 가격도 가성비 좋게 괜찮더라고요 만족하고 먹었습니다,긍정적,긍정적
2024-10,김일도 한판 먹었는데 고기 직접 구워주셔서 편하고 고기 육즙도 풍부해서 진짜 맛있게 먹었습니다! 사이드 메뉴로 누룽지랑 김치찌개까지 마무리 잘했습니다. 매장도 넓어서 회식이나 가족 식사하시기 좋은 곳입니다.,긍정적,긍정적
2024-08,오 고기를 좋아하는 편이라 기대했는데 기대 그 이상의맛…고기 야들야들 부드러운데 느끼하지 않고 다양한 곁들임 메뉴들이 있어서 질리지 않고 먹기 좋아요 김치찌개도 얼큰하니 고기와 함께 먹기 딱 좋은 궁합이라 너무 맛있음 강추강추!,긍정적,긍정적
2024-07,고기질도 엄청 좋고 맛있어요. 캐치테이블로 예약했는데 만족스럽습니다. 김일도 소스에 명란장이랑 백김치 조합부터 다양한 조합으로 먹을 수 있어서 좋아요. 돼지고기 맛있게 구워주시고 먹는 방법도 추천해 주셔서 더 맛있게 먹었어요. 가격도 저렴한데 좋은 고기 맛있게 구워서 먹으니까 육즙 터지더라고요. 그리고 수제소시지도 강황가루에 찍어 먹으면 맛있어요~ 사람에 따라서 먹는 속도 생각해서 구워주시고 직원분 친절하셨어요. 추천합니다.,긍정적,긍정적
2024-08,"제가 방문한 고기맛집들 중에서 제일 맛있었는데 기본찬 부터 고기까지 맛이 부족하거나 아쉬운점이 없었고 사장님도 엄청 친절하시고 주차도 가능해서 너무 만족하고 갔어요.
강남역 양재역 근처 고깃집 들 중에서 제일 맛있고 깔끔했어요",긍정적,긍정적
2024-10,"김일도 언제와도 마싯어용
직원분들도 넘 친절해용 ❤️",긍정적,긍정적
2024-10,"고기도 맛있고 서비스로 주시는 찌개도 맛있어요👍
반찬도 정갈하게 나오고
매장이 깔끔하고 넓고 좋아요!😉👍",긍정적,긍정적
2024-07,김일도 한판 대박이에요!! 가격도 착하고 넘 맛있습니다 직접 다 구워주셔서 편하게 먹고 왔어요😄 수제 소시지도 맛있는데 한판 주문하면 나오는 김치찌개도 진짜 웬만한 김치찌개 전문점보다 맛있었습니다!👍 완전 회식 장소로 강추,긍정적,긍정적
2024-10,"다들 친절하시고 고기도 구워주셔서 편하고 너무 맛있게 먹고 왔습니다!!
김일도 소스도 맛있고 곁들여 먹을 수 있는 다양한 찬들이 많아서 조합해 먹는 재미가 있어요!
사이드로 깍두기 볶음밥, 누룽지, 김치찌개 강추입니다 😊",긍정적,긍정적
2024-08,"고기를 직접 구워주셔서 너무 맛있게 먹었어요
고기 질도 좋고
반찬도 셀프바 있어서 무제한으로 먹을수 있어서 좋았습니다 ㅎㅎ",긍정적,긍정적
2024-08,"동생이 이동네 살아서 놀러가면 항상 가는곳이에요
일단고기 구워줘서 편한게 좋구요
고기가 맛있어요 찬들도 정갈하게 나오고 서비스찌개도 맛있고 고기를 김과백김치에 싸먹으묜 무한대로들어가지유 ㅎㅎ",긍정적,긍정적
2024-08,"강남에서 회사 다니는 친구가 회식때 다녀와서 맛집이라고 극찬하길래 남자친구랑 다녀왔어요!! 고기 자체가 신선해서 너무 맛있고 강남물가에 58,000원으로 5가지 종류의 고기와 수제 소세지를 먹을 수 있어서 좋아요 ㅎㅎㅎ 직접 구워쥬시면서 곁들일 반찬 설명해주십니다!! 명이, 명란, 강황, 와사비, 파김치, 갓김치, 궁채, 씻은지, 김 등 다양한 곁들임이 있어서 다채롭게 먹기도 좋습니당 !! 나중에는 부모님 모시고 재방문 할거예요 ㅎㅎㅎ",긍정적,긍정적
2024-11,고기의 질도 너무 좋고 친절하세요 게다가 김치찌개은 킹왕짱,긍정적,긍정적
2024-09,"고기가 진짜 맛있다는 후기보고 왔는데 진짜 맛있어요❤️
다 구워주셔가지고 너무 좋았어요👍👍
맛나게 먹고 갑니다",긍정적,긍정적
2024-08,"오랜만에 방문한 김일도
김일도 한판으로 가브리살 항정살 삼겹살까지 먹가
소세지까지

고기도 숙성이 잘 되서 부드러우면서 고소하고
고기와 함께 먹을 소스 반찬도 너무 맛있었다",긍정적,긍정적
2024-11,자주오는 김일도 뱡뱅점인데 올때마다 맛있게 먹고 갑니다~ 친절하고 고기도 다 구워주셔서 애들이랑 와도 좋아요~ 단체모임도 많이 하네요~ 주밀 저녁 고기생각날때 딱이에요~,긍정적,긍정적
2024-08,"강남 뱅뱅사거리 고깃집
사람사는고깃집김일도 뱅뱅점
고기도 너무 맛있고
친절하게 다 구워주셔서
맛있게 잘 먹었습니다ㅎㅎㅎ",긍정적,긍정적
2024-06,"뽀꿈밥에 계란이 두 개인 거 보니 이게 그 말로만 듣던 계란 플러팅인거 같기도 하고.. ☺️
어제 유독 고기 맛이 더 좋던데 맛있게 꾸워주셔서☺️ 그런지 칭구들이 와서 그런지 🩶
멀리서 와준 친구들이 강남 최고 맛있는 고깃집으로 데려가달라고 해서 그래? 그렇담 김일도지 하고 데려갔는데 역시 어깨 든든 뿌듯
다들 너무 맛있다고 고기도 뿌시고 소시지도 뿌시고 뽀꿈밥도 뿌시고 소주도 뿌시고 물론 맥주병도 뿌시긴 했어요..🤦🏼‍♀️😨🥹🫶🏻
이게 다 맛이 없었으면 일어나지 않았을 일 ^^!
처음 가는 친구들이라 이것저것 먹는 방법도 설명해 주신 덕분에 아주 많이 먹었습니다🐖🐖
여름에 더운데 고기꿉고 불판 있고 싫잖아요 ㅠ
김일도는 처음부터 끝까지 다 꾸워주시고 매장 너무 시원해서 스트레스 안 받고 식사하기 완전 가능 👏🏻",긍정적,긍정적
2024-10,"부모님 모시고 다녀왔는데 너무 맛있었어요
고기를 다 알아서 구워주시고 먹는 다양한 방법까지 알려주셔서 너무 좋았답니다
고기질이나 맛이나 가성비 대비 근처의 고기집 중 원탑~!!입니다👍👍",긍정적,긍정적
2024-05,"❤️🧡역삼동 고기집 사람사는고깃집김일도 뱅뱅점에 주말점심 먹으러 다녀왔습니다. 🥰김일도한판을 먹었는데 오랜만에 돼지고기 맛있는 집을 발견해서 리뷰 남깁니다.
1. 672시간 즉 28일간의 김일도고기숙성
2. 김일도 특제소스
3. 전남 강진 돌김
4. 최진산 소금
뱅뱅사거리 맛집
역삼초교 근처 맛집으로 단체회식하기 넓은 공간이 확보되어 있고 무엇보다 질좋은 고기의 가성비가 참 마음에 듭니다. 저희딸도 저도 입맛이 까다로운데 김일도 뱅뱅점 고기 먹고는 만족도가 높다고 서로 별점 ⭐️⭐️⭐️⭐️⭐️이라며 후기리뷰를 남겨 봅니다.
참, 네이버 리뷰 참여 고맙다고 필살기 곁들임도 7가지중에 선택해 보라고 하네요~ 친절하고 훈훈한 사장님의 넓은 배려에 또 한번더 감동 입니다. 5/15(수) 스승의날에 재방문예약각~! ㄱㅅ",긍정적,긍정적
2024-09,"믿고 먹는 김일도!!! 원래도 좋아하는 김일도인데 뱅뱅점은 다른 지점보다 더 친절하네요 ㅎㅎ 앞으로 김일도 갈 일 있으면 뱅뱅점으로 오려구요 ㅋㅋㅋ
고기 구워주신 직원분도 잘생기시고 ㅎㅎ 맛도 있고 쾌적하고 기분좋게 식사하고 갑니다!!",긍정적,긍정적
2024-06,"둘이서 김일도 한판 먹었는데 양 완전 많은데 그래도 볶음밥까지 시켜서 먹었습니다ㅋㅎㅎ
처음부터 끝까자 직접 구워주셔서 더 맛있음ㅠ 삼겹살 목살 모두 맛있는데 찐은 수제소세지예요. 김일도한판에 같이 포함돼서 나오는데 볶음밥하나 사이드 시켜서 소제지 올려먹으면 그저 대박임,,!",긍정적,긍정적
2024-05,"제가.. 김일도만 가는 돼지사람 같나요 ?
네니오 🫶
회를 못 먹어서 집 근처 맛있는 고깃집을 찾다 보니 
사람 사는 고깃집 김일도 뱅뱅점이 있지요/...
맛도 있고 고기도 잘 꾸워 주시고 매장도 화장실도 깨끗하고 세상 친절..❤️
그때 부터 였어요... 제가 김일도만 찾던 게 ㅋㅋㅋ
왜 다른 집을 가야 하는지 모르겠던데 ㅎㅎ희희
🩶제가 맛있는 메뉴들 중에서도 진짜 찐찐 맛있는 메뉴 알아왔어요
이 방법 메뉴판에도 없는 건데 
🩶김일도 한판 시켜서 열심히 먹고, 가브리살 추가한 다음 소세지도 열심히 먹고 
깍두기 볶음밥을 시켜가지고 불판 위에 올려놓고 소주 세잔 정도 짠 하고
먹으면 ? ㅇ.ㅇ 진짜 세상 우울한 월요일에 가도 계속
웃음 나던데 😊
이거 진짜 찐 맛이라 내일 점심에 가서 먹어야겠어욤😊💚",긍정적,긍정적
2024-07,뱅뱅사거리 레전드 고기집.. 기본 찬부터 고기까지 하나도 안 빼놓고 전부 다 맛있어요. 근래들어 가본 고기집중에 최고입니다! 직원분들도 친절하셔서 더더 좋았어요. 재방문 의사 완전 있습니다!,긍정적,긍정적
2024-07,"숙성된 고기 향과 맛이 너무 훌륭했어요.
불판 위에 소스는 한약재로 만들어서인지 맛도있는데 건강까지 챙겨가는것 같았어요. 명란마늘소스도 맛있었고
파김치랑 갓김치도 👍👍👍
배불러서 후식을 못먹은게 넘 아쉬워요ㅠ",긍정적,긍정적
2024-06,"김일도 다른 지점만 가보고 뱅뱅점에 처음 왔는데 여기고기가 엄청 신선하고 맛있네요!
직접 다 구워주셔서 편하게 먹기만 하면 되고, 곁들여먹는 반찬들도 다 맛있었어요. 특히 한방 특제소스 이거 뭐죠??ㅎㅎㅎ 넘 중독성 있는 맛이어서 김에 싸서 계속 찍어 먹었네요👍
원래 소세지 잘 안 먹는데 수제 소세지라고 해서 먹었다가 인생 소세지를 여기서 찾았네요... 진짜 최고에요! 꼭 추가해서 드셔보세요!!",긍정적,긍정적
2024-05,"와아아완전맛집!!!!! 숙성시킨 고기 대박 통통하고 육즙이 장난아닌데, 직접 맛있게 속도에 맞게 구워주시고~ 다양한 양념과 소스에 곁들여먹으니 완전 고기 오마카세!! 정성과 맛에 감동 전반적인 구성에 또 감동❤️🧡❤️ 김치찌개랑 냉면도 넘 맛나요, 여기 자주올듯!!!!!><",긍정적,긍정적
2024-10,직접 구워주고 밑반찬 존맛탱집. 10번은 더온 집...ㅋㅋㅋㅋ,긍정적,긍정적
2024-07,고기도 넘 좋고 맛있어요! 서비스로 주신 찌개도 고퀄이고 후식으로 냉면 먹으니 더운날 시원하고 좋았습니다 😆😆 사장님도 친절하셨어요! 집 근처라 자주 올 것 같아요!,긍정적,긍정적
2024-04,"정말 맛있는 숙성고기예요. 점심시간에 먹는 고기맛과 친절하게 구워주시는 서비스 만점 김일도랍니다. 자주 가는 김일도는 믿을수 있는 고기집이고 실패 없는 식당이예요. 수제소세지도 너무 맛있고, 냉면마저 맛있네요
매일 매일 먹고 싶은 곳이랍니다
주차가 편해서 더더욱 좋아요
회식이나 모임하기 너무 좋은곳입니다
너무 잘먹었습니다
대박나세요~!!",긍정적,긍정적
2024-07,맛있고 푸짐하고 사장님도 친절하셔서 좋아요! 다음에도 회식때 또 오고싶은 곳입니다!,긍정적,긍정적
2024-05,김일도뱅뱅점 퇴근하고 강남 삼겹살회식하기 짱 좋아요 👍 👍 👍 구워주시고 고기 먹는 조합 다양해서 입이 즐거워요 ㅎㅎ 냉면이랑 깍두기 꼭 주문하세용 ㅎㅎ 잘먹고 갑니당~~^^,긍정적,긍정적
2024-06,"회식이든 친목이든 맛집 데이트든 어떻게 와도 너무 맛있어서 만족할만한 곳이라고 생각해요
고기가 정말 맛있고 같이 곁들일 수 있는 반찬 구성이 많고 맛있어요!
고기도 직접 다 구워주셔서 편하고 맛있게 잘먹었습니다🤗",긍정적,긍정적
2024-05,회식차 방문한 식당입니다. 처음 5.8만원짜리 세트를 먹었는데 생각보다 가성비가 정말 좋았고 무엇보다 고기질이 좋았네요. 직접 구워주셔서 편하게 먹을 수 있었어요. 반찬이나 양념들도 다양하고 정갈하게 나와서 깔끔했습니다. 강남역 주변에선 회식장소로도 괜찮아보입니다.,긍정적,긍정적
2024-07,"N번째 오는 단골맛집 김일도,,
고기는 여기만한곳이 없어요,,,,
최고,,, 입니당 🥹",긍정적,긍정적
2024-04,김일도 워낙 맛있어서 여러 지점을 방문했는데 뱅뱅점이 진짜 제일 맛있음 ㅋㅋㅋㅋ 고기 퀄리티도 너무 좋지만 사장님이 너무 잘 구워줘서 육즙이 장난아니였어요!!! 각 부위마다 조합도 추천해주셨는데 사장님 추천 조합 존맛탱 ㅋㅋㅋ 겉바속촉 수제소세지까지 아주 완벽했어요! 오빠랑 나오면서 또 오기로 약속함 ㅋㅋㅋㅋ 대만족입니다욤,긍정적,긍정적
2024-04,주중에 종종 오다가 주말에 처음 와봤는데 사장님이 친절하게 고기도 구워주시고 바로 신선한 사이드들도 내와주셔서 정말 즐겁게 식사했습니다. 무엇보다 한우 퀄이… 넘 좋고 콜키지 되는 것도 정말 플러스에요! :),긍정적,긍정적
2024-05,"진짜 너무 맛있어요ㅠㅠㅠ
매장도 너무 깔끔해서 좋고, 고기도 확실히 숙성고기라서 그런지 다른 돼지고기랑 질이 다른 것 같아요...
다음에 또 올게용!!!",긍정적,긍정적
2024-04,"김에싸먹는 고기집 김일도 뱅뱅사거리 맛집 인정이에요 고기 다 구워주시고 부위별 맛있게 먹는 방법도 설명 해 주셔서 고급지게 즐긴 느낌이에요!!
특제 소스에 푹 담궈서 고기 먹으면 매콤하니 맛있고 김에 싸먹으먼 또다른 맛있는 맛이네요..💛
뱅뱅사거리 맛집 고기집은 무조건 김일도입니다!!!👍👍",긍정적,긍정적
2024-10,맛있고 친절해서 회식할때 종종 갑니다.,긍정적,긍정적
2024-10,맛있었습니당:)고기도 안 타게 잘 구워 주시고 넘 좋았어용 나오는 음식마다 모두 맛있어용,긍정적,긍정적
2024-05,"월요일부터 누가 술 먹냐면 전데요 주말 푹 쉬고 출근 짱나잖아요ㅠ🤯🫥
그렇담 스트레스 풀러 고기 앞으로 가야 하는데
그게 또 김일도 만 한 데가 없거든요 😖😅🫶🏻💙
맛이야 여전히 늘 최고구 속도 맞춰서 맛있게 꾸워주시고 벌써 날씨 더운데 매장 시원해요 !
고기 먹다 보면 잘생긴 직원이 이런 것도 주던데 그린라이트..?ㅋㅋㅋㅋ 🙂‍↔️웅 아니야 🙂‍↔️
평일에도 사람 많으니 예약 꼭 하시고 방문하세요🤓",긍정적,긍정적
2024-07,"아이들과 방문했는데 고기도 맛있게 구워서 주시고 아이들이랑 방문하기 너무 좋아요
고기도 너무 맛있어요
서비스로 주신 음식들도 만족스러웠습니다
재방문의사 있어요👍🏻👍🏻👍🏻",긍정적,긍정적
2024-09,"오랜만에 식구들과 같이한 저녁식사......
직원분께서 친절하게 고기도 구워주시고
설명도 해주시면서 청결한 매장에서
정말 기분좋고 맛있는 저녁식사 함께했네요~~~^^",긍정적,긍정적
2024-04,"🖤고기 탑3
가브리살
갈매기살
항정살
🖤곁들임탑3
소시지
깍두기볶음밥
속풀이한우된장술밥

저믿고 이거 다드시면 행복하게 나올듯➰

직원분들도 항상 친절하시고 너무 잘해쥬세요
감삼댱🫶🏻 맛있고 친절하고
고로 안갈 이유가 없찌요 ?
늘 사람 많으니까 예약 하시고 가십쇼

이상 또또또또간집 찐 단골의 리뷰였습니당",긍정적,긍정적
2024-03,"주변에서 김일도 맛집이라는 이야기를 듣고 저희 직원들이랑 다 같이 와봤습니다!! 일단 고기 질이 미쳤구요 저희가 진짜 잘 먹어서 엄청 많이 시켰는데도 고기 전부 잘 구워주셨습니다ㅠㅠ!!! 너무 흡입하느라 김치찌개랑 깍두기볶음밥 사진은 못 찍었지만 진짜,, 레전드 맛있으니까 꼭 드세요! 너무 친절하셨던 사장님! 번창하세요 단골할게요💙",긍정적,긍정적
2024-08,김일도 진짜 짱짱맛.. 친절하고 무엇보다 메뉴가 다 맛있어요 ㅠㅠ,긍정적,긍정적
2024-08,가성비끝판왕😉너무 맛나고 고기 다구워줘서 좋아요,긍정적,긍정적
2024-05,"부모님과 식사하러 구워주는 고깃집 찾다가 뱅뱅사거리 맛집 김일도 뱅뱅점 예약 후 방문했어요.
김일도 한판으로 숙성돼지모음 수제소세지 즐길 수 있는 메뉴로 주문했고 돼지고기 부위 설명해 주시면서 직접 구워주셔서 그냥 편히 먹기만 하면 되니 너무 좋더라고요.그리고 다양하게 곁들여 먹을 수 있는 반찬이 많고 부위별로 맛난 조합까지 설명해 주시니 부모님들이 너무 좋아하셨어요. 고기 육즙 장난 아니고 굉장히 부드러워서 가족식사나 회사회식 장소로도 좋은 곳이랍니다. 집근처 돼지고기 삼겹살 다양한 부위 먹을 수 있으니 자주 오려고요.
푸짐한 한상 고급진 분위기까지 최고라 추천해요^^",긍정적,긍정적
2024-07,"너무 맛있고 친절히 구워주셔서 먹기 너무 편했어요!
다음에 또 올 것 같아요!",긍정적,긍정적
2024-07,"고기정말 맛있는 김일도!!
고기도 맛나게 구워주시고 곁들임 반찬도 너무맛있어요!!
김치찌개랑 냉면도 꼭 드셔보세요",긍정적,긍정적
2024-08,고기도 다 구워주시고 특히 김조합이 미쳤습니다! 추천~~~,긍정적,긍정적
2024-03,"주에 1번은 꼭 오는 고깃집이에요!!
맛은 물론 하나 하나 다 챙겨주셔서 늘 행복하게 먹고가요😆
저희도 서비스직 종사자지만 서비스가 이런거구나 늘 느끼고 가는 음식점이에요 ㅎㅎ
저희는 삼겹살을 너무 좋아해서 오면 삼겹살을 많이 먹어용!!
오늘은 깍두기볶음밥도 먹어봤는데 너무 맛있어서 놀랬어용🫢
맛있고 서비스 좋기로 유명하지만 더 유명해졌으면 좋겠네요 늘 맛있게 잘 먹고갑니다🙌🏻
늘 기억해주시고 반겨주셔서 감사해용 이모님💖",긍정적,긍정적
2024-07,고기도 잘 구워주시고 맛납니다.,긍정적,긍정적
2024-06,"집앞에있어서 자주오는 김일도 🥰
직원분이 정말 친절하시고, 고기도 넘 맛있어요
사이드도 최고입니다,,,🫠❤️",긍정적,긍정적
2024-03,"김일도 뱅뱅점에서 먹은 수제소시지가 너무 맛있어서 계속 생각난답니다. 그리고 다양한 부위부위가 모두맛있었고, 김일도소스에 푹 담궈서 설명과 함께 김에 싸서 함께 파김치 올려서 먹으니 아주 꿀맛이더라구요!! 다양한 소스와 함께 곁들이는 절임채소들이 많아서 좋았습니다^^",긍정적,긍정적
2024-03,믿고 먹는 김일도!!! 숙성고기 육즙 진짜 미쳤구요... 같이 먹는 밑반찬 전부 다 맛있어요 😂😂 후식 냉면도 메밀면이라 돼지고기랑 조합 최고에요,긍정적,긍정적
2024-06,김일도 구워주니 편하고. 고기도 맛있어요. 매장도 깨끗?! 추천해요,긍정적,긍정적
2024-04,김일도한판 양도많고 가성비좋아요~~! 찍어먹는 소스가 다양해서 먹는재미가있었습니다❤️,긍정적,긍정적
2024-03,"오랜만에 방문했는데도
여전히 맛있고 친절하신
사장님, 직원분들 덕분에 올때마다 기분이 좋아요.
오자마자 먹느라 예쁜 고기 사진이 없지만
정말 맛있습니다
소시지 꼭 드세요!",긍정적,긍정적
2024-07,"고기 질 넘 좋구요
구워주셔서 편하게 먹었습니다
곁들임 찬이 너무 맛있어서 고기 순삭이예요",긍정적,긍정적
2024-04,고기도 너무 맛있게 구워주셨고 아이들 먹기 좋은 사이즈로 잘라주셔서 좋았어요,긍정적,긍정적
2024-05,"고기가 진짜 대박 너무 맛있어요
김치찌개도 집에 싸가고 싶을 정도 ㅠㅠ
진짜 맨날 와서 먹고 싶어요",긍정적,긍정적
2024-06,"맛있고 밑반찬도 너무 좋아요 ㅠㅠㅎㅎ
또올래요 ❤️",긍정적,긍정적
2024-07,"맛있는 고기 구워주셔서 맛나게 먹고 오기만 했어요
잘먹었습니다",긍정적,긍정적
2024-01,"와 진짜.. 감탄했습니다 모듬으로 시켰는데 전부 부위별로 다 맛있어서 놀랐고 반찬, 소스류도 다 맛있고
김일도소스 중독성대박이에여 김도 진짜진짜 맛있어요 이름값하는 김이었습니다 ㅋㅋ 부위 하나하나 알려주시명서 구워져서 좋았고 기본김치찌개 깍두기볶음밥 어느것하나 별로인게 없이 대만족했습니다
앞으로 완전 자주갈듯요😊❤️",긍정적,긍정적
2024-05,"회식으로 방문했습니다.
먹는데 정신이 팔려서 사진을 하나도 안찍었네요 😵‍💫
고기 모든 부위 다 맛있고 소세지도 별미이고요!
식사메뉴도 다 맛있는데 그 중 저희 팀 모두 원픽으로 물냉면 강추합니다!!!! 맛있는 식사와 친절한 서비스 모두 감사합니다 ☺️",긍정적,긍정적
2024-07,고기도 처음부터 끝까지 다 구워주시고 음식도 다 너무 맛있어요 ㅜㅜㅜㅜ 반찬이랑 냉면도 맛있어요,긍정적,긍정적
2024-03,"김일도한판으로 점심시간에 먹었는데 삼겹살, 목살, 항정살, 가브리살, 갈매기살, 수제소세지를 다채롭게 먹을 수있어서 구성이 좋았답니다. 고기 부위별로 모두 숙성이 잘되어있어서 더 맛있었어요. 잡내 전혀 없고 맛있어요
그리고 김치찌개가 새콤하니 맛있었는데 서비스로 제공되니 더 좋더라구요.",긍정적,긍정적
2024-05,회식으로 갔는데 고기 너무 부드럽고 숯불향 잘베고 만족스랍게 잘 먹었습니다! 간장이랑 허브랑 섞어서 만든 여기만의 장도 있는데 다른 곁들임보다 그거에 찍어 먹는게 제일 맛있었습니다. 후식메뉴도 엄청 양이 든든해서 다들 배부르게 잘 드셨어요 ㅎㅎㅎ 감사합니다~,긍정적,긍정적
2024-06,"고기 너무 맛있었어요 !!!
고기 한판 먹었는데 모든 부위가 퍽퍽하지 않고 전부 맛있었습니다",긍정적,긍정적
2024-03,일단 고기가 너무 맛나구 서비스도 너무좋아요 전부구워주시니까 편히 먹을수있었어요! 또 생각날듯!,긍정적,긍정적
2024-07,회식으류 식사 잘 했습니다.,긍정적,긍정적
2024-09,음식이 맞이 있고 직접구워줘요,긍정적,긍정적
2024-03,"숙성고기 퀄리티, 기본안주 김치찌개, 밑반찬 전부 너무 맛있었어요 ㅠㅠㅠ",긍정적,긍정적
2024-03,"고기 육즙이 가득하고 직원분들이 다 구워주셔서 너무 편해요.
반찬과 소스도 맛있습니다! 매장 넓어서 단체 가능~!",긍정적,긍정적
2024-03,"저 번에 투풀 한우 세트를 먹고 맛있어서 친구에게 소개시켜 줄 겸 어제 만나서 투풀 한우 세트를 먹었는데 친구가 고기도 부드럽고 덕분에 너무 맛있게 먹었다고 하더라고요.
투풀 인데 이 가격에 먹을 수 없다고 너무 괜찮다고 만족해 했습니다.
소고기 먹을때 소금에 찍어 먹는걸 좋아하는데 소금도 아주 좋은거 쓰시고 명이나물,명란젓 비싼데 같이 먹을 수 있어서 좋았습니다.
그 밖에도 김,와사비,백김치,카레,갓김치,파무침,무 절임 등등 다양하게 곁들어 먹어 봤는데 다 맛있었습니다.
친구들 모임이나 데이트,가족모임,회식하면 모두 만족 하실꺼 같습니다.
김일도가 체인점 인데 뱅뱅점이 특히 맛있는거 같습니다.
한 번 여기서 돼지고기,소고기 먹어보신 분들은 재방문 많이 하실꺼 같습니다.
김일도 뱅뱅점 적극 추천드립니다!!",긍정적,긍정적
2024-04,회사근처라서 두번째로 가보네요. 역시 남이 구워주는 고기가 맛있어요..하나 하나씩 구위서 소스나 반찬류 페어링 해주시고 친절하고 좋았습니다,긍정적,긍정적
2024-05,가성비 좋고! 자주 방문하는 고깃집입니다! 맛있어요!!,긍정적,긍정적
2023-11,"고기 질, 맛, 청결까지 3마리 토끼를 잡은 고깃집💖💖집앞이라 일주일에 한번은 꼭 가는 고깃집이었는데 다이어트때문에 3개월동안 못가다가 오랜만에 갔다왔어용!! 😆
3개월이나 못갔는데 오랜만에 오셨냐며 기억해주셔서 너무 놀랬어용!! 맛집,인기많은집은 이유가 있다며..ㅎㅎ 고기도 하나하나 직접 다 구워주시고 고기맛과 질은 물론 사이드까지 아주 맛있는 곳!! 서비스로 나오는 김치찌개를 아주 싹싹 긁어먹었지 뭐에요🤣
강남역에 구워주는 고깃집은 다 가볼 정도로 삼겹살에 진심인 남자친구가 인정한 맛집!! 속는셈치고 한번만 가보세용!! 몰라서 못가는 분은 있어도 한번만 간 사람은 없을거에요🧡🧡",긍정적,긍정적
2024-03,"메뉴 구성이 알차고, 반찬이 많이 나와서 좋아요. 무엇보다 고기가 일단 맛있어요! 🥩",긍정적,긍정적
2024-03,너무 맛있게 잘먹었어요~ㅎㅎ 고기 질이 좋고 반찬들도 다 맛있었어요 특히 직원분들이 너무 친절하셨습니다! 소세지는 별생각없었는데 생소세지로 너무 맛있더라구요! 만족스러운 식사하고 갑니다😆,긍정적,긍정적
2024-03,"직장인들의 짧아서 더 소중한 점심시간 ㅎㅎ 회사 동료들과 함께 갔는데 ㅎㅎ 고기냄새 하나도 안나구 깔끔하게 먹고 나왔어요☺️

직원분들이 다 친절하시구, 고기도 너무 맛있어요!
매장 자체도, 리필 반찬도 깔끔하구:) 미리 전화해두면 딱 먹을수있게 셋팅해주신다고 하신 ㅎㅎ 센스만점 이모님👍 그래서 리뷰씁니당!
요기 추천이요!!",긍정적,긍정적
2023-11,"요즘 핫한 고깃집 김일도 한우모듬 생겼다는 소식에 급벙 잡고 방문 했으나 완전 만석 다른데 가야하나 찰나에 대기표 잡고 알림설정 정확히 15분정도 밖에서 기다리니 알림 오더라구여. 한우는 이미 한정판매 끝나서 돼지고기 먹고 왔습니다.
나가서 여기저기 어중간한곳 찾는시간에 맘편히 캐치테이블 해놓고 맘편히 담소좀 나누는게 이득입니다.
대기 카톡 같이 인증 남김니다.",부정적,부정적
2024-03,김일도 한판 구성이 아주 좋음 기본 반찬과 소스도 다 맛있고 김이 특히!맛있음 고기의 육질이 좋고 담백함. 뱅뱅점 사장님과 직원분이 친절해서 더 기분 좋은 맛집.친구 지인에 추천할 수 있는 뱅뱅사거리 맛집,긍정적,긍정적
2024-04,맛있고 직원분들 너무너무 친절하세요 감동 🥹,긍정적,긍정적
2024-02,두번쨔방문!!😊 집앞에 이런고기집있어서 너무좋네요!!! 고기도 너무맛있고 직원분들도 친절하시구 고기도잘구워주세요~!! 굿굿,긍정적,긍정적
2024-03,친절해요. 무엇보다 고기랑 밑반찬 맛있어요 재방문 의사 있음,긍정적,긍정적
2024-02,"파트 회식으로 예약해서 방문했는데, 다들 만족했습니다~ 고기 구워주셔서 편하게 즐기다 왔네요~",긍정적,긍정적
2024-03,점심에 와서 먹어도 맛있아용😍😍😍😍,긍정적,긍정적
2024-03,좋아요 친절하고 좋아요!! 또 오려구요 ㅎㅎ,긍정적,긍정적
2024-02,"고기 퀄과 맛도 좋고, 직원분들께서 직접 구워주셔서 모임 장소로 좋습니다!",긍정적,긍정적
2024-02,모든 직원분들이 친절하시고 바람부니까 파티션까지 쳐주셨어요! 근처에도 맛집은 많은데 항상 김일도만와요 👍🏻👍🏻👍🏻 직접 구워주셔서 맛도 보장됩니다!!! 진짜 추천드림❤️❤️❤️😍😍😍,긍정적,긍정적
2023-11,"여자친구랑 저번에 너무맛있게먹어서 다시찾은 곳!
일단 직원분이랑 이모분이 엄청 친절하세요
밑반찬 구성이 바꼈는데 직원분이 상세히 말해주고
어떻게 먹으면 되는지 친절히 가르쳐주셔서
더 맛있게 먹을수 있었어요! 배터지게 먹고왔답니다
김에다가 삼겹살올리고 명란젓에 마늘 참기름 섞어서
올리고 백김치 무생채 이렇게 싹 싸먹으니 너무 맛있었어요! 그리고 서비스로 나오는 저 김치찌개가 완전 제스타일이라 공기밥 하나시켜서 먹고 좀 짜거나 느끼하면 누릉지로 사악 눌러주고 무한반복!
그리고 셀프바가 있는줄 모르고 김을 더달라고했는데 백김치도 가져다 먹으려니 이모님이 가져다 주신다고 너무 친절 감동 ㅜㅜ 이런게 별거아닌데 기분도 좋고 배터지게 맛있게먹으니 행복ㅜㅜ 그리고 마지막에 말랑카우 하나씩 먹으라고 주시는것까지 ㅜ",긍정적,긍정적
2024-03,한우도 맛있어요 냠냠,긍정적,긍정적
2024-03,"너무 친절하셨고 고기도 맛있게 구워주셔서 잘 먹었습니다~
다음에 또 올게요!",긍정적,긍정적
2023-11,직원분들도 너무 친절하시고 고기도 맛있게 잘 구워주셔서 좋았습니당 !! 재방문하러 또 갈게여 🤤🤤🤤,긍정적,긍정적
2024-02,고기를 너무 맛있게 잘 구워줍니다!!!😋 근래 먹은 고기 중에 최고👍👍 다만 매장 내는 다소 시끄럽습니다~~,긍정적,긍정적
2024-01,가족들이 모임하기 너무좋아요. 고기를 구워주셔서 맛있게 잘먹었습니다 ^^,긍정적,긍정적
2024-02,"맛있게 먹고 왔습니다.
사진만 봐도 다시 군침이 도네요.
나중에 또 갈께요!!❤",긍정적,긍정적
2023-12,"사장님 너무 친절하시고 고기고 너무너무 맛있어요^^
결혼식끝나면 고기에 소주마시러 갈꺼에요 ㅎㅎㅎㅎㅎ
사장님 짱짱👍",긍정적,긍정적
2023-12,"고기도 너무 신선하고 부드럽고 각종 장에 반찬까지 맛도리라 밥 세공기는 거뜬히 먹을 수 있음... 된장술밥도 꼭 시키세요 꼭ㄱ꼭꼭 라면사리가 신의 한수임

가브리는 개인적으로 육향이 자칫 잡내로 느껴지는 경우가 많아서 별로 안 좋아하는데 여긴 냄새 안나서 만족 ㅜㅜ

직원분들 친절하시고 고기도 직접 숯불에 구워주시는데 엄청 잘 구워주셔서 손 하나 까딱 안하고 편히 맛있는 음식 먹으니 세상 행복했습니당

또 갈게요 문전성시하세오",긍정적,긍정적
2024-02,구워줘서좋아요,긍정적,긍정적
2024-01,아쉽게도 사진은 못찍었지만 정말 맛있었어요! 옛날부터 유명하다고 말로만 들었었는데 직접 방문하고 먹어보니 감동의 눈물이... 구운김도 정말맛있었고 고기외에 기본찬들도 정말 야무졌어요!! 그리고 고기구워주신분도 정말 친절하고 설명도 잘해주시고 :) 기분좋은 식사였습니다! 그리고 강남역 번화가에 위치하지않아서 조용하고 편안한 분위기에서 고기먹고 나올수있었어요!! 다음에 또 재방문 1000000%!!,긍정적,긍정적
2023-11,"고기야 머 말모말모..직원분 진짜 친절해용❤️ 다 구워주시고 설명도 하나하나 다 해주십니당 !! 진짜 바쁜시간대에 방문했는데 오히려 설명 더 상세하게 못해주셔서 미안해하시고 ㅋㅋㅋ 갈때 빼빼로 챙겨주심,,,갬덩",긍정적,긍정적
2023-11,맛있어서 정신없이 먹느라 사진을 못찍었네요. 고기질은 말한 것 없이 넘 좋았고 반찬과 곁들이 음식까지 신경을 많이 써주셨어요. 특히 목살이 넘 맛있어요! 추천합니다,긍정적,긍정적
2023-12,항상 방문할때마다 맛있게 먹고 있어요! 주차도 편하고 너무 좋아요!,긍정적,긍정적
2023-11,너무 맛있었어요 ! 특히 소세지 꼭 드세요 생각했던 것보다 백배는 더 맛있었던 ....! 다음에 오면 두개 먹을거에요 감사합니다 :),긍정적,긍정적
2023-11,"고기 신선하고 맛있고,
회식 장소로 딱이네요!!",긍정적,긍정적
2023-11,친절하고 맛있어요,긍정적,긍정적
2024-02,굿,긍정적,긍정적
2023-09,"이웃이고 늘 친절하고 고기의 질도 좋아 매번 방문시마다 만족감 최고 입니다.사장니믜 따뜻한 심성과 이모님의 세심한 배려,매장의 청결은 이곳만의 장점이고 톡화지요.고기굽는 직원들의 친절과 소스의 다양함도 최상의 서비스 입니다.이사후에도 변함없이 찾아 뵙겠읍니다.1505호",긍정적,긍정적
2023-08,"직접 구워주셔서 편하게, 그리고 맛있게 먹었습니다. 감사합니다.",긍정적,긍정적
2023-08,김일도 고깃집은 가는곳마다 평균이상은 하는거 같아요! 무난하게 기분좋게 가기 좋아요,긍정적,긍정적
2023-08,"주말에 가족, 단체모임하기 좋아요~추천추천!
평일보다 주말이 한가해서 케어?도 더 잘받을수있고, 주차도 편해서 불만없이 잘 먹고왔습니다. 쵝오~",긍정적,긍정적
2023-07,"친구랑 처음으로 방문해본 김일도였습니다.
비도 오는날이었고 뭐먹지 하다가 고기 먹으러 가자그래서 어디로 갈까 하다가 평소에 가보고 싶었던 고깃집이라 갔었습니다 !

외관도 예쁘고 고기맛은 말해뭐해 엄청 맛있었어요 !
서버분들도 다들 친절하시고 고기 구워주시던 남자분께서 엄청 친절하시고 반찬도 더 가져와야지 하고 생각하는 찰나에 직접 리필도 해주시고 정말 좋았어요 !

김에 싸먹는게 처음엔 어색했는데 먹다보니 김도 두판이나 해치우고, 특히 소세지 ... 진짜 여태까지 먹었던 소세지랑은 비교도 안될정도로 고소하고 엄청 맛있었어요 ! 소금도 직접 갈아서 먹는 맛이 있구요 !!

다른분들이 많이 고기사진 올리셨으니 저는 외관사진 올리도록 하겠습니다 😀😀😀😀

번창하세요 사장님 !",긍정적,긍정적
2023-10,"처음 갔는데 너무너무 맛있게 잘 먹었어요!!!
조만간 또 가야할듯요~~🩷",긍정적,긍정적
2023-08,"전에 가본 김일도 고기집 맛있어서 뱅뱅점에도 가보았는데
역시나 고기맛 최고네요:) 가족들과 함께 방문했는데 모두들 고기맛 좋다규~~~ 고기 직접 구워 주셔서 좋구요
여러종류 소스들, 야채들 넘 맛나요^^",긍정적,긍정적
2023-10,금요일 저녁에 방문을해도 미치도록 붐비지 않고 싸고 맛있는 곳,긍정적,긍정적
2023-07,"와 진짜 맛나요.
친구가 추천해줘서 갔는데 고기 신선하고
고기찍어먹는 마법의 가루가 진짜 맛났어요
후식 메뉴까지 다 맛난 곳이라 뭐하나 부족한거ㅜ없이 기분좋게 먹고 왔습니다.
친절하신 사장님 담에 또 갈게용 ~*",긍정적,긍정적
2023-05,"주말 동창들끼리 단체모임 하기에 강남 어디갈까 고민하다 조금 위로 가보니 뱅뱅점 평일엔 자리가 없을정도로 북적였는데, 의외로 주말엔 자리가 있더라구여.
여유있게 편하게자리하고 맛이야 보장된곳이니 추천 드립니다.",긍정적,긍정적
2023-07,"토요일에 첫 방문 이후 두번째 방문이었습니다 .

맛은 역시 지금까지 먹었던 돼지고기중에 최고였고 바쁠시간에 방문했었는데도 불구하고 너무 친절하시고 너무 맛있게 구워주셨습니다 .

저희테이블은 사장님께서 직접 구워주셨는데 구워주시면서 메뉴설명은 물론, 이런 저런 좋은 이야기도 해주셔서 정말 좋은시간이었어요 !

주기적으로 방문하게 될것같은 김일도 뱅뱅점 !

정말 강추드립니다 !
이번엔 배고플때 가서 사진이 없네용 ... ㅠ 사진으로 보시는것 보다 직접 가셔서 드셔보세요 !",긍정적,긍정적
2023-08,맛납니다 친절하세요 다 구워주시고^^,긍정적,긍정적
2023-07,"이더운날 비까지 와서 저녁메뉴를 고르던중 삼겹에 소주한잔 하자고 해서 덥고 짜증나 차라리 족발집 가자고했는데, 여기 들어가는 순간 안경에 김서릴정도로 시원하다 못해 얇은 가디건 걸쳐야 할 정도였음.
오히려 먹고 비오니까 나가기 싫을정도
맛은 둘째치고 너무 시원함. 여름에 이정도면 고기 구워먹을만 하겠어요.",부정적,긍정적
2023-06,"한판 먹으면 다양한 고기랑 소시지까지 다 나오고 맛있어요. 같이 나오는 김치찌개도 굿굿

일단 구워주시니깐 정말 편하고, 사장님하고 직원분들 다 친절하셔서 기분도 좋아져요.
또 방문할거예요.",긍정적,긍정적
2023-07,"아이 삼겹살 먹고 싶다고 해서 간단히 식사하러 들렸는데 너무 깔끔하고 무엇보다 여름에 시원하게 먹기 좋네요.
다음엔 모임하러 와야겠어요. 재방문 의사 있습니다.",긍정적,긍정적
2024-02,맛있고 고기구워주시는 실장님인지 사장님이 친절하세요,긍정적,긍정적
2023-06,"정말 맛있는 최애 돼지고기집이예요. 직접구워주셔서 더 맛있게 익힌 고기를 먹을 수 있는 것 같아요.
사이드 음식과 여러 소스도 굿입니다.^^",긍정적,긍정적
2023-06,"잦아진 모임자리에 장소 모색 중
맛집발견!! 고기 넘~~맛있게 먹었어요
일하시는 분들도 친절하시고
무엇보다 고기 질 좋아요^^",긍정적,긍정적
2023-06,"회사 옆 이라 종종가는데.
먹고 또 먹어도 감탄~!!!!!!l",긍정적,긍정적
2023-07,고기가 진~짜맛있습니다. 말이필요없습니다. 구워주기까지하니 덕분에 좋은시간이었습니다,긍정적,긍정적
2023-04,"회사근처라 자주가요.
최애 짱짱. 고기 질도 항상좋고 너무맛있어요ㅜㅠ
최대장점은 불편함 없이 구워주시는 분위기입니다.
친구와 이야기하다보면 어느새 직원분이 다구워주시고 먹기좋게 올려주신 후 사라지심..ㅎㅎ",긍정적,긍정적
2023-06,"처음 가봤는데.. 사장님, 직원들 모두 친절하시고 너무 맛있게 잘먹었습니다. 서비스도 감사합니다.",긍정적,긍정적
2023-06,"이번에 처음 방문했는데
너무 맛있어요!
사장님이.직접 구워주시고 친절하셔서 좋아요!
다음에 또.재방문 예정입니다!",긍정적,긍정적
2023-06,"맛있어서 이틀 연속으로 먹어도 맛있어요
직원들이 친절하게 구워주셔서 편하게 먹을 수 있어요~",긍정적,긍정적
2023-06,"몇번와서 먹었지만
올때마다 최고입니다 ㅎㅎ
처음 가고부터 강남갈 일 있으면 여기만 찾아가요 ㅎㅎ
강추강추",긍정적,긍정적
2023-04,"목살.삼겹살 다 맛있어요ㅠ
직접구워주셔서 편하게 먹으면됩니다
근처회사회식이 많아서 가게는 늘 시끄러운편이고 미리예약하고가세요",긍정적,긍정적
2023-05,"까먹고 사진을 못찍었는데 진심 너무맛있고요,, 잘구워주세여 밑반찬이랑 곁들여먹는게 찐이에여 된장술밥도 꼭드세여 ㅋㅋ",긍정적,긍정적
2023-06,"고기 너무 맛있어요~ 직원분들도 친절하시고
자주 오게 될 거 같아요~",긍정적,긍정적
2023-05,김일도 한판추천~ 고기도 많고 멸치 들어간 간장소스에 찍어먹으면 진짜 맛있어요. 세트로 같이 나오는 소세지는 카레가루와 먹는걸 추천!,긍정적,긍정적
2023-06,"수제 소세지 맛있어요.
고기가 반짝반짝한 느낌ㅋㅋ
사진만 봐도 침 고이네요 :)",긍정적,긍정적
2023-02,"고기 구워주시면서 어떻게 먹어야 맛있는지 알려 주셔서 좋았어요, 직원분들도 무척 친절하셨구용! 깍두기볶음밥도 먹었는데 간도 딱맞고 뇸 맛있었어요^0^",긍정적,긍정적
2023-02,"주말 친구들 동창모임/많은 인원임에도 불구하고, 복잡하지 않고, 자리도 쾌적함. 편안하게 구워주셔서, 먹고 이야기 나누기 불편함 없이 좋았습니다.",긍정적,긍정적
2023-05,"김에 싸먹는 최상급 숙성고기
너무너무 맛있고 직원분 설명에 감탄하며
먹었어요!",긍정적,긍정적
2023-05,친절해요. 맛있어요.,긍정적,긍정적
2023-06,"자주 가는 고깃집이예요.
고기를 다양하게 즐길수 있어서 좋아요.
직원분들도 항상 친절해서 좋아요.
맛있게 잘 먹었습니다. :)",긍정적,긍정적
2023-02,"회식장소로 방문했는데 고기도 소시지도 밑반찬도 다 너무너무 맛있었고 사장님, 직원분들 너무 다 친절하셔서 모두 기분좋게 맛있게 먹었네요ㅎㅎ 그리고 고기를 구워주셔서 더더더 좋은거 같아요! 다음에 또 방문하겠습니다",긍정적,긍정적
2022-10,"회사랑 가까워서 자주가는 고깃집
김일도 고기는 믿고 먹어볼만한 고깃집입니당!!
망설임은 시간만 늦출뿐!!!!
한번도 못 먹어본 사람은 있어도
한번만 드신 분들은 없을꺼랍니당~~
꼭 드셔보세욤^^

고기에 이어 된장국밥도 맛났었는데
오늘 처음으로 맛이 밍숭했어요
다음엔예전 맛처럼 걸죽한 된장국밥으로
꼭!!! 부탁드려요ㅎㅎㅎ",긍정적,긍정적
2023-06,"가족외식으로 너무 좋네요.
맛있게 구워주시니 먹기만 해서 편해요.",긍정적,긍정적
2023-03,언제나 친절하시고 맛있는 음식 감사합니다!~,긍정적,긍정적
2023-05,맛있어요,긍정적,긍정적
2023-01,손님대비 서버가 부족해서 너무 정신없고 구워주는 고기집인데 늦게 봐주는 바람에 고기 타고... 그동안 콜키지 되는 곳 많이 갔는데 잔 요청했더니 방금 씻어서 물기 잔뜩 묻은 잔 가져다 주는 곳은 처음이에요,부정적,부정적
2023-06,"김일도 고기는 항상 맛있어요.
직원분들이 친절하게 구워주셔서, 편하게 먹을수 있었어요. 강남에 가면 또 방문하고 싶어요 !!",긍정적,긍정적
2023-06,"회식하기도 너무 좋아요.
매일 먹고싶은 고기네요!",긍정적,긍정적
2023-02,음식은 더할나위없고 안경쓰신 여자 종업원분이 너무 친절하셨습니다!!!,긍정적,긍정적
2022-12,"회사 회식으로도좋고
고기를직접구워주니까
고기를 더맛있게먹을수있어서
너무좋으네요~^^",긍정적,긍정적
2023-03,맛나요,긍정적,긍정적
2023-02,맛있어요,긍정적,긍정적
2023-01,다 구워주시고 맛있어요!!!,긍정적,긍정적
2023-03,"맛있어
또 먹고파",긍정적,긍정적
2022-10,맛있어요 맛있어요 맛있어요,긍정적,긍정적
2022-09,회식으로 후회 안합니다,긍정적,긍정적
2022-12,맛있었어요!!,긍정적,긍정적
2022-04,삼겹과 목살 소갈비살을 먹었어요~ 소갈비는 생갈비로 먹을지 양념으로 먹을지 물어보시고 양념을 찍어서 구워주시는게 양념으로 먹는게 맛있었어요~! 된장술밥이 많이 아쉬웠는데... 간이 전혀 안된듯한 맛이었어요.. ㅜ 오히려 서비스로 주시는 김치찌개가 맛있었어요 ㅎ,긍정적,긍정적
2022-05,"별점: ⭐️⭐️⭐️⭐️⭐️(5점)

한줄평: 고기 잘 구어주는 맛집

가격: 적당함

후기: 나오는 음식 모두 너무 맜있어서 다음에 또 방문 예정 입니다",긍정적,긍정적
2022-07,직접구워주면서 어떤 소스에 어떻게 먹으면 맛있다고 설명해주는게 너무 좋았어요. 일반적인 고기집에서는 먹을 수 없는 특별함이 있어서 좋습니다.,긍정적,긍정적
2022-06,"모두가 만족해했어요
고기 진짜 맛있어요",긍정적,긍정적
2022-09,양 많고 매장 깔끔해서 좋아요,긍정적,긍정적
2022-10,어제 고기가 비렸어요 ㅠㅠㅠㅠㅠㅠ,부정적,긍정적
2022-08,"맛있게잘먹었어요
삼겹살 추천!",긍정적,긍정적
2022-06,고기는 김일도에서만 먹어요~!,긍정적,긍정적
2022-06,너무 맛있어여 !! 특히나 양념과 같이 먹으니!! 후식도 존맛이에요!!,긍정적,긍정적
2022-04,새로 오픈했다는 소식듣고 친구들과 간단히 낮술 한잔하러 다녀왔습니다. 타 매장에 비해 좀더 쾌적하고 맛있게 먹었습니다. 브레이크 타임도 4시부터라 시간에 좀더 구애없이 편하게 즐겼습니다. 메뉴도 몇가지 새로 바뀌었는데 전부 만족하게 먹었어요,긍정적,긍정적
2022-04,"인생 돼지고기맛집...
기본찬으로 나오는 고사리 파스타?특이했고, 슬금슬금 한가닥씩 집어먹게 되더라구요.ㅎ
개인적으로 목살,가브리살 진짜..너무맛있어요ㅜㅠㅜㅜㅠ",긍정적,긍정적
2022-05,"매봉에 이어 뱅뱅점도 방문했네요 고기 맛있고 직원분들도 모두 친절하고 다 좋은것 같아요
재방문의사가 너무 많아요!! (정신없이 먹느라 사진이 없어서 꽃사진으로. ㅎ)",긍정적,긍정적
2022-06,다양한 소스와 함께 먹을 수 있어서 좋아요,긍정적,긍정적
2022-06,"고기는 굽는 사람이 80퍼이다
직접 다 구워주셔서 너무 맛있고 편하게 잘먹었습니다:)
특히 수제 소세지는 여지껏 내가 뭘 먹은것인가 하는 생각이 들게 만들어 줬어요
강력추천!",긍정적,긍정적
2022-11,굿,긍정적,긍정적
2022-06,너무 맛있어서 깜놀~~ 맛도 맛이지만 친절함에 더욱도 감동 맛도 감동 서비스도 감동~~여러가지 메뉴 맛나게 즐길수 있어서 좋았어요 또 가고 싶네용,긍정적,긍정적
2022-08,너무 맛있게 잘 먹었습니다,긍정적,긍정적
2022-07,"사진은 찍질 못했지만
가격 맛 분위기 서비스 다 최고네요.
다음에 또 방문하겠습니다~~",긍정적,긍정적
2022-10,굿,긍정적,긍정적
2022-04,"고기가 진짜 맛있는데 구워주시니 완전편해요! 직원분들이 바쁘신데도 친절하게 반찬 하나하나 설명 다 해주고, 넘넘 좋아요!!! 최고! 또 방문 할게요~",긍정적,긍정적
2022-07,메뉴가 다양하고 매장이 청결해서 좋아요:) 맛있게 잘 먹었습니당!ㅎㅎ,긍정적,긍정적
2022-06,너무 맛있게 잘 먹었습니다,긍정적,긍정적
2022-06,"두툼하고 신선한 고기가 정말 맛나요!
친절한 직원들이 고기를 구워주시니 정신없이 먹었네요. 어떻게 먹으면 더 맛있는지 팁도 주시고, 매장이 청결해요. 또 방문할께요.
존맛탱",긍정적,긍정적
2022-08,깨끗하고 시원합니다,긍정적,긍정적
2022-04,"고기가 정말 맛있어요. 직접 구워주시는데 두꺼운 고기에서 육즙이 완전 굿입니다. 소스도 여러가지 이고 사이드도 다른 고기집보다 좋았어요
직원들 모두 친절하시고 다음 모임도 여기서 할 것 같아요. 저는 강추입니다!",긍정적,긍정적
2022-04,"음식은 무조건 맛이다 라는 말이 딱 맞네요~
사장님이 친절하게 잘 구워주시고 설명도 잘 해주셔서 기분 좋게 진짜진짜 맛있게 잘 먹고 갑니다(^U^)*",긍정적,긍정적
2022-04,"김일도 한판 부위 다 맛있었는데 목살이 진짜 맛있었네요ㅎㅎ
소스도 다양하고 특히 직접 만드신 수제소스가 최고였어요!!",긍정적,긍정적
2022-05,"오전 반차 쓰고 친구랑 방문했음니다.
둘이서 김일도 한판 딱이에요
배불리 맛있음!!! 수제소세지 너무 맛있어서
하나 더 시키고 깍두기뽀끔빱까지 먹었음니다.
진짜 맛있어용!!!",긍정적,긍정적
2022-04,"고기가 맛있고, 다 구워주셔서 먹기 편해요.",긍정적,긍정적
2022-07,ㅇㅇ,부정적,긍정적
2022-07,ㅇㅇ,부정적,긍정적
2022-06,맛있게 잘 먹었어요,긍정적,긍정적
2022-04,"고기가 두툼해서 배불리 잘 먹었습니다 !!
그리고 비빔냉면 꼭 드세여 !!!-!!!!",긍정적,긍정적
2022-06,"완전 맛있게 먹었네요
구워주니 더 편해요",긍정적,긍정적
2022-05,"점심시간 1시간 알차고 행복하게
잘 썼습니다 ㅎㅎ김일도 한판 3명이서도
배불리 딱 좋네용ㅎㅎ",긍정적,긍정적
2022-04,"적당히만 먹고 가야지 했는데
추가 주문을 좀 많이 했ㄴㅔ요..
제가 먹어본 숙성고기 중에 원탑임!",부정적,긍정적
2022-04,"김에 싸먹는 고기
기대보다 더 맛있었습니다 :)",긍정적,긍정적
2022-05,"이집은 우선 서비스부터 좋음
모두가 친절하심
맛은 말할 것도 없음
고기 진짜 세젤맛임",긍정적,긍정적
2022-05,"친절하고 맛있었는데
콩나물무침..? 좀 상한 것 같았어요ㅜㅜ
그거빼고는 완벽!
재방문 90%",부정적,긍정적
2022-04,"오픈 전부터 지나가면서 확인 하다가
드디어 방문했는데 제가 먹은 고기들은
고기가 아니었읍니다.. 삼겹살 목살
특수부위까지 너무 맛있어요ㅠ
소스 설명도 친절하게 해주시고! 잘먹고 갑니다!!",긍정적,긍정적
2022-04,"마약소스도 맛있는데 소스 하나가 유독 넘 맛있길래
여쭤보니 유자마늘소스~~ 진짜 먹어본 소스중에 젤 맛있었어요
고기랑 찰떡궁합ㅎ.ㅎ",긍정적,긍정적
2022-06,맛있고 친절해요,긍정적,긍정적
2022-04,"맛있고 친절해요 ㅠㅠ
김일도 다른지점보다 훨 좋은 것 같습니다 !",긍정적,긍정적
2022-04,와 여기 유자마늘소스 미쳤어요!!! 고기랑 너무 잘 어울려요 ㅠㅠ,긍정적,긍정적
2022-05,입맛 까다로우신 분들 모두다 대 만족하셨씁니다,긍정적,긍정적
2022-04,김일도 믿고 먹는 고기집 중 하나예요 맛있다는 말 해서 뭐해요 ㅎㅎㅎ 너무 잘먹고 왔습니다 재방문의사 1000퍼센트예요 고기도 다 구워주시고 친절하세요 다음에 또 방문하겠습니다 :),긍정적,긍정적
2022-09,맛있어요,긍정적,긍정적
2022-04,새로 오픈해서 김일도 처음 먹어봤는데 검색해보니까 장성규 워크맨 나왔던 곳이더라구요!!!! 고기도 맛있고 특히 수제소시지.. 한입 먹고 감탄했어요..,긍정적,긍정적
2022-04,"숙성고기 처음 먹어봤는데
여태껏 제가 먹은 고기는 고기가 아니었네요........
너무 맛있어요^^",긍정적,긍정적
2022-04,"고기와 함께 먹는 장아찌류가 아삭아삭 맛있어요~
목살을 좋아하는데 하나도 안 질기고 맛있네요~^^",긍정적,긍정적
2022-04,고기를 진짜 좋은거 쓰시는거 같아요. 이가격에 이 퀄리티는 정말 돈이 하나도 아깝지않아요 친절히 다 구워주시니 편하고 더 맛있게먹었어요^^ 자주 갈것같습니다~,긍정적,긍정적
2022-05,회식장소로추천~~,긍정적,긍정적
2022-04,"날씨도 꿀꿀해서 점심부터 고기파티 했네용,,
고기가 두툼하고 부드러워서 넘 맛있었어요 :D",긍정적,긍정적
2022-04,"퇴근하고 삼쏘하고 싶어서 갔는데
오픈이벤트로 한판 주문하고 소주 한병 공짜로 마셨음.
너무 맛있었어요^^
삼쏘할 때마다 찾아오겠습니다",긍정적,긍정적
2022-04,말해뭐해~ 또 올게요 사장님^^*,긍정적,긍정적
2022-04,"김일도 한판 시키고 된장술밥 시켰는데 술을 부르는맛..
캐맛있어요ㅠ^ㅠ 맥주만 몇 병 시켰는지,,,",긍정적,긍정적
2022-04,자주 가는 서초구청점 사장님이 뱅뱅점 추가 오픈하셨다고 들어서 도장 찍으러 왔습니다 ~ 알아보시고 서비스 더 잘 챙겨주셔서 감동~ T.T,긍정적,긍정적
2022-04,"김이랑 싸먹으니까 고소하고 넘 맛있어요
소스가 진짜 맛나네여",긍정적,긍정적
2022-05,"소주를 안 시킬 수가 없었습니다
삼쏘맛집~ㅎ0ㅎ",긍정적,긍정적
2022-05,수제소세지에 유자마늘소스 최강조합,긍정적,긍정적
2022-04,고기는 상추에만 싸먹다가 김에 싸먹었는데 되게 맛있었어요 소금도 직접 갈아먹는 재미가 있네여 다음에 또 올게여~,긍정적,긍정적
2022-04,"지난주 이어서 또 왔는데 올 때마다 사람이 많네여!
맛도 맛이지만 사장님이 친절하셔서 그런듯ㅎㅎ",긍정적,긍정적
2022-04,"인스타 보고 방문했는데 너무너무 맛있었어요!
벚꽃 보고 배불리 잘 먹었습니다 ㅎ_ㅎ
다음에 또 올게용~!",긍정적,긍정적
2022-06,^^,긍정적,긍정적
2022-04,"오픈이벤트로 서비스를 잘 주시네요ㅜㅜ
이벤트 끝나기 전에 빨리 또 올게요!!",긍정적,긍정적
2022-04,목살이 진짜 맛있었어요 잘먹고 갑니다 :),긍정적,긍정적
2022-04,5명 갔는데 5명 모두 만족했어요~~^^ 기대 이상이어서 더 만족!!,긍정적,긍정적
2022-07,좋습니다,긍정적,긍정적
2022-04,새로 오픈해서 깔끔하고 메뉴 구성도 조금 달라져서 맛있게 먹었어요!,긍정적,긍정적
2022-04,"목살 진ㅉ ㅏ쵝오 !!! bb
서비스 맥주 한병 넘 기분 좋았어여!!",긍정적,긍정적
2022-04,수제소시지 너무 맛이짜냐........,부정적,부정적
2022-04,"김일도 한판 먹고 가브리살이 넘 맛있어서 추가로 먹었어여
!!! !!! !!! !!!",긍정적,긍정적
2022-04,"고기 비주얼부터 미쳤.. ............
배부르게 아주아주 잘 먹고 갑니다,, <3",긍정적,긍정적
2022-04,쫄깃쫄깃 맛나용!,긍정적,긍정적
2024-09,"고기를 직접 구워주시고, 밑반찬 종류가 많아요.
제 입맛에는 정말 잘맞는 음식점인거 같네요.
여기 강추 !! 👍",긍정적,긍정적
2024-09,"맛잇어요 고기도 구워주시고 김에 싸먹음 굿굿
회사근처라 점심에도 식권대장으로 자주방문합니다",긍정적,긍정적
2024-07,고기가 맛있고 직원분들이 매우 친절합니다. 회식으로 왔는데 직원 모두 만족했습니다!,긍정적,긍정적
2024-07,간만에가도 맛있네요,긍정적,긍정적
2024-02,강남 대비 가성비 좋았어요,긍정적,긍정적
2024-04,깔꼼해요,긍정적,긍정적
2024-03,"김일도에서 단체회식했는데 고기 정말 맛있네요!
가격대도 적당하고 고기도 깔끔하고 구워주셔서 잘 먹고갑니다~ 다음에 또 올게요^^",긍정적,긍정적
2024-03,너무 맛있어요!! 직접 구워주시고 편합니당ㅎㅎ,긍정적,긍정적
2024-02,"돼지고기가 너무 맛있어서 친구들과 모임이 있을때 많이 갔었는데 새로 한우1++세트 400g을 79,000원에 판매 하는 광고를 보고 맛이 궁금해서 시켜보았습니다.너무 부드럽고 정말 싸고 맛있게 먹었습니다.직원분들도 친절히 응대해 주시고 직접 구워주셔서 확실히 고기는 누가 어떻게 굽느냐에 육즙이 살아 있는게 다른것 같습니다.김치찌개도 너무 맛있는데 서비스로 주시고 여기는 소금,김,명이나물,명란젓 등등 정말 좋은재료를 사용하시는것 같습니다.여기서 고기먹다가 다른 고기집에서 먹으면 확실히 비교가 됩니다.친구들과 모임,가족식사,데이트,회식모임 여기서 강추 드립니다!!!",긍정적,긍정적
2023-11,"깔끔하고 맛있어요, 고기 구워주실 때 어떻게 먹으면 좋을지 추천해주시는게 좋아요.
이번에 명란 마늘 소스가 생겼는데 맛있었어요.
회식 자리로도 매우 좋아요",긍정적,긍정적
2023-10,"점심고기!!
넘 맛있게 먹었네요
자주 올께요👍🏻",긍정적,긍정적
2023-08,"언제가도 맛있어요~~
회식하기도 좋아서 종종가서 다들 맛있게 먹고와요~^^",긍정적,긍정적
2023-10,역시 굿👍,긍정적,긍정적
