Date,Review,sentiment,Sentiment2
2024-09,"행사있어서 들렀다가 커피사먹었는데, 깔끔하고 좋았어요!",긍정적,긍정적
2024-01,"넘넘 좋아하는 아티제 초코 쉬폰 케익💗 동생 생일 겸 구매해서 가족들이랑 맛있게 먹었어요!
아버지도 좋아하실만큼 맛이 보장된 쉬폰 케익입니당😊 딸기케익이랑 고민하다가 그냥 집에 있는 딸기 가져다가 올려먹었어요 ㅎㅎ 그냥 먹어도 맛있고 딸기 올려먹어도 맛있어요ㅎㅎ
다들 특별한 날! 꼭 한번 !.! 초코 쉬폰 케익 드셔보세요~~~🌷",긍정적,긍정적
2024-03,아티제가 있다는게 신기,긍정적,긍정적
2023-11,빵이 입맛에 맞아요,긍정적,긍정적
2024-01,커피 맛있고 음료 빵 다양해요,긍정적,긍정적
2023-07,커피가 맛있어요,긍정적,긍정적
2023-03,아티제 다워요,긍정적,긍정적
2023-06,친절함,긍정적,긍정적
2023-02,포장이고급스러워요,긍정적,긍정적
2023-05,굿,긍정적,긍정적
2022-11,조금만 더 쌌으면..,부정적,긍정적
2022-12,"직원들 위한 카페임, 춥고 작음",부정적,부정적
2022-12,라떼가 맛있네요,긍정적,긍정적
2023-04,친절해요,긍정적,긍정적
2023-01,좋아요,긍정적,긍정적
2022-12,좋아요,긍정적,긍정적
2022-09,할인해도 좀 비싼 듯,부정적,부정적
2022-11,ㅇㅇ,부정적,긍정적
2022-11,ㅇㅇ,부정적,긍정적
2023-03,맛있어요,긍정적,긍정적
2023-02,맛있어요,긍정적,긍정적
2022-09,커피도 케이크도 최고,긍정적,긍정적
2023-02,맛있어요,긍정적,긍정적
2023-01,맛있어요,긍정적,긍정적
2023-01,맛있어요,긍정적,긍정적
2023-01,맛있어요,긍정적,긍정적
2023-01,맛있어요,긍정적,긍정적
2022-06,자주갑니다 맛나요,긍정적,긍정적
2022-12,굳,긍정적,긍정적
2022-12,맛있어요,긍정적,긍정적
2022-08,굿,긍정적,긍정적
2022-11,맛있어요,긍정적,긍정적
2022-11,맛나요,긍정적,긍정적
2022-08,굿,긍정적,긍정적
2022-05,🫶🏻🫶🏻🫶🏻,긍정적,긍정적
2022-06,좋아요 단체로 먹기에도,긍정적,긍정적
2022-07,좋아요,긍정적,긍정적
2022-06,좋아요,긍정적,긍정적
2022-04,디저트가 맛있어요,긍정적,긍정적
2022-05,ㅆ,부정적,부정적
2022-05,굿,긍정적,긍정적
2022-05,ㅆ,부정적,부정적
2022-05,좋아요,긍정적,긍정적
2022-05,좋아요,긍정적,긍정적
2022-05,좋아요,긍정적,긍정적
2022-05,굿,긍정적,긍정적
2022-05,조아요,긍정적,긍정적
2022-04,굿,긍정적,긍정적
2021-11,"얼그레이쉬폰케익 구매했는데 맛은 좋습니다.
다만 4만원짜리 케익에 모두 동물성우유크림도 아닌 저렴한 식물성크림 썩는짓은 좀 실망이네요. 비싼케익에 어울리지않는 상술이 아쉽네요.",부정적,부정적
2022-04,굿굿,긍정적,긍정적
2022-04,굿,긍정적,긍정적
2022-05,좋아요,긍정적,긍정적
2022-01,good y,긍정적,긍정적
2022-01,좋은 품질 좋은 맛. 좋은 가격,긍정적,긍정적
2022-04,낫베드,부정적,부정적
2021-09,친절해요 !,긍정적,긍정적
2021-07,좋아요,긍정적,긍정적
2021-07,좋아요,긍정적,긍정적
2021-04,😀😀🙂🙃🙃😉,긍정적,긍정적
2021-04,😀😀🙂😀😃😃,긍정적,긍정적
2021-06,친절해요,긍정적,긍정적
2021-05,좋아요.,긍정적,긍정적
2021-04,아티제 케이크가 확실이 고급스럽고 맛있어요,긍정적,긍정적
2021-02,레몬허니티추천,긍정적,긍정적
2020-12,자주애용해요^^ 좋아요,긍정적,긍정적
2021-02,맛나요,긍정적,긍정적
2020-12,좋아요 표시를,긍정적,긍정적
2020-09,항상 친절하셔서 좋아요~~ 마스크랑 장갑 끼고 일하셔서 안심되네요,긍정적,긍정적
2020-08,케이크 종류가 적어서 아쉽습니다,부정적,긍정적
2020-09,베이커리류 모두 맛있어요:),긍정적,긍정적
2021-02,맛있어요,긍정적,긍정적
2020-09,아메리카노 맛 좋네요~^^,긍정적,긍정적
2021-02,좋아하는곳,긍정적,긍정적
2020-07,아티제 빵은 매일매일 사먹어요,긍정적,긍정적
2020-08,아티제 빵😍,긍정적,긍정적
2020-07,내최애 몽블랑,긍정적,긍정적
2020-12,굿,긍정적,긍정적
2020-08,좋아요,긍정적,긍정적
2020-04,"매장구조가 길게 되어있어서 좋습니다.
아티제 커피와 베이커리는 언제나 최고.",긍정적,긍정적
2020-03,매장이 작아서 종류가 많지는 않아요. 금요일 늦은 오후에 세일해서 좋습니다.,긍정적,긍정적
2020-10,좋아요,긍정적,긍정적
2020-07,맛나요,긍정적,긍정적
2020-05,친절한 서비스 최고입니다,긍정적,긍정적
2020-02,저녁에 가면 베이커리류를 할인 받을 수 있어요,긍정적,긍정적
2020-10,굿,긍정적,긍정적
2020-03,내부 공간이 커서 자리 여유가 많습니다,긍정적,긍정적
2020-01,"빵이 너무 맛잇어용
아티제 최고",긍정적,긍정적
2020-01,쪼금 비싸긴하지만 맛있어요!,긍정적,긍정적
2020-01,꽤 넓어요,긍정적,긍정적
2020-04,좋아요,긍정적,긍정적
2019-09,항상 맛있어요,긍정적,긍정적
2020-08,좋아요,긍정적,긍정적
2019-06,케이크도 맛있고 플로랑탱도 맛있어요,긍정적,긍정적
2019-04,한번먹으면 빠져나올수 없다,긍정적,긍정적
