Date,Review,sentiment,Sentiment2
2024-09,맛있는 음로가 많아요,긍정적,긍정적
2024-09,할인도 해주고 맛난 곳,긍정적,긍정적
2024-05,"잠시 있을 곳이 필요해서 방문했는데 2층이 넓고 화장실도 가까워 좋습니다. 아르바이트 하시는 분들 친절하시구요. 콘센트 자리도 몇 개 있고요. 흡연실이 어마어마하게 크게 있는 것이 의외였습니다. 거의 공간의 절반을 차지했는데요. 직장인이 많아 보여서, 직장인들의 니즈를 충족시키려는 것인가 했습니다. 비흡연자는 문에서 멀리 떨어져 앉아야 해요. 문 틈사이로 희미하게 담배 냄새가 풍겨서요. 빵 종류는 매우 적고, 카운터에 있는 티세트 박스나 선물 세트 등에도 먼지가 쌓여 있어서 좀 방치되는 것 같긴 했습니다.",긍정적,긍정적
2024-04,"2층매장 넓어서 쾌적하고 대화나누기 좋아요.
커피맛 괜찮아요",긍정적,긍정적
2024-08,"2층 매장이 큰편은 아닙니다.
주변 회사원들이 점심시간 이후에 많이 있는것 같네요.",부정적,부정적
2024-01,지는 모시파인으로 갔는데 딸기 쉐이크 정말 맛있네요.,긍정적,긍정적
2024-03,파스쿠찌 커피는 사랑입니다. ^^,긍정적,긍정적
2023-12,"분위기 좋아요!
근데 빵은 종류가 좀 적어서..
빵군이에게는 비추입니다.
그러나 음료는 다양해요~",긍정적,긍정적
2024-06,커피가 고소하고 진한데 쓰지않고 맛있어요,긍정적,긍정적
2024-01,적당히 달콤하고 시원하고 맛있어요,긍정적,긍정적
2024-08,좋아요,긍정적,긍정적
2024-04,좋아요!,긍정적,긍정적
2024-03,좋아요,긍정적,긍정적
2024-06,굿,긍정적,긍정적
2024-01,친절해요,긍정적,긍정적
2023-12,굿,긍정적,긍정적
2023-11,좋아요,긍정적,긍정적
2023-11,;;,알 수 없음,알 수 없음
2023-07,친절한 사장님과 맛난 차 마시고 가요,긍정적,긍정적
2023-12,좋아요,긍정적,긍정적
2023-09,good,긍정적,긍정적
2023-08,편안하게 마실 수 있는 곳이에요,긍정적,긍정적
2022-12,뒷골목 파스꾸찌. 2층으로 올라가는 계단이 많이 좁고 답답한 공간에도 놀랍게 흡연실이 크게 자리 잡고 있다. 한가한 11시방문에 직원1명 있었는데 친절함,부정적,긍정적
2023-03,"골목에있어서조용하고
자리도2층이참좋네요

가게앞흡연자들만 빼구요",긍정적,긍정적
2023-08,조용하고 좋아요,긍정적,긍정적
2023-02,2층에 자리가 많지만 점심시간에는 없으니 참고하시길 바래요.,부정적,긍정적
2023-02,"넘넘 맛나고 좋아요~
다시 방문 예정요~",긍정적,긍정적
2023-07,보통이에요.,부정적,부정적
2023-04,친절하게 맞아주세요,긍정적,긍정적
2022-11,엠포인트로 50% 할인받음!!! 숨어있는 매장입니다!,긍정적,긍정적
2022-11,대화하기 좋은 컨디션,긍정적,긍정적
2023-03,굿,긍정적,긍정적
2022-11,옆 식당서 점심뒤 최적의장소.. 전 카푸치노 강추요,긍정적,긍정적
2023-01,굿,긍정적,긍정적
2022-12,굿,긍정적,긍정적
2022-12,맛나요,긍정적,긍정적
2023-03,좋아요,긍정적,긍정적
2022-11,굿,긍정적,긍정적
2022-11,굿,긍정적,긍정적
2022-08,쏘쏘,부정적,부정적
2022-08,조아요,긍정적,긍정적
2022-08,굿,긍정적,긍정적
2022-08,좋아요,긍정적,긍정적
2022-05,아이스아메리카노 맛이 한달넘게 이상하네요,부정적,부정적
2022-12,좋아요,긍정적,긍정적
2022-08,맛있어,긍정적,긍정적
2022-07,조아요,긍정적,긍정적
2022-10,굿,긍정적,긍정적
2022-07,좋아요,긍정적,긍정적
2022-06,그라니따 굳~,긍정적,긍정적
2022-03,카페라떼 넘 마시뜸 ㅎ,긍정적,긍정적
2022-11,"맛나요!!
굿",긍정적,긍정적
2022-05,좋아유~,긍정적,긍정적
2022-08,굿,긍정적,긍정적
2022-05,굿,긍정적,긍정적
2022-05,굳,긍정적,긍정적
2022-08,좋아요,긍정적,긍정적
2022-04,굿,긍정적,긍정적
2022-04,음료 맛나요,긍정적,긍정적
2022-04,좋아요,긍정적,긍정적
2022-03,조아요,긍정적,긍정적
2022-09,굿,긍정적,긍정적
2022-03,굿,긍정적,긍정적
2022-04,굿,긍정적,긍정적
2021-12,👏🏻,긍정적,긍정적
2022-05,좋아요,긍정적,긍정적
2021-12,조아요,긍정적,긍정적
2022-05,좋아요,긍정적,긍정적
2021-09,복숭아 그라나따 맛있어요,긍정적,긍정적
2021-10,친절하고 좋ㅇㅏ요:),긍정적,긍정적
2021-11,좋아요,긍정적,긍정적
2021-09,친절하고 좋아요,긍정적,긍정적
2021-11,좋아요,긍정적,긍정적
2021-06,맛있게 잘마셨어요. 두분 친절하십니다,긍정적,긍정적
2021-09,"친절하고, 커피 맛있습니다",긍정적,긍정적
2022-01,굿,긍정적,긍정적
2022-01,굿,긍정적,긍정적
2022-01,좋아요,긍정적,긍정적
2022-01,굿,긍정적,긍정적
2021-09,친절하세요,긍정적,긍정적
2021-06,맛있어요. 친절합니다,긍정적,긍정적
2021-07,좋아여,긍정적,긍정적
2021-06,매장이 깨끗하고 직원들 친절합니다,긍정적,긍정적
2021-07,좋아요,긍정적,긍정적
2021-07,좋아요,긍정적,긍정적
2021-06,친절해요,긍정적,긍정적
2021-07,좋아요,긍정적,긍정적
2021-05,커피 맛있어요!,긍정적,긍정적
2021-03,"커피 맛나요!
다른 메뉴들도 괜찮아요",긍정적,긍정적
2021-07,좋아요~,긍정적,긍정적
2021-06,굿!,긍정적,긍정적
2021-11,좋아요,긍정적,긍정적
2021-03,늘 여기서만 마셔요,긍정적,긍정적
2021-05,맛있어요,긍정적,긍정적
2021-01,가격은 비싸지만 맛있기에 종종 갑니다,긍정적,긍정적
2021-04,조아요,긍정적,긍정적
2021-07,조아요,긍정적,긍정적
2021-02,자주 방문합니다.,긍정적,긍정적
2020-11,좋아요! 매일아침 이용해요^^,긍정적,긍정적
2021-03,굿,긍정적,긍정적
2020-11,좋아요~ 혼자 하셔서 아침시간 조금 늦어요#,긍정적,긍정적
2020-11,좋아요! 아침에 할인도 됩니다!! 추천,긍정적,긍정적
2021-01,좋아요,긍정적,긍정적
2021-02,좋아요~~,긍정적,긍정적
2020-11,좋아요! 친절해용,긍정적,긍정적
2020-12,직원분들이 친절하고 좋아요,긍정적,긍정적
2021-01,좋아요!!!,긍정적,긍정적
2020-10,조금 느린 편이지만 친절해요,긍정적,긍정적
2020-11,괜찮아요!!,긍정적,긍정적
2020-11,그냥 쏘쏘한 커피. 베이글 맛있어요,긍정적,긍정적
2020-10,친절해요~ 조금 오래 걸려요,긍정적,긍정적
2020-12,좋아요,긍정적,긍정적
2021-01,친절하세요,긍정적,긍정적
2020-09,스마일페이 결제좀 되게 해줬으면합니다,부정적,긍정적
2020-11,좋아여,긍정적,긍정적
2020-08,맛있는 빙수와 커피 친절한 직원들,긍정적,긍정적
2020-09,단체할인이 되서 좋아요~,긍정적,긍정적
2020-09,친절한직원 맛난거피,긍정적,긍정적
2020-09,매우 만족스러운 장소입니다.,긍정적,긍정적
2020-08,조용하고 빙수 맛나요~~^^,긍정적,긍정적
2020-09,깨끗하고 친절합니다,긍정적,긍정적
2020-09,바닐라라떼 맛있어요,긍정적,긍정적
2020-09,친절하고 맛있어요^^,긍정적,긍정적
2020-08,하루에 한번 꼭 방문하는 곳,긍정적,긍정적
2020-11,맛있어요,긍정적,긍정적
2020-09,커피 맛있어요👍🏼,긍정적,긍정적
2020-09,아메리카노 좋아 좋아,긍정적,긍정적
2020-09,매우 만족 합니다.,긍정적,긍정적
2020-10,친절해요,긍정적,긍정적
2020-08,카페인이 맛있어요,긍정적,긍정적
2020-08,너무너무 맛있어요,긍정적,긍정적
2020-09,친절해요,긍정적,긍정적
2020-09,좋네요,긍정적,긍정적
2020-07,2층은 조용하고 자리 여유 있어요,긍정적,긍정적
2020-08,맛있어요~,긍정적,긍정적
2020-06,방학때 컴활 따려고 상담 받아봤는데 상담해주시는분도 친절하고 시설도 깔끔해서 좋았어요,긍정적,긍정적
2020-09,깨끗하고 조용해요,긍정적,긍정적
2020-08,맛있어요,긍정적,긍정적
2020-04,처음엔 탄산이 쎄서 적응이 안됐는데 먹다 보니까 괜찮다,부정적,긍정적
2020-05,좋아요좋아요좋아요 비싸요,긍정적,긍정적
2019-01,맛있어요,긍정적,긍정적
2019-01,맛있어요,긍정적,긍정적
