Date,Review,sentiment,Sentiment2
2024-07,"회사 주변 1등 맛집 두메!!!!!✨️✨️✨️
우리팀 모두 제일 좋아하는 대존맛 맛집이에요
일단 낙지볶음 최강. 낙지가 엄청 토실하고 부드럽고요
곤드레나물밥 진짜 찰기 윤기 엄청나고 그냥 밥만 먹어도 맛있어요 글고 반찬들이 어쩜이리 잘나오는지ㅠ 반찬들도 하나같이 다 맛있고, 건강한 손맛 그 자체에요. 그중 저는 취나물 무친게 제일 맛있어요ㅎ 사장님도 넘 친절하셔서 반찬 먼저 더 주신다고 하고 양껏 주시고요
우리팀 주 1회 꼭 먹으러 가는 점심 맛집입니다 ㅎ 사장님 오래오래 해주세요~ ><
지난번 보쌈 정식 먹어봤는데 그것도 맛있음!",긍정적,긍정적
2024-07,"낙지정식먹었습니다
반찬처럼 나오고요 그냥 다 맛있어요 그냥 백반집이라고 생각함 될거같아요 곤드레밥 진짜 맛있네요",긍정적,긍정적
2024-05,"가끔가는 집인데요..
여기 음식이 너무 맛있어서..
힝상 사진찍는걸 까먹고 만다능....
오늘도 다 먹고 나서..
계산할때야 생각이 나서..
뒤늦게 가게 사진이라도 찍었네요..

이 집은요..
음식이 좀 건강한 집입니다.
반찬들도 하나같이 건강한 반찬들..
나물, 두부, 묵,.. 요런 스타일..
반찬 리필되구용~
채식주의자들이 좋아하는 식당일꺼에용~~ ㅎ",긍정적,긍정적
2024-08,"들깨수제비 먹었어요.
반찬이 6가지 깍두기, 오이지, 두부조림, 취나물, 묵들깨무침, 부침개
맛없는 반찬 하나도 없고 사장님 친철하시고 만족하며 식사했어요.
만 원이 아깝지 않은..",긍정적,긍정적
2024-08,여긴 가도가도 맛있어요. 자주 생각나는 집이에요,긍정적,긍정적
2024-08,"곤드레밥 여기만한데 없어요
점심때 인기터짐 저녁에 오면 여유롭게 먹을슈있음
수육정식 오징어볶음 정식 둘다 맛있음
반찬도 다양하고 엄마집밥느낌",긍정적,긍정적
2024-03,"[강남 건강 수육정식 직장인 점심 추천!]
합리적인 간도 적당하고 양도 적당하면서 밑반찬이 상당히 맛있는 식당입니다~! 고기도 비린맛 없이 깔끔합니다! 곤드레도 밥도 리필 가능해서 좋습니다",긍정적,긍정적
2024-07,아주 맛있습니다 🫶🫶🫶,긍정적,긍정적
2024-10,조아요,긍정적,긍정적
2024-08,아주 정갈하고 좋아요.,긍정적,긍정적
2024-05,"네명에서 낙지볶음정식 2개, 보쌈정식 2개 주문해서 먹으니 다양하게 맛을 볼 수 있어 좋았습니다. 반찬도 전부 맛있어서 아주 행복한 점심시간이었습니다!",긍정적,긍정적
2024-03,"와… 밑반찬 하나하나 전부 맛있고 곤드레밥도 윤기가 좔좔 흐르는게 일품이었습니다. 야들야들한 낙지볶음까지 정말 환상이었구요, 무엇보다 너무 세심하시고 친절하겨서 기분좋은 식사자리가 되었습니다!",긍정적,긍정적
2024-04,곤드레밥도 맛있고 반찬도 깔끔하고 괜찮아요~,긍정적,긍정적
2024-02,다 맛있는데 낚지볶음정식 강추,긍정적,긍정적
2024-04,"곤드레밥, 반찬 맛있어요",긍정적,긍정적
2024-06,굿,긍정적,긍정적
2023-12,곤드래정식 정갈하고 푸짐하고 맛있어요 담백한보쌈 브로콜리장아찌등 강추입니다,긍정적,긍정적
2024-05,좋아요,긍정적,긍정적
2024-03,맛있어요,긍정적,긍정적
2024-05,맛있고 양 많아요,긍정적,긍정적
2024-01,낙지볶음 맛있고 감자전도 추천! 반찬도 다 맛있어서 배두둑히 부릅니다~ 사장님도 친절하셔용,긍정적,긍정적
2024-01,"곤드레밥 9000원에 먹었는데 넘 맛있었어요.
다음에는 낙지 정식에 도전할까 합니다.",긍정적,긍정적
2023-05,"넘 맛있어요… ❤️
제가 간 날 밥은 살짝 질었는데 질은 밥 러버라 맛있게 잘 먹었습니당ㅠㅠ🩷
밑반찬도 다 맛있고 낙지볶음도 맛있고.. 보쌈이랑 곤드레 같이 먹는 것도 넘 맛있구 곤드레밥도 왕 맛있어요 .. 💛
다음에 또 갈게용 🩵",긍정적,긍정적
2023-07,밑반찬도 다양하고 고기도 맛있는 산나물보쌈정식! 같이 나오는 뽕잎장아찌도 맛있었어요 점심시간에 사람 많고 바빠보였는데 직원분들 친절하셔서 맛있게 먹었습니다~,긍정적,긍정적
2023-10,"정식 12,000원이라 가격이 조금 있지만 반찬이 다양해서 좋아요!",긍정적,긍정적
2023-09,같이 데려간 사람들이 모두 만족했던 뱅뱅사거리 한식집이에요💜,긍정적,긍정적
2023-09,"옛날에는 가성비 맛집인데
지금은 그냥 맛집이요
뱅뱅사거리 식사 추천해요",부정적,긍정적
2023-04,"음식이 하나같이 정갈하고 맛있습니다
맛있게 먹다보니 메인메뉴는 찍지 못했어요
지나시던 사장님이 “밥 더 드릴까요?”하는데 장사 잘하시는 분이라 느꼈습니다
지리적으로 애매한 위치인데 점심식사 시간 가득 메운 손님보고 놀랐습니다
다음주 직원분들과 두메 한번 더 가려구요
가끔 생각나서 갈것 같아요",긍정적,긍정적
2023-06,음식이 정갈하고 정말 맛있어요! 사장님도 너무 친절하시구 편안한 음식이라 좋았어요 :),긍정적,긍정적
2023-12,맛있어요.,긍정적,긍정적
2023-09,"집밥 맛이라 너무 좋고 든든하고 맛있어요 ㅎㅎ
한끼 잘 먹고 왔습니다!",긍정적,긍정적
2024-02,😊,긍정적,긍정적
2023-10,굿이에요,긍정적,긍정적
2023-08,한식땡길 때 딱,긍정적,긍정적
2023-07,점심시간에 정신없긴 한데 맛있어용!!,긍정적,긍정적
2023-11,굿,긍정적,긍정적
2023-04,나물 좋아하시는 분들께 추천합니다!,긍정적,긍정적
2023-10,굳,긍정적,긍정적
2023-05,"속편한 점심 필요할 때 가는 곳이에요!
인기맛집이라 점심에 정말 붐벼요 ㅎㅎ 그래도 웨이팅 금방 빠지는 편이에요",긍정적,긍정적
2023-03,우연히 지나가다가 들른 곳인데 밑반찬까지 하나도 빠지지 않고 너무 맛있었어요 나물류 양념이 너무 맛있었는데 추가요청 드렸을 때는 냉장고 냉장기능이 문제인지 살얼음이 껴서 나온 것 말고는 너무나 만족스러운 한끼였습니다 나중에 다른 메뉴도 먹으러 가고 싶어요,긍정적,긍정적
2023-07,"점심시간에 좀 정신없긴한데, 맛있어용",긍정적,긍정적
2023-07,점심 근처 먹을 곳이 없어서 감. 반찬은 미리 그릇에 쌓아 놔서 떡이 된거 같고. 낚지정식은 한솥 끓여 놓은거 그릇에 퍼줌.,부정적,부정적
2023-07,자주 이용하는 곳이에요,긍정적,긍정적
2023-07,곤드레밥 맛있어요,긍정적,긍정적
2023-06,"두메의 보쌈과 낚지볶음에
막걸리 한병 마시면 점심으로 딱 좋음",긍정적,긍정적
2023-06,들깨수제비 맛집,긍정적,긍정적
2023-09,맛있어요,긍정적,긍정적
2023-07,한식 좋아요 보쌈도 굳,긍정적,긍정적
2023-03,"건강한 한 끼 먹기 좋은 곳
하지만 날마다 음식 맛이 들쑥날쑥해요 바빠서 그러신거겠죠 ㅎㅎ
그리고 정신 없는건 알지만…뭘 요청하면 대꾸가 없으세요…^^;; 서비스가 많이 쉬워요",부정적,부정적
2023-06,맛있어요.,긍정적,긍정적
2023-03,시골밥상 건강한맛! 맛있어요,긍정적,긍정적
2023-02,이날따라 서빙이 늦어서 좀 곤란했어요...,부정적,긍정적
2023-03,깔끔하고 너무 자극적이지 않은 맛,긍정적,긍정적
2023-05,좋아요,긍정적,긍정적
2022-12,"양재에서 제일 좋아하는 밥집 중 하나인데, 들깨 수제비는 첨 시켰는데,,, 그냥 곤드레밥&낙지볶음 또는 수육이 젤 맛나네요!",긍정적,긍정적
2023-04,맛있어요!!,긍정적,긍정적
2023-03,정말 건강한 음식점,긍정적,긍정적
2022-09,"점심에 인기가 많아 웨이팅 한다고 해서 저녁에 방문 했어요. 낙지볶음 먹었는데, 곤드레나물밥과 아주 잘 어울려 맛있게 먹었어요. 어르신들이 토속 음식 드시러 많이 오시는 것 같아요. 부모님 모시고도 오고싶을 정도로 반찬도 모두 정갈하게 잘 나오네요. 재방문 의사 있어요.^^",긍정적,긍정적
2023-03,아주아주 음식이 좋아용,긍정적,긍정적
2022-08,"친구가 회사 근처에 맛집있다고 해서 방문하게 됐습니다
비도 추적추적오고 해서 낙지볶음을 픽했는데
옳은 픽이었습니다 ㅎ
낙지볶음 정식 주문하니까 곤드레밥까지 나오네요

밑반찬도 잘나오고 모든 음식 맛있게 잘 먹었습니다

점심시간에는 사람이 바글바글하다고 하니
상대적으로 한가한 저녁에 방문하셔도 좋을 것 같습니다",긍정적,긍정적
2023-03,좋아요,긍정적,긍정적
2022-12,진짜 집밥이 먹고싶을 때 갑니다. 낙지볶음정식과 보쌈정식이 맛있어요~밥은 곤드레밥을 주시는데 밥도 찰지고 밑반찬도 맛있습니다. 정말 건강식이라 뭔가 든든하고 좋아요,긍정적,긍정적
2023-02,보쌈이 엄청 부드럽고 맛있구요. 곤드레밥도 맛있어요,긍정적,긍정적
2023-04,맛있어요,긍정적,긍정적
2023-02,든든한데 깔끔한 맛 👍,긍정적,긍정적
2022-12,맛있어서 자주가요~ 12시에가면 자리 잡기 힘들어요,긍정적,긍정적
2023-02,보쌈정식 넘 맛있어요,긍정적,긍정적
2022-10,점심식사로갔는데밥이너무 질고 낙지양이 가격에비해 너무적네요.. 전문점이라 가봤는데 실망스러운 식사였습니다 ..,부정적,부정적
2023-02,맛있는 대 불친절,부정적,부정적
2022-11,곤드레밥과 보쌈을 같이 먹을 수 있는 정식 추천합니다,긍정적,긍정적
2022-12,점심때 이용하기 좋아요,긍정적,긍정적
2022-11,"메인 메뉴, 반찬 다 맛있어요",긍정적,긍정적
2022-12,너무 맛있어요,긍정적,긍정적
2022-11,맛있어요,긍정적,긍정적
2022-11,맛있어요!,긍정적,긍정적
2022-08,점심 시간에 긴 웨이팅만 아니면 엄청 맛집 입니다.,긍정적,긍정적
2022-09,음식깔끔하고 가성비좋아요 곤드레밥은 강원도에서 먹는 그맛!,긍정적,긍정적
2022-11,맛있어요!,긍정적,긍정적
2022-09,곤드레밥 맛있어요.,긍정적,긍정적
2022-11,"낙지볶음정식은 낙지가 반찬처럼 나와요
(한식백반에 제육 조금 나오듯이)
그래도 다른 반찬 많아서 배불러요",부정적,부정적
2022-07,오늘처럼 더운날 시원한 묵밥~~,긍정적,긍정적
2022-09,좋아요,긍정적,긍정적
2022-07,처음갔는데 식사 괜찮고 깔끔하네요,긍정적,긍정적
2022-08,ㅓ,알 수 없음,알 수 없음
2022-08,굿,긍정적,긍정적
2022-09,굿,긍정적,긍정적
2022-08,굳,긍정적,긍정적
2022-05,직원부족 정신없음,부정적,부정적
2023-02,맛있어요,긍정적,긍정적
2022-07,ㅏ,부정적,부정적
2022-11,맛있어요,긍정적,긍정적
2022-03,"물은 주지도 않고
젓가락 없다고 하니 뭉탱이로 집어던지듯 상에 놓고가버리고 친절은 찿아볼 수가없네요.
음식맛이 있건없건 기본이 안되어있어서 내돈 내고 먹는데도 다시는 가고싶지않은 그런 가게 였습니다.",부정적,부정적
2022-06,굿,긍정적,긍정적
2022-04,맛있어요,긍정적,긍정적
2022-03,맛있어요,긍정적,긍정적
2021-12,맛있어요❤️,긍정적,긍정적
2022-02,ㅏ,부정적,부정적
2022-02,ㅏ,부정적,부정적
2022-02,ㅏ,부정적,부정적
2022-01,ㅏ,부정적,부정적
2021-09,너무너무 맛있어요,긍정적,긍정적
2022-02,굿,긍정적,긍정적
2021-12,1번,부정적,긍정적
2021-11,매장이 깔끔해요,긍정적,긍정적
2021-11,질기네요,부정적,부정적
2021-12,좋아요,긍정적,긍정적
2021-11,맛있어요ㅠㅠ,긍정적,긍정적
2021-09,건강한 한끼!,긍정적,긍정적
2021-10,맛있슴,긍정적,긍정적
2021-10,맛있어요,긍정적,긍정적
2021-11,좋아요,긍정적,긍정적
2022-01,굿,긍정적,긍정적
2021-04,사람이 많아도 가게되는곳입니다,부정적,긍정적
2021-03,맛있어서 사람이 많아요,긍정적,긍정적
2021-02,너무맛있고 좋아요. 가격도 굿,긍정적,긍정적
2021-01,곤드레밥 맛나요~~,긍정적,긍정적
2021-03,맛있어용,긍정적,긍정적
2021-03,맛있어요!!,긍정적,긍정적
2021-01,맛있어요,긍정적,긍정적
2021-02,JMT,부정적,부정적
2020-09,깔끔. 언제가도 맛있어요.,긍정적,긍정적
2020-07,"모임장소로
너무 좋아요",긍정적,긍정적
2020-06,여기 맛집 인정이에요!!!,긍정적,긍정적
2020-06,낙지볶음이 맛있는 집!,긍정적,긍정적
2020-03,반찬이 맛있어요,긍정적,긍정적
2020-07,맛있어요,긍정적,긍정적
2020-03,음식맛있고 깔끔해요,긍정적,긍정적
2019-11,맛잇음,긍정적,긍정적
2020-07,참잘하네요,긍정적,긍정적
2019-12,좋아요,긍정적,긍정적
2018-01,굿,긍정적,긍정적
