Date,Review,sentiment,Sentiment2
2024-11,"디저트 오마카세는 처음이었는데, 색다르고 맛있었어요!!
생전 처음먹어보는 맛인 디저트도 있었는데 ㅋㅋ 재밌었어요
다음 오마카세는 다른 종류라던데 바뀌면 또 가보고싶어요",긍정적,긍정적
2024-08,테마에 영감을 받은 독특한 디저트들을 먹어볼 수 있었어요 디저트오마카세라는 것도 처음 접해보았는데 데이트 하러 오기도 좋아요 특이하고 처음보는 디저트 체험해보고 싶다면 꼭 방문해볼만해요😆😆,긍정적,긍정적
2024-08,한시간 동안 태국 여행하고 온 느낌이었어요!! 디저트 하나하나가 맛과 식감이 휼륭하고 너무 강하지 않아 재료들 맛이 다느껴지고 발란스가 좋더라구요!! 티도 향이 너무 좋았어요!! 한시간 동안의 행복이었습니다!!,오류,오류
2024-09,"디저트 오마카세라니 .. 특별한 날 힐링하고 갑니다! 예측가능하지 않은, 신선한 맛들의 향연~~ 하나 하나 정성들여 만드시는 모습에 감동ㅎㅎ 다음에 또 갈 수 있길🫶",긍정적,긍정적
2024-09,"오마카세 디저트의 구성이 다채롭고 너무나 맛있었어요. 입안에서 바삭거리던 머랭쿠키도 향긋한 부추오일과 어우러지는 칠리아이스크림도 인상적이었어요.

보기만해도 예쁘고 귀여워서 선뜻 먹기가 아깝기도 했답니다.",오류,오류
2024-07,"급 맛있는 디저트가 먹고싶어서 방문했는데 매우 만족!!!
팟타이 컨셉으로 진짜 고기가 들어간 디저트라니..부추맛과 생강맛이 나는 크럼블까지 문화충격인데 존맛탱
가게가 넓진 않지만 평일에 가니 아늑하고 좋았어요
넘 맘에 들어서 단품 디저트 하나 더 먹고 마들렌도 삼
마들렌은 피스타치오 유자 추천!!
차 시켰는데 리필도 해주세요! 다만 천천히 즐기고싶은데 차가 빨리 식어서 아쉬웠음 😂
다음엔 빙수 조지러 갈 예정
근처 갈 일 있는데 디저트 좋아한다? 꼭 한번 가보세요",긍정적,긍정적
2024-07,"너무너무 예쁘고 맛있는 특별한 경험✨🩷
무작정 단 디저트들만 먹다가 오랜만에 제대로된 디저트, 한겹한겹 맛이 쌓이는 디저트를 먹었네요
한상차림,코스라는 컨셉도 대접받는 느낌이라서 또 맛이 두배! 강추입니다",긍정적,긍정적
2024-07,"흔히 접할 수 없는 디저트들을 경험 할 수 있어서
이색적인 느낌이었어요
음식에 대한 지경이 넓어지는 공간이라고 생각됩니다
한상차림에 무조건 티 만 고르는게 살짝 아쉬웠지만
티랑 잘 어울리긴 했습니다!
커피로 변경이 가능하면 좋을것 같아요",오류,오류
2024-06,"서울에서 즐길수 있는 디저트 오마카세 맛집 문화시민 서울에서 맛본 3코스 디저트오마카세 코스입니다. 디저트와 함께할 음료로 아메리카도와 질소 화이트플랫을 을 주문했구요. 다른팀은 허브티로 주문했는데 티하고도 잘 어울리더라구요. 문화시민 서울은 커피맛집이라 커피 테이크아웃 손님도 많아서 전 커피로 주문. 진한 커피를 좋아하는데 여긴 진한커피랑 디저트하고도 잘 어울렸어요. 3가지 모두 문화시민에서만 맛볼수 있는 디저트라 감동이었습니다. 커피도 맛나고 디저트도 맛나고, 홀로 구움과자와 디저트를 즐기러 오신 분들도 있고 근처 갈일 있으면 커피와 구움과자 먹으러 또 들릴려구요. 저희 디저트코스 맛보는데 테이크아웃하러 오신 단체 손님들이 신기해하시면서 구경하셨어요.^^* 기념일이나 축하할일 있을때 좋아요~",긍정적,긍정적
2024-08,"아늑한 공간과 넓은테이블로 친구들과 대화하기
좋고 흔히 볼수없는 디저트들로 이색적인 코스요리를
맛볼수있어좋았고 플레이팅도 예뻐서 기념일날
오기너무좋아요!",오류,오류
2024-08,"구움과자랑 디저트 코스 전부 다 맛있었어요!!! 오마카세 디저트로 특별한 하루를 보낼 수 있다니...🥹
특별하고 맛있는 디저트와 함께 더 기억에 남는 하루를 보낼 수 있었네요😻 추천합니다!!!!",긍정적,긍정적
2024-06,"데이트하러 찾아간 곳!
인테리어도 예쁘고 오붓하게 먹었습니당
디저트 종류도 다양하고
다 맛있어서 싹싹 닦아먹었습니다! 👍
디저트 오마카세 찾는다면 무조건
여기입니다
맛뿐만 아니라 경험까지 하는 곳 증말최고",긍정적,긍정적
2024-08,"디저트 오마카세와 커피, 차
고급스럽고 맛있는 디저트가 좋았어요
설명 들으며 먹다보니 시간가는줄도 몰랐네요",오류,오류
2024-05,"지난번에 이어 다시 찾았던 디저트 오마카세, 3코스로 즐겼어요. 부드러운 리코타 치즈 에스푸마와 바질 특유의 향이 매력적이었던 첫번째 디저트. 바삭한 식감에 부드러운 크림이 잘 어울렸던, 소불고기가 올려진 디저트라니 이색적이면서도 든든했던 두번째. 고소한 크럼블, 부드러운 젤라또, 상큼한 소르베의 만남으로 특별했던 세번째 디저트. 맛있는 디저트 맛보고 마들렌 포장도 해왔어요~",긍정적,긍정적
2024-07,한상과 3개 코스로 주문했어요. 특별한 디저트들이어서 하나하나 감명깊게 먹었습니다. 단순히 커피에 곁들이려고 후루룩 먹는 빵이 아닌 음미하며 먹는 디저트라 재밌는 시간이었어요.,오류,오류
2024-08,"시즌13 오마카세로 방문했습니다!🍃
디저트 하나같이 다 너무 예쁘고 맛도 특색있는 맛이어서 넘 좋았어요!! 흔하지 않은 디저트 넘 추천해요!!!🩷",긍정적,긍정적
2024-07,"신선하고 특별했습니다
모두 디저트인데 코스처럼..ㅋ
이렇게할 수 있구나 아이디어에 감탄
맛도 디테일해서 잘 즐겼습니다~",오류,오류
2024-08,커피도 특별한 메뉴들이 있어서 고르는 재미가 있었어요! 구운과자는 당연히 맛있었고 직원 분들도 너무 친절해서 또 가고 싶어요!🥺🫶🏻,긍정적,긍정적
2024-06,"우연히 잠실어떤 카페랑 콜라보할때 갔는데 휘낭시엔 너무 맛있어서 여러번 방문했어요 없어진후 계속 생각나서 찾다가 강남에 문화시민하시는거 알고 갔어요~!

사실 디저트를 코스로 먹는다는 개념이 생소하기두 하구 이렇게까지 돈내고 먹어야되나 싶었는데

진짜 후회없어요!!
너무 좋은 시간이였고 요즘 디저트 가격생각하면 가성비같은.. ㅋㅋㅋ

매번은 아니더라두 퀄리티 좋은디저트 즐기고 싶다할때 가보는거 추천해요!",긍정적,긍정적
2024-05,와 여기는 어나더레벨 디저트 카페 맛집이에요! 디저트 오마카세 코스 구성도 좋았고 2-3개월 간격으로 오마카세 시즌 구성이 달라져 매번 새로울것같아요. 어디서도 맛보지못한 예술작품같았던 미슐랭감성 디저트맛집 꼭 드셔보세요!!,오류,오류
2024-07,다른 곳에서는 맛보기 힘든 새로운 메뉴가 많아서 좋았어요. 오랜만에 새로운 미각 자극을 받아 기분좋았어욤😋,긍정적,긍정적
2024-08,"디저트 코스로 먹었는데 정말 좋았어요 ~
집 근처라 커피 마시러 잠깐 들렀다가 디저트 코스가 있다고 해서 예약해서 방문 했어요.
태국 주제로 한 코스였는데 정말 처음 먹어보는 맛에 설명해주시는 대로 맛도 너무 잘 느껴지고 좋았습니다.

다음에 새로운 시즌 뜨면 또 가고싶어요",오류,오류
2024-07,객관적으로 디저트는 맛있긴 한데 워낙 제가 디저트를 다 섭렵하고 다녀서 그런지.. 감동은 없었습니다. 다 어디서 먹어본 듯한 맛의 조합이었어요! 그래도 같이간 지인은 만족하는 거 같아서 다행였어요. 직원 분들이 불친절한 건 아닌데 미소 한번 짓는걸 못 봤네요~ 재방문 의사는 없습니다.,부정적,부정적
2024-07,"자극적이지 않은 맛있는 디저트들이에요
디저트 하나하나에 대해서 설명해주셔서 너무 좋았어요",긍정적,긍정적
2024-07,"한상차림도 너무 마음에 들었어요!!
다음시즌도 기대되네요",오류,오류
2024-08,들기름커피 독특해여,긍정적,긍정적
2024-06,평일에 가니 손님 아무도 없어서 데이트장소로 너무 추천하고 디저트들이 하나하나 특색있고 맛있어요!,오류,오류
2024-05,"프라이빗해서 조용히 조잘대며 디저트 코스 만끽하기좋음.
디저트별로 재료설명 들을 수 있어서 좋음
디저트3코스, 시즌12, 웨딩임페리얼 차세트, 단품 베스트 메뉴
구성으로 머금ㅋ",긍정적,긍정적
2024-07,"디저트 오마카세 신기했어요
평소 접하기 어려운 디저트들이라 이색적이었어요",긍정적,긍정적
2024-07,다른 곳에서는 볼 수 없는 독특한 디저트 메뉴들을 맛볼 수 있어서 좋았습니다.,오류,오류
2024-04,"강남역, 양재역 디저트 맛집 문화시민서울에서 디저트 포장해왔어요😁 마들렌이랑 휘낭시에 반죽이 촉촉하고 부드러워서 너무 좋았어요! 비주얼도 좋아서 디저트 선물하기도 딱 좋아보여요👍🏻 디저트 오마카세 진행한다고 하시던데 나중에 신청하고 싶은 맛이었어요♥️",긍정적,긍정적
2024-08,아늑하고 조용히 대화 나누기에 좋았어요! 특별한 메뉴들도 많아서 특별한 분위기를 내고 싶을 때 오기 좋습니다👍,오류,오류
2024-08,강남데이트 하기 좋은 공간입니다,긍정적,긍정적
2024-05,방문 예약하고 3코스로 진행했는데 결론만 말하자면 지금까지 다닌 디저트 오마카세 중 가장 독특하고 신선한 맛이었어요 입 안에서 재료가 따로 분리되어 이도저도 아닌 맛으로 느껴지는 곳들도 많은데 여긴 재료 하나하나가 조화롭게 어우러지고 제가 지금까지 먹어본 디저트의 맛과는 많이 다른 개념이라 적잖이 충격을 받았습니다 맛이 너무너무 재밌었어요 오마카세는 특성상 기념일 같은 날에 일회성 방문으로 분위기를 적당히 즐기는 곳이라고만 생각했는데 여긴 디저트를 먹으면 먹을수록 음식을 먹는 즐거움도 알게 되고 다음 코스를 어린 아이처럼 설레여 하면서 기다리는 저를 발견하고 재방문을 해야겠다는 생각이 강하게 들었습니다 가격대도 생각보다 괜찮아서 데일리로도 즐길 수 있을 만한 곳이라고 생각되어요 다들 꼭 방문해 보세요,오류,오류
2024-08,"사장님 너무 잘생기셨어요 와 짱!!
마들렌, 휘낭시에 너무맛있어요",긍정적,긍정적
2024-04,디저트 맛집 문화시민! 마들렌이 정말 너무 맛있어요!!! 다음에도 선물할 일이 생기면 방문하겠습니다!!,긍정적,긍정적
2024-07,"먹느라 바빠서 사진 못 찍을 정도로 맛있는 디저트👍 분위기도 엄청 좋고 직원분도 친절하셔서 강추해요
마들렌 하나만 구매했는데 휘낭시에도 먹어볼 걸 후회중,,",오류,오류
2024-05,들어가자마자 맛있는 향기가 났던 곳 구움 과자 천국이에요 마들렌 휘낭시에 다 맛났어요,긍정적,긍정적
2024-11,...............,오류,오류
2024-07,"휘낭시에가 맛있다고 해서 테이크아웃 했어요..
진짜 맛있음
하나도 안퍽퍽해요",긍정적,긍정적
2024-04,디저트가 맛있어요:) 친절하게 설명해주셔서 더 맛있게 먹었습니다^^,긍정적,긍정적
2024-07,"디저트 맛있고 넘 훌륭해요!
장소는 좁고 주방도 바로 앞이라.. 의자도 딱딱하고 불편해서 이야기 나누기에 편안하진 않았습니다.
맛도 중요하지만 분위기를 즐기러 가는건데 좀 아쉬웠네요.",오류,오류
2024-06,"테이크아웃 후 마셨습니다. 직장인을 위한 타임세일이 있습니다~! (음료10%할인)
음료 나오고 있길 기다리는 동안 디저트 포장주문도 꽤 있더라구요 .. 근데 품절이 있어서 좀 아쉬웠습니다 디저트와 커피 모두
다음엔 디저트 코스 먹으러 가야겠어요",긍정적,긍정적
2024-04,고급스러운 느낌의 찐 마들렌맛집👍🏻 이곳에만 있는 특별한 메뉴가 있어서 와서 좋았어요🥰 다음에는 디저트 오마카세 먹으러 또 오고 싶은 곳이였어요~,오류,오류
2024-03,진짜 디저트가 개미쳤어요 너무 맛있고 하나같이 다 이쁘고 와 앞에서 해주시는데 정선스럽게 해주시고 설명까지 ㅠㅠ 힐링하고 갑니다 저희는 맛있는 디저트 먹으러 온거라 푸파 하고 갑니다ㅋㅋㅋㅋ,긍정적,긍정적
2024-08,음료가 어디에서도 먹어본적 없는 메뉴들인데 너무맛있었습니다,오류,오류
2024-05,"특별한디저트를 먹을수있는 곳
시즌이 나누어져있어 다음에가면 또 바뀌겠죠?
그때다시 가서 먹어야지^^",긍정적,긍정적
2023-12,"지난 시즌에도 만족스럽게 방문했던 문화시민 서울. 새로운 시즌이 시작되었다는 소식을 듣고, 이번에도 잔뜩 기대하는 마음으로 방문했어요.
여전히 창의적이고 좋은 구성으로 이루어진 디저트 오마카세 4코스. 내 눈앞에서 정성 가득한 손길로 차곡차곡 완성해주시는 디저트를 어떻게 사랑하지 않을 수 있겠어요. 덕분에 행복한 1시간을 보내고 왔답니다.
전반적으로 크리스마스의 낭만이 은은하게 느껴지는 코스였어요. 특히나 (저의 올해 첫) 슈톨렌이 너무 좋더라고요! 뭐 하나 뺄 것 없는 탄탄한 맛 .. 아메리카노와 함께 곁들였을때 그 맛이 극대화되는 느낌이에요.
다음에는 어떤 메뉴를 구성하실까, 또 새로운 시즌을 기다리면서 리뷰 작성해봅니다⭐",긍정적,긍정적
2024-04,"마들렌이랑 휘낭시에 맛있당
말차가나슈마들렌 추천해욧",오류,오류
2024-02,"벌써 3시즌째 방문✨
이번 시즌도 진짜 만족스러워요

문화시민은 단순한 디저트가 아니라
하나의 요리를 맛볼 수 있어서
너무너무 좋아요ㅎ_ㅎ🤍",긍정적,긍정적
2024-02,들기름커피는 언제 먹어도 꼬숩고 맛있네요! 시즌 바뀔 때 마다 방문해야하는 강남 디저트오마카세 문화시민서울🥰 이번 시즌도 아주 눈물나도록 맛있었습니다ㅠㅠ 다음 시즌도 기대돼요❤,오류,오류
2024-03,"들기름 커피 맛있어요
커피 부분은 달지않은 라떼맛인데
위에 크림층이 꼬숩달달해서 존맛",긍정적,긍정적
2023-11,"캐치테이블 예약후 방문 했어요!
제가 진자 디저트에 미친자인데
디저트오마카세라니…. 남편은 단거 안좋아하지만 누구랑 가나요?? 끌고갔습니다.
예약시간보다 좀 일찍 도착했는데 다행히 앞타임이 일찍끝나서 바로 입장했어요!
인테리어도 고급지고 일단 흘러나오는 음악이 너무 잔잔하니 좋아서 분위기까지 더 좋았습니다.
직원분들도 왕 친절했고 코스마다 어떤재료와 어떤 조합으로 만들어진지 다 설명해 주시면서 내어주셔서 들으면서 만들어지는 과정까지 눈과 귀가 즐거웠고,
마지막으로 맛보면서 입까지 즐거웠어요.
카페인때문에 디카페인 티와 같이 먹었는데 너무너무너무 잘어울렸습니다.
그리고 사진이 일단 너무 잘나와요.. 몇장을 찍었는지 몰라요 키키
오랜만에 남편이랑 디저트 데이트 너무 완벽했어요❤️",긍정적,긍정적
2023-11,"특별하고 맛있는 디저트를 프라이빗하게 즐길 수 있어서 너무 만족했습니다 ✨🤍💖 데이트코스로도 완전 추천 !!! 커피도 넘 맛있고 디저트 모두 맛있었어요♥️
가격도 합리적이라 재방문의사500프로 !!! 도장쾅💯",오류,오류
2023-11,"저번에 갔을 때는 디저트 코스 시즌 8이었는데요
딱 시즌 10이 시작된 날! 일부러 맞춰서 잽싸게 다녀왔어요
제가 감을 정말 좋아해서 (홍시 연시 단감 대봉 다 환장함)
스타터부터 완전 취향 저격. . 슈톨렌 마무리까지 완벽했어요

구움과자가 워낙 맛있는곳이라 참을 수 없어서
구움과자까지 추가해서 먹었답니다 . .
문화시민은 항상 사랑이에요 하트",긍정적,긍정적
2024-04,이쁘고 맛있는 디저트가 다양하게 있어요!,오류,오류
2023-10,"나른한 오후에 들른 『문화시민 서울』
디저트를 즐기는 분들이라면 이미 알고 계실, 예술같은 디저트 오마카세를 만날 수 있는 곳이에요.

시즌별로 달라지는 메뉴 구성을 즐길 수 있어서 시즌별로 방문하는 재미도 있을것 같네요.
시그니처 음료인 질소 플랫치노도 정말 맛있었지만 오마카세와 페어링하기에는 깔끔한 티가 좋을 것 같아요.

코스메뉴는 총 4가지로 구성되어있는데, 처음부터 끝까지 이어지는 느낌의 구성이라 뭐 하나 빼놓을 것이 없구나,, 싶더라구요. 덕분에 오랜만에 만난 지인과 근사한 시간을 낼 수 있어서 좋았습니다 : )",긍정적,긍정적
2023-11,"크리스마스, 연말에 여사친들 옹기종기 모여서 힐링하기 딱이에요 눈으로 보눈 것도 즐겁고 달고 고소하고 새콤 달콤하게 골고루 디저트 구성이 잘되어 있어요! 그리고 특히 매니저님이 다정하시고 설명도 잘 해주시고 (잘 생기심) 다이어트와 건강까지 챙겨주십니다 메뉴 바뀔 때쯤 한번 더 힐링하러 꼭 다시 갈께요!",오류,오류
2024-02,제 취향이던 메뉴 2가지 골라봤어요!ㅎㅎ,긍정적,긍정적
2023-12,맛뿐만 아니라 보는 재미까지 더 해져 좋았습니다. 평소에 디저트를 좋아하여 구움과자와 디저트를 검색하다가 우연히 알게 되었는데 만족스러운 시간이었습니다.,오류,오류
2024-04,"홈파티 선물로 휘낭시에 5종세트 사봤어요
맘에 들어하십니다",긍정적,긍정적
2023-12,"디저트 코스로 잘 즐겼습니다 :)
아늑하고 친절하고 입도 눈도 즐거운 시간이었어요.",오류,오류
2023-12,"여름에 다녀오고 또 생각이나서 겨울에 방문했어요, 여전히 창의적이고 구성이 좋아서 만족스러운 시간 보냈습니다🥰",긍정적,긍정적
2023-11,"슈톨렌으로 연말 분위기 물씬
다른곳 슈톨렌하고
차별화된 식감이 재밌어요

전부 달달한 디저트만 나오는게 아니라
코스구성에 맞게
식사용 디저트도 나와서 좋아요",긍정적,긍정적
2024-02,사진 속 양파... 미친걸까요? 정말정말 맛있게 먹고 왔습니다. 코스 바뀔때마다 방문하고 싶어지는 맛이었어요.,오류,오류
2023-12,"디저트 코스 비주얼부터 맛까지 너무 만족스러웠다!
디저트 리스트 바뀔때마다 재방문하고싶음",긍정적,긍정적
2023-11,"디저트 오마카세라 무척 신기했어요.
크리스마스가 한달전이라 그런지 구성에 슈톨렌이 있어서 좋았습니다!🎄",오류,오류
2023-09,"동생들과 같이 방문한 문화시민 서울
디저트세트와 옥수수&버터넛스쿼시, 딸기 디저트 먹고 왔어요 음료는 추가해야되서 티세트 추가했구요
메뉴가 연구를 많이한 티가 나서 먹는데 너무 행복했습니다
동생 생일이라고 하니
저렇게 축하문구도 써주시고 즐거웠어요:D",긍정적,긍정적
2023-09,"새로운 맛을 경험할 수 있어서 좋았어요. 디저트 오마카세라 달고 느끼해서 물리면 어떡하나 걱정했는데, 맛도 다양하고, 특히 처음에 나온 파프리카 타르트?같은 메뉴는 디저트보다 에피타이저에 가까운 맛이라 질리지 않고 맛있게 먹었습니다. 다만, 이번 시즌만 그랬던 것인지는 모르겠지만 코스 4메뉴중 3메뉴에 아이스크림이 포함되어 있어서 아이스크림 비중이 조금 높지 않았나 싶어요. 마지막 사과 디저트에서는 찬 걸 그만 먹고 싶더라구요... 하지만 좋은 경험이었고, 메뉴 바뀌고 나서 다음 시즌에도 방문해보고 싶어요!",긍정적,긍정적
2023-12,너무 맛있고 분위기도 좋고 하나하나 다 맛있었어요!!,오류,오류
2023-12,"4가지 코스가 나오는데 너무 맛있어서 단품도 하나 주문했습니다.
티도 계속 리필해주셔서 좋았어요. 새로운 시즌에 또 가고싶네요.",긍정적,긍정적
2024-02,특별한 날 먹기 너무 좋아요,오류,오류
2024-04,.,알 수 없음,알 수 없음
2023-08,"디저트만으로 코스가되는 곳. 기분좋은 설렘이 행복으로 다가오는 특별함이 가득한 데이트 맛집이에요. 오마카세에 음료가 포함되어 있지 않아서 따로 지불해야하는건 좀 그렇지만, 그래도 독특한 경험을 하는 곳이라 좋아요. 역시 여성분들은 환호성이 절로 나오는 곳이거든요.",오류,오류
2023-08,"8월말쯤 방문하여 늦은 후기 남깁니다~ 디저트가 예쁘게 나오고 이 곳에서만 맛볼 수 있는 메뉴들이라 그 부분은 만족스러웠어요! 무작정 달지도 않으면서 다양한 재료들을 한 메뉴에 쓰셨는데 각각의 맛들이 조화롭게 이뤄져있었어요~ 식재료를 아이스크림으로 만든 것들은 정말 맛있었어요!! 그러나 양이 꽤나 적었고 휘낭시에, 마들렌이 제 입맛엔 다 별로라ㅠ 이 부분은 아쉬웠숩니다..ㅎㅎ",긍정적,긍정적
2023-08,"입맛 돋우기에 딱인 달달 크리미한 스타터부터 먹기 아까운 비주얼이었던 세이보리, 메인까지 디저트 러버로써 눈도 즐겁고 입은 더 즐겁고 가성비까지 좋은 디저트 오마카세였어요.. 정말 행복한 힐링의 한시간이었습니당 >< 강남 실내 이색 데이트코스로 강력추천!",긍정적,긍정적
2023-10,"디저트 오마카세 이번에 첨 먹어봤는데
오마카세에 쓰이는 재료도 풍부하고
모든 디저트 메뉴가 다 맛있었어요 🩵
by @jun.the_cafe",오류,오류
2024-02,바처럼 돼있어서 최대 7명(?) 받을 수 있는 거 같아요. 그래도 팀별로 칸막이로 나눠줘요. 다만 장소가 협소하기도 하고 테이크아웃 주문하러 오는 사람들도 많아서 후기들에 어수선 하다는 뜻이 뭔지는 알겟네요. 들기름 커피 맛잇어서 커피 안먹는 동생도 그건 다 먹엇어요. 디저트도 맛있고 종류도 많아서 재방문 의사 잇습니다.,긍정적,긍정적
2023-08,저도 처음엔 유튭숏츠에 나와 흥미롭게 봤는데 실제로 가보니 정말 만족했어요ㅠㅠ 일단 한번도 접하지 못한 고급식감? 정말 호불호 없고 정성이 느껴지고 다양하게 먹을수있어 좋아여ㅠㅜ 여기있는거 다 맛있고 너무 친절해 기분좋게 먹을 수 있어요 양도넘 많아서 밥안먹어도 될것 같아요 ㅎㅎ,오류,오류
2023-09,"남친 생일이라서 전날 한우오마카세갔다가 집앞에 디저트 오마카세도 있길래 가본건데 생각 이상으로 괜찮았어요~
전날 오마카세 비싼돈주고가서 진짜 실망하고왔는데 여기서 완전 만족하고 가네요♡
저 두번째 사진 무화과도 너무 맛있고 네번째 사진 사과도 너무 맛있고ㅠㅠ 재방문 의사 10000000%%%%%예요!!! 살짝 아쉬운점은 여자손님들 대화소리가 너무 시끄러웠던 반면 저희담당 쉐프님 목소리가 조금 작으셔서 설명이 살짝 안들렸다는거? 그래도 진짜 진짜 친절하셔서 다 이해 가능이요ㅠㅠ
다음에 또 방문할께요~~
오래오래 장사해주세요☺️🫰",긍정적,긍정적
2023-10,"다 개맛도리😋
디저트 오마카세 먹고 왔습니다
보는 재미가 짱 따로 음료도 시킬 수 있습니다
들기름 라떼 강추
디저트를 색다른 조합으로 즐길 수 있어서 좋았구
생각보다 배가 든든-함 ʕ·ᴥ·ʔ",긍정적,긍정적
2023-08,"코스 바뀔 때마다 꾸준히 방문하는 곳입니다!
디저트도 이런 느낌을 낼 수 있구나라는 생각을 가지게 해준 곳입니다!
평소에는 접하지 못해본 재료들을 경험해 볼 수 있어서 좋아요!!
진짜 맛있어요!!💞💞💞",오류,오류
2023-08,"디저트 오마카세는 처음 와보는데
너무 신선했고 앞에서 바로 만들어주니까
보는 재미도 있고 맛도 있었어요!

가기전에는 배부르진 않을까 느끼하진 않을까 걱정했는데 그런 걱정이 무색할만큼 기분좋게 잘 먹고 잘 즐기고 왔습니당",긍정적,긍정적
2024-03,킹화갓민,오류,오류
2023-07,"정말 만족스러웠던 문화시민 🤍
주변에서 추천을 많이해주셔서
궁금했는데 진심 너무 좋아요ㅠ

하나하나 다 맛있고 진짜..
퀄리티보면 금액이 절대 아깝지않아요!!
친구 생일이라 다녀왔는데 진심 강추..✨🤍",긍정적,긍정적
2023-10,"신세계 경험하고 가요 ㅋㅋㅋ
너무너무 맛있어요! 또 갈게요 ^^",긍정적,긍정적
2023-12,한번쯤 아니 시즌마다 경험해보기 좋아요,오류,오류
2024-01,마들렌 초대박 맛집!! 강추!!,긍정적,긍정적
2023-10,주차장이랑 매장 둘 다 협소하지망 디저트는 보기도 예쁘고 맛도있엇어요,오류,오류
2024-02,휘낭시에 맛나요,긍정적,긍정적
2023-07,"디저트 오마카세라니!

디저트 4코스 + 티세트 2인 해서 총 72,000원
(30,000원 * 2 + 12,000원)
** 20,000원은 캐치테이블 예약금으로 선납 **

고급 디저트가 순서대로 준비되어 나오니 대접받는 느낌입니다. 저는 두번째 디저트가 제일 맛있었어요! 분위기 좋은 곳에서 맛있는 디저트 잘 먹고 갑니다~",긍정적,긍정적
2023-09,"디저트 4종 맡김차림이라기에 애프터눈티세트 정도로 기대없이갔는데, 재료하나하나 정성담긴 코스를 받아보아서 감동했습니다. 헤비하거나 느끼할까봐 걱정했는데 상큼하고 새로운 계절재료들이라 좋았어요. 다른 계절이되면 또 찾고싶어요. 한가지 아쉬웠던 점은 차를 추천해주셨으나 (실제로 차와 잘어울림) 티 셀렉션이 다양하지않았던 부분이었어요.",오류,오류
2023-07,"코스로 운영되는 디저트 오마카세라
미리 캐치테이블 어플로 예약금 내구 예약하구~
갔는데 공간은 생각보다 너무 작구 상상도 못한
위치에 있었지만

처음부터 끝까지 디저트 나올 때마다 정성 가득
예뻐서 놀라고,
너무 고급지고, 디저트가 아니라 무슨
하나의 요리같았고🍴❤️
색다른 맛을 경험 할 수 있는
특별한 날에 오기 딱 좋은 곳✨

(예약할 때 요청사항에 쓰면 햅삐벌뜨뎅이라고
사진처럼 이쁘게 적어주신댱🍽️",긍정적,긍정적
2023-12,아름다우면서도 담백하고 가벼운 디저트라 너무 만족스러웠습니다. 다른 시즌에도 방문하고 싶네요,오류,오류
2023-08,이쁘고 맛도 괜찮아요. 맛은 좀 더 개선될 여지가 있는거 같아요. 사장님 혼자서 세팅에 플레이팅에 계산에 너무 바쁘신거 같아요.,긍정적,긍정적
2023-10,"몇번이고 방문했지만 역시 좋습니다.
저가에 먹을 수 있는 맛있는 디저트 코스.
디저트 코스가 비싸서 부담되거나 한번쯤 먹어보고 싶다면 여길 찾아오세요. 고가의 디저트 코스들과 크게 차이나지 않는 코스를 저가에 먹을 수 있습니다.",긍정적,긍정적
2023-12,친구들이랑 가봤는데 특이한 디저트로 구성되어있어 재밌고 맛있었어요~,오류,오류
2023-12,포장해서 지인줬는데 맛있다고 하네요!!,긍정적,긍정적
2023-07,"디저트오마카세 진짜 완전 최고에요👍👍
메뉴가 특별하고 너무 예뻐요! 그리고 입에서 디저트가 녹아요ㅠㅠㅠ 진짜 최고입니당❤️❤️ 다음에 또 올게용!! 진짜 가성비 좋아오~~ 맛있고 고급지고~~",오류,오류
2023-08,눈도 입도 즐거웠던 디저트 코스👀,긍정적,긍정적
2023-08,"디저트 오마카세는 처음 먹어봤는데...진짜 너무 만족감이 높았어요!! 디저트 퀄리티도 높고, 디저트만으로도 이렇게 배부르고 맛있게 먹을 수 있다는 걸 깨닫게 해준 카페에요❤️❤️ 특별한 날에 또 방문 하고싶어요❤️❤️",긍정적,긍정적
2023-10,"소금우유 마들렌 엄청 맛있어요! 애플크럼블 휘낭시에는 쏘쏘? 휘낭시에 빵이 좀 퍽퍽하고 아쉬운 편이에요. 빵이 아쉬운 건지, 필링이 맛있는 건지.",오류,오류
2023-07,일단 너무너무 예뻐서 눈이 즐겁고 2번째 코스는 정말 맛있었습니다ㅎㅎ🥰 하지만 3번째 코스는 너무 달았고 양이나 음료 미포함인거 생각하면 가격대비 만족도는 높지않네용🥲,긍정적,긍정적
2023-08,디저트 오마카세 넘 특이하고 좋은 경험이었어요! 맛도있고 친절하셔서 기분도 좋았습니다.,오류,오류
2023-11,맛은 있지만 거의 액체와 공기라서 배가 안 불러요 메뉴 보고 간 건데도 양까지 적으니 아쉬웠습니다 케이크 1개만 먹어도 배가 부르던데 4코스 다 먹어도 가벼웠습니다 가격 생각하면 그 돈으로 케이크 3개 사먹는 게 낫겠다 싶었어요 그리고 내부가 너무 좁아요,부정적,부정적
2023-12,"디저트 하나하나 정말 맛있네요
마들렌도 여기보다 맛있는 곳을 못 봤습니다",오류,오류
2023-08,"설명도 친절하시구 너무 맛있었어요... 케이크 세개에 구움과자 하나가 인당 3만원이면 저는 너무 애용하고 싶어요ㅜㅜ 최고,,,,",긍정적,긍정적
2024-03,허허.. 여러가지로 아쉬움이 많았던 이곳!,부정적,긍정적
2023-06,"사진으로 보니까 파르페 중간에 빈자리가 꽤 있네요...
<썸머파르페> 망고, 패션후르츠와 망고맛이 진하고 글레이즈 바나나도 인상적입니다. 튀일이 고소하고 맛있어요. 중간의 먼치킨?은 좀 퍽퍽합니다.",오류,오류
2023-07,"디저트 맛집이고 친절하시고 엄청 예쁩니닷
근데 전체적으로 달아요
가성비는.. 음 뭐 늬낌맛집이니까!",긍정적,긍정적
2023-08,솔직히 기대 안 하고 갔는데 아주 만족스러웠어요. 스타터의 바질 맛은 바질 광인인 저로서 조금 아쉬웠지만... 그 후에 나온 페스츄리 디저트가 미친놈이었습니다. 얇게 카삭거리는 수제 감자칩 너무 맛있어요. 복숭아 디저트는 여름에 어울리게 시원하고 상큼했습니다. 휘낭시에도 생각보다 밀도 있고 쫀쫀해서 좋았어요. 코스 바뀌면 또 방문하고 싶어요~,오류,오류
2023-03,"디저트오마카세 첫데뷔하는 동생이 대만족 했어요♡ 최애들 생일이라 신경쓰고싶어서 해피벌스 플레이팅까지 너무완벽해서 최고의생일♡ 옥수수좋아하는 동생이 옥수수스쿼시
는 특히 100번 먹어야된다고 했어요! 친절하시고 작은공간에서 엄청 힐링했네요💓

평가: ★★★☆☆",긍정적,긍정적
2023-09,특별한 날 디저트 오마카세 경험해보기 좋아요,긍정적,긍정적
2023-10,디저트 짱맛! 포장도 정성스러워서 선물하기 좋아욭,오류,오류
2023-10,차도 맛있구 디져트도 특색있어서 특별한 날 가기 좋아요☺️,긍정적,긍정적
2023-05,"너무 너무 예쁘고 맛있고 새로웠어요! 다양하고 고급진 디저트는 쉽게 접하기 어려운데 경험할 수 있어서 좋았습니다 😆

특히 메인 디저트가 너무 맛있었습니다!! 참외를 메인으로한 디저트인데 한입에 다같이 넣었을때 완전 행복했어요...🥰

가게 분위기도 조용하면서 분위기있고! 셰프님들도 완전 친절하시고 설명 듣는 재미도 쏠쏠 했어용 다음 시즌도 너무 기대됩니다 😊",오류,오류
2023-05,"제가 마들렌을 너무 좋아하는데
드디어 이곳의 마들렌을 먹어봤어요!
정말 친절하시고 정말 맛있어요🥹🫶
부모님이랑 같이 먹었는데
부모님도 맛있게 드셨어요:)
종종 사러 갈 것 같아요!
없어지지도, 이사가지도 않고
오래 계셔주면 좋겠어요!!",긍정적,긍정적
2023-08,디저트 오마카세는 생소했는데 먹어보고싶어서 방문했어요 ! 평소 먹던 디저트와 다르게 독특하고 다양하게 나오니 너무 맛있게 잘 먹었습니다😊 새 시즌에 또 방문할게요,오류,오류
2023-05,눈이 즐겁고 입이 즐거운 디저트 오마카세. 특별한 경험이었어요. 아늑한 공간에 만들어지는 모습도 볼 수 있고 친절한 설명까지 좋았네요~,긍정적,긍정적
2023-07,너무맛있었던디저트오마카세!눈과입이즐거워지는시간이었어요!!,긍정적,긍정적
2023-07,"디저트 오마카세와 들기름 커피 먹었습니다. 개인적으로는 너무 아쉬운 곳입니다. 우선 서빙이 다소 정신이 없고, 메뉴 설명이 충분하지 않아 전반적으로 맛을 이해하기 어렵습니다ㅠㅠ 분명 재료별 의도가 있는 훌륭한 디저트였겠으나, 설명을 요청드리기 어려운 어수선한 분위기입니다. 기대에 비해 아쉽습니다.",부정적,부정적
2023-05,"신기했던 질소 플랫화이트!!!
구움과자류도 왜 핫한지 알겠는 맛...
맛있었어요🥹🥹🥹
오마카세로도 방문해 보고 싶었답니다☺️",오류,오류
2023-03,"엄마랑 오랜만에 데이트💗 디저트 오마카세라는 개념조차 익숙하지 않았는데 하나하나 설명도 친절하게 해주시고, 눈도 입도 즐거운 시간이었습니다ㅎㅎ 음료는 따로 주문해야하는데 추천해주시는대로 커피보다는 따뜻한 티랑 같이 먹는게 더 좋을 것 같아요ㅎㅎ",긍정적,긍정적
2023-06,우와 말도 안돼.. 가성비 너무 좋고 또 옵니다 ❤️❤️,긍정적,긍정적
2023-05,"김밥 진짜 신기했어요
다음 시즌도 기대가 됩니다",오류,오류
2023-01,"🔴예약은 캐치테이블로 진행됩니다!
🟠디저트 오마카세 인당 3만원이구요.
🟡예약금은 인당 2만원 캐치테이블에서 예약할때 결제해요. 당일날 방문해서는 추가로 나온 금액만 결제해욤
🟢6석뿐이라서 예약 방문 필수❗️❗️❗️
🔵디저트 오마카세 3만원 가격에 음료는 별도라서 필요하시면 따로 주문하셔야 해요
🟣제가 어제 먹은건 2023년 1월 31일까지만 진행되고 다음달부터는 시즌6? 이 진행된다고 하네요.
⚪️참고로 저는 다음주 토요일에 또 방문 예정입니당❤️
⚫️디저트 오마카세라니 너무 신기해서 안가볼수가 없었어요. 가격은 좀 있는 편인데 메뉴 하나하나 정성들여 만드는구나를 눈 앞에서 바로 볼 수 있고 좋은 경험이었습니다. 솔직히 어디가서 이런 디저트 먹어보겠어요🥺 다음 시즌도 기대되네요💜",긍정적,긍정적
2023-04,"디저트 오마카세로 유명한 문화시민 서울!
구움과자도 역시 맛있네요. 통통하고 예쁜 마들렌 정말 맛있습니다. 포장도 고급스러워서 선물용으로도 좋을 것같아요.",오류,오류
2023-06,휘낭시에가 숙성이 잘되어 고급지게 달달보들합니다. 질소플랫화이트는 먹기 힘들고 맛도 그닥..,긍정적,긍정적
2023-03,"예뻐요.
비쥬얼 예쁘죠?
특이해요.
들기름 특이하죠?
아이디어.. 참 좋다.
디저트 오마카세.
참 궁금했다.
벽지가 내 스타일이다.",오류,오류
2022-12,"메리크리스마스~
클스시즌에는 통나무 에디션이 추가되요 4만원이구요 커피나차는 5~6천원정도로 추가하면됩니다
2시에갔는데 순조롭게진행됐구요 디저트가득채워갑니다
나갈때 코코넛마들렌사고싶었는데 4접시나먹어서그런지 나갈때 굳이 생각이안났네요
메리크리스마스~~~",긍정적,긍정적
2023-04,마들렌하고 휘낭시에..정말 맛있어요!! 몇개빼고 거의 다 먹어봤는데 제가 먹어봤던 마들렌중에서 TOP3에 들정도로 애정합니다ㅎㅎ,긍정적,긍정적
2023-01,"동시간대에 같이 시작하는 줄 알았는데 가니까 이미 식사를 시작하고 계시더라구요! 자리에 앉자마자 설명해주시고, 디저트를 기다리는데 다음 메뉴가 타이밍이 맞아서 바로 나올 때도 있고, 아닌 경우도 있었어요!

그런데 우선 새로운 메뉴들을 볼 수 있고, 즐길 수 있어서 만족스러웠고 디저트 오마카세라는 곳 자체가 생소해서 좋은 경험하고 왔습니다:)",오류,오류
2023-10,구움과자 포장해갔는데 하나하나 다 맛있었어요,긍정적,긍정적
2023-02,디저트 좋아하시면 추천합니당!! 진짜 색다른 디저트의 경험이었어요. 디저트마다 맛을 하나하나 느껴보는 것도 재밌었구요. 설명도 넘 잘해주시고!! 디저트를 좋아하는 입맛이 아니지만 넘 재밌고 좋은 경험이었어요!,오류,오류
2023-03,"아주맛나요
특히 티세트 꼭 추천드려요 깔꼼하게 마무리되는 느낌..

마지막 마들렌은 아몬드가루가 많이들어갔나봐요 밀가루마들렌처럼 푸석하지않고 부드러워요",긍정적,긍정적
2023-02,"디저트 오마카세로 유명하다고 해서 가족들과 집에서 디저트 즐기려구 방문했는데 너무 종류도 다양하고 맛도 고급스러워서 한입에 꿀꺽했어요💙
다음에 또 테이크아웃하러 방문하랴고요! 구움과자 많이 먹어봤는데 찐으로 태어나서 먹은 구움과자 중 제일 맛있더라구요!!!❤️‍🔥",긍정적,긍정적
2023-06,디저트도 전부 맛있고 커피가 특별해서 좋아요. 맛도 좋구요!,오류,오류
2023-05,"지난번에 한번 먹어보고
맛났어서 피크닉 갈 때도 사갔어요!
마들렌, 휘낭시에 너무너무 맛나고ㅠㅠ
정말 친절하세요:)",긍정적,긍정적
2023-01,디저트들이 모두 색다른 느낌이었구 맛도 평소 먹어보지 못했던 맛 이었어요 디저트들도 크게 달지않아 다 먹을 수 있게끔 나오구 맛과 향도 신경쓴거같았어요 추가로 시킨 티랑도 잘 어울려서 좋았어요,오류,오류
2023-03,"디저트오마카세로 갔는데요
특별한 분위기 내고 싶으면 괜찮습니다
누룽지 젤라또 디저트는 혁명입니다",긍정적,긍정적
2023-01,"너무 만족스러운 오마카세 였어요!!! 들기름 커피는 들기름과 커피가 조화롭게 잘 어울려져 있어요. 비율이 달라지면 들기름 향만 나거나 커피향만 나거나 할텐데 적절한 비율로 맛있어요.

디저트 바로 앞아서 만들어주시는데 하나하나 너무 예쁘고 맛도 좋아요ㅜㅜㅎㅎ 음미하면서 먹을 수 있도록 시간도 잘 맞춰서 다음 디저트 주시고 설명도 너무 잘해주세요.

인테리어도 고급 왕실에 있는 느낌이면서 엄청 친절하셔서 한껏 대접받고 온 기분이에요. 완벽한 디저트집이었습니다!",긍정적,긍정적
2023-01,"디저트 오마카세라니 뭔가 생소했는데 눈도 즐겁고 입도 즐겁고 재밌는 시간이었어요 :)
눈으로 봐도 예쁜 디저트 🍮 맛은 더 좋구요! 설명도 친절하게 해주시고, 디저트랑 같이 먹으려고 주문한 티도 맛있고 넘 제 스탈~! 😋✨",오류,오류
2023-07,"나중에 다시 갈거예요❤️
선물했는데 좋아했어요",긍정적,긍정적
2022-12,디저트 오마카세라는게 어떤걸까 궁금했는데 평소 보던 디저트가 아니라 하나하나 맛의 밸런스와 향을 신경쓴게 느껴지고 설명도 친절하게 해주셔서 더 재밌었다 어울리는 홍차도 고를 수있어 더 맛있게 먹었던곳,오류,오류
2023-04,달콤함이 느껴져요~ 계란빵처럼 촉촉함이 있는 디저트네요^^,긍정적,긍정적
2023-04,디저트 오마카세 먹었는데 한 번쯤 해볼만한 경험 같아요. 나오는 메뉴 전부 맛있었고 직원 분 설명도 친절해서 좋은 기억으로 남았습니다. 좌석이 좁으니 예약 추천해요.,오류,오류
2023-02,보는재미 먹는재미 설명듣는 재미 모든게 즐거웠어요! 시즌마다 찾아가고싶은 디저트 맛집이네요 당도가 좀 있는 편이라 천천히 먹어야겠어요 너무 행복한 경험이었습니다♡,긍정적,긍정적
2023-02,눈으로 한 번 먹고 입으로도 한 번 먹는 디저트들. 너무 예쁘고 맛있었어요. 고르곤졸라 마들렌은 고르곤졸라치즈 안 좋아하시면 다른 걸로 바꾸시는 걸 추천합니다. 시즌별로 한 번씩은 가보고 싶어요,긍정적,긍정적
2023-03,"롯백 잠실점에 있는 팝업매장 방문했는데,
지금까지 먹어 본 마들렌 중에 최고였습니다 !
너무 맛있어요ㅠㅠ",오류,오류
2023-03,처음 방문했는데 너무 매력적인 곳이었습니다. 다음 시즌 메뉴도 기대되서 재방문 의사가 충분합니다.,긍정적,긍정적
2023-10,맛있어요,오류,오류
2023-06,"예약금 있어서 원래는 가격이 좀더 비쌈.
디저트도 맛있고 우와싶은데
스토리가 더 있거나, 개연성적으로 부족해보여서 아쉬웠음.
코스요리인만큼 사진에도 예쁘게 나와야하는뎀.......",부정적,긍정적
2023-01,"휘낭시에 하나하나가 다 특별합니다!
구매한날 저녁에 먹었는데도 굉장히 촉촉하고 부드러웠습니다.
크림류도 전혀 느끼하지 않아서, 배만 안 부르면 계속 먹을 수 있을 것 같습니다!",긍정적,긍정적
2023-04,와 숙성디저트라 그런지 부드럽고 촉촉했어요.. 다음번엔 디저트오마카세도 꼭 먹어보고싶어용 :-),오류,오류
2023-01,"구움과자가 너무 맛있어요!!
선물하려고 구매해봤는데 너무 맛있어서 디저트오마카세도 예약해버렸어요!
포장도 고급지고 깔끔해서 부드럽고 달콤한 선물 하고싶다면 추천드려요!!",긍정적,긍정적
2023-05,"친절하고
휘낭시에,마들렌이 맛있어요",오류,오류
2022-11,"오마카세는 4종으로 서브. 엑스트라 서브 홍차베이스 소르베 주셔서 깔끔 마무리~

하나하나 맛있었지만 핑거푸드식으로 한입에 털어넣을 수 있어 수다 떨면서도 다 먹는데 넉넉잡고 1시간 이내. 6인좌석인데 30분 단위로 예약받는거 신기하다했던 의문이 풀리던 순간.

디저트라 식사 사이를 공략하느라 방문 시간 고심 좀 했으나... 부담스러운 양은 아니어서 언제가던지 상관 없을 둣.

일인당 3마넌에 4종 디저트...싼 편도 아니고 세상 화려한 비주얼의 디저트를 먹는데 그렇지 못한 인테리어와 공기?는 좀 아쉬웠던...",긍정적,긍정적
2023-01,"신기한 경험! 신기한 맛! 호불호 갈릴수있음
재료 본연의 맛이 다 잘 느껴져요
디저트 아이디어는 너무 새로운 반면 매장 분위기와 서비스가 아쉬운 감이 있어요",오류,오류
2023-01,"들기름 커피 정말 독특하고 맛있네요
이 커피만으로도 가볼 이유가 충분하네요...!
매장이 거의 오마카세 손님들로 꽉 차계셔서 안에서 먹지 못해 아쉽네요
맛난 디저트 감사해요!",긍정적,긍정적
2023-04,감테 휘낭시에 진짜 맛있어요ㅠㅠㅠ♡♡♡♡,긍정적,긍정적
2023-03,"디저트 오마카세 먹으러 갔다가 들기름 커피 테잌아웃해서 나왔어요
눈앞에서 직접 만들어 주시고 설명과 함께 디저트를 먹는거라 좀더 대접받는 느낌이랄까
네코스 나오고 음료는 따로 시켜야데요
아메리카노가 포함되었음 좋겠네요
담에 들기름커피 또 먹으러 갈꺼에여",오류,오류
2023-03,"모두 통일된 가격이라 놀랐어요!
다 먹어보고 싶었지만 ㅠㅠ
참아야쥬",부정적,부정적
2023-10,굿,오류,오류
2023-04,선뮬허려고 구매함 맛은 못봄,부정적,부정적
2023-01,디저트 오마카세는 눈으로도 즐겁고 입으로도 즐거은 맛이네요. 커피는 풍미 좋고 은은하게 달콤해서 좋았어요.,긍정적,긍정적
2022-10,"정말정말 만족스러웠던 오마카세
코스 하나하나마다 사장님이 정성스럽게 플레이팅하고 설명해주시는데 이런 조합이 이렇게 잘어울린다고? 싶을 정도로 색다른데 심지어 맛도 있어.
마지막에 어느게 가장 좋았고 어느게 아쉬웠는지 꼼꼼하게 체크하시는 모습까지 완벽..
얼마나 연구하고 디저트에 진심인지 알 수 있어서 정말 좋은 시간이었어요.
시즌마다 계속 방문하고 싶은 집.",오류,오류
2023-04,제가 애정하는 카페에요💗🫢,긍정적,긍정적
2022-10,"너무너무너무너무너~~~~무 친절하시고
디저트도 맛있고 커피도 맛있고
들기름커피는 단짠꼬소하고
저번시즌 반응 좋아서 단품으로 나왔던 버터어쩌구 진짜 꼬소하고 꼬숩고 서비스로 주셨던(저번시즌 거라 소진될 수 있음주의) 얼그레이 아이스크림은 얼그레이 그 잡채, 그리고 친구가 먹었던 대파아이스크림음 진짜 충격적인 맛ㅋㅋㅋㅋㅋ 대파향이 나는데 맛있어서.. 그리고 가장 좋았던 건 상큼한 레몬소르베…. 계속 생각나는 맛ㅠㅠㅠㅠ 다음 시즌에듀 가고 시퍼여✨",오류,오류
2023-04,오.. 찐맛탱이에여 필링도 알차구 계산 해주시는 분도 친절스,긍정적,긍정적
2023-04,넘맛ㅅ있었어요,긍정적,긍정적
2023-04,롯데 팝업스토어로 사먹어봤는데 맛잇었어요. 마들렌이 조금 달아서 아메리카노랑 먹으면 잘 어울릴거같아요,긍정적,긍정적
2023-07,3만원에 이 퀄리티면 후회 안 하실 겁니당,오류,오류
2023-04,디저트 맛집 찐!~~,긍정적,긍정적
2023-03,제입엔 비주얼보다 맛은 그냥 그랬어요,오류,오류
2023-03,"지난번이랑 맛이 좀 틀리네요
일부러 찾아간건데 아쉬워용",부정적,부정적
2023-02,선물용으로 구입했어요! 친절하고 좋아요!!,긍정적,긍정적
2022-12,독특한경험이였습니다 사장님은 친절하십니다,오류,오류
2023-03,"들기름 커피…
마들렌 모든게 완벽한 최애 카페에요 ✨",긍정적,긍정적
2023-03,"선물하기 너무 좋아요!!! 비주얼이 너무 근사합니다
저는 못 먹어봄 흑흑 보나마나 넘모 맛있겠죠",오류,오류
2022-08,"너무 예쁘고 맛있었던 디저트 오마카세.
요즘 디저트 오마카세 찾아가는 재미가 생겼는데
이번에 여기를 찾아주신 나랑 닮은 사람. 😗💕
덕분에 맛있게 먹고왔다.

코스가 알차고 다양하고 깔끔한 디저트라 마음에 들었고 조용하면서 꽉찬 분위기가 마음에 들었다.
옛날 경양식 느낌의 분위기 ㅎㅎ

일단 너무 친절하시고,, 이렇게 길고 자세한 설명을 해주는 오마카세집은 처음이다.
아주 숨이 차도록 열심히 설명해주시는 모습이
그 분의 강연을 들으러 온 우리같다.(어케 다 외우시지? ) ㅎ. 🐾

하나하나 디테일한 맛과 디자인들이 눈과 입을 사로잡는다.
특히 들기름커피는 문화충격! 문화시민충격! 🍪
하지만 너무 달지않으면서 들기름 향이 아주 사알짝 곁들여지면서 깔끔하게 맛있는 커피다.",긍정적,긍정적
2022-11,눈과 귀와 입으로 먹었는 디저트 오마카세💛 처음와봤는게 커피와 티도 맛있어요!,오류,오류
2022-11,조용한 분위기가 달달한 디저트랑 잘 어울리는 디저트 오마카세 집이에요. 지인들과 좋은 추억을 보내기에 적합한 장소로 추천해요!!,긍정적,긍정적
2022-11,굉장히 친절하게 설명해주시고 디저트도 맛있었어요. 단짠 좋아하시면 들기름 커피 추천😭,오류,오류
2023-04,맛있고 친절하세요!,긍정적,긍정적
2022-12,"이런곳에 이런 가게가 있다니?! 마들렌 정말 맛있습니다.
다만 1층에 어떤 간판도 없으므로 의심하지 마시고 칼국수집 2층으로 올라가시면 됩니다.",긍정적,긍정적
2022-11,"디저트 오마카세 맛있어요.
디저트 하나하나 설명도 친절하게 해주시고 너무 맛있습니다.",오류,오류
2023-02,들기름커피 생각보다 맛이 좋아요.,긍정적,긍정적
2022-11,디저트 오마카세는 처음이었는데 너무 색다르고 맛있는 디저트들과 친절한 직원 분 덕분에 행복하고 즐거운 시간 보낼 수 있었습니다!! 그리고 디저트로 배 채울 수 있을줄 몰랐는데 은근 배불러요... 짱이에욯ㅎㅎ 다음 시즌 또 노려야지....,오류,오류
2023-03,메뉴들 맛있어요,긍정적,긍정적
2023-02,분위기가 대박인 곳이고 메뉴도 다양,긍정적,긍정적
2023-04,굳,오류,오류
2022-11,마들렌 하나하나가 심각하게다 맛있어요.. 다음에 디저트 오마카세도 가보고 싶어요!,긍정적,긍정적
2023-04,👍,오류,오류
2023-01,디마카세 가봤는데 일회성입니다 재방문의사 없어요,부정적,긍정적
2023-04,디저트 다 맛있어요!!,긍정적,긍정적
2022-07,"캐치테이블을 통해 디저트 오마카세 예약하고 갔어요.
디저트 오마카세에 대해선 생소했는데
이때까지 먹었던 디저트 중에서
정말 맛있었고, 그만큼 지불한 돈에 대한
값진 가치도 잘 느낄 수 있었어요.
음료 미포함 가격이라 아쉽긴 했지만
정말 좋은 경험했습니다.
개인적으로 두번째로 나온 완두콩과 옥수수 베이스의 디저트가 정말 색다르고 맛있었어요.
추천드립니다!",오류,오류
2022-09,"한접시 한접시 다 맛있었어요.
많이 달지 않은편이었어서 달달이 별로 안좋아하는 저도 무난히 코스 클리어.
그리고 들기름커피.. 너무 맛났습니다 .
약간 솔티한 크림과 들기름이 커피향을 엄청 진하게 만들어줬어요. 재밌는경험이었습니다.",긍정적,긍정적
2022-08,"한시간반 정도 너무 행복하게 먹었어요
이런 신기하고 다채로운 맛 어디에서도 못볼것 같아요
소원은 매달 다른 메뉴면 좋을걱 같아요",오류,오류
2023-08,좋아요,긍정적,긍정적
2022-09,비쥬얼 최고 맛도 최고! 최고최고,오류,오류
2022-09,포장해서 모양이 좀 망가지긴 했는데 맛있어요.,긍정적,긍정적
2023-01,맛잇어요 값을 하네용,긍정적,긍정적
2022-11,좋은 경험이고 새로운 맛을 느낄 수 있어서 좋았어요!,오류,오류
2022-07,디저트 오마카세 예약해서 코스로 정말 신세계를 경험했어요. 하나 하나 세심한 맛의 향연이었어요. 매월 새로운 메뉴로 진행된다고 해서 다음에도 또 오고싶어요. 시그니처 들기름커피도 맛있었어요.,긍정적,긍정적
2022-12,여자친구가 좋아해요,오류,오류
2023-03,굿,긍정적,긍정적
2023-03,너무 맛있어요,긍정적,긍정적
2023-03,마들렌 맛있어요,오류,오류
2022-10,너무 맛있었어요,긍정적,긍정적
2023-04,휘낭시에맛있어요,오류,오류
2022-10,친절하고 맛있음 분기별로 오기 정말 좋은 코스 구성이라 생각됨,긍정적,긍정적
2022-07,"질소빙수는 비싸지만ㅠ 독특하고 조화롭고 향긋해서 맛있습니다. 정성스럽고 예쁜건 덤.

저번에 불친절하다는 리뷰 남겼었는데, 이번 방문때는 엄청 친절하신 분이 응대해 주셨어요. 코스싫어하거나 못먹는 음식 뺄 수 있으면 좋겠다는 코멘트도 남겼는데, 정말 그렇게 해주신다고 하네요😯

도전적이면서 조화로운 맛도 맛이지만, 열정이 굉장하신 것 같아요. 고객의 말에 귀기울이며 최선을 다한다는 믿음이 생기는 디저트바입니다.",오류,오류
2022-10,"마들렌은 레몬이랑 버질토마토가 가장 맛있고
오마카세도 약 1시간 정도 맛있게 먹었어요. 완전 예뻐요! 들기름 커피나 마르코폴로 티도 맛있어요. 향긋!
다만 설명해주시는 게 너무 소리가 작고, 아침에 마들렌이 다 나오지 않아서 그게 아쉬워요.",긍정적,긍정적
2022-09,"코스에 음료가 없는게 아쉽지만
전체적으로 퀄리티 좋은 디저트를 경험함에 만족했습니다. 달달함을 즐기는 분들껜 추천!",긍정적,긍정적
2022-05,"디저트 오마카세 처음 경험해봤는데 작은 공간이지만 알차고 고급지며 엄청 대접받는 느낌이었습니다..! 바로 앞에서 정성들여 만드시는 디저트에 신뢰는 물론, 먹어보니 너무 맛도 좋아서 행복한 하루였어. 마들렌이랑 휘낭시에 구움과자류도 너무 맛있고ㅠㅠㅠㅠ 왜 유명한지 알겠네요. 진심 담아 제공해주시는 음식에 감동받고 갑니다❤️",오류,오류
2023-02,최애 마들렌,긍정적,긍정적
2022-05,"수준높은 플레이트 디저트와 촉촉한 마들렌, 휘낭시에 둘 다 맛볼 수 있는 곳 문화시민 서울 ♥️

디저트에서 볼 수 없었던 식재료들을 사용해 만든 디쉬들이 너무 매력적이였어용!

게다가 저는 구움과자 귀신인데 여기 구움과자 정말 잘합니다 ... 얼먹해도 끝장나요
냉장고에 약간 차갑게 두고 먹으면 쵹쵹함이 더 올라오고 냉동실에 넣고 먹으면 버터가 챡 입안에 달라붙는 고급진 맛을 느낄 수 있습니다ㅜ

들기름 커피는 정말 맨날 커피에 들기름 둘러서 먹고싶은 맛이던데 집에서 하면 그런 맛이 안나겠죠?.. 정말 맛있게 먹고 갑니다 👍🏻❤️",오류,오류
2023-03,^^,긍정적,긍정적
2023-02,좋아요,긍정적,긍정적
2023-05,친절,오류,오류
2022-11,"디저트 하나하나가 이색적이고
예술임",긍정적,긍정적
2022-07,오마카세이긴한데 그래도 메뉴하나에 설명 꼼꼼히 해주시고 넘 친절하세요🥺,오류,오류
2022-07,다음엔 꼭 코스 먹으러 올래요,긍정적,긍정적
2022-07,"디저트코스! 디저트오마카세
차도 맛있고! 좋아요",긍정적,긍정적
2022-05,언젠가는 천안으로 가서 방문해보려 했는데 서울에 생겨서 옳타꾸나하고 예약하고 갔습니다. 디저트오마카세로 진행을 하게되면 페어링할 차를 한 종류 고를 수 있고 고르면 차를 먼저 내어주시고 디저트코스가 진행이 됩니다. 시작은 상큼한 판나코타로 시작을 하고 두 번째는 이스파한 소르베 마지막으로 커피아이스크림을 곁들인 초콜릿무스디저트로 이어지는데 각 디쉬마다 킥이나 밸런스를 잡는 요소가 존재하고 시작부터 끝까지의 흐름이 디저트를 잘 모르는 사람도 하나의 소설책을 읽듯이 기승전결을 따라올 수 있게 스무스합니다. 모든 디쉬가 만족스러웠고 특히 마지막 디쉬에서 초콜릿구름의 질감과 뻔할 수 있는 메뉴에서 쿠키사이에 샌딩되어있는 오렌지가 뻔함을 위트와 밸런스로 잡아준 점이 인상깊었습니다. 다음 코스도 재방문하겠습니다!,오류,오류
2022-11,마들렌이 맛있어요~,긍정적,긍정적
2023-03,친절히 추천도 해주시고 선물하기도 너무 좋아요,오류,오류
2022-06,"맛있고 독특한 디저트 전문점!
'참외, 금귤'을 먹었는데 재료끼리 너무 잘 어우러지면서 맛있어서 깜짝 놀랐어요. 산뜻하고 향기로워서 여름을 음미하는 기분이었어요😍
다만 아메리카노가 진해서 디저트랑 잘 안 어울려요. 티종류 추천!
그리고 마들렌은 글라셰가 너무 다네요ㅠ",긍정적,긍정적
2022-07,독특하고 맛있는 디저트들도 먹을 수 있고 직원분들도 친절하세요!🤍,긍정적,긍정적
2022-08,"눈과입이 즐거운 시간이었어요.
개인적으로 피치멜바 너무 맛있었습니다.
여름이라 그런지 아이스크림 메뉴가 많았던 거 같아요.",긍정적,긍정적
2023-01,굿,오류,오류
2022-09,들기름 커피 잘 먹었습니다 진짜 맛있어용,긍정적,긍정적
2022-05,"마들렌과 휘낭시에가 특이한 조합들이 많았고 마들렌이 부드럽고 폭신폭신해서 맛있어요!!
디저트 오마카세가 기대됩니다~~",오류,오류
2022-11,👍,긍정적,긍정적
2022-07,"오마카세 시즌마다 1번 정도 좋을듯

참고로 오마카세 3만+추가 15,000원..",오류,오류
2022-05,"디저트 오마카세라니 신기하네요.
예약이 필요했지만, 다행히 좌석이 있어서 이용할 수 있었습니다. 조용한 공간. 의자 6개.
들기름 커피도 맛있었고, 마들렌이랑 휘낭시에도 맛있었습니다!!",긍정적,긍정적
2022-10,"너무 달지 않아서 좋아요.
시즌이 더 자주 바뀌면 좋을 것 같아요.",긍정적,긍정적
2023-04,맛있어요,오류,오류
2022-07,"구움과자 마들렌 휘낭시에는
여기가 제일 맛있는 집이네요.
제가 먹었던 구움과자중에 상큼한 필링이라니
넘버 원 마들렌 맛집",긍정적,긍정적
2022-04,평범하지 재료들로 어울리는 맛을 내서 너무 좋았어요. 디저트 좋아하는 분들에게 강추입니다.,오류,오류
2023-04,마들렌 진짜 맛있어요,긍정적,긍정적
2022-06,"사장님이 친절하시고요!
들기름 커피 한번 마셔봤는데 맛있어서 또 왔어요 ! 오늘은 다행스럽게도 마들렌이 있어줘서 맛있게 먹었어요 엄청 부드러워요! 여기 맛집 등록",긍정적,긍정적
2022-07,디저트는 달아야한다는 분들에게 최고👏🏻,오류,오류
2022-06,"점심시간쯤 맞춰서오니, 휘낭시에가 많아서 좋더라고요! 일찍 온 보람있어요 ㅎㅎㅎ 맛있습니다!",긍정적,긍정적
2022-08,"들기름 커피 너무 생소하지만
한입 마시는순간 정말 새로운 경험이에요
그리고 맛있어요 들기름의 고소함이 정말 잘 어울려요",오류,오류
2023-05,Soso,부정적,부정적
2022-10,마들렌이 맛있어요,긍정적,긍정적
2022-07,마들렌 맛집!! 마들렌에 들어가는 크림이 정말 맛있어요 굳굳,오류,오류
2022-08,특별한 차와 디저트 분위기까지! 최고입니다❤️,긍정적,긍정적
2022-10,맛있었어요!,오류,오류
2022-07,특별한 디저트들을 하나하나만들어주셔서 너무좋았어요☺️,긍정적,긍정적
2022-06,"마들렌 맛집이라서 찾아간곳 마들렌도 맛있고
처음본 들기름커피도 맛있어요",오류,오류
2022-07,부드럽고 맛있어요~,긍정적,긍정적
2022-10,굿,오류,오류
2022-08,맛있어요!!!,긍정적,긍정적
2022-07,들기름 커피 라는 특별한 메뉴가 있어요,긍정적,긍정적
2022-05,"이색적인 조합으로 신기한 맛!
다음 시즌이 궁금하다",오류,오류
2022-06,"마들렌 너무 맛있어요.
역삼동 지역 직장인 10% 할인해줍니다.",긍정적,긍정적
2022-09,맛있고 친절하셨어요,오류,오류
2022-07,좋아요,긍정적,긍정적
2022-05,디저트 맛집,긍정적,긍정적
2022-06,맛있어요. 또 갈거예요.,오류,오류
2022-09,러브리,오류,오류
2022-06,굿,긍정적,긍정적
