Date,Review,sentiment,Sentiment2
2024-08,"사장님(?), 매니저님(?)께서 친절히 코스 가이드 해주셨고 킹크랩 코스로 선택했어요. 킹크랩 퀄리티에 충분히 만족하구요. 직원분들도 친절하셨고 볶음밥과 매운탕 퀄리티에도 충분히 만족했습니다. 여친과 즐거운 시간 보낼 수 있어 좋았어요. 돈만 많이 벌면 되겠습니다 ㅎㅎ",긍정적,긍정적
2024-09,"이름값 못하네요 다소 저렴한 주말코스라 그런건가요? 내용이 부실하고 특히 메인인 대게…
활대게 바로 찐게 맞는지 의심스러울정도로 단맛은 전혀없고 죽은대게에서 나는 짠맛만 남아있어요
살도 푸석하고 먹는내내 기분이 별로 안좋을정도
그리고 이런곳은 프라이빗한 공간과 직원응대의 서비스 비용도 포함되어 다른곳보다 높은 금액을 지불하고 편하게 먹으려고 가는겁니다
직원분 응대교육 받으셔야 합니다 먹는내내 눈치가 보이고 불편하네요 2인 286,000원이면 적게 먹고 간것더 아닌데 말이죠",부정적,부정적
2024-06,신랑생일기념해서 예약방문했어요. 늘 느끼는거지만 직원분들모두 친절하시고 대접받는.느낌들어서 늘 기분좋게 식사하고 오는.단골집입니다. 매니저님 께서 센스있는 생일밥상과 주임님의 이날서비스로 우리부부 행복한 저녁시간 보냈네요. 주차관리해주시는 우리선생님두 감사합니다 맛난 대게먹고 몸보신한듯 건강한 느낌이예요❤️,긍정적,긍정적
2024-08,"중요한날, 손님모시고 식사 할때 늘 먼저 찾게됩니다 조용하고 음식맛도 깔끔합니다",긍정적,긍정적
2024-09,몇년이 흘러도 반찬이 동일한거 같아요. 먹을만한 맛있는 반찬으로 메뉴구성 변경이 필요한거 같고 간장게장의 경우는 해동이 안되어 딱딱하게 언 게장이 나와 먹지도못하고 포장했는데 포장도 참..우겨넣으셔서 간장 세고 서비스가 별로였아요,부정적,부정적
2024-07,"시아버님 칠순기념으로 방문했어요
주차가 좀 아쉽긴 하지만 룸도 잘 되어있고 음식들이 다 신선하고 맛있어요 추천합니다",긍정적,긍정적
2024-10,음식은 맛나지만 전화받으시는분이 너무나 불친절함;,부정적,부정적
2024-08,보리굴비 정식 맛있게 잘 먹었습니다.,긍정적,긍정적
2024-10,깔끔하고 맛있어요,긍정적,긍정적
2024-03,"대게 A코스 먹었는데 너무 맛있게 먹었어요. 사진엔 없지만 대게사시미, 대게튀김이랑 맛있어요. 비싸긴 해도 특별한날 기분좋은 식사였어요. 추천합니다.",긍정적,긍정적
2024-08,맛있게 잘 먹었습니다.,긍정적,긍정적
2024-09,좀 비싸요… 그래서 자주 못가요…,부정적,부정적
2024-07,"항상 갈때마다 만족하는 곳이에요.
특별한날이 아니여도 편안한 분위기에서
맛있는 음식과 힐링하고 싶을때 찾는 곳 입니다.
하이볼 시작했다고 해서 주문했는데
엄청 맛있었어요^^
술 잘못하는데 3잔 마심",긍정적,긍정적
2024-09,품위가 있어요^^,긍정적,긍정적
2024-08,"맛 좋아요! 직원분 친절하시고, 서비스도 굿!",긍정적,긍정적
2024-03,"주말 특선이 있어서 나름 합리적인 가격으로 분위기와 대게코스메뉴를 먹을 수 있었어요~
부모님 결혼기념일 기념하러 갔는데 다들 만족하시고 좋았어요! 주말코스 좋네요!",긍정적,긍정적
2024-02,"구정 연휴에 가족이 킹크랩 생각나 방문했습니다
킹크랩 가장 큰 걸로 고르니 살이 꽉 차서 아주 맛나네요
코스로 나오는 회와 생선 튀김에 매운탕까지 맛 좋았구요
직원분들 정말 친절하셔서 기분좋고 즐거운 시간이었습니다😊",긍정적,긍정적
2024-03,"팀 회식으로 방문해서 대게 코스 요리 먹었어요!
메뉴 구성이 알차고 모든 요리가 맛있어서 정말 배터지게 잘 먹었습니다 :) 게살이 꽉꽉 차 있어서 무척 만족스럽게 먹었어요. 대게도 맛있지만 게장볶음밥과 대게매운탕이 너무 맛있더라구요.

전부 다 룸으로 되어 있어서 대화하기도 좋았어요
다음에 또 가고 싶네요 😊",긍정적,긍정적
2024-01,"오래간만에 친목모임있어서 무화잠에 다녀왔어요. 3인 방문했고, 대게버터구이로 중식에 먹었는데 역시나 너무 고소하니 맛나더라구요. 너무 오래간만에 방문해서 그런지 가격은 5만원에서 5만5천원이 되었습니다. 처음에나온죽 샐러드, 새콤한 곤약비빔면, 생선탕수 어느것 하나 놓치는 부분이.없어요. 나중에 식사로 돌솥밥과 6첩반상 나오는것도 완전.맘에들어요. 가격은 있지만 무화잠 모임장소로 추첸!",긍정적,긍정적
2024-03,"오랫만에 보리굴비 정식 먹었는데 가격이 올랐네요.
그래두 맛있게 잘 먹었습니다. 직원분들 친절합니다.",부정적,긍정적
2024-07,특선이 멋져요^^,긍정적,긍정적
2024-05,보리굴비정식 추천합니다.,긍정적,긍정적
2024-03,"요약: 게 매니아가 아니라면 그만한 가치는 없음

킹크랩코스 100g에 19,900원이니까 두 사람이서 2kg 대충 먹는다고 생각하면 한 40만원 나오겠죠. 와인이나 사케를 곁들이면 60만원은 우습습니다. 킹크랩 퀄리티는 좋아요. 싱싱하고 잡내 없이 잘 조리되어 나옵니다. 문어숙회가 좀 말라 있긴 했지만 같이 나오는 다른 음식들도 뭐 '적절'합니다. 마지막에 나오는 내장 볶음밥과 찌개는 맛있었어요. 다만 ‘식사에서 한 끼에 1인당 30만원어치의 효용을 느꼈느냐’, 혹은 ‘음식이 수요미식회에서 극찬하던 정도의 수준이냐’고 묻는다면 그 정도는 아니라고 답하겠습니다. 다음엔 수산시장에서 직접 킹크랩을 사다가 삶아먹을 생각입니다. 여기서 아낀 돈으로 한우 먹으러 한 번 더 가면 ㄱㄲ!",부정적,부정적
2024-06,그럭저럭 괜찮았습니다. 영업 시간이 짧아서 아쉬워요.,부정적,긍정적
2024-02,"킹크랩이 먹고 싶을 때, 제일 먼저 무화잠이 생각나요~

저는 계절적으로 늦가을부터 봄 직전이 최적이더라구요. 비교적 식사량이 적은 편인 우리 가족은 다른 사이드 디시보다 킹크랩만 집중적으로 먹어도 충분히 만족할 만해요.
그래서 참 좋아요. 리뷰 쓰다보니 침이 고이네요~~~ ㅎ",긍정적,긍정적
2024-04,"친구와 둘이 주말에 왔는데 입구에서부터 친절하고
룸에서도 대접받는 기분으로 맛있게 먹었어요
역시 킹크랩 생각나면 무화잠이 자동으로 떠오르네요^^
가격이 후덜덜 하지만 재방문 의사 있어요",긍정적,긍정적
2023-12,"오랫만에 방문했는데 역시나 만족스런 외식이었습니다.
식사까지 풀코스라서 4명이 킹크랩4kg 먹음 충분하다 설명들었지만 먹다보니 약간 아쉬움이 있어 대게찜 2.5kg와 대게튀김을 추가했는데 대게튀김 너무 맛있어요!
근데 킹크랩 먹다가 대게는 못먹겠네요ㅋ
그냥 대게 추가할바엔 4명이서 킹크랩5kg이 낫겠어요.
큰게 맛있다고 말로만 들었는데 한마리에 4kg짜리를 먹어보니...한입에 꽉차는 실한 속살들을 씹는데 정말 감탄사만 나오고 웃음이 실실 나올정도로 맛있더라구요^^
여러명이 가서 무조건 큰놈으로 주문하길 추천드려요.",긍정적,긍정적
2024-01,"맛있게 잘 먹었습니다.
킹크랩도 맛있었지만 회도 정말 맛있네요.",긍정적,긍정적
2023-12,"생일기념으로 갔다온지 좀됬는데 이제야 올리게 됬네요 신선하고 푸짐하게 배터지게 먹고 왔습니다
실장님?메니저님? 이 생일기념일이라고 생전처음본 회케익?을 ㅋㅋ 서비스 해주셨네요 그래서 더 특별하게 보낸 추억이 생겼어요
감사했습니다~",긍정적,긍정적
2024-03,"양재역 인근 평일 점심식사장소로
자주 방문하는 곳입니다.
소수인원도 룸이 가능해서 조용하게 식사 가능해서 매우 만족합니다.",긍정적,긍정적
2024-05,"너무 맛있게 먹었습니다.
코스... 두렵다... 음식이 끝이 없이 나와~~~~",긍정적,긍정적
2023-12,"대게만 먹어봤었다가 킹크랩은 어떨까 궁금해서 방문했었던! 신선하고 맛도 있고 괜찮았어요!
워낙 대게를 잘하는 집이라, 감동이 되게 커서 재방문한 곳!
둘 다 맛있는 맛집👍🏻👍🏻👍🏻",긍정적,긍정적
2024-02,"킹크랩 살이 꽉차고 크기도 컸고 무엇보다 깔끔한 사이드메뉴들(다른 곳은 쓸데없이 사이드에 힘주고 정작 메인이 졀로 인 경우가 많죠) 맘에 들었습니다.
그런데 둘이 갔더니 c코스는는 불가 라고 말씀하셔서 할 수 없이 b코스를 먹었어요. 둘이 먹기엔 좀 많겠다 생각했는데, 게가 큼직했지만 남김없이 다 먹었다는 ^^
가족 모임등을 할 때 아주 좋을 듯합니가. 개별 방이 너무 좋아요 💕",긍정적,긍정적
2024-04,4살짜리 딸아이가 미역국을 달라고 떼스는걸 어떻게 구하셨는지 1인분을 만들어 주셨어여 감사히 잘먹고 갑니다,긍정적,긍정적
2024-03,잘 먹었습니다. 평일 점심으로 자주 오는 곳!!,긍정적,긍정적
2023-11,"생각보다 저렴했습니다.
물론 싼데 비싼것도 맞구요 ㅋㅋ
점심식사로 2만원을 태우기는 좀 부담되지요.

그래도 기본반찬도 훌륭하고 게장도 많이줘서 좋았습니다",긍정적,긍정적
2023-12,"음식은 맛있었는데 3시부터 브레이크타임이 있어서
금방나가야하는게 좀 아쉬웠네요
미리 알았으면 더 일찍 예약했을텐데..예약하시는 분들 참고하세요~
전복은 회가 좀 비린것도 있었는데 구이는 참 맛있었어요
게는 먹기좋게 손질되어있었고 맛있게 잘먹었어요
모임때 예약 후 이용하기에는 좋은거 같아요~",긍정적,긍정적
2024-01,"음식은 괜찮은데 직원 태도가 별로에요
다시 안 갈것 같아요",부정적,부정적
2023-12,"가족 생일이라 코스요리 예약해서 갔는데 전복회가
약간 비렸던거 빼고는 음식이 자극적이지 않고 재료도 신선하고 어느것 하나 양념이 과하지 않아서 모두 맛있었어요. 주방에 절대미각의 고수가 계시는듯~~~
15분 정도 기다려서 코스가 나왔구요. 서빙도 대체적으로 먹는 속도에 맞혀 주셨구요. 참, 대게내장맛이 정말 싱싱한 대게의 진하고 고고한 맛이었답니다. 기념일에 가면 누구에게도 칭찬 받을 수 있는 곳이예요^^",긍정적,긍정적
2023-12,"예약은 했으나 이용하지 못했습니다
예약날 당일 아침부터 전화오더니
어떠한 설명이 없이 대뜸 메뉴 정해달라고 하더군요
이유를 물어보니 단체손님이 많아서 주문하시면 많이 기다려야하니 미리 정해달라고
오후에도 계속 문자오고 전화오고 하더라구요
코스로 안먹고 대게 먹겠다고 했더니 몇키로 먹는지까지 정해달라고 하는거면 미리 쪄놓겠다는거 아닙니까? 단체손님들 일반손님들 음식 소화 못할꺼면 예약 받지 말아야하는거 아니에요?
저렴한 식당도 아니고 비싼 대게 먹는데 미리 조리한 음식을 먹고 싶겠습니까
대게 찌는데 40분이 걸린다면서 미리 정해달라고 말도 안되는 이유를 얘기해서 예약 취소했습니다
그리고 전화하시는분 고객 응대교육 다시 받으셔야 겠어요",부정적,부정적
2023-11,"음식과 식당 분위기가 값어치 합니다
다음에 또 방문하겠습니다~",긍정적,긍정적
2024-01,"무화잠 런치코스 가성비 마주 좋아요
푸짐하게 잘먹었습니다",긍정적,긍정적
2023-12,지인모임했어요. 모임하기 고급지고 좋아요. B코스 먹었는데. 음식 양이 적당해요. 맛있게 잘 먹었어요.,긍정적,긍정적
2023-12,"음식이 정갈하고
맛있어요
멋지네요",긍정적,긍정적
2023-11,즐거운 날 친구랑 덕분에 친구랑 즐거운 시간 보냈네요~강추입니다~가격은 좀 나가지만 그만큼 가치가 있어보여요~,긍정적,긍정적
2023-12,직원들도 매우 친절하고 맛도 좋은데 가격은 엄청 부담스러웠어요. 자주는 먹기 힘들고 정말 복권이라도 당첨되어야 올것 같은 가격인듯.,부정적,부정적
2023-12,대게버터구이 정식 맛있어요~~,긍정적,긍정적
2023-12,항상 맛있고 조아요!,긍정적,긍정적
2023-10,대게 코스로 먹었는데 메뉴 전반적으로 맛도 있었고 신선했고 살수율도 높아 만족스러웠습니다. 하지만 입구 근처 룸이라 그런지 어수선하고 두어번 코스 중 이거 나왔나요? 머리만 내밀고 저희쪽에 물어보시고 밖에서 주문한 술 들어갔냐 안갔냐 하시는 말이나 이러시는 등 전반적으로 굉장히 정신없고 어수선했습니다. 맛은 괜찮았는데 분위기가 조금 아쉬웠어요.,긍정적,긍정적
2024-01,굿,긍정적,긍정적
2023-10,결혼기념일. 집사람과 회식하고 왔어요.,긍정적,긍정적
2023-10,"융숭한 대접을 받는 듯한 상차림과 친절한 서비스, 맛있는 정식. 평일점심이나 저녁식사 모두 강추입니다. 요즘 비싸기만 하고 맛이나 서비스는 별로인 곳 많은데 여긴 지키고 싶은 곳. 다만 입구 인테리어는 좀 개선이 필요해 보임",긍정적,긍정적
2023-11,너무너무 맛있고 너무너무 비싸요 조명이 넘 어두워서 눈이 침침해요,긍정적,긍정적
2023-11,대게요리면 무화잠이죠. 다만 연초 직장인 모임이 많아서인지 좀 시끌시끌했어요,부정적,긍정적
2023-08,"동생 전역선물로 여자친구랑 먹으라고 예약선물해줬는데
친절하고 무엇보다 넘맛있고 가격대비너무 훌륭해서 좋았다고합니당 홍홍홍",긍정적,긍정적
2023-09,"오늘도 맛있는 보리굴비정식
푸짐하고 맛있게 잘 먹었습니다.",긍정적,긍정적
2023-11,"언제나 믿고먹는 무화잠
대게 사시미는 굿입니다.",긍정적,긍정적
2023-07,"가족식사하러 방문했고 코스로 62만원 결제했고 , 대게코스이고 회랑 전복 너무 신선!
친절하시고 코스 중간중간에 서비스 잘해주셔서
전부 맛있게 식사하며 즐거운 분위기였어요💕
대게를 계속 따뜻하게 먹을수 있는점도 좋았구요.

재방문 의사 100000%",긍정적,긍정적
2023-08,"옛날에 한번 가보고 오랜만에 생각나서 1:30 예약하고 다녀왔습니다 조금더 여유롭게 가는게 좋을거같습니다
주말가족특선먹었는데 가성비 좋고 룸으로 되서 조용히 먹기 좋았습니다 설명을 조금 더 해주시면 좋을거같긴한데 아무래도 촉박하게가서 그런거같았고 모두 친절하셨습니다",긍정적,긍정적
2023-12,맛있어요,긍정적,긍정적
2023-07,"오늘도 보리굴비정식 맛있게 먹었어요.
다음에도 꼭 바싹 구워달라고 요청해야겠어요.
갠적으로 바싹 구운게 전 맛있더라구요.",긍정적,긍정적
2023-08,"대게 킹크랩 재료가 비싸긴하지만 중요한 손님 모시기에 좋은장소임 맛도 좋구 서비스도 친절하고 주차하기 편해서 넘 좋습니다
신경쓰는 손님 모시기에 좋은장소로 강추합니다^~^",긍정적,긍정적
2023-05,"너무 맛있고 게사시미를 정말 좋아해요.
게다리 스테이크도 맛있습니다.",긍정적,긍정적
2023-02,초밥은 평일 점심만 가능하며 전화로 예약해야 해요. 점심에 초밥과 모듬회비빔밥을 시켰는데 양도 많고 맛있었어요! 반찬들도 다 맛있고 밥 먹기에 간이 알맞아요. 아주 푸짐하게 잘 먹었습니다! 직원분들 모두 인상도 좋으시고 엄청 친절하세요! 방에서 식사할 수 있어 편해요. :-),긍정적,긍정적
2023-08,친절하시고 룸으로 되어있어 모임하기 좋아요.,긍정적,긍정적
2024-05,좋아요,긍정적,긍정적
2023-06,"기념일로 예약/방문했습니다
맛있게 잘 먹었네요
서비스도 좋았습니다",긍정적,긍정적
2023-05,게장 정식 좋아요!,긍정적,긍정적
2023-04,"멍게된장국 포장했는데 많이 포장해주셔서 잘 먹었어요 멍게랑 조개류,미나리 많이 들어있어서 얼큰한 매운탕같은 된장국이었어요><",긍정적,긍정적
2023-07,오늘도 맛있게 먹고 갑니다,긍정적,긍정적
2023-08,깔끔하고 맛도 좋습니다.,긍정적,긍정적
2023-07,"실내가 좀 어두웠으나, 나름 분위기는 괜찮았습니다.",긍정적,긍정적
2023-05,킹크랩 원하던 크기가 없어서 살짝 작은 놈으로 먹었지만 코스 구성이 다양해서 모자란 정도는 아니었던 것 같습니다. 맛은 항상 좋고 가격이 아무래도 편한 가격은 아니죠…,긍정적,긍정적
2023-08,최고입니당^^,긍정적,긍정적
2023-04,특별한날 특별한음식,긍정적,긍정적
2023-05,대구지리탕 포장해서 점심으로 나눠 먹었는데 생각보다 양많고 맛나요,긍정적,긍정적
2023-04,보리굴비정식 먹었는데 식전에 나오는 녹두죽 맛있게 먹었음.ㅋㅋ,긍정적,긍정적
2023-03,"VIP A 코스 맛도 있고
다양하게 알차게 메뉴가 나오고
대게 좋아한다면 추천합니다",긍정적,긍정적
2023-02,비싸서 그렇지 맛나용~~~근데 직원분이 친절하지는 않으셨어요.불친절은 아니지만 비싼집인데 좀더 서비스가 좋았으면 좋을것같아요,부정적,긍정적
2023-05,대게정식 맛나요~~,긍정적,긍정적
2023-04,돈값합니다 살수도 좋고 신선하고,긍정적,긍정적
2023-06,친절해요.,긍정적,긍정적
2023-03,점심메뉴로 잘 먹었습니다,긍정적,긍정적
2023-02,"독립된 룸에서
편하게 식사하기 좋은 곳이네요.

킹크랩 코스를 먹었는데, 주요리 전에 나온 샐러드, 회도 훌륭했구요.
먹기좋게 손질해서 끝까지 따뜻하게 먹을 수 있게해주셔서 아주 좋았어요.
바삭한 튀김까지 먹고 나니 마지막에 볶음밥은 포기(?)하고 싶었는데...
화룡정점!!! 진짜 마지막까지 맛있기 힘든데 그걸 해냈어요~♡",긍정적,긍정적
2023-02,너무너무 맛있게 잘먹었어요!!!!!,긍정적,긍정적
2023-03,친절한 서비스와 식사 너무 맛있었어용 :-),긍정적,긍정적
2022-12,조용한 룸에 맛난 음식까지 연말에 모임하기 좋습니다.,긍정적,긍정적
2022-10,특별한날 예약해서 먹기 좋아요~~,긍정적,긍정적
2022-10,"강남역 대게 맛집 가격대는 인당 13만원수준입니다.
특별한 날 접대장소로 제격입니다.",긍정적,긍정적
2022-12,대게가 참 실하고 맛있었어요! 근데 가격이 정말 비싸긴 하네요 ㅋㅋ,긍정적,긍정적
2022-12,"A코스 가격은 비싸지만 대게를 회, 찜, 구이, 튀김 다양하게 즐길수 있어서 좋아요",긍정적,긍정적
2023-03,미팅하기 괜찮습니다.,긍정적,긍정적
2022-12,"무화잠 역시 맛있어 대게가 맛 없을리가 없징
코스 다 괜찮았오 마지막은 대게 볶음밥 진리",긍정적,긍정적
2023-01,런치메뉴 보리굴비정식 맛있고 밥도 돌솥밥으로 나와 누룽지도 맛보고 좋아요.,긍정적,긍정적
2023-02,꼭 정식이 아니라도 런치 단품메뉴도 구성이 알맞게 잘 나와서 맛있게 먹었습니다.,긍정적,긍정적
2022-11,친절하시고 맛있게 잘 먹었습니다,긍정적,긍정적
2023-04,맛이좋아요,긍정적,긍정적
2022-12,"예전만 못한 서비스예요 ….
너무 황당해서 댓글남깁니다.
대게먹고나서 손 씻으려고 레몬물을 준비해달라고
부탁드렸거든요… (원래 준비해주는 서비스예요)

그런데 손을 채 씻기전에 치우셔서…. 다시
준비해주실수 있냐 했더니화장실이 바로 앞에 있으니 거기가서 그냥 손 씻어달라고 하셨어요…

연말 기분좋게 먹으러 갔다가 서비스에 실망하고
예전만 못한 대게 퀄리티에 두번 실망했네요
가격대비 별로 추천하고싶지않네요",부정적,부정적
2023-01,가격대비 정말 너무 별로였어요....,부정적,부정적
2023-01,맛있긴 한데 너무 비싸긴 하네요^^;,부정적,긍정적
2022-12,싱싱하고 맛나요,긍정적,긍정적
2022-07,"주말가족 런치 스페셜 세트에 게딱지밥, 꽃게탕 추가해서 먹었습니다. 사진외에도 호박죽, 두부샐러드, 튀김도 나왔어요. 음식 하나하나에서 정성이 느껴지고, 모두 맛있고, 양도 충분했어요. 직원분들도 너무너무 친절하셔서 즐겁게 식사했어요! 발렛도 편하게 잘되서 너무 편했습니다. 재방문할께요! 번창하세요!",긍정적,긍정적
2022-12,모두 룸으로 되어 있어 소모임부터 단체모임까지 모두 가능해서 좋네요. 음식도 맛있구요.,긍정적,긍정적
2023-02,매번 맛있게 먹고 갑니다.,긍정적,긍정적
2022-11,"정말 최악입니다... 둘이가서 돈 70넘게쓰고 회 비린내 나고 다 말라비틀어지고 와사비 마르고 레몬시키니 다마르고 킹크랩은 쓴맛나고... 다 식어서 나오더라구요 정말 이런 글 남기기 싫었는데 일이십만원도 아니고 돈 칠십쓰고 이런 서비스는 처음입니다 직원분은 친절해요 사장님 돈70을 가볍게생각하시는거 같네요 개선좀 하세요
음식 진짜 너무한것같습니다... 돈 70주고 이렇게 기분나쁜적은 처음이네요 다시는 안올것 같아요 예전보다 사람이 줄었는 이유는 다있나보네요",부정적,부정적
2022-11,"vip 코스 먹었는데 맛있었어요~ > < 코스로 다양하게 먹으니까 좋아요, 단체모임 하기 굿 ~",긍정적,긍정적
2022-12,비싼데 좋아요.,긍정적,긍정적
2022-09,맛있게 잘 먹었습니다.,긍정적,긍정적
2022-12,단체모임 했는데 좋아요,긍정적,긍정적
2022-09,엄청 맛있어요 스끼도 많이나옴,긍정적,긍정적
2022-07,"5명이서 킹크랩1, 대게2 너무나 푸짐하게 맛있게 잘 먹었습니다. 서빙하시는 분도 너무 친절하시고 음식 하나하나 퀄리티 있고 좋았습니다. 너무 만족스러운 저녁이었습니다~",긍정적,긍정적
2022-12,음식 맛있고 친절합니다,긍정적,긍정적
2022-12,좋아요,긍정적,긍정적
2022-10,"해외에서 사는데 한국올때 마다 오는곳이예요. 나이드니 먹는양이 줄어서 제일 작은양으로 주문하면 간단한 코스요리 먹었어요.

음식이 대체로 간간하게 담백한 맛이라서 좋아해요",긍정적,긍정적
2023-01,좋아요,긍정적,긍정적
2022-09,친절하고 맛있습니다.,긍정적,긍정적
2022-11,👍🏻,긍정적,긍정적
2022-10,대게살비빔밥 맛있어요.,긍정적,긍정적
2022-09,"생각보다 별로였고
게도 너무 싱거웠어요... 같이 나오는 음식들도 가격대비 너무 허접하고...다시는 안갈거같네요..",부정적,부정적
2022-09,소모임장소로 추천해요,긍정적,긍정적
2022-07,"킹크랩 너무 맛있었어요!!
친절하고 맛있고 좋아요!!",긍정적,긍정적
2022-09,친절하게 응대해주셔서 푸짐하게 잘 먹었습니다,긍정적,긍정적
2022-04,"음식이 정갈하고, 배터지게 먹고 왔습니다. 연두부샐러드? 드레싱이 맛있어서 한번 더 리필해서 먹었어요ㅎ 직원분들 다 친절하시고, 매장이 넓고 깨끗해서 좋았네요.",긍정적,긍정적
2022-08,런치로 방문했는데 사장님도 친절하시고 음식도 넘 맛나게 잘 먹었습니다. 확실히 런치가 가성비가 좋아요.,긍정적,긍정적
2022-11,굿,긍정적,긍정적
2022-11,굿,긍정적,긍정적
2022-07,"회사 회식으로 급하게 잡았는데, 시간 변경에도 잘 조율해주시고 무엇보다 맛...!!! 간만에 정말 너무 맛있는 식사였습니다. 다음에 또 갈께요",긍정적,긍정적
2022-08,너무맛있게 먹었습니다 감사합니다 ^^,긍정적,긍정적
2022-08,역시 믿고 가는 곳입니다!,긍정적,긍정적
2022-06,"가족모임하기에 조용하고 쾌적했어요
음식도 깔끔하고 맛있어서
다들 만족하셨어요
서빙해주시는 분도 친절하셔서 추천합니다~",긍정적,긍정적
2022-07,장소 고급지나 음식은 가격대비 조금 아쉽습니다.,부정적,부정적
2022-06,보리굴비정식 강추입니다.,긍정적,긍정적
2022-07,미팅을 위한 장소로 추천,긍정적,긍정적
2022-05,어버이날 손님이 몰려서 그렇다는데 메인이 너무 늦게 나와서 만족스럽지 못했습니다. 음식이 늦어지면 먼저 말씀을 해주셨으면 이해했을텐데 아무말도 없이 음식이 안나오니.. 손님에 대한 배려가 부족한듯합니다. 음식이 너무 늦게 나온것 말고는 음식은 나쁘지 않았어요,부정적,긍정적
2022-04,"코스 좋았습니다
맛나게 먹었어영",긍정적,긍정적
2022-06,비싸지만 맛도 서비스도 최고에요!,긍정적,긍정적
2022-07,맛있게 잘먹었어요,긍정적,긍정적
2022-09,감사합니다,긍정적,긍정적
2022-06,보리굴비 맛있어요!,긍정적,긍정적
2022-04,"버터대게구이는 말이필요없죠
너무 맛있어요",긍정적,긍정적
2021-10,"지난번 4인 모임로 식사했던 룸으로 요청했는데
이미 예약된 룸이라 하셔서..아쉬웠어요.

그런데 당일에 생각지도 못했던
그 룸으로 안내해주셔서
너무 감사했습니다.
(조정을 해주신건지 섬세한 배려 감동했어요)",긍정적,긍정적
2022-06,항상 깔끔하고 맛있네요,긍정적,긍정적
2022-03,보리굴비정식 먹는데 오늘 유난히 연두부샐러드에 기름쩐내가 너무 심함. 제발 기름좀 자주 갈아 튀겨주세요.,부정적,부정적
2022-03,3번째 방문 맛은 물론이고 항상 친절하셔서 기분 좋은 식사하고 오네요~,긍정적,긍정적
2021-11,"엄마 생신날 방문 했어요! 생신 전주에 파티를 따로해서 당일 저녁 급하게 부모님댁 근처에 룸으로 된 곳을 찾다가 방문하였습니다.🎂
킹크랩 정말 최고였구욤 💗 회는 물론 문어숙회, 튀김류, 알밥, 꽃게탕 등등 음식 다 맛있었습니다!
또 생신이라고 회케이크에 초도 꼽아주시고, 함께 생신축하해주셔서 너무 감사드려요🥰 덕분에 좋은시간 보낼 수 있었습니다!
룸 온도조절도 잘해주시고 적절한 서빙속도와 친절에 부모님이 만족하셔서 기분 좋네용 💛
다음에 또 방문할게요! 감사합니다 ~~ 😍",긍정적,긍정적
2022-08,맛있는데 서빙 주실때 노크 주셨으면,부정적,긍정적
2022-06,부모님 모시고 식사했는데 좋아하셔요,긍정적,긍정적
2022-06,맛있어요.,긍정적,긍정적
2022-04,맛있게먹었네요,긍정적,긍정적
2022-04,맛있어요!!!,긍정적,긍정적
2021-12,아버님 생신이라 갔는데 생신이라고 서비스 메뉴도 챙겨주시고 너무 만족했습니다!,긍정적,긍정적
2022-03,비싸지만 맛있어요,긍정적,긍정적
2022-05,맛있습니다.,긍정적,긍정적
2022-02,"룸이 프라이빗해서 좋았어요
다만 음식코스는 매번 말을 해야지만 서빙이 되서 아쉬웠어요",긍정적,긍정적
2022-04,보통,부정적,부정적
2022-03,늘 만족합니다.^^,긍정적,긍정적
2021-12,"대게만은 싯가 13,900 인듯
참이슬이 7,000원인게 제일 충격
먹다 엎어서 울 뻔
대게 빼고 놀라울 정도로 맛이없음
두부튀김 기름 쩐내
회 세조각씩 세종류(연어 우럭 돔)
문어초회 충격 급하게 물에 넣고 렌지 돌려수 녹인 맛
전복/소라/멍게/관자 4조각씩 관자만 2개
관자만 맛있음
아 팥죽
팥에 밥이랑 물넣고 양 늘린 맛
새로운 음식이 나올때마다 맛없어서 놀람
대게는 맛있었고 수율 70-80% 정도?
다리 네개는 칼집을 안내서 줌
전복찜 뷰터 음식에 간이 들어감
쪼끄만 전복 두개 버섯이랑 파프리카 설탕 잔뜩 넣고 간장 볶은 아는 맛
생선튀김에 떡꼬치 쏘스 묻힌거 생선 바짝 튀겨서 지느러미까지 씹어 먹을 수 있었음 이건 달짝지근해서 좋았음
튀김 새우2 호박2 기름쩐내

매운탕비림",부정적,부정적
2022-01,점심메뉴는 가성비가 좋습니다,긍정적,긍정적
2022-01,"자주 이용하는 곳입니다. 손님들 모시기도 좋구요.
매장이 넓고 음식도 깔끔해서 좋습니다.
앞으로도 자주 이용하겠습니다.",긍정적,긍정적
2021-10,킹크랩!! 맛있고 룸으로 나뉘어있어 먹기 편해요,긍정적,긍정적
2022-04,게맛남,긍정적,긍정적
2021-11,전체 룸이라 요즘같으때 가기 좋아요. 대게 신선하고 맛도 좋았어요.,긍정적,긍정적
2021-12,가격은 좀 비싸지만 맛있고 친절합니다,긍정적,긍정적
2021-09,맛있고 양도 많고 친절하다! 삼박자가 제대로!,긍정적,긍정적
2021-11,가격은 좀 있지만 그래도 맛도있고 친절하셔서 돈이 아깝지 않았어요. 룸으로 되있늩 것도 좋았구요!,긍정적,긍정적
2021-12,막과 분위기 그리고 친절 모두 굿입니다,긍정적,긍정적
2022-04,모임하기 좋아요,긍정적,긍정적
2021-11,"A코스 먹었는데 정말 최고입니다.
마지막 게살튀김까지 완벽했어요.
특히 너무 친절하게 코스를 타이밍 맞게 서빙해주셔서 감동이었어요.
자주 갈것같아요",긍정적,긍정적
2022-01,진짜 퀄리티ㅡ좋습니다,긍정적,긍정적
2022-03,맛있어요,긍정적,긍정적
2021-10,가족모임하기 좋습니다. 가격이 좀 나가긴 하지만 그만큼 신선하고 맛이 좋습니다,긍정적,긍정적
2021-12,맛있고 분위기 좋고 특별한 날 특별한 추억을 남기는 장소!,긍정적,긍정적
2021-07,"너무 분위기도 좋고 맛있게 먹은 곳이에요. 기념일이나 중요한 자리가 있으면 추천.
돈아깝지 않은 맛과 분위기. 다만 음식에 대한 설명이 조금 보태어지면 좋을 듯한데,
처음 오면 어떻게 먹어야 될지 조금 당황스러울 수 있을 듯해요.",긍정적,긍정적
2021-11,"룸으로 구성되어 있어서 좋아요:)
친절해요!",긍정적,긍정적
2021-12,가격은 좀 있지만 조용히 식사하기 좋고 메뉴 구성도 좋습니다.,긍정적,긍정적
2021-08,vip세트 A 먹었습니다. 조용히 얘기할 수 있는 룸에서 맛있는 게 코스요리 잘 먹었습니다. 가격이 비싸긴 하지만 강남에서 이런 경험하려면 어쩔 수 없는거 같네요,긍정적,긍정적
2021-12,조용하게 잘 먹었습니다,긍정적,긍정적
2021-11,"2인이 갔는데 킹크랩 50만원들었고
스끼다시는 정말 부족하게 나오네요
가격이 너무 비싼느낌 ...",부정적,부정적
2021-12,룸이 라서 넘 좋아여,긍정적,긍정적
2021-10,점심 버터대게구이 정식 만족스러워~,긍정적,긍정적
2021-11,가격대는 있지만 시설좋고 맛있습니다,긍정적,긍정적
2021-10,모임하기 좋아요 음식도 맛있고 단독룸도 조용했어요 서버분들 응대도 기분 좋았습니다,긍정적,긍정적
2021-09,"런치세트 대게버터구이정식
배 부르게 잘 먹엇습니다",긍정적,긍정적
2021-10,"맛있고 , 종류도 많고 좋았어요
볶음밥 먹을때 게 내장을 남겨야 하더라구요 ㅜㅜ 이것만 미리 알려주신다면 더 좋았을꺼같아요 ㅎㅎ
생일 파티 밥 사드리고 칭찬 많이 받았어요!",긍정적,긍정적
2021-10,비싸지만 친구들과 집중할 수 있는 곳이라 좋습니다,긍정적,긍정적
2021-10,냠냠긋,긍정적,긍정적
2021-10,모임할 때마다 가네요. 번창하세요,긍정적,긍정적
2022-01,맛있어요,긍정적,긍정적
2021-10,모두 개별룸으로 구성되어 있어 좋았습니다.,긍정적,긍정적
2021-06,"룸타입이고 좋아요.
vip a코스 4인
여러모로 싱싱합니다.",긍정적,긍정적
2021-09,"킹크랩코스 시켰어요 맛있고 깔끔하고 좋은데
주차공간 2대뿐이고 룸으로된곳이라 소리가 울려서 대화하기 좀 힘든거때문에 별하나 빼요~",긍정적,긍정적
2021-09,"룸이라 좋았구, 나오는 음식 하나 하나 다 맛있었어요~",긍정적,긍정적
2021-09,룸으로 되어 있어서 좋아요.,긍정적,긍정적
2021-08,맛있게 잘먹었습니다. 모든 좌석이 룸이여서 코로나 시국에 적합한곳 인거 같아용,긍정적,긍정적
2021-09,런치메뉴가 별도로 있고 룸이 많아서 모임하기 좋습니다.,긍정적,긍정적
2021-08,지층이라는거 이외는 흠잡을게 없습니다. 해산물은 가리비대신 해삼이나 다른거 주면 좋겠어요. 가리비 인식이 안좋아서 그거 빼고는 만족했습니다. 대게도 살이 많고^^,긍정적,긍정적
2022-06,맛있어요,긍정적,긍정적
2021-11,맛있습니다,긍정적,긍정적
2021-07,조용하고 깔끔해서 가족들과식사하기 좋았습니다,긍정적,긍정적
2021-08,좋은날 좋은음식 무화잠 좋습니다,긍정적,긍정적
2021-10,좋아요,긍정적,긍정적
2021-06,별도 룸이라 편하게 식사는 가능하고 VIP코스 시켰는데 전체적 양이 조금 더 많고 다양했음 하는 아쉬움이 있네요 서비스하시는분 바쁘신지 요청한지 한참 후에야 갖다주셔서 좀 불편했어요,긍정적,긍정적
2021-06,"맛있어요
점원분들께서도 친절하시구요",긍정적,긍정적
2022-02,언제가도 맛있죠!,긍정적,긍정적
2021-06,항상 친절하시고 잘 응대해 주셔서 자주 가요 이번 아들 생일이라 예약하고 갔는데 만족합니다. 킹크랩 대게맛이야 말해 뭐에요 전문점인데요 ㅎㅎ,긍정적,긍정적
2021-06,"가족모임 했는데, 음식도 좋고 서빙도 시간 맞춰 잘 해주시고 정말 좋았습니다.",긍정적,긍정적
2021-08,늘 만족합니다^^,긍정적,긍정적
2021-03,직원분들 넘 친절하시고 맛있게 잘먹었습니다.,긍정적,긍정적
2021-07,예전보다 가성비가 떨어진거 같애요....,부정적,부정적
2021-05,오동통 킹크랩 살~~~,긍정적,긍정적
2021-05,생일이라고 사위가 사준 무화잠. 비싼만큼 맛있었어요,긍정적,긍정적
2021-06,깔끔한 룸에 음식도 너무 맛있었어요^^,긍정적,긍정적
2021-03,맛있고 깔끔해요.,긍정적,긍정적
2021-05,소리가 너무 울려서 조금 시끄러워요 그러나 음식은 다 맛있어요,부정적,긍정적
2021-05,좋아요 맛있었습니다.,긍정적,긍정적
2021-05,가격대비 별로인듯 합니다. 회사에서 갔으니 갔지 내돈내산은 안할듯 싶네요,부정적,부정적
2021-05,룸으로 되어 있어서 편하게 식사 가능했습니다.,긍정적,긍정적
2021-04,킹크랩 랍스타 없이 대게만 있어서 살짝 놀랐습니다. 킹크랩 먹으러 간거라 킹크랩 드시러 가실 거면 미리 확인해보셔야 할 듯. 가격이 비싼 것 외엔 분위기 & 맛 괜찮아요.,부정적,긍정적
2021-06,괜찮았어요,긍정적,긍정적
2021-03,만족합니다. 친절하시고 맛도 괜찮았어요. 재방문 할거 같네요^^,긍정적,긍정적
2021-05,늘 맛있게 식사합니다.,긍정적,긍정적
2020-11,"룸으로 되어 있어서 조용히 식사하기에는 좋았어요. vip b코스로 먹었는데 양이 엄청 많아요. 다른 해산물 디쉬(문어숙회, 회, 해산물 모듬, 전복구이 등등)가 너무 많은 것 같은데 대게 위주로 구성이 더 단촐한 메뉴가 있으면 좋겠어요. 맛있게는 먹었으나 재방문은 고민해봐야 할 것 같아요. 이 가격이면 뷰가 좋은 곳이나 다른 고급 음식점을 가고 싶다는 생각을..",부정적,부정적
2021-06,맛있어요,긍정적,긍정적
2021-10,좋아요. .,긍정적,긍정적
2021-05,룸이 쾌적 합니다.,긍정적,긍정적
2021-11,"가격만 비싸고 글쎄요
수요미식회의 의견에 합리적인 의심이 들어요",부정적,부정적
2021-02,"분위기 만점으로 먹고 들어가는 집
저렴한 가격은 아니지만 하나하나 따지고 보면 합리적인 가격이라고 생각이 드는 곳!

1. 모든 좌석 룸
2. 적당히 친절한 서비스
3. 조용하고 깔끔한 분위기
4. 음식 나오는 속도, 메뉴 구성이 적절
5. 따뜻하게 유지되어 나오는 요리들
6. 무엇보다 맛 !!

별 다섯 개에 별 여섯 개를 주고 싶은 마음~~~

또 가고 싶어요",긍정적,긍정적
2020-12,킹크랩 2.8키로 세명이서 먹음. 첨 나온 샐러드도 맛잇고 회는 쏘쏘. 킹크랩 맛잇음. 밥이랑 매운탕도 맛있음.,긍정적,긍정적
2021-02,"1년에 한번 정도 방문하는 음식점이에요.
맛있게 잘 먹었습니다:) 감사합니다.",긍정적,긍정적
2021-06,좋아요,긍정적,긍정적
2021-06,괜찮습니다,긍정적,긍정적
2021-01,점심특선 다 맛있어요 대게 전문점이라 당연 대게는 물론 대구매운탕이랑 보리굴비 너무 맛있어서 또 먹고 싶네요 다들 엄청 친절하시고 음식도 빨리 나와서 좋았습니다. 빠른 시일내에 또 들리겠습니다.,긍정적,긍정적
2020-12,"코로나땜에 룸시설이 완벽히 되어있는 식당을
찾다가, 무화잠에서 저녁을 먹었습니다
Vip B코스로 먹었는데, 배가 터질정도 입니다
맛도 너무 맛있었구요",긍정적,긍정적
2021-04,늘 만족합니다~~,긍정적,긍정적
2021-03,"킹크랩 가격은 올랐는데, 장도 쓰고 많이 아쉬웠습니다.",부정적,부정적
2021-03,1년만에 재방문했습니다. 위치가 변경되어서 좀 당황했구요. 맛은 동일하네요.,부정적,긍정적
2021-01,"맛, 서비스 모두 늘 값어치를 하는 장소.
특별한 날, 특별한 즐거움을 줘서 좋다.
(외국인 서빙 직원 교육은 필요해보임)",긍정적,긍정적
2021-04,"음식, 서비스 모두 만족!",긍정적,긍정적
2021-02,친절하고 맛있어서 재예약해서 갔어요 당연 이번에도 만족하고 갑니다. 수고들 하세요~,긍정적,긍정적
2021-01,음식은 깔끔하고 좋은데 룸이 좀 시끄러웠어요,긍정적,긍정적
2021-03,직원분들도 모두 친절하시고 음식도 맛있었습니다~,긍정적,긍정적
2021-01,서비스 분위기 맛 모두 최고 대게는 여기서만 먹습다,긍정적,긍정적
2021-02,룸은 좋았고 맛도 어느정도 있었지만 게살이 살이 꽉차있지않아서 저는 그냥 그랬어요,부정적,부정적
2021-05,맛있네요.,긍정적,긍정적
2021-05,굿,긍정적,긍정적
2021-05,굿,긍정적,긍정적
2020-10,"1. 맛 : 8.0/10.0
-보통
2. 가격 : 5.0
-맛, 메뉴대비 고가
-회비를 탕진했습니다.
3. 분위기 : 8.0
-그나마 점수 주겠음
3. 주차 : ?
-확인못함. 최하단 전화확인필요.
4. 추천유무 : 1.0
-가성비 찾는다면 절대 비추
-회비를 탕진하려 비싼걸 먹을작정을 했으나 비싼값을 전혀 못함.
5.주소 및 전화
- 최하단 참조
[전화]

02-563-7878

이사했다고 문자왔네요.

현재 뱅뱅사거리

코너에 있는 뱅뱅빌딩(강남구 강남대로292)B1F으로 이전 합니다.",부정적,부정적
2021-06,맛있게 먹었어요,긍정적,긍정적
2021-02,프라빗한 공간과 친절한 서비스가 좋았습니다.아쉬운점은 가격 대비 양이 부족 했습니다.,긍정적,긍정적
2021-01,"솔직히 가격에비해 가성비가 너무 떨어졌어요.
대게 양도 너무작고.. 모든메뉴들이 너무 아쉬웠네요.
저는 재방문은 절대 안하려구요.",부정적,부정적
2021-03,조아요,긍정적,긍정적
2020-12,지하라서 조금 게비린내가 나는거같지만.. 맛있어요,부정적,긍정적
2021-01,무화잠 예전엔 연말연초 예약이 힘들정도였는데 손님이 거의없더군요ㅜ 룸에서 안전하게 식사했어요 게 수율이 정말 짱이에요 오동통ㅎ,긍정적,긍정적
2021-01,"모두 룸으로 되어있어 프라이빗하게 먹을 수 있어요.
보리굴비 정식 맛있어요~",긍정적,긍정적
2020-12,친절한 분위기에 맛있는 대게를 먹을 수 있음,긍정적,긍정적
2021-01,오랜만에 방문했는데 이전한 곳으로는 처음 방문이네요 구성이나 맛 여전히 좋습니다,긍정적,긍정적
2020-12,"예전엔 자주 갔었는데 논현점 없어지고는 안갔거든요 강남점도 옮기고는 처음 가봤는데
친절하시고 무엇보다 넘넘 맛있게 잘 먹었어요!",긍정적,긍정적
2020-12,"맥주 330ml 너무 비쌈
직원도 불친절
일요일 오후 3시 고객이 없는데도 불친절",부정적,부정적
2020-10,"홀에 유리로 칸막이 되어 있어 좋았고,음식의 양도 적당하고 깔끔하고 맛있습니다.서비스도 만족합니다.대게 먹고 싶을때 재방문하고 싶습니다.",긍정적,긍정적
2020-11,보리굴비정식 정말맛있었습니다~ 회도나오고 샐러드+부침개까지..친절하세요^^,긍정적,긍정적
2020-12,친절하시고 음식도 맛있어요.,긍정적,긍정적
2020-11,"런치코스인 '대게코스' .주문.
대체적으로 코스요리는 괜찮았으나 대게가 따뜻하지 않았다.
후식부분에서 너무 허접했음.
찬 레모네이드를 매우 조금씩 주었음.
과일후식이라도 있으면 주문하려했으나 메뉴에 없었음.
다행히 매니저님이 특별로 인스탄트커피와 오렌지 한쪽씩을 주셨으나 좀 부족한 느낌.",부정적,부정적
2020-12,직원분들 친절하고 맛있어요 킹크랩 먹었는데 깔끔하고 좋았어요,긍정적,긍정적
2020-11,이전하기 전에 점심으로 몇번 방문했었는데 기본 반찬도 맛이 없어졌습니다. 특히 멍게는 쓴맛까지 나더라구요. 주말에 이 가격주고 굳이 방문할 필요없을듯 하네요.,부정적,부정적
2021-03,맛있게 잘 먹었어요,긍정적,긍정적
2020-11,"가격이 올랐고 반찬 구성이 전보단 못하다는 생각은 듭니다.
그리도 친절하고 맛은 좋습니다.",부정적,긍정적
2020-09,킹크랩이랑 대게 시켜먹었는데 맛있어요:) 네이버예약하고 가니 넓은 룸으로 잡아주셔서 프라이빗하게 잘 먹고 왔습니다!,긍정적,긍정적
2020-09,"룸으로 되어있어 프라이빗하고, 서비스도 친절함. 가격대비 음식도 잘 나오고 맛있었음.",긍정적,긍정적
2020-11,맛있게 잘먹었어요. 칠순 생신식사자리 추천입니다.,긍정적,긍정적
2021-03,좋아요,긍정적,긍정적
2020-11,친절하고 맛있었습니다유,긍정적,긍정적
2020-11,회사 사장님께서 종종 예약부탁하시는 곳입니다.,긍정적,긍정적
2021-01,맛있어요,긍정적,긍정적
2020-09,가격대비해서 봤을때 음식이 그렇게 뛰어난지는 모르겠어요 서비스는 좋았습니다,부정적,부정적
2020-10,맛있고 친절하고 좋았어요,긍정적,긍정적
2020-10,"역시나 무화잠! 시설도 깨끗하고, 킹크랩도 맛있었어요~~재방문 의사있음^^",긍정적,긍정적
2021-01,맛있어요,긍정적,긍정적
2020-10,맛있고 친절하고 편리했음,긍정적,긍정적
2020-11,불친절합니다,부정적,부정적
2020-10,정말 맛있었습니당 감사헤용,긍정적,긍정적
2020-11,조용하고 좋았어요,긍정적,긍정적
2020-07,친절하고 음식맛도 좋았어요!,긍정적,긍정적
2020-07,"써빙하시는 분이 너무 친절하였고
B코스 요리 좋아요.
대게 좋아하심
대게 코스 주문하라고 알려주시네요.
다음주 수요일까지 영업 후
9월에 뺑뺑사거리로
이전 한답니다.
8월 한달 아쉽네요.",긍정적,긍정적
2020-07,주말특선코스 먹었는데 음식깔끔해서 좋았습니다. 다만 코스에식사미포함이라 식사(대게내장볶음밥이랑 꽃게탕) 추가해서 먹었네요 코스에 식사 한종류라도 포함되면 좋을거같아요 그래도아주 만족스러운 식사였습니다,긍정적,긍정적
2020-09,대체로 만족했습니다.,긍정적,긍정적
2020-07,분위기는 최고...대게 집중 손가락안에 꼽힐 정도.. 서비스 평범... 맛은 그때 그때 다르네요. 어제는 좀 비렸습니다. 언제나 느끼는건데 가성비로 가는 곳은 아니고 대접한다는 느낌으로 분위기가 좋아서 가야될곳 입니다.,긍정적,긍정적
2020-07,"#회식
#수요미식회
맛있어요!",긍정적,긍정적
2020-06,안그랬는데 코로나 사태 때문인지 스키다시로 나오는 음식이 윤기없이 조금씩 말라있어요.. 모든 임직원분들 친절하셔서 참 좋습니다,부정적,긍정적
2020-02,"분위기가 다 했어요
프라이빗한 방
다만 유리로 되있는 옆방이 회식을 너무 시끄럽게 했어요..운이 없는 듯
스끼나 요리는 괜찮았지만 대게가 철인데도 살수율도 나쁘고 단 맛이 전혀 없어서 아쉬웠어요
오히려 해산물 질이 횟집이나 바다서 먹는것보다 더 좋았어요. 회만 팔면 먹으러 오고싶을 정도!!",부정적,부정적
2020-03,"조용하고, 깔끔한 서비스 만족합니다.
다만, 가격이 높은 데 비해 점원 분의 친절함은 조금 보완해야 할 것 같습니다.
점포에서 준 주차시간을 넘지 않아도, 외부에서 차 한 잔 하고 오면 주차장에서 돈을 더 받습니다.
(괜히 몇 천원에 얼굴 붉힐 일 없어서 그냥 지불했습니다. ㅎㅎ)

전반적으로 만족합니다.",긍정적,긍정적
2020-07,"전체적으로 맛과 서비스가 별로 였어요
회는 신선하지 않고 메인 요리도 인상적이지 않았네요. 접대 장소로 비추입니다",부정적,부정적
2020-07,직원들과 편하게 식사했습니다.,긍정적,긍정적
2020-04,"가기 전부터 그닥 좋지 않은 평가의 리뷰들이 신경쓰였지만 오래전 방문했을때 분위기는 괜찮았던 것 같아서 부모님을 모시고 갔다.
대게코스로 주문해서 대게를 좀 넉넉히 먹으려고 했는데 이건 정말인지..프라이빗한 공간 빼고는 서비스도 코스음식도 그럴싸할게 없고,
제일 화가났던 부분은 대게 다리중에 왜 살이 거의없고 살많은쪽 다리 밀어내는 용도로 쓰이는 껍질뿐인 부위가 있다..근데 그걸 부피늘이기도 아니고 대게다리 밑에 쫙 깔아놓고 물어보니 오히려 당당한태도로 원래 살 밀어먹으라고 준단다..
아니, 버젓이 대게 살 빼먹는 포크가 있는데 왜지??
수산시장서 손질 안해서 통째로 쪄서 내주는 거면 이해가 가지만 기껏 손질된 대게를 먹겠다고 간 50만원가량의 음식에 굳이 그딴 부피늘이기로 당당한 이집은?진짜 공간빼곤 최악",부정적,부정적
2020-04,좋았습니다.6세 아들과 같이갔는데 룸으로 되어 있어서 좋긴했지만 너무 조용해서 옆방 대화소리가 다 들리더라구요.음식은 서빙은 센스있게 해주셔서 만족합니다.,긍정적,긍정적
2020-06,예나 지금이나 변함없이 청결하고 맛있고 친절하고... 영원할 식당입니다.,긍정적,긍정적
2020-06,맛있고 비싸요,긍정적,긍정적
2020-07,종업원 불친절,부정적,부정적
2020-05,"서빙 속도가 너무 빨라서 먹기도 전에 다음 요리가 나오거나 빨리 먹도록 유도하는 점이 불편했어요.

대게 버터구이 정식 먹었는데..
대게는 너무 차게 서빙됐고, 가열해서 따뜻하게 먹으라고 중탕 냄비를 준비해해주셨으나, 반도 채 먹기 전에 식사가 나온다고 냄비를 치워버리셔서 그냥 차갑고 느끼한 맛만 남았네요..

조금만 있다가 다음 요리 먹겠다고 하니 퉁명스레 그럴 수 없다고 하시고.. 숨가쁘게 먹다 나온 기억만..

이전엔 안그러셨는데 많이 변한듯하여 아쉽습니다..",부정적,부정적
2020-05,생각보단 좋았던 같아요. 휴일 온 가족이 여유있는 자리에 맛있는 음식을 먹을 수 있어서,긍정적,긍정적
2020-05,맛.서비스.시설 모두 대만족입니다,긍정적,긍정적
2020-06,항상 친절하고 깔끔한 음식!,긍정적,긍정적
2020-06,친절하고 서비스 좋았습니다~,긍정적,긍정적
2020-05,"회식으로 갔는데 너무 맛있었습니다
다만 킹크랩 두마리 1시간40분만에 나왔습니다
그것빼곤 좋았어요",긍정적,긍정적
2020-04,"음식 하나 하나에 정성과 성의가 느껴졌습니다.
가격이 좀 비싸지만 즐겁게 배부르고 맛있게 먹었습니다. 가족 모두 만족했고, 남편한테 식당 잘 골랐다고 칭찬받았어요^^",긍정적,긍정적
2020-06,감사하게 잘먹고 갑니다,긍정적,긍정적
2020-06,버터구이 맛있었요!,긍정적,긍정적
2020-03,가성비 최악이지만 가심비로 가는 킹크랩 맛집!,부정적,부정적
2020-05,늘 만족하며 먹는 곳,긍정적,긍정적
2020-06,역시는 역시,긍정적,긍정적
2020-05,개별실이라서 조용하고 좋았습니다. 서비스도 친절하고 좋았습니다!,긍정적,긍정적
2020-05,분위기가 고급스러워서 좋아요.,긍정적,긍정적
2020-05,어버이날에 기분좋게 식사하고 왔습니다~^^,긍정적,긍정적
2020-06,맛잇어요,긍정적,긍정적
2020-04,"점심때 법인카드로 가끔씩 왔는데
아내 생일로 저녁에 와보게 되었습니다. 분위기도 좋고 만족스러웠습니다.",긍정적,긍정적
2020-05,대게코스인가 먹었는데 너무 맛있었어요~~~,긍정적,긍정적
2020-05,짱맛있었어용,긍정적,긍정적
2020-05,잘먹고 갑니다.,긍정적,긍정적
2020-07,좋아요 ㅎㅎ,긍정적,긍정적
2020-03,"생일기념으로 가긴 갔는데 재방문 의사는 없습니다.
개별룸으로 되어 있는건 좋으나 너무 조용해요..
(음악같은거 신경 좀 더 쓰시면 좋을 것 같습니다.)
솔직히 말씀 드리면 가격대비 음식이 좀 별로예요.
둘이서 30만원 조금 넘게 나왔는데 코스에 나오는 음식이 일반한정식 집과 다를바가 없어요.. ;;
특별한게 없어요.. 퀄리티도 마찬가지고요..
그리고 음식 나오는 시간도 너무 길어요..ㅠㅠ 손님이 없었는데도 메인 나오기까지 꽤 오래 걸렸네요..",부정적,부정적
2020-05,고객과 최고의 장소,긍정적,긍정적
2020-07,"좋았어요,",긍정적,긍정적
2020-05,아주좋았습니다,긍정적,긍정적
2020-02,런치 대게정식입니다. 정갈하게 잘 나오고 살짝 버터가 느끼할수 있어요. 그럴때 피클을 ㅋㅋ 1인분에 대게 반마리입니다~,긍정적,긍정적
2020-02,"스키나 다른 요리는 맛있었는데
오히려 메인인 대게가 살수율도 안 좋고
단 맛도 없고 아쉬웠어요.",부정적,부정적
2020-05,만족스러웠습니다,긍정적,긍정적
2020-02,대게좋아하는와이프가너무만족하네요,긍정적,긍정적
2020-06,좋아요. 굿,긍정적,긍정적
2020-04,맛도 좋고 가격도 만족👍,긍정적,긍정적
2020-02,"논현점만 다니다가 강남은 처음 가봤어요
어린이용 식기에 후식도 챙겨주셔서 감사했어요
다만 주말 점심이라 그런지 게 삶는 시간이 좀 오래 걸린 감이 있어요
예약할 때 음식 종류까지 같이 받아서 대기시간을 줄여주셨으면 좋겠어요",긍정적,긍정적
2020-01,"맛있고 조용하고 좋았어요!
담에 또 갈게요",긍정적,긍정적
2020-02,"늘 다른 지점으로 가다가
다 없어져서ㅠㅠ
강남점은 첨이었는데 역시 맛있고
친절하셔서 넘 좋았어요!!",긍정적,긍정적
2020-01,음식도 맛있었구 서비스도 너무 친절해서 좋았습니다~! 다음에 또 방문하겠습니다ㅎㅎ,긍정적,긍정적
2020-03,항상가는 집이라. 만족합니다.,긍정적,긍정적
2020-03,분위기와 프라이빗한 공간이 만족스러웠습니다.,긍정적,긍정적
2020-02,룸으로 분리되어 있어 좋고 음식이 깔끔합니다,긍정적,긍정적
2020-01,"룸으로 되어 있어서 조용히 식사할수 있었습니다 코스요리는 매운탕까지
배불리 먹을수 있었고 대게 볶음밥을 일인용용기에 담아주어서 좋았습니다
김치까지 맛있게 먹었습니다
친절하게 응대해주시는 서비스까지
만족스러웠습니다 ^^
(고급음식점 분위기만큼
비용은 알아보고 가시기바랍니다)",긍정적,긍정적
2020-04,맛있고 서비스도 좋아요~~~,긍정적,긍정적
2019-12,2kg 주문해서 먹었는데 맛은 있고 프라이빗한 룸도 굉장히 맘에 듭니다. 그런데 서빙하시는분이 한국말을 잘 못하시는 분인가봐요. 센스도 좀 부족해보이고.. 좀 답답햿어요. 이해하려고했는데 마지막 코스요리 나올때 빌지를 같이 던지듯 두고 나가시더라구요? 뒤집어서 놓는것도 아니고.. 밥먹고 있는 손님앞에 빌지를 턱하고 두고나가는건 좀 아니지않나요? 기본적인 서비스는 좀가르키셔야할듯 합니다. 5점 드리려다 서비스 때문에 별하나 뺍니다.,부정적,부정적
2020-02,"전체적으로 맛이나 분위기는 좋았지만 식사하고 담소를 나누고 있는 중에 마감시간이 30분 이상 남았음에도 식기를 치우는건 수정되어야할듯 합니다
나올때는 기분이 별로였네요",부정적,부정적
2019-11,"특별한날은 항상 무화잠에 방문합니다:)
미리 예약해서 친절하게 안내해주시니 기분 좋더라구요!

비싼감은 있지만 맛있게 잘먹었습니다",긍정적,긍정적
2020-02,모두다 룸으로 되어있어서 조용히 식사하기 좋았어요~,긍정적,긍정적
2020-02,분위기 맛 서비스 모두 갈때마다 만족스럽네요,긍정적,긍정적
2020-01,엄청 친절하고 맛있었어요!!!,긍정적,긍정적
2020-02,"5명이 95만원.
비싼건 알았지만 가격대비 퀄리티, 맛, 서비스는 아니듯.",부정적,부정적
2020-01,"스페셜B코스 인당 99,000주문~구성도 맛도 좋고 만족합니다~",긍정적,긍정적
2019-09,고급스럽고 품위있게 대게요리코스를 맛볼수있는곳이네요. 모두 룸이라 오붓하게 식사할수있다는것도 정말 좋았구요.. 맛도 정말 일품이었네요. 특히 마지막 게딱지 돌솥밥은 상상초월이었어요. 굿~~~^^,긍정적,긍정적
2020-03,"분위기, 맛 만족합니다.",긍정적,긍정적
2020-01,설연휴 가족들과 함께 방문했는데 서비스 음식맛 모두 완전 너무 훌륭합니다 재방문의사 100퍼센트네요,긍정적,긍정적
2020-01,Private한 공간 원하시면 미리 요청하세요~ 옆에 다른 테이블 없이 편하게 맛있게 먹었네요^^,긍정적,긍정적
2019-12,아버지 생신때마다 한번씩 가는데.... 갈때마다 만족스러운 곳입니다. 좋은 룸으로 예약해주셔서 너무 감사드립니다.,긍정적,긍정적
2020-02,비싼만큼 값을 하네요. 매우 만족해요. 돈 많이 벌어서 또 가야지.,긍정적,긍정적
2019-12,"맛도있고 음식구성 좋고 분위기도 좋아요.
다만 킹크랩 담은 접시가 깨져있었어요..고급스런 분위기나 서비스에 이가 나간 접시는 좀 놀랬습니다...",긍정적,긍정적
2020-01,분위기도 좋고 음식도 맛있었어요!,긍정적,긍정적
2020-02,"뭔가 해놓은 분위기에 비해 서비스가 전문스럽지
않고 좀 별로였네요..",부정적,부정적
2020-01,"맛있게 먹었습니다
남은 음식도 잘 포장해주시고",긍정적,긍정적
2020-01,아주 만족했어요 음식도 맛있었어요,긍정적,긍정적
2019-12,"킹크랩을 시켜먹었는데 너무 너무 맛있었습니다.
킹크랩뿐만 아니라 모든 음식들이 너무 맛있습니다.
킹크랩 드실려면 꼭 무화잠 가세요.",긍정적,긍정적
2019-12,프라이빗한공간에서 친절한 서비스와 너무 맛있는 킹크랩 매우 만족한 시간이였습니다!,긍정적,긍정적
2019-12,"년말이라 손님들이 많지만 기대한 만큼 조용하고 편하게 맛있는 음식 먹으면서 즐거운 모임 가질수 있었습니다
다음에 또 방문 할께요",긍정적,긍정적
2019-12,"맛있고 분위기도 좋았어요-:) 음식은 가격대비 매우 만족스러웠어요.

다만 출입구 수족관에 게들이 담긴게 무서웠고(입구가 어두웠어요) 화장실이 가게 밖에 있어서 조금 불편했습니다.",긍정적,긍정적
2019-12,"음식맛은 전반적으로 무난했어요~ 다만 음식서빙속도가 너무 느려서 먹는내내 계속 흐름이 끊겼네요. 먹는속도도 느린편인데 한번도 안끊기고 서빙된적없어요. 코스다먹는데 꼬박2시간 걸렸어요.
그리고 준비된 게사이즈가 다양하지못해서 원하는코스 주문 못하고 한단계 더 높은 코스시켰어요. 홈페이지에 안내되어있는 메뉴랑 몇가지 상이한부분도 아쉽구요. 위치나 분위기 자체는 좋더라구요. 재방문은 안할거같아요.",부정적,부정적
2020-01,맛 서비스 모두 만족이네요,긍정적,긍정적
2019-12,분위기 먹으러 가는 곳! 게는 생각보다 작았어요.,긍정적,긍정적
2019-12,조용하고 깨끗한 분위기에서 가족들과 함께 오붓한 시간을 보낼 수 있어서 좋았습니다. 음식맛도 훌륭하고 직원분들도 친철하셨어요.,긍정적,긍정적
2019-11,"예약을 모르고 하루 뒤로 해서 갔는데 다행히 빈 자리가 남아서 친절하게 안내해주셨어요
급히 가서였는지 테이블에 음식물, 국물이 조금 남아있기는 했습니다.
직원분들이 조금 정신없어보였지만 모두 친절했어요~",긍정적,긍정적
2019-12,"아주 기분 좋게 맛있는 식사를 하고 왔습니다.
가족들이 다 만족스럽게 식사를 했습니다.",긍정적,긍정적
2020-01,음식 맛있고 분위기도 좋았습니다.,긍정적,긍정적
2020-01,"분위기, 맛 모두 좋았습니다. 가성비 따질 곳은 아님.",긍정적,긍정적
2019-12,음식 신선도가 매우 뛰어났어요~,긍정적,긍정적
2019-10,"저번에 갔다가 너무 괜찮아서 또 갔는데 아주 만족 스럽습니다. 음식도 괜찮고, 식사하는 곳 분위기도 좋고 직원분들도 넘 친절해요.",긍정적,긍정적
2019-11,대게찜코스를 먹었는데 양도많고 맛있었습니다,긍정적,긍정적
2019-12,다 룸으로 되어있는거 같아요. 너무 친절하시고 음식도 맛있게 골고루 잘나와요.,긍정적,긍정적
2019-11,"두번째 방문입니다.
매우 만족합니다~",긍정적,긍정적
2020-01,잘 먹었습니다,긍정적,긍정적
2019-11,"vip 정식을 시켰는데 음식은 꽤 다양하게 나왔지만
정작 다른 음식들보다 대게의 양이 적었고
좀 더 따뜻한 상태에서 먹을 수 있었으면 더 맛있지 않았을까 싶습니다",부정적,긍정적
2020-01,맛있어요. 푸짐해요,긍정적,긍정적
2019-11,"손님 맞이하기 정말 좋아요!
방으로 따로 나뉘어 있어서 천천히 식사하며 이야기 나눌수있어서 너무 좋고
직원분들도 정말 친절하시고 음식이 자극적이지 않고 정말 맛있습니다!",긍정적,긍정적
2019-09,"음식도 정갈하고 신선도가 뛰어난거 같아요.
직원분도 친절하고 분위기도 너무 좋아요.
역시 대게 킹크랩 전문점은 뭐가 달라도 달라요
나오는 음식 하나하나 다 맛있습니다",긍정적,긍정적
2019-11,배부르게 잘 먹었습니다 직원분들 친절하셨고 물론 음식도 맛있었습니다,긍정적,긍정적
2020-01,신년회식 잘했습니다.^^,긍정적,긍정적
2019-12,품위있는 대화와 맛깔난 음식을 합리적 가격으로 누렸습니다,긍정적,긍정적
2019-12,직원분들 친절하시고 맛도 좋았어요^^,긍정적,긍정적
2019-12,예약이 누락 되어 있었어요. 서비스나 이런 부분은 만족합니다,부정적,긍정적
2019-10,"음식 맛이 깔끔하고 전반적으로 좋았으나
늦게 나오는 경향이 있음",긍정적,긍정적
2019-12,즐거운 식사였습니다~,긍정적,긍정적
2019-12,룸에서 편하게 즐기기 좋았어요,긍정적,긍정적
2019-12,보리굴비정식 굳,긍정적,긍정적
2019-11,엄청 친절하시고 맛있었어요. 먹는 장소도 쾌적하고 넓어서 좋아요! 먹는 속도에 맞춰서 빨리 내주셔서 좋았습니다,긍정적,긍정적
2019-12,가격대비 쏘 쏘 입니다,부정적,부정적
2019-11,독립된 공간도 좋았고 메뉴구성도 좋았습니다 맛있게 먹고 왔어요!,긍정적,긍정적
2019-12,매우 만족합니다,긍정적,긍정적
2019-11,움식 깔끔하고 맛나요 시어머니랑 했던 대화가.. 상견례때 밥집보다 더 맛있다고 했어용 ㅎ ㅎ,긍정적,긍정적
2019-11,방으로 나누어져 있어서 편했습니다,긍정적,긍정적
2019-10,대게랑 튀김이 같이 나와서 애매했습니다.,부정적,부정적
2019-11,A세트(인당 12만원) 구성과 양이 매우 만족스러웠습니다. 분위기 좋고 음식맛도 뛰어났으며 직원분들도 친절하였습니다.,긍정적,긍정적
2019-11,이렇게 맛있는 게 오랜만에 먹었어요~!! 완전 대 만족입니다!!!,긍정적,긍정적
2019-11,깔끔했습니다. 가격은 조금 비싼편인것 같아요,긍정적,긍정적
2019-11,너무 좋습니다. 다음에 또 방문하겠어요.,긍정적,긍정적
2019-12,만족해요 잘먹었습니다,긍정적,긍정적
2020-02,맛있었어요 !!,긍정적,긍정적
2019-11,맛도 맛인데 세심한 서비스가 너무 좋았어요,긍정적,긍정적
2019-09,"너무 고급스럽고 맛있고 친절하고 ~~ 좋았어요
코스요리 강추해요",긍정적,긍정적
2019-09,"이번이 세번째 방문입니다 그전에 너무 맛있게 먹어서 재방문했으나 먹어본 대게중에 최악이네요
그전에는 게를 찌기전에 확인시켜 주셨는데 그런걸 떠나서 게맛이 정말 아니네요 코스로 나오는 다른메뉴도 마찬가지입니다 다시 재방문은 없을듯하네요",부정적,부정적
2019-11,좋아요좋아요좋아요,긍정적,긍정적
2019-10,킹크랩 코스로 6명이 먹었는데 5키로정도로 배부르게 먹었네요. 일단 먹기 편하게 다 잘라주는게 너무 좋고여 맛도 좋습니다.,긍정적,긍정적
2019-12,맛있었어요 ㅎㅎㅎㅎ,긍정적,긍정적
2019-08,"전체룸으로 되어 있어서 편하게
식사하기 좋았어요
그리고 코스요리 하나하나가
퀄리티도 좋고 맛도 좋고요
특히 대게가 살이 많아서
오랜만에 포식하고 왔네요!!",긍정적,긍정적
2019-05,"개별룸으로 되어있어서 좋았고,통유리로 되어있어서 답답하지않았어요
흐름에 맞게 딱딱 서빙도 해주셨구요
회도,게도 신선하고 맛있었어요
게장밥까지 비벼서 돌솥에해주셔서 더 맛있게 먹고왔어요",긍정적,긍정적
2019-10,"친구들 모임을 했는데, 분위기와 음식 모두 너무 좋았습니다^^",긍정적,긍정적
2019-09,가게도 깨끗하고 음식도 정갈하게 잘 나옵니다.부모님 모시고 갔는데 좋아하셨어요~,긍정적,긍정적
2019-08,직원분들도 너무 친절하시고 음식도 맛있었습니다.,긍정적,긍정적
2019-10,친절하고 음식도 괜찮았어요~^^,긍정적,긍정적
2019-09,임산부 1명에 수유부 4명이 모였던 동창모임~ 내용알고 잘목어야한다며 서비스 잘챙겨주신이모님 덕분에 푸짐히 잘먹었어요. 주말 대게 코스는 후회없는선택 !! 강남점이 해산물은 제일 신선한거 같아요,긍정적,긍정적
2019-10,회사 회식으로 방문하였는데 맛과 분위기 모두 만족입니다,긍정적,긍정적
2019-10,서비스가 무엇보다 좋았고요 조용한곳에서 맛있는음식 좋았어오,긍정적,긍정적
2019-09,깔끔하고 분위기 좋아서 부부 만남을 갖고 대화 나누기 좋았습니다 주말 특선 시켰는데 대게 라면이 없는 것이 좀 아쉬웠습니다,긍정적,긍정적
2019-10,"방으로 해주셔서 모임하기 좋았고 강남역에서 접근할 수 있어서 여러 사람이 찾아오기 좋았어요.
음식은 평범했어요.",긍정적,긍정적
2019-07,"솔직히 가격대가 있어서 큰맘먹고 갔는데, 진짜 가격값을 넘어선 서비스와 맛! 다음에는 부모님 모시고 오려고요. B코스 먹었는데 각각 룸에 코스로 가져다주시면 하나하나 설명해주시는데 마음까지 만족!",긍정적,긍정적
2019-11,맛과 서비스 만족입니다! ^^,긍정적,긍정적
2019-09,음식이너무정성스럽고맛있습니다☺ 직원분들도친절하셔서또방문하고싶네요☺,긍정적,긍정적
2019-10,꽤 괜찮아용! 점심으로 추천!! ㅎㅎ,긍정적,긍정적
2019-10,점심 맛있어요,긍정적,긍정적
2019-12,마시쏘요 ㅋ,부정적,긍정적
2019-09,맛있게 먹었어요. 감사해요,긍정적,긍정적
2019-09,"점심으로 비쌀수도 있지만 보리굴비, 간장게장 시키면 손님하고 식사하며 대화하기 좋습니다.",긍정적,긍정적
2019-08,룸으로 되어있어서 대화하기 좋고. 깔끔. 버터구이도 괜찮앗음,긍정적,긍정적
2019-05,시아버님 환갑으로 첫 방문했는데 직원분도 너무 친절하시고 음식도 너무너무 맛있었어요! 호텔 뷔페랑 고민했는데 가족들이 많이 먹는 편이 아니다보니 확실히 음식 퀄리티도 좋고 탁월한 선택이었던 것같아요~ 브이아이피 씨 코스도 실했구요 앞으로 자주 방문할 것같아요!,긍정적,긍정적
2019-09,방도 넓고좋았어요,긍정적,긍정적
2019-08,"가게 분위기 너무 좋고 음식들도 신선하고 맛있었어요. 점원들도 친절했습니다~~^^
무엇보다도 음식이 너무 맛나요~~~!",오류,오류
2019-06,서비스도 훌륭하고 음식도 너무 맛있었습니다!,긍정적,긍정적
2019-06,진짜 여기는 가격만큼 서비스가 정말 좋습니다. 진짜 친절하시고 분위기도 대게 식당 같지 않고 고급 일식당 느낌이에요,오류,오류
2019-07,"음식도 맛있고, 서빙 해주시는 분들도 친절해서 만족했어요~",긍정적,긍정적
2019-07,친절하게 응대해 주셔서 만족했습니다.,긍정적,긍정적
2019-08,맛있었어요~~ 방도 넓고,오류,오류
2019-06,너무 친절하시고 음식도 깔끔하고 밋있었어요!!,긍정적,긍정적
2019-07,음식 맛있고 직원 친절함 주차장 시설 우수,오류,오류
2019-07,주말정식이 안되서 아쉬웠습니다,부정적,부정적
2019-07,친절한서비스 맛 다 너무 좋았습니다,긍정적,긍정적
2019-06,주차장 찾기가 좀 쉽지 않았지만. 전반적으로 만족스러운 식사를 하였습니다.,오류,오류
2019-06,"부모님모시고 가족식사했습니다
C코스5, 아이들은 주말특선 시켰는데
양도 넉넉하게 푸짐하게 주시고
직원들도 다들 친절하시고
기분좋게 잘 먹었습니다",긍정적,긍정적
2019-07,굿좋네요좋아요,오류,오류
2019-04,룸이 조용하고 가성비 괜찮아요.,긍정적,긍정적
2019-05,"아버지 생신으로 예약하고 다녀왔는데, 일단 룸이 넓고 쾌적한 점이 좋았습니다.
아버지가 보리굴비 먹고나서 속이 편안한다고 하신거 보면 맛도 괜찮은 곳입니다.",오류,오류
2019-06,맛있어요~ㅋㅋ 넷이서 배터지게 먹었습니당 ㅋㅋ,긍정적,긍정적
2019-01,"삼실 회식으로 네이버 예약후 방문했습니다. 조용하고 좋은 자리로 예약이 되있어 기분이 좋았습니다.
킹크랩으로 세명이서 2.7키로 먹었구요. 너무 맛있었어요.역시 가격이 비싼 만큼 값을 하는 녀석입니다. ㅎㅎ.맨첨에 고른 킹크랩은 쪘더니 속이 꽉차지 않았다면서 좀 더 좋은 놈으로 쪄주신다며 기다리게 해서 죄송하다며 전복 구이 서비스로 주시더군요.
직원분도 상당히 친절하구요 서비스 교육도 잘된 사업장 같았습니다 ~즐거운 회식으로 , 담에 또 방문하려 합니다.",긍정적,긍정적
2019-06,분위기나 맛이 나쁘지 않네요.,오류,오류
2019-06,룸이라 조용하고 대게도 맛있게 잘먹었어요 ㅎㅎ,긍정적,긍정적
2019-05,가격은 좀 있어도 깔끔하고 조용한 룸에서 대화하면서 식사하기 좋았네요. 서비스와 맛도 만족합니다~,오류,오류
2019-06,맛있고 좋아요,긍정적,긍정적
2019-03,매우좋았어요 친절하시고 가성비 좋네여,긍정적,긍정적
2019-04,개별 룸이라서 독립적인 공간이라 모임하기 좋았습니다. 맛있게 잘먹고 왔습니다.,오류,오류
2019-03,개인 룸으로 되어있어서 시끄럽지 않아서 좋았음 근데 딱히 맛있거나 가격 대비 좋은 점은 모르겠음,부정적,긍정적
2019-07,너무 만족했습니다 맛있어요!!,오류,오류
2019-03,음식 맛있게 잘먹었습니다~~좀비싸긴하지만...,긍정적,긍정적
2019-04,맛있지만 친절한편은 아닌것 같아요,오류,오류
2019-03,"룸이 있어서 모임하기 좋았구요, C코스 시켰는데 생각보다 양이 많아서 배부르게 잘 먹었어요. 직원분들도 친절하셨구요!",긍정적,긍정적
2019-04,조용하고 프라이빗하게 식사할수있어 좋았어요,긍정적,긍정적
2019-03,"킹크랩 맛 좋았어요.
다른 코스 음식도 나쁘진 않았습니다.
처음 나온 흑미죽 너무 달았구요.
마지막 볶음밥 기름이 너무 많았고
게찌게 아주 많이 짰어요.",오류,오류
2019-02,단독 룸에 분위기도 서비스도 좋은 편이었어요. 주문을 하나 깜빡하셔서 서빙이 늦었던거 말고는 대체로 만족합니다.,긍정적,긍정적
2019-03,역시 소문대로 시설 서비스 너무 좋았고 음식도 괜찮았습니다 넓찍한 주차장도 굳굳! 모임하기 좋네용,오류,오류
2019-02,"음식 맛있었습니다. 서비스도 좋았구요.
아쉬운 점은 게 딱지는 밥 볶아주실 때 맛있게 먹으려고
일부러 건드리지도 않았는데 마지막 볶음밥이 나올 때 거의 내장이 느껴지지 않는 게 아쉬웠어요. 원래 조리를 하게 되면 그럴까요?
볶음밥 까지 다 나오고 나서는 담당 서버분이 벨을 눌러도 잘 안오셨어요 ㅎㅎ 서빙이 다 끝났다고 생각하셔서 그런지..",긍정적,긍정적
2019-01,c코스로 먹었는데 대게 나오기 전부터 다른 메뉴들이 너무 잘 나와서 배가 불렀어요 ㅎㅎ 마지막에 게 내장으로 밥 비빈것도 진짜 맛났습니당 ㅎ 조용한 룸에서 따뜻하게 식사 잘 했네요 :-),긍정적,긍정적
2019-03,시설. 게 찜 정도. 온도 유지 장치 다 최상급이죠. 다른 게집보다 20-30%비용이 더 드는 것 외엔 만족스럽습니다,오류,오류
2019-03,주말특선 먹으로 갓는데 주말특선은 15시전까지만 된다네요...,부정적,긍정적
2019-03,맛있게잘먹었습니다,오류,오류
2019-02,음식은 맛잇었어요..근데 서빙직원분들..팁 안드려서그런가 너무분ㆍ친절하세요...그래서 안드렸음...재방문은 안할래요.,부정적,부정적
2019-01,8만원대 코스요리 시켰는데 직원분 응대가 너무 별로였어요. 메뉴 설명 하나도 안 해주시고.. 어떻게 먹는지 얘기도 안 해주시고. 가격대 있는 레스토랑에서 옥의 티였네요. 서비스교육이 필요해보입니다. 음식은 대부분 괜찮았는데 c코스 대게는 아무래도 살이 덜 찼어요. 그래도 메뉴 하나하나 다 맛있었습니다,부정적,부정적
2019-02,간장게장이 짜지않고 맛나요.,오류,오류
2019-03,깔끔하고 맛있어요 ^^,긍정적,긍정적
2019-02,프라이빗 룸에 분위기도 좋고 모든 음식들이 정갈하고 맛있었어요.,오류,오류
2019-01,맛있어요^^ 단독룸에서 먹어서 좋고 친절해요,긍정적,긍정적
2019-01,맛있었습니다.,오류,오류
2018-11,"어머님생신이라 가족모임으로 이용했는데 아주 배부르게 잘먹었습니다 중간중간 물이나 초장, 간장등 더 요구했는데 계속깜빡하고 안갖다주셔서 여러번 요청했네요.. 서비스가 약간 아쉽긴했으나 음식맛있다고 시부모님도 만족하셨어요",긍정적,긍정적
2019-01,"단독 룸이 있어서 편하게 식사할 수 있는 장점이 있어요
가격은 좀 쎈 편",긍정적,긍정적
2018-12,친구들과 송년회 겸 방문했는데 해산물이 신선하고 맛이 좋았습니다. 상차림도 깔끔하고 분위기도 좋아 다음에 또 방문하고 싶네요!,오류,오류
2018-12,"대게 버터 정식은 예술입니다
법카들고 가끔왔는데 가족들과 또 오겠습니다",긍정적,긍정적
2019-01,비싼만큼 맛있네요~,오류,오류
2018-12,"대게런치.세트 메뉴 먹으러 갔는데
연말이라 그런지 없애 버려서
그냥 버터구이 대게 먹고 왔는데
큰 감동 없이 so... so...입니다.

다시 가고 싶다는 생각이.안드네요 ㅡㅜ",부정적,부정적
2019-01,"VIP C코스 가격대비 보통이었네요. 나쁘진 않았지만, 재방문할 것 같지는 않아요~",부정적,부정적
2019-01,맛있고 분위기 좋고 너무 좋았어요,오류,오류
2018-11,"대게코스 먹었는데 싱싱하고 맛있어요.
같이나오는 회랑 음식들도 맛있었구요~
룸도 조용해서 얘기하기도 좋았고,
이번은 친구들이랑 송년회였는데
가족들이랑도 한번 가야겠어요!",긍정적,긍정적
2018-12,"전체적으로 맛은 있으니 가격대비 음식이 비싸요
분위기좋고 서비스좋고 주차장 편하고 조용하게 식사하기위해 비용지불한다 생각하면 비싼건 아니고요 음식자체만보면 비쌈",오류,오류
2018-10,"서비스,분위기, 맛 어느하나 나무랄대가 없지만 대게튀김이 덜 바삭하더라구요ㅜㅜ 튀김의 생명은 바삭함인데ㅠㅠ 그래도 살이 꽉찬 대게는 실망을 주지않았어요~ 튀김 조금만 더 신경써주세요~^^",부정적,긍정적
2018-11,"각각 룸으로 되어 있어서 조용히 식사할 수 있습니다. 담당 작원분도 친절하시고, 코스 서빙 타이밍이 아주 적절해서 흐름 끊기지 않고 즐거운 시간이었어요.",긍정적,긍정적
2018-12,"음식나오는데1시간걸려요
단체손님이와서그렇다는데
그럼1시간사이에오셔서 말씀이라도주시지",오류,오류
2018-12,맛있고 깔끔하고 모임하기 너무 좋아요,긍정적,긍정적
2018-12,친절한 서비스 좋았어요~,오류,오류
2018-12,좋은데 주말은 직원이 별로 없네요,부정적,긍정적
2018-11,양도 적당하고 맛있었어요~!,긍정적,긍정적
2018-10,"코스로 먹었는데 양이 제법 많아서 끝부분에 나온 음식들은 다 못먹었어요~
저희룸 서빙해주신분 너무 친절하셔서 기분좋게 잘먹고왔네요~",오류,오류
2018-09,아버지께 결혼할 여자친구 처음 소개시키는 자리였는데 잘 챙겨주셔서 좋은 시간 보냈습니다!! 항상 올 때마다 느끼는 거지만 최고!,긍정적,긍정적
2018-11,대게 코스 먹었는데 너무 맛있어요,오류,오류
2018-11,비싸긴해요ㅠㅠㅠㅠㅠㅠ마지막 밥이 제일 맛있네요,부정적,긍정적
2018-08,"분위기가 고급스럽고, 룸이 잘 갖춰져있어 격식있는 자리에도 부담이 없다.
점심특선은 보리굴비정식, 간장게장정식, 대게버터구이정식이 있음.
점심식사로 2-3만원 사이 예산.
저녁에 대게를 먹는다면 그 이상의 예산이 필요.",오류,오류
2018-09,"코스 다 먹으면 배가 꽉차요
서빙 하시는 분들 은근 불친절 하십니다",긍정적,긍정적
2018-09,"차림이 깔끔하고, 맛도 좋고 룸으로 되어있어 친구들끼리 만남의 장소로 쾌적합니다. 가격이 좀부담스러운게 아쉬운 점이랄까...",긍정적,긍정적
2018-08,"서울 시내에서 대게를 가장 맛있게 하는 집 중 하나 같아요. 가격을 감안하면 서비스 수준이 조금 더 높아야 할 것 같긴 하지만, 그래도 부족하지 않습니다. 만족스러운 식당입니다.",오류,오류
2018-08,"두 번째 방문이었어요, 주말 점심이라 메뉴 선택의 여지가 많이 없었지만 정식은 정갈하고 맛있었습니다. 주말특선이라 가격대가 높은데도 식사류가 불포함인게 매우 아쉬웠네요! 꽃게탕은 별로 였어요 ㅎㅎ",긍정적,긍정적
2018-08,프라이빗한 공간에 자리 마련해주셔서 오랜만에 만한 친구들과 편하게 즐겁게 식사할 수 있었습니다. 다음번에도 이용할께요 :),오류,오류
2018-08,저녁메뉴는 비싸지만 점심에는 저렴하고 고급지게 손님접대하기 정말 좋은곳입니다. 특히 간장게장은 짜거나 비리지않고 감칠맛이 끝내줘요.,긍정적,긍정적
2018-08,세상에서 제일 맛있는 게요리. 시즌이 아니라 게맛은 겨울보다 못했지만 코스요리마다 맛있게 즐기고 왔습니다,긍정적,긍정적
2018-07,킹크랩 먹고싶었는데 하필 간날에 킹크랩이 없어서 아쉬웠어요 음식이 전반적으로 정갈하고 맛있습니다. 친절하고 분위기도 좋아요,오류,오류
2018-05,"vip 코스로 먹었는데요 양도 맛도 모두 만족했습니다 가격때문에 별하나 뺐습니다
다음엔 코스말고 대게만 먹어볼려구요",긍정적,긍정적
2018-07,"첫방문인데, 서비스를 너무 많이 챙겨주셔서 좋았습니다. 가격이 좀 비싸긴하지만 전부 방으로 구성되어있는점과 코스로 나오는 요리들 생각해보면 나름 합리적이였다고 생각합니다. 추천드려요~",오류,오류
2018-06,"음식을 계속 너무 빨리 내주셔서 느긋하게 이야기를 못하고 허겁지겁 먹은게 좀 아쉬웠어요ㅠㅠ
그것 빼고 나머지는 만족합니다~",부정적,긍정적
2018-01,"친정 아버지 생신겸 가족모임 큰 행사를 앞두고 예약했습니다. 무화잠이라는 곳이 처음이기도 하고, 워낙 평이 좋아서 기대가 많았습니다. 주말 점심, 저는 예산을 성인 6인에 40만원 미만으로 생각하고 주말 특선 정식을 생각했었습니다. 처음에는 일반 점심 정식도 고려했구요. 막상 예약하고 가니 점심 정식은 평일에만, 주말 특선은 없어진지 꽤 되었다는 겁니다. 네이버 예약에도 홈페이지 어디에도 그러한 말이 없고, 저는 속은 기분으로 인당 8~9만원 하는 코스를 먹어야할 판이 되었습니다. 게다가 전화를 받은 직원은 저 말고는 이 사실을 모르는 사람은 없다는 듯으로 저를 그렇게 취급하고 저는 특별한 날 이러한 대접을 받아 결국 경영진을 만나야 겠다고 하니 강남점장께서 결국 제가 말한 가격에 맞춰 주시긴 했습니다.",부정적,부정적
2018-05,어버이날에 부모님과 다녀왔어요 코스를 따라가다보니 배불러서 대게와 랍스터는 거의 남기고 포장해서 가져왔어요 그날 킹크랩은 없다고 하더라고요... 킹크랩드실 분은 미리 연락하고 가는게 좋을것 같아요! 가격은 대게랑 킹크랩 코스 사케 한병까지 총 55만원정도 나왔습니다 참고하세요,오류,오류
2018-07,두번째방문 맛있습니다 근데그날따라음식이늦게나와서 아쉬웟어여,긍정적,긍정적
2018-07,조용하고 맛있고 푸짐했어요 VIP B코스? 도 충분히 배부릅니다.,오류,오류
2018-05,"평일 점심 특선 자주먹어요
가성비 꽤 괜찮은 편이예요
집에서 먹으면 번거롭
4점준건 ㅡ 이번에 코스가 너무 빨리 나오고 좀 남았는데도 빈그릇 치우려고 해서 되게 조급하게 먹었어요",긍정적,긍정적
2018-02,"5번째 방문입니다. 그러면 왜? 5번이나 갔니? 라고 물어보면/ 대게요리 1인당 1킬로 주문

1. 지리적 접근성 용이 (뱅뱅4거리와 강남역 사이)
2. 룸으로 구성된 보안성(?) 개인적인 프라버시 존중
3. 강남에 쾌적한 야외 및 실내 주차장 구비
4. 대게 식사시 편리함. 먹기 좋게 만들어서 줌.
5. 먼저 나오는 전채 음식들 퀄리티 나쁘지 않음
6. 대게는 일단 맛있다.
(단점)
가격 1인당 15만원선/ 4명이면 술까지 60만원
직원 친절도 (?) 그냥 식당 아주머니들 수준
9:30분 정도 되면 파장 분위기~ 빨리 나가야ㅜ하니?
나도 서비스 잘 받고 싶다~~ 전화 응대를 잘해주세요
그런데 이젠 다른집 가고 싶어요. 60만원내고 다른집",오류,오류
2018-07,분위기 좋았어요,긍정적,긍정적
2018-05,"지난번에 만족해서 다시 갔는데 이번엔 그냥 그랬어요 대게나 코스를 먹으려했는데
추천받은 주말코스 먹었고요 대게도 적고 이거저거 부실해요. 그냥 대게 먹을걸 후회됩니다",부정적,부정적
2018-01,"VIP A코스와 사케

다양한 대게 요리 좋음
질릴 때쯤 다른 요리도 나와 좋았음

대게찜은 뭔가 다리부분이 말라있어서 아쉬웠음
버터 구이는 버터향이 진해서 게맛이 안남

찜만 먹는다면 별로
코스는 만족",오류,오류
2018-05,정말맛있었어요!!!대게코스먹었습니다~,긍정적,긍정적
2018-03,"점심시간에 대게 버터구이 먹었는데 푸짐하게 잘나왔어요~ 점심에 먹기 좋은 구성에 맛있었습니다~!
음식이 나오는 시간이 좀 걸려서 바로 주문하셔야 점심시간을 아낄 수 있을 것 같아요.
버터구이에 버터가 좀 많아서 느끼했던 것 빼고는 좋았어요.",오류,오류
2018-05,"맛있어요.
인테리어도 좋구 친절하고 다음에 또 가고 싶은 집이예요.",긍정적,긍정적
2018-02,"같이가기로한 친구가 갑자기 사정이생겨서
무화잠저녁약속을 못가게되었어요
그래서 전화로 예약캔슬을하게되었는데
직원분이 친절히 처리해주셔서 감사했습니다
조만간 꼭 재방문할 예정이예요",긍정적,긍정적
2018-02,"아이 졸업식 마치고 점심정식 먹었습니다. 예전에 회사사람들과 점심때 먹어본적이 있어서, 이번에도 이용을 했는데 점심정식이 가격대비 매우 훌륭하게 잘 나옵니다.
저희는 간장게장정식과 대게버터구이 정식을 시켰는데 두 메뉴다 반응이 좋았습니다. 적극 추천합니다.",오류,오류
2018-04,맛있었습니당,긍정적,긍정적
2018-03,편안한 룸에서 맛있게 잘 먹었습니다,오류,오류
2018-01,"분위기 맛 모두 소소 괜찮았지만 가격대비 좀 만족도가 못미치는것같아요..
가격에비해 특별히 좋은점을 찾기가 어렵네요~
비싼만큼 최상의 대게찜을 기대했는데 결정적으로 대게다리가 좀 부실해서 좀 실망스러웠던거같아요..
대게살도 쏙 안뽑아지고 대게 다리도 실하지않고...
저는 참고로 VIP B코스로 먹었습니다..
1인당 6~7만원이 적당해보이는것 같습니다..",부정적,부정적
2017-12,"저는 가격도 서비스도 좋았습니다
좀 아니라는 분들도 계셔서 기대를 안하고간 탓인가?^^조금 더 주고 대게버터구이강추합니다~~
애들과 한번가려구요 집에서도 가깝고~",긍정적,긍정적
2018-01,대게찜만 먹음. 일인당 1kg 주문해야함. 같이 나오는것 안먹고 기다리면 대게만 배부르게 먹기 딱 적당함. 게도 통통하고 장도 신선하고 맛있었음. 가격이 비싸 자주 먹을 순 없지만 완전만족.,오류,오류
2018-01,"분위기도 깔끔하니 좋고 맛있었어요~
VIP코스가 만족스러웠네요",긍정적,긍정적
2018-01,제철 대게 맛은 말할나위 없이 맛있었습니다. 분위기도 조용하고 직원분들도 무척 친절히 응대해주셔서 기분좋은 식사를 하고 왔습니다.,오류,오류
2018-01,"저렴하지는 않지만, 그래도 가격대비 나쁘지는 않습니다. 네이버 예약이 참 편리하네요!",긍정적,긍정적
2017-12,"서빙해주시는 분도 정말 친절하시고
프라이빗한 공간도 마음에 들었다.
그리고 뭐니뭐니해도 킹크랩은 정말 최고였다♥",긍정적,긍정적
2018-01,"킹크랩 먹으려고 갔으나 킹크랩이 맞는 사이즈가 없어 대게를 시켜먹었어요
대게 또한 상당히 맛있었어요",오류,오류
2018-01,가격이 조금 비싸지만 맛은 좋았음,긍정적,긍정적
2017-11,"가격대는 조금 부담스러웠지만 친절하고 조용해서 Biz 얘기하기 딱 좋았습니다.
어느정도 가격대에 조용하고 기분좋은 식사 원하시면 강추 입니다!",오류,오류
2018-01,프라이빗한 공간에서 잘 먹었지만 가격대가 조금 아쉬웠습니다(맥주가 너무 작아요),부정적,긍정적
2018-01,괜찮네요.방이좀 추운데 온도조절이잘안되는듯,오류,오류
2017-12,"장소가 조용하고, 서비스도 좋았습니다.
맛은 괜찮은 편인데, 가격이 1인당 10만원 상당인 점을 고려한다면 아주 맛있다고 말씀드리기는 어렵네요.",긍정적,긍정적
2018-01,"서비스에 만족합니다
음식도 좋았습니다",긍정적,긍정적
2018-01,형님들 모시고 코스먹었는데 다른 대게집에 비하여 실망이네요.,오류,오류
2017-12,"가격대비 음식수준은 아쉬움이 많이 남는다.
식사공간 이용에만 좋을 듯!
음식에대한 기대는 조금 접고 가세요!",부정적,부정적
2017-11,"역시 무화잠이네요
가격대가 있어서 자주는 못가지만
갈 때 마다 실망시키지 않네요",오류,오류
2018-01,맛있었어요,긍정적,긍정적
2017-06,대게를 다양한 조리법으로 먹어볼 수 있어서 좋았습니다~ 조용하고 깔끔하고~ 다시 방문할 의사가 있습니다^^,긍정적,긍정적
2017-03,"너무 맛있게 잘 먹고 왔습니다. 대게가 싱싱한지 살도 많고 쏙쏙 잘 빠지고 비린내도 하나도 나지 않았습니다. 직원분들이 모두 친절하시고 이것저것 물어봐도 음식에 대해 하나하나 설명해 주셔서 더 좋은 식사가 됐던것 같습니다.
맛있게 잘 먹었습니다.",오류,오류
2017-09,맛있게 잘먹었습니다~,긍정적,긍정적
2017-08,비싸지만 분위기좋고 맛있었습니다. 서비스를 좀주시면좋았을텐데 아쉽습니다.,오류,오류
2017-07,친절해요 비싸지만..,긍정적,긍정적
2017-07,"친절했고 맛있게 잘 먹었습니다.
문을 일찍 닫네요..",긍정적,긍정적
2017-04,가격은 비싼편인데 룸이라 조용하고 좋았습니다. 음식도 깔끔해요.,오류,오류
2017-05,"다시 갈 일 없음!! 저녁 메인 c코스 주문하려는데 작은 대게가 없어서 c코스 주문이 안된다며?!! a,b 코스 주문하랜다. 다른분후기 보니 모두c코스 주문하던데 왜 더 과한 메뉴를 억지로 주문해야하지? 그건 매장사정아닌가? 예약까지 했고 전날 전화해서 코스메뉴만 가능하다는 답변도 들은터라 황당했음.설령c코스 주문이 안되면 예약자에게 미리 전화라도 해야하지 않나?없다고 하면 다인가? 그리고 중요한건 미안하다는 답변을 단 한마디도 들을 수 없음!! 먹던지 말던지 맘대로 하라는건가?! 클레임 거니 그제서야 b코스를 c코스 가격에 준다며.그래서 분명 직원에게 말했음! 매장사정으로 이렇게 된거면 선 양해or사과 이후 상황설명이 먼저가 아니냐고.이후에도 사과없음. 가격에비해 맛도 소소!! 한정식집이 훨 좋음",부정적,부정적
2017-05,"여자 친구와 좀 무리해서 방문했는데요.
전혀 후회하지 않을정도로 만족스러운 식사였습니다. 들어갈 때 인테리어부터 음식의 맛, 서비스 모두 만족스러웠습니다. 다음에 기회가 되면 부모님 모시고도 가고싶네요.",오류,오류
2017-09,맛있어요!,긍정적,긍정적
2017-04,"가격이 좀 나가긴 하지만
전반적으로 만족스러운 식사였습니다^^
무엇보다도 메인인 대게가 너무 맛있었어요.
간이 잘 베어서 달콤 짭짜름하니
넘넘 맛있더라구요.
직원분들도 넘 친절하십니다.
가격은 좀 나가지만
기념일에 또 가고 싶네요^^",긍정적,긍정적
2017-06,"가격은 좀 비싼감이 없잖아 있었으나, 친절하고 푸짐하고 맛있었습니다.",오류,오류
2017-07,자주 가는 곳입니다,긍정적,긍정적
2017-05,맛은 늘 있어요 ㅎㅎ 근데 서빙해주시는분이 오늘은 나갈때마다 자꾸 문을 열고 나가셔서 매번 닫았네요 ㅜㅜ조금만더 신경써주심 좋을꺼같아요,오류,오류
2017-03,"인테리어가 내외부 모두 사진에서 보던 그대로네요..
2층으로 안내된후 C코스로 먹었는데 음식이 깔끔하고 서빙하시는분이 차분하게 친절하시네요^^
대게를 위주로 먹어보려했는데 우선 처음 방문이라 코스로 먹어봤고 가격이 무서운감이 있지만 강남한복판이라 패스 ㅎ",긍정적,긍정적
2017-05,"조금 비싸긴했지만
확실히 맛있었어요~~~",긍정적,긍정적
2017-04,"맛있게 잘 먹고왔습니다
가격은 조금 비쌌지만ㅠ
음식이 맛있었어요",오류,오류
2017-03,"가격은 좀 나오지만 기념일 같을때
가면 좋은 것 같습니다!
대게 전에 계속해서 나오는 요리들도
아주 맛있었고
대게의 통통한 살들은 정말 일품입니다!!!!",긍정적,긍정적
2017-04,깔끔하고 좋았습니다,오류,오류
2017-02,점심 랍스터 메뉴를 먹었는데 별로였다~기대가 너무 컸나보다~다른 사이드는 좋았지만 메인인 랍스터 별로 ~느끼하고 마요네즈 너무 많고~그냥 그냥~~가성비가 떨어진 점심이었다~,부정적,부정적
2017-03,고퀄리티 음식 잘먹었습니다,오류,오류
