Date,Review,sentiment,Sentiment2
2024-10,"국물보다 갈비가 더 많은곳!!
갈비 덜고 국물 먹으면서 갈비뜯어먹으니 진짜너무맛있네요 :)
깍두기와 오징어젓갈도 한몫합니다!!
한우갈비에 양이 1.5인분이어서 가격은 나가지만 재방문 의사 있어요!",오류,오류
2024-08,"대기표 22 23 24번 받고
갈비탕 먹음^^

토욜이라
오픈런 손님들이 꽤 있었음~

몆번을 먹어도 맛남^^
근데 내가 배꼴이 커진건지
묘하게 양이 줄어든 느낌적인 너낌🙊

수시로 반찬 리필해주시고
맛나게 잘 먹어씀👍",긍정적,긍정적
2024-10,"동네 친구들이랑 저녁 먹으려고 방문했어요
주차 편하고 직원분들 친절하시고 소고기도 훌륭하네요
물냉면도 맛있었어요 잘 먹고 갑니다😊😊",오류,오류
2024-08,"30년전부터 다녔지만
이 집 갈비만큼 만족스러운 곳을 아직 못찾겠더라.
같이 나오는 반찬이며 김치에 쌈장까지
뭐하나 맛없는게 없다.
고기도 맛있게 구워주시고 필요한 반찬들
알아서 척척 가져다주시는 베테랑 이모님들 덕분에
늘 만족스러운 곳이다.
제철과일과 매실차에 이어 아이스크림까지
디저트가 늘어난 것도 너무 좋다.^^",긍정적,긍정적
2024-10,"소고기는 버드나무집 👍
생갈비 안창 등심 먹었어요
생갈비살이 특히 맛있어요
가끔 예약안하고 저녁에가면 품절될때가 있으니
생갈비살 드실땐 예약하고 가시는걸 추천합니다:)
사이드메뉴 된장찌개도 짜지도 않고 정말 맛나요 👍",긍정적,긍정적
2024-10,예전에 먹었던 맛 그대로 맛있게 잘 먹었습니다.,오류,오류
2024-06,"갈비정식 2인 !

밑반찬부터 간이 잘 맞고 건강에도 좋을거같고 다 맛있어요

양념게장고 적당히 짭짤하고 맛있고

소갈비 굽기, 구어져나오기 두개 선택가능

바로 구어주시기도 하지만 더워서 구워나오는거 선택

양념구이 안좋아하는데 적당히 달달짭짤해서 딱 먹기 좋았어요^^

김치도 맛있고.... 다음에 부모님모시고 또 가고 싶습니다

어르신들 손님 많아요

소고기국밥. 된찌도 다 맛남★",긍정적,긍정적
2024-10,"예전엔 고기가 실하고 많았는데
오늘은 갈비에 뼈만있고 고기는 안붙어있는것이 많았습니다. 먹으려고 보면 살은 하나도 없고 뼈만 덩그러니.. 최애갈비탕집 이었는데 오늘은 다소 실망스럽네요. 다음부터는 예전처럼 뼈에 고기가 많았으면 좋겠습니다!",오류,오류
2024-09,"유명한데는 이유가 있네요
한우라 비싸긴하지만 맛있습니다
특히 김치와 된장찌개 손수 만들어서 판매도 하시는거 같은데 맛이 좋네요
고기보다 더 좋은거 같기도^^
조금더 친절하면 좋을거 같아요",긍정적,긍정적
2024-04,"<스티브 추천>
어설픈 한정식 먹는다면 확실한 버드나무집 정식 추천!
인당 4만3천원 가격은 좀 높지만 한우양념갈비에 신선한 야채. 구수한 된장찌개가 매력적이죠
뱅뱅사거리면 무조건 버드나무집 점심메뉴 갈비정식이나 바이킹 칠면조 다리만한 갈비가 나오는 갈비탕 완전 추천해요😊👍💯
발렛주차도 편하고. 매장도 넓고 직원분들도 많아서 식사하는데 맘이 너무 편하네요.
일반 물대신 주시는 둥글레차(?) 암튼 그 차도 맛좋았고. 반찬추가도 부담 없이 ㅋㅋㅋ 고기도 다 구워 주셔서 점심 즐기기만 하시면 됩니다
마지막 소프트아이스크림 하나 뽑아들고 나왔죠 ㅎㅎㅎ
담엔 갈비탕 먹고 리뷰 남길께요. 역삼점 없어지면서 버드나무집 방문 쉽지 않네요 😅",오류,오류
2024-08,역시 버드나무집..! 오픈런 한 게 보답 받는 듯 갈비탕도 너무 푸짐하고 같이 주신 반찬들도 다 맛있었어요🥹❤️,긍정적,긍정적
2024-09,"맛있는 국밥, 갈비구이가 먹고싶으면 들르는 곳. 부모님 모시고 가족들과 가기 좋아요~",긍정적,긍정적
2024-09,"안창살은 신선도 떨어져 역한 냄새가 나고 주물럭은 너무 심각하게 퍽퍽해서 바꿔달라 했습니다…
정말 너무 실망스럽습니다

버드나무집 어린시절부터 가족과 함께하던 추억어린 식당인데요 어제 방문하고 깜짝 놀랐습니다 친구 생일이어 친구가 좋아하는 소고기 푸짐하게 먹으려 2인이 갔지만 안창살 2인분 주물럭 3인분 이렇게 5인분 주문했습니다
언젠가부터 손만대도 쑥빠지게 부드럽던.갈비탕도 길겨지더니 그래도 주물럭은 믿고 먹으러 다녔는데..
가격을 30프로나 인상했던데 고기 품질은 이렇게까지나 저하되다니…
예전에 신정이 고기가 품질이 심각하게 저하되고 이제는 더이상 발길을 끊은것 처럼 추억속에 버드나무집도 추억으로 잊혀져 갈것인가 슬프네요",오류,오류
2024-06,"이번엔 급하게 포정을 선택했어요 .
친구가 진짜 잡내도 없고 고기양도 가득하다며 일인 15000원리면 최고라하내요.
단 퍼장경우는 2.4인분으로 가능하니 참고하셔요",긍정적,긍정적
2024-10,비싼쇠고기 먹고옴!,오류,오류
2024-07,"명불허전 버드나무집 갈비탕😍
11시 오픈런 하세욤🦵🦵🦵",긍정적,긍정적
2024-06,오랜만에 방문했는데 갈비탕 국물이 더 깔끔해서 느끼하지 않게 맛있게 잘먹었네요 ^^,긍정적,긍정적
2024-05,"어언 30년전부터 드나들던 버드나무집..꽤 오랜만에 오니 반갑기 그지 없네요. 점심으로 먹은 소고기국밥은 가격이 싼건 아니지만 고기가 엄청 들어 있어 가격이 인정되는 맛이에요. 빨간 국물에 비해 맵지 않으며, 간도 세지 않아 삼삼한 정도..함께 나온 무짠지, 깍두기, 오징어젓갈도 괜찮았고, 특히 여긴 상추겉절이가 인기 있었어요^^ 나오다 보니 후식아이스크림과 커피자판기도 준비되어 있어요. 천천히 맛을 음미하며 추억과 함께 맛있는 점심을 먹었습니다.",오류,오류
2024-09,"엄청 비싼 갈비탕을 맛보았네요^^
이것을 먹고 감기 걸린 아들이 얼른 나았으면 좋겠습니다.",긍정적,긍정적
2024-09,"최근 생갈비 먹어보신 분 있을랑가요?
오늘이 일년 중 제일 안좋은 날인지.. 이 가격에 이 맛이라니
다시는 안갈듯. 옛날 맛있게 먹어서 들렀다가 폭망했네요",오류,오류
2024-02,"명절에도 영업하는 곳이라 다닙니다.
명절에는 갈비탕 소량 한정이라 일찍 가야해요.
오픈런해서 맛있게 갈비탕 먹고왔어요.
버드나무 한우 갈비탕 살이 정말 부드럽고 국물이 맛있어요! 오늘은 갈비탕 국물이 쫌 짠듯하네요.
된장찌개 같이 나오는 갈비구이 정식도 항상 먹는 메뉴에요. 정갈한 반찬들이 맛깔스러운 버드나무에요~",긍정적,긍정적
2024-08,최근에 두번째 방문한 맛집입니다ㆍ냉면육수가 구수해요,긍정적,긍정적
2024-09,음식은 좋은데 좀 불친절해요.,오류,오류
2024-04,"말죽거리의 터줏대감. 가격이 좀 나가서 그렇지만 맛, 퀄리티, 서비스는 보장되는 곳.",긍정적,긍정적
2024-09,운좋게 갈비탕 득,오류,오류
2024-03,"버드나무집 갈비탕을 먹으려면 서둘러야지.
한정판이라 12시만 돼도 못먹기 일쑤..
한우갈비로 푹우린 갈비탕과
얼큰한 소고기 국밥이면 하루종일 든든하다.
반찬으로 나오는 짠지무침, 이거 별미네.",긍정적,긍정적
2024-05,"전에 한번 먹어보고 너무 기억에 남아서 남편데리고 와봤는데요. 역시나 맛있네요 남편도 인정했어요ㅎㅎ서울에서 이런 국밥 먹기 흔치 않은데 진짜 제대로 하는 소고기 국밥이에요. 어른들 모시고 와도 좋으니 추천드려요! 그리고 직원분께서 너무 친절히 응대해주셔서 사장님인가 했는데.. 직원분이었던것 같아요. 그냥 모든 직원분들이 친절하시고 어머니 같은 따뜻한 친절함이라 진짜 기분좋게 식사했어요ㅠㅠ 생각해보니 처음왔을 때 엄마 모시고 병원갔다가 왔었던 날인데 불편하신거 보고 가까운 자리, 친절한 응대, 반찬 챙겨주심 등등 기억에 남네요. 그 사소한 친절함까지 더해져서 맛집이라 기억되니 다시 이 국밥먹으러 서울나들이 나온 것 같아요. 더더 번창하세요!!",오류,오류
2024-09,비싼만큼 맛있어요,긍정적,긍정적
2024-07,"회사앞 맛집
바로 앞에 있어서 걸어가서 바로 맛있게 먹습니다
늘 붐비는 곳이라 점심 시작하자마자 바로 입성~",오류,오류
2024-11,👍👍,긍정적,긍정적
2024-02,월마다 꼭한번씩오는데 이날은 정식이랑 갈비탕을먹었어요 여긴 갈비탕 오픈런하는곳이라고 하더라구요 양이 어마어마해서 밥이랑은 같이못먹겟더라구요 밑반찬도잘나오구요 직원분들이 정말친절하세요 부모님이랑오기도좋도 접대하러오기도좋아요,오류,오류
2024-07,가격대가 높아서 벼르다 갔는데 가격대만큼의 소고기 맛은 아니었어요,부정적,부정적
2024-09,가격비싼거빼고다좋아요,부정적,긍정적
2024-08,국밥이랑 갈비탕 맛나요,긍정적,긍정적
2024-06,맛있어요. 국밥 실해요 ㅋ 반찬도 좋아요,오류,오류
2024-06,소고기국밥 맛있어요 ~,긍정적,긍정적
2024-05,"평일 12시 방문ᆢ한우 갈비탕 매진ㅠ
비빔밥 맛있네요 무짠지가 입맛에 맞았어요
발렛비는 2000원",오류,오류
2024-02,"갈비탕 가격이 있지만 🍖 고기값을 해요
점심에 부담되면 국밥도 괜찮아요",긍정적,긍정적
2024-01,"오랜만에 들려서 국밥 맛있게 먹고왔어요~
후식으로 아이스크림도 잘먹었어요.^^.",긍정적,긍정적
2024-02,"국밥
맛있게 잘 먹었어요~~",오류,오류
2024-03,갈비탕이 제 입엔 조금 짜긴 했는데 부드럽고 맛있었어요.,오류,오류
2024-05,부모님과 식사하기 좋아요. 맛있고 건강한 맛이에요.,긍정적,긍정적
2023-12,"오전에 이 근처에 왔다가 점심 먹으러 들렀습니다.
1시30분 쯤 들어왔는데, 손님들 다 빠지고 비교적 한산했습니다.
점심 때 하루 한정 판매되는 갈비탕은 진즉에 소진되었고, 저는 소고기국밥, 동료는 비빔밥 주문했습니다.
소고기국밥에 소고기가 아낌없이 듬뿍 들어있고, 야채로 콩나물, 부추, 버섯, 무가 들어있어요.
반찬으로 나온 깍두기, 오징어젓갈, 상추무침, 오이지무침 모두 맛있었습니다.
든든하고 맛있게 잘 먹었습니다.",긍정적,긍정적
2024-07,외식하고 옴!,오류,오류
2023-11,"버드나무집 한우갈비탕- 뼈가 워낙 크고 먹기는 힘들어도 아주 맛있어요~! 감칠맛나는 국물에 갈비고기 발라서 밥말아먹으면 소식가도 한뚝배기 클리어 😋

갈비정식-구어나와서 먹기 편하고 함께 나오는 된장찌개도 구수하니 맛나요. 반찬들도 하나같이 정갈하고 맛깔스러워요~",긍정적,긍정적
2024-03,"갈비탕은 11시 10분쯤 가도 먹을수가 없어서 오픈런 다녀왔습니다 11시 오픈인데 11시 되기도전에 매진이 되버리네요 ㅎ 주말엔 무조건 일찍 가셔야 합니다
고기는 부드러운 부위도 있지만 힘줄부위가 섞여 있었고 국물은 깔끔시원해서 맛있게 먹었습니다",오류,오류
2024-02,간만에 갔는데 여전히 최고입니다. 강추! 진짜 고기 맛집,긍정적,긍정적
2024-04,수십년 다녔는데 갈비 한대가 처음으로 퍽퍽하고 가루처럼 씹혔다. 충격....,부정적,긍정적
2024-10,고기가 가득,오류,오류
2023-12,"갈비정식 맛있게 먹었습니다~~~
비빔밥도 맛있고 소고기 국밥도 괜찮았어요
갈비탕은 .. 쪼메 늦어서 먹지 못했습니다.
담에 갈비탕 도전~~~ㅋ",긍정적,긍정적
2024-03,여전히 고기도 반찬도 국밥도 맛있어요. 가격이 좀 많이 올랐네요,오류,오류
2024-05,소울푸드인 소고기국밥입니당~!!,긍정적,긍정적
2023-12,"갈비탕을 먹기 위해 주말 오픈런이 너무나도 핫한 곳..
맑고 깔끔한 국물에 기름이 살살 녹는 부드러운 갈비가 환상이에요. 기본 찬들도 다 맛있고, 가격이 비싸지만 그 값어치를 해서 좋아요.",긍정적,긍정적
2023-11,"저는 주로 런치 타임에 디너 메뉴를 주문하는데, 런치타임에 서비스가 한동안 좀 아쉬웠다가 총지배인님께서 본격적으로 다시 관리하시니 서비스가 예전처럼 너무 훌륭히 돌아왔습니다. 역시 명불허전 버드나무집! 서울최고의 갈비집 입니다.",오류,오류
2024-09,맛있어요,긍정적,긍정적
2023-12,항상 변함없이 맛나요~ 💕반찬은 더 많아진 것 같아요~ 안창살은 좀 아쉬웠어용~~,오류,오류
2023-12,맛있어요 ㅎ 갈비탕 먹고싶은데ㅜ인기ㅜ많아서 매진,긍정적,긍정적
2024-02,국밥 맛있어요~~,긍정적,긍정적
2023-09,"11시 오픈런해야 먹을수 있는 갈비탕ㅎㅎ
대략 11시 25분전후로 1일 판매량 매진되는듯.
갈비탕 그닥 안좋아하지만
요기 갈비탕은 고기도 국물도 냄새 1도 없음.
지나가시다가 오픈런 가능하다면 꼭 추천^^

포장 안되고
2023년8월기준 32000원
발렛비 3천원^^

밥 한번 살께~약속으로
과하지도 부족하지도 않을 대접임🫰",오류,오류
2024-03,갈비탕은 점심에만 있어요~,긍정적,긍정적
2023-10,"💁‍♀️버드나무집

버드나무 집 갈비탕은 늘 최고예요.

생갈비는 미리 예약하는 게 좋겠더라고요.
없어서 양념으로 먹었는데 좀 아쉬웠어요.
생갈비가 먹고 싶었거든요. ㅠㅠ

그래도 맛있게 잘 먹었습니다😊",긍정적,긍정적
2024-06,좋아요,오류,오류
2023-10,일본으로부터 푸디 지인들이 서울을 방문해서 늘 좋아하는 이곳으로 갔는데 미리 최근 아쉬웠던 서비스 이슈를 말씀드리고 잘 부탁드렸더니 예전처럼 이것저것 세심히 살펴주셨습니다. 음식도 맛있어서 지인들도 대만족.,긍정적,긍정적
2024-01,"갈비탕 먹으려고 오픈런했는데,
맛있네요 ㅎㅎ",긍정적,긍정적
2024-01,"미슐랭 맛집이라길래 가봤습니다.
전체적으로 맵거나 짠 음식없이 조금 단맛이었어요.
외국인 손님과 함께가기에 괜찮을 것 같은 음식들!
가격대가 높긴하지만 한 번씩 가볼만하네요.",오류,오류
2023-09,"점심메뉴 갈비탕 & 소고기국밥 먹었습니다
2명에서 메뉴 하나씩 시켜서 같이먹는거 추천드려요
갈비 많다고 생각했는데
바닥에는 비계가 많이 깔려있네요..;;
소고기국밥은 맵지 않아서 좋았어요",긍정적,긍정적
2024-03,"좋아하는 맛집 ~~
실장님 ~~직원분들 너무 친절하십니다 ~~",긍정적,긍정적
2023-10,소고기국밥에 한우고기도 엄청 많이 주시지만 후식으로 제가 좋아하는 아이스크림까지 넘넘 맛있어요~~,오류,오류
2024-01,점심특선도 맛있어요.,긍정적,긍정적
2023-09,"단골집
양념게장, 가지무침, 열무김치등 디저트토마토
모 하나 빠지는게 없는 집.. 가끔 양념갈비 고기 퀄리티가 안좋을때도 있지만, 안창살은 최고!!",오류,오류
2024-03,쏘쏘,부정적,부정적
2023-10,"1400개의 리뷰를 쓴 솔직블로거입니다
주차는 발렛비가 있고 자리가 좀있지만
많이 넓지는 않기때문에 주차자리는 확인후 가시길

푸짐한 갈비탕으로 유명한 버들나무집 갈비탕..

무려가격이 3만2천원이나 해서 호기심을 자극하는..
하루 100그릇만 팔기때문에 11시 오픈런해서 먹어야한다기해
가본 곳..

이지만 가격대비 그렇게 만족스럽지는않았네요
갈비가 푸짐하게 많이 올라가있지만
갈비가 발라먹기 어려운살들이 많고
지방분도 많아서 맛은있지만 이돈내고 먹기엔 조금 아쉬운느낌?

그래도 국물도 먼가 가게만의 레시피로 만든느낌이라
해장하기엔 좋았고, 비빔밥도 비싸긴했지만
갈비탕2개 보다는 갈비탕와 비빔밥정도가 좋습니다.

솔직히 오픈런해서 먹을정도까진아니라는 의견.",부정적,부정적
2024-05,세상에서 제일 맛있어요~ ㅎㅎ,오류,오류
2024-01,"간만에 국밥 한그릇 뚝딱 ㅎㅎㅎ
간이 좀 센 거 빼고는 좋아요
깍두기랑 상추 겉절이 맛있어요",긍정적,긍정적
2023-12,냉면도 훌륭 합니다👍,오류,오류
2023-11,엄청 친절하세요!! 고기도 부드럽고 너무맛있어요!! 밑반찬들도 다 예술그이상👍👍 다음에 갈비탕도 먹어보고싶어요👍,긍정적,긍정적
2024-06,좋아요,긍정적,긍정적
2023-08,"친구 4명이 버드나무집 정식 2인분과 등심.주물럭 시켜서 먹었는데 넘 맛있게 먹었습니다. 간도 삼삼하니 짜지 않고 다시 가고 싶은 음식점 입니다. 열무김치. 된장찌게. 동치미 여름에 먹어도 맛있는데 겨울에는 동치미가 더 맛있다고 합니다. 친구들과 겨울어 한번 더 가기로 했어요.
그리고 직원분도 고기 옆에서 다 구워서 소분해 주시는데 너무 좋았습니다.",오류,오류
2023-12,갈비탕 먹으려고 갔는데 주문하려고 하니까 매진이라고 해서 못 먹었어요 갈비탕은 완전 일찍 가거나 예약을 해야 하는것 같아요 대신 정식 2개 시켜 먹었는데 기본으로 나오는 밑반찬들은 적당히 먹을만 한데 고기 양이 턱없이 부족했어요 이게 2인분이 다 나온건지 1인분만 먼저 나온건지 의심이 들 정도였어요 차라리 다른 고깃집에 갔으면 같은 돈 주고 배불리 먹었을것 같아서 아쉽더라구요 서비스도 그럭저럭이었어요 나이 드신 분들이 얘기하시면서 조금씩만 드시기에는 좋은것 같은데 배불리 먹기엔 별로예요,부정적,부정적
2023-08,"인터넷 보고 찾아갔는데 대박. 양이 너무많아서 다 먹지 못하고 포장해서 왔습니다.
갈비탕 국물 깔끔하고 고기가 부드러워요. 담번엔 갈비정식 먹어봐야 겠어요^^",오류,오류
2023-11,갈비탕 여전이 푸짐하네요,긍정적,긍정적
2023-12,"오래된 맛집, 자주 가는 곳. 좋아요",오류,오류
2023-11,"국밥에 고기도 듬뿍~ 맛있어요
반찬도 깔끔하고 깍두기도 맛있어요.",긍정적,긍정적
2024-01,유명한 맛있는 집에서 잘 먹었습니다.,긍정적,긍정적
2023-10,"고기와 반찬, 식사 공히 서울 최고의 갈비 맛집.",오류,오류
2023-11,갈비탕 금방 소진되서 점심정식으로 먹었네요. 갈비탕 12시에 가도 먹게 해주세요,긍정적,긍정적
2023-09,"수십년 단골입니다만, 요즘 갈 때마다 느끼는게 서비스가 예전만 못하다는 느낌입니다. 어쩐지 지난번에도 오늘도, 평소보다 반찬이 부실하다 싶었더니 식사 다 끝나니까 샐러드 갖고 오시는 건 뭐며, 식사 다 안끝나고 한창 먹고 있는데 (한두숟갈 남은 것도 아니고 한참 남았을 때임) 이미 후식 과일과 차가운 매실차 놓고 가셔서 차가운 온도가 다 식었어요. 오늘 뿐 아니고 지난번 한달 전에도 그랬구요.이 집 절대로 싼 곳이 아니고 최소 인당 십몇만원짜리 런치 먹는데 이런 공장형 서비스는 문제 있지 않나 합니다. 옛날엔 안 이랬는데... 그리고 심지어 오늘은 양념갈비도 평소보다 많이 싱거웠어요. 충분히 재워두지 않은걸 주신듯. 계산할 때 말씀드려도 무반응. 솔직히 갈비집 서울에 여기만큼 하는데 이젠 적지 않아요.",오류,오류
2023-09,"바쁜 주말런치인건 알겠으나 3인방문 갈비4인분 식사 주문 37만원정도 나왔는데 서빙은 시장 칼국수집 보다도 못함 친절하다고요??? 어디가요?????
2층 통로석 앉으래서 구석으로 가겠다니 그때부터 싫은 티를 너무 냄
본인들 서빙 편하게 하는게 손님보다 더 중요한 집
벽쪽앉았는데 고기 굽는다고 바짝붙어 움직이지도 못하게하더니 가져다 준다는 반찬은 주지도 않고 추가반찬 달라니 계속 되묻고 앞접시 3개달라니 2개가져오고 냉면육수는 흘리고 닦지도 않고 사과도 없고 일부러 그런거죠? 그렇다고 고기굽는 실력이 좋기를 하던가요 고기 자른 크기도 다 다르더군요
컴플레인 하려다 어른 모시고가 참다 옵니다
1인분 8만5천원이라는 높은 가격에는 서비스가격이 포함되어 있죠 여기 직원들은 우래옥이모님들께 한수 배워야함",부정적,부정적
2023-10,"역삼점 없어져서 오랫만에 휴가내고 다녀왔어요
여전히 맛있어요!!!",긍정적,긍정적
2023-07,"갈비탕 양이 어마무시해요. 체력이 저하되서 힘들었는데 몸보신음식먹어서 좋았습니다. 후식 소프트아이스크림
감사합니다.",오류,오류
2023-12,"갈비탕에 갈비는 없고 마구리뼈만 들어있습니다.
갈비탕이 아니고 마구리탕 입니다",부정적,부정적
2023-12,"버드나무 갈비탕은 이집의 시그니쳐메뉴
선착순 하루 100개씩만
가격이 비싸도 32,000 고기뜯는맛에 가끔 방문하곤하는데",오류,오류
2024-03,굿,긍정적,긍정적
2024-02,맛있어요,오류,오류
2023-09,너무비싸지만 사치하게 만드는 맛집,부정적,부정적
2023-07,"미슐랭 기대하고 가서....쩝 서비스 좋고 직원분들 친절하시고.. 허나 음식 가격에 비하면..... 4인 60만 기본 잡아야 쿨럭... 일반 직장인들 가기는 힘들죠 ㅋ
이 정도 금액 지불하면 더 맛있고 만족 스런 업장 넘치죠 ㅎ",부정적,부정적
2023-08,국밥 맛있게 먹고 왔어요~,오류,오류
2024-09,좋아요,긍정적,긍정적
2024-01,주물럭 맛있어요,오류,오류
2023-12,갈비탕 너무 비싸요ㅠㅠ,부정적,부정적
2023-12,"갈비탕 먹으러 왔는데..
솔드아웃이라 다른 메뉴 먹었어요",부정적,부정적
2023-08,갈비탕 먹으러 갔다가 다 팔려서 국밥먹고 감동먹고 오는 곳입니다!,오류,오류
2023-04,"버드나무집 서초동 본점
#미쉐린가이드 #한우구이 #갈비탕 #소고기국밥
내가 먹어본 갈비탕과 소고기국밥중 No1 인듯.
갈비탕이 다소 비싸지만 갈비고기양이 압도적으로 많고 맛과 식감도 나쁘지 않다. 갈비뼈에서 살을 잡어당기면 비교적 쉽게 발골된다. 국물도 다시마와 무로 우려내서 시원하고 깔끔하다. 양이 많아서인지 옆 테이블 손님들은 대부분 남길 정도로 어마무시하다. 물론 헤비하게 먹는 나는 갈비탕과 소고기국밥2개를 주문해서 국물까지 다 먹었다.
소고기국밥은 가격도 저렴하려니와 고기도 푸짐해서 많은 블로거들이 이집 소고기국밥이 대한민국 No1이라고 이구동성 칭찬하는 맛집이다. 고추기름을 써서 국물이 뻘건데 사실 하나도 안맵다. 구수한 국물에 부추가 듬뿍 올려져 향긋하다",긍정적,긍정적
2023-11,메뉴 만족 맛있어요,긍정적,긍정적
2023-09,언제 먹어도 맛있어요,오류,오류
2023-07,갈비정식 아이들과 맛있게 잘먹고왔어요.^^.,긍정적,긍정적
2023-05,"가격이 만만치 않으나
갈비탕이 이보다 푸짐할 수 있을까 싶게 양도 많고 고기 질도 좋고 맛있습니다
직원분들 다들 친절하시고 센스있게 알아서 찬 부족하면 갖다주십니다
갈비탕 제대로 맛나게 든든히 먹고싶으면 이곳이죠😊",오류,오류
2023-09,가격이 비싸긴하지만 양도넉넉하고 맛있었어요. 만족합니다.,긍정적,긍정적
2023-11,진짜 갈비맛있어요,긍정적,긍정적
2024-03,좋아요,오류,오류
2024-01,좋아요,긍정적,긍정적
2023-09,가격은 부담스럽지만 맛집인다.,오류,오류
2024-01,굳,긍정적,긍정적
2023-07,"정말 맛있고 친절하고 매장도 넓어서 좋습니다
회사 근처라 점심에 후딱 먹고 갔는데
나중에 저녁에 가족들 초대해서 느긋하게 먹고 싶네요",긍정적,긍정적
2023-07,"갈비탕 먹으러왔다가 품절이라 갈비정식먹고가요
맛은 말할필요없이 맛있어요ㅋㅋ

아 주차비 2천원 받으시니 현금준비해가세요",긍정적,긍정적
2023-12,"불친절하고 퉁명스러워요.
하지만 맛있어요.",오류,오류
2023-09,"비빔밥! ₩18,000 너무 비쌈, 말도 안되는 가격에 비해 맛은 없음, 특별한 재료도 아님! 그냥 편의점 비빔밥이랑 비슷함! 그냥 본죽 비빔밥이 훨씬 맛있는 듯~",부정적,부정적
2024-01,좋아요,오류,오류
2023-09,갈비탕 값은 비싸지만 고기 양이 많아요. 갈비탕 사진은 이상하게 안 올라가네요ㅜ 반찬 사진만 올려요. 반찬은 맛있지 않네요.,긍정적,긍정적
2023-09,정말 맛있어요.,긍정적,긍정적
2023-08,"점심 갈비탕 3.2만, 그릇안의 갈비 복불복",오류,오류
2023-09,너무맛있어뇨 ㅜㅠㅜㅠ가격대비 양 혜자,긍정적,긍정적
2024-01,맛있어요,오류,오류
2023-06,항상 소고기국밥 먹을 때 마다 감동받고 있어요. 양이 실해서 정말 맛있습니다.,긍정적,긍정적
2023-07,"국밥에 고기가 정말 부드럽고 양도 푸짐해서 좋습니다!
두번째 왔는데 먹느라 사진이 없네요~

후식 아이스크림은 딸기맛이랑 밀크맛있어요^^",오류,오류
2023-05,"고기랑 반찬들도 다 맛있네요.
맛있게 잘먹었습니다.^^.",긍정적,긍정적
2023-12,비싸요,오류,오류
2023-10,갈비탕 마이 올랐네요,긍정적,긍정적
2024-03,굿,오류,오류
2023-10,비싸지만 오래된 맛집,부정적,부정적
2023-08,진짜 맛있어요♡,긍정적,긍정적
2023-08,맛있는데 비싸고 비싼데 맛있는 곳^^,오류,오류
2023-10,맛있어요.,긍정적,긍정적
2023-12,맛있어요,오류,오류
2023-02,"1일100그릇 한정!! 번호표받아서 먹는 한우갈비탕 맛집이예요~
반찬가짓수도 많은데 다 맛있는 반찬맛집
식후에 주시는 식혜도 달달 깔끔해요
디저트 아이스크림도 챙겨먹고왔어요
갈비탕 32000원 가격은 사악하나 맛은 인정👍🏼",긍정적,긍정적
2024-01,👍,오류,오류
2023-08,추억의 가게😊,긍정적,긍정적
2023-07,"버드나무집 오래된 맛집이어서 가족식사로 예약하고 방문했는데 노포맛집이라고 하기에…오랜만에 방문한 버드나무집은 서비스가 너무 실망스럽다 못해 불쾌했어요.

이모님 보통 룸을 체크할 때는
부족한 부분이 없는지 물어보시고
반찬을채워주시거나 편안한 식사를 돕기 위한 체크를 하시는데
식사 시작한지 30분만에 고기 추가 안하시면 불을 빼겠다고 하시고 식사중에 그릇 정리하시고 공기밥에서는 머리카락이 나왔는데 아이들이 있어서 바꿔달라고만 이야기했지만 죄송하다는 사과도 없으셨어요.

전화로 서비스가 불편했다고 말씀드리니 늦게 도착했냐고 저희한테 원인을 찾는 질문을 하시는 거 보고 그 사이 많이 바뀐건지 더 이야기할 필요가 없겠다 싶었습니다..

4인 70만원 식사로 오는 레스토랑이 이런 서비스일꺼라 상상 못했습니다.",부정적,부정적
2023-10,좋아요,오류,오류
2023-06,"한정판매하는 #갈비탕이 굉장히 양도 많고 맛있어요. #뭏냉면은 어릴적 돈암정에서 먹던 그 맛이 생각납니다.
양념갈비나 된장찌개도 강추합니다.",긍정적,긍정적
2023-05,"친절하고 맛있어요!
평양냉면도 맛있지만. 비싸요. ㅜㅜ.
넷이 배불리 이것저것 먹고 397,000원 ㅋ",오류,오류
2023-09,갈비탕 한정으로 판매 국밥도 참 맛있음,긍정적,긍정적
2023-01,안창살로 시작해서 주물럭 먹고 양념갈비 먹었는데 주물럭이 제일 맛있네요. 야채랑 반찬 넉넉히 주시고 후식은 냉면 맛있게 먹었어요. 눈 돌린 사이에 양념갈비가 타버려서 이모님과 짧은 헤프닝도 있었지만ㅋㅋ 서비스도 좋습니다! 마지막에 파인애플토마토도 맛있었고 파인애플이랑 식혜주시네요.,오류,오류
2023-05,"역시 실망시키지 않는 버드나무집이네요
반찬이 많아서 반찬으로도 배 채우겠어요!",긍정적,긍정적
2023-05,"버드나무 국밥 좋아해서 포장해왔어요.
오랜만에 갔더니 2인분 단위 포장으로 바뀌었더라구요. 사진이 2인분 포장입니다.
다음엔 매장에서도 먹으려구요~ 국밥은 버드나무가 제일 맛있어요!!",오류,오류
2023-09,주물럭 너무 맛있어용~~,긍정적,긍정적
2023-09,굿굿,오류,오류
2024-01,좋아요,긍정적,긍정적
2023-08,"비싸서 그렇지 자주자주 가고싶어요
맛집입니다",긍정적,긍정적
2023-09,ㅣㅜㅅ,오류,오류
2022-12,"강남역 근처 버드나무집 서초본점에 다녀왔어요.
이날은 점심에 들려 갈비 정식으로 주문했답니다.
기본 찬 구성이 매우 알차고 맛 또한 너무나도 맛있었답니다. 갈비정식에 구워져 나온 고기또한 맛있게잘 먹었습니다. 단체모임이나, 가족끼리 모임에도 내부 구조가 잘되어 있었고 일층에서는 고기 손질 및 고기가 구워지는걸 구경할 수 있어서 보는 재미도 있었어요. 강남에서 고기가 드시고 싶으시다면 한번 들려보시길 추천드려요🐾🐾🐾🐾🐾",긍정적,긍정적
2023-06,좀 자극적인데 맛있어요,오류,오류
2023-04,고기가 듬뿍 들어있어요!! 반찬도 알아서 채워주셔서 좋았어요! 다음엔 다른 메뉴 먹으러 가고 싶네요~! 맛있게 먹었어요,긍정적,긍정적
2023-06,갈비탕이 한정메뉴인데 가격이 좀 비싸서 그냥 국밥먹었어요. 고기도 많이 들어있고 국물맛도 참 좋아요.,오류,오류
2023-09,굿,긍정적,긍정적
2023-01,"명절에도 문여는 식당이라 너무 좋아요
갈비정식이랑 100인분 한정 한우갈비탕 너무 맛있게 잘먹고왔습니다. 32,000원 짜리 😱 한우갈비탕 점점 살이 없어지는거같아서 아쉬워요 😢그래도 국물은 여전히 맛있습니다!! 맛깔스러운 반찬들도 하나같이 다 맛있어요 👍🏼",오류,오류
2022-12,"부모님께서 너무 좋아하시는 곳이에요~
고기도 맛있고 된장찌개도 너무 맛나고
반찬도 하나하나 다 맛있어서 늘 만족하게 먹고옵니다^~",긍정적,긍정적
2023-07,하루 100개 한정 갈비탕 ㅡ 푸짐하네요!,오류,오류
2023-11,👍,긍정적,긍정적
2023-04,1일 100개 한정이라 일찍 가서 먹고 왔어요 32000원하는 갈비탕 어마어마 하네요~,긍정적,긍정적
2023-04,"오랜 해외 거주 기간을 제외하고도 거의 20년이 다 되어가는 단골집. 최근 두번에 걸쳐 거듭 가격을 인상, 양념 갈비 1인분이 이제는 85,000원인데 갈수록 반찬은 부실해지고 갈비양도 조금씩 줄어든 느낌.",오류,오류
2023-05,혼자 육회비빔밥 먹으러 갔는데 너무 맛있었어요. 직원들도 친절하시고~ 담에 또 식사하러 가고 싶어요!❤️,긍정적,긍정적
2023-07,좀 아쉬운 점 있었어요,오류,오류
2023-04,"소고기국밥
예전과 달라진 맛
예전과 다라진 양
오랜만에 갔는데 조금 실망 스러웠습니다.
원래 센 금액의 버드나무집!
금액을 올리시더라도 질과 양은 같았으면
합니다.
10년전 부터 갔었는데~",부정적,부정적
2023-10,맛있어요!!,긍정적,긍정적
2023-04,갈비탕 양이 대단하네요,오류,오류
2023-08,한우국밥 꼭 드셔보세요,긍정적,긍정적
2023-08,좋아요,오류,오류
2023-06,맛은잇지만 비싸요 ㅠ 가격 부담스러워요,부정적,부정적
2023-10,좋아요,긍정적,긍정적
2023-03,가격이 너무비싸지만 주물럭은 한번 경험해볼만 합니다,오류,오류
2023-04,가격이 비싼 거 빼고는 맛있어요,부정적,긍정적
2023-05,"어버이날 식사 여기서 했는데, 소금도 주시고 좋았습니다.^^",오류,오류
2023-04,"너무 마음이 불편하여 참고하셔야 할 것 같아 리뷰 남김니다.
갈비탕은 갈비살+갈비뼈로 이루어진 탕인데, 거의 갈비뼈로 구성된 뼈탕이라서 너무 당황했습니다.
32,000원의 적지 않은 비용 지불하고 나왔는데, 불쾌함과 아직 허기를 느낍니다. 진심으로 개선되기를 바라는 마음에 바쁜 시간 내서 리뷰글 드립니다.",부정적,부정적
2023-09,👍,오류,오류
2023-04,반찬도 정갈하고 항상 맛있어요,긍정적,긍정적
2023-08,소고기국밥 먹으로 종종 가요,긍정적,긍정적
2022-10,"갈비정식은 처음 먹어봤어요
비용대비 맛은 좋지만 고기양이ㅜㅜ
그래두 건강한음식 집밥처럼 맛나게 먹었습니다~

고기먹는것이 제일이지만
고기값이 후덜덜하기에
남이 사준다하면 꼭 한번 고기 드셔보시구요
70넘은 부모님 모시고가시에 본인돈 쓰셔도 좋구요

갈비정식은
가볍게 점심대접 하고픈데
너무 가볍게만 보이고싶지않을때
무리없는 비용으로 딱 좋을듯 합니다.

시설은 노후되고 옛스럽지만
전통있는 고기집이려니하고
두세번은 갈만한 곳입니다^^",오류,오류
2022-10,""" 한우 양념 갈비가. . . ""

이전하기 전부터
종종 다니던 곳.

찬도 다양하고
한정식 맛집만큼 아주 맛있습니다.

식사메뉴인
함흥냉면도 웬만한 전문점 수준!

그런데,
1인분 85000인 한우 양념갈비의 맛이
너무 양념에 쩔여져서
한우 육즙과 단백함을 찾아볼 수 없습니다.

그저 퍼석한듯 부드러운
돼지갈비 맛이나요.

때문에
이곳에 방문한다면,
단품고기는 생갈비를 드시는것을 추천합니다.",부정적,부정적
2022-12,점심으로 소고기국밥 먹었는데 고기가 엄청 많이 들어 있어서 다 먹지 못했네요.맛있어요,오류,오류
2023-06,최고맛집,긍정적,긍정적
2023-03,"음식 괜찮고 발렛도 되고 편합니다
음식이 좀 비싸요",긍정적,긍정적
2023-02,"맛있어요 평일에 가도 웨이팅ㄷㄷ
깔끔하고 좋아요",오류,오류
2023-03,소고기국밥 역시 맛있어요,긍정적,긍정적
2023-02,소고기국밥먹고 아이스크림 강추!! 기계 넘 신기ㅋ,오류,오류
2023-12,맛나요,긍정적,긍정적
2022-12,"오래된 식당의 한결같은 맛있는 맛 넘 좋습니다.
해장이 절로 됩니다. 맛있는 고기를 너무 많이 주시는 느낌입니다.",오류,오류
2022-10,"갈비탕 다 떨어져서. . . .비빔밥 먹었는데 가격은 비싸지만 깔끔히 잘먹었습니다.
오이짱아찌너무 안짜고 맛있어요.
후식으로 먹은 아이스크림 상하우유맛과 거의 유사하네요. 식후 디저트 패슨데 여긴 꼭 먹어보시면 좋을듯요.",긍정적,긍정적
2022-12,비싸서 그렇지 언제나 가면 대 만족입니다. 여긴 등심이 정말 맛있는데 비싸서..^^;,긍정적,긍정적
2022-11,비싸긴 한데 직원분들 친절하시고 밑반찬이랑 고기 다 맛있어요. 다음에 기분 좋게 또 방문하고 싶네요.,오류,오류
2023-02,맛은잇는데 2층에서 화장실이 바로 있지도 않은데 방향제냄샌가?? 나가지고 ㅠㅠ 살짝 역햇어요,부정적,긍정적
2023-01,"명절때마다 가는 한우 갈비탕맛집입니다👍🏼
반찬맛있고 정갈해요 갈비구이정식도 너무 맛있습니다 직원분들 친절하세요

https://m.blog.naver.com/grenery_77/222972312892",오류,오류
2023-02,갈비탕이 마감되었지만 소고기 국밥도 정말 최고입니다!,긍정적,긍정적
2023-04,갈비탕 맛있어요,긍정적,긍정적
2023-05,ㅇㅇ,오류,오류
2023-05,ㅇㅇ,부정적,긍정적
2023-03,너무너무 맛있어요,오류,오류
2023-03,맛있어서 가족모임하는 곳이에요.,긍정적,긍정적
2023-05,굿,오류,오류
2023-01,갈비정식은 그래도 합리적으로 보이는데 갈지 주물럭 등 추가 메뉴는 가격이 부담이 됩니다 ㅠ 고기 추가 메뉴시 부담이 덜 되는 메뉴도 추가해주셨음해요,부정적,긍정적
2023-02,지난주에 이어 또왔네요 맛있어요,긍정적,긍정적
2023-05,맛있어요,오류,오류
2023-02,가격대는 있지만 음식은 정갈하고 맛있습니다^^ 반찬들도 깔끔하고 맛있어요!,긍정적,긍정적
2023-11,맛나요,오류,오류
2022-12,국밥에 고기도많고 국물도 얼큰하고 좋아요,긍정적,긍정적
2022-12,날이 쌀쌀해질 때 생각나는 환상적인 소고기국밥이에요. 먹어도 먹어도 끝없는 소고기가 감동입니다.,긍정적,긍정적
2022-12,갈비탕은 11:50 에 마감됬네요. 고기 너무 많이 주십니다.,오류,오류
2023-01,뭐 말해 뭐합니까!! 뱅뱅사거리 최고의 맛집이죠!!,긍정적,긍정적
2022-12,국밥도 맛있고 반찬도 맛있어요~~,오류,오류
2023-04,맛있어요~~,긍정적,긍정적
2022-09,"버드나무집 국밥 고기도 많고, 국물도 고소하면서 얼큰합니다. 근처 회사다닐때 가끔 먹었던, 맛있었던 기억이 있어 찾아왔습니다. 그땐 몰랐지만 다시 와보니 미쉐린 가이드도 매년 선정되었네요. 알고 먹으니 더 맛있게 느껴졌어요. 다음에 갈비탕도 먹어보려고요.",긍정적,긍정적
2022-11,예전 만큼은 아니지만 여전히 비싼만큼 값을 하는 곳입니다. 오히려 최근 물가 상승대비 가격이 많이 오른 느낌도 안들고요. 점심 단품 메뉴 갈비탕이나 국밥 퀄리티더 훌륭하고 갈비정식도 매우 맛있습니다. 항상 고기 메뉴는 양이 아쉽고 테이블이 점 더 넓어서 편히 먹을 수 있는 환경이었으면 하는 바램이 있습니다.,오류,오류
2023-03,JMT,부정적,부정적
2023-04,국밥 맛나요,오류,오류
2023-05,비싸지만 음식맛은 괜찮아요,긍정적,긍정적
2023-04,굿~~,긍정적,긍정적
2022-12,국밥 따뜻하게 잘먹었습니다!!,오류,오류
2022-09,갈비 정식 먹었는데 맛있습니다. 반찬들도 맛있었네요. 후식으로는 수정과와 파인애플이 나오고 나오는길에 아이스크림이나 커피도 있어요,긍정적,긍정적
2023-01,소고기국밥이 너무 맛있습니다.,오류,오류
2023-04,^^,긍정적,긍정적
2022-12,"갈비정식 1인에 43,000원짜리 식사하고 왔어요
고기는 직원분이 구워주셨고 맛은 부드럽고 괜찮았지만 과연 이 가격에 먹는게 맞는지 의문이 드는 한끼였어요 찰밥을 추가했는데 누리끼리하고 딱딱해서 원래 이렇게 나오는지 여쭤보니 밥을 잘못 지어서 나온것같다고 하시면서 새걸로 바꿔주셨는데 누가봐도 그 전에 나온건 정말 오래된 음식이었네요 공깃밥도 전체적으로 누렇고 질고 어느부분은 딱딱하고 반찬도 겉부분이 살짝 말라있었는데 건조해서 그렇겠지하고 그냥 먹었는데 음식체크 안하고 그냥 손님상에 올려놓으시나봐요 솔직히 고기랑 된장찌개 빼고는 먹을만한게 없었네요 미쉐린가이드도 받고 워낙 유명한 가게라 기대하고 왔는데 실망이 참 컸습니다 서비스부터 시작해서 할 말이 정말 많은데 글자수가 걸려서 일단 !!강력비추천!!입니다^^",오류,오류
2022-12,"종업원 교육이 필요합니다.
항상 어른들만 모시고 가다가 이번에 처음으로 친구랑 갔는데요. 맨날 먹던 생갈비 주문했더니 그거 비싼건데 진짜 그걸로 하겠냐며 되묻더라구요. 다른 저렴하고 맛있는거 먹으라며 권하는데 불쾌하고ㅋㅋㅋㅋ어리다고 무시하는 종업원때문에 기분나쁘게 먹고 왔네요",부정적,부정적
2022-12,친절하시고 고기 맛있게 구워주십니다. 맛있게 먹다보니 사진하나 안남겼네여 ㅋㅋ,긍정적,긍정적
2022-12,국밥 맛있어요~,오류,오류
2022-12,"정식에 나오는 고기는 둘러싼 갈비뼈와 떨어져있고 같은게 아닌거같고 색갈도 검고 석쇠에 올리자마자 고기가 부서지더라 맛도 싱싱하지 않았다
뭔가 당한거 같은 기분더럽다. 맛있다고해서 갔는대 값은 되게 비싸고.",부정적,부정적
2023-01,늘 맛있고 친절하고 풍성하고 흠잡을데가 없는곳. 식사메뉴는 5시까지주문 가능 👍🏻갈비탕은 12시 전에 가야 먹을수 있음,오류,오류
2023-01,소고기국밥은 국내 1등이라 생각함. 비빔밥은 가성비로 별로입니다. 그냥 평범해요.,긍정적,긍정적
2023-01,그냥 뭐~,부정적,부정적
2023-04,굿,오류,오류
2022-11,"...뭐라 할말이 없네요...음식이 그렇게 맛있는 것도 아니고, 직원분들이 친절하셨던 것도 아니고... 가격이 저렴한 것도 아니고...네...뭐 그래요ㅎㅎ",부정적,부정적
2022-09,"갈비정식 먹었어요 맛있네요 후식냉면도 맛있어요 디저트로 떡, 파인애플, 식혜가 나와요~ 식혜가 진짜 맛있네요",오류,오류
2023-01,깔끔하고 맛있어요,긍정적,긍정적
2023-03,가격이 좀 사악해요 ㅠ,오류,오류
2023-04,굿굿,긍정적,긍정적
2023-01,비싸긴하지만 역시 맛있네요,오류,오류
2022-12,가격이 제 값을 하네요~,긍정적,긍정적
2023-02,좋아요,오류,오류
2023-06,"오늘은 런치
국밥과 비빔냉면!
역시나 고기 맛나고 냉면 양이 진짜 많음 ㅎㅎ",긍정적,긍정적
2023-06,좋아요,긍정적,긍정적
2023-01,"가격이 비싸긴 하지만, 마있어요~",오류,오류
2022-12,단체모임하기 좋아요,긍정적,긍정적
2023-02,굿,오류,오류
2022-12,갈비 맛있는데 생각보다 많이 비싸요,부정적,부정적
2023-07,맛있어요,오류,오류
2022-07,"너무너무너무 맛나요~~
반찬도 푸짐해서 영양식 가득 먹고오게되서 넘 좋아요♡",긍정적,긍정적
2022-11,소고기 국밥도 완전 맛나요,긍정적,긍정적
2022-07,"사람 많이 찾는 식당에 혼밥이라 걱정했는데
눈치주지않고 친절했어요
갈비탕치고는 비싼편이나 한우 갈비탕이니 이정도는 해야겠죠
그리고 갈비에 기름도 많긴한데 살만 대충 발라먹어도 양이 많아서 괜찮구요
고기는 갈비고기만 있는편이 나았을것 같아요 갈비외에 추가고기는 별로라 남겼어요
그래도 갈비탕 맛있어서 또 올것 같아요",오류,오류
2022-11,직원분들도 친절하시고 반찬리필은 따로 요청하지 않아도 채워주시고 유니폼들 입고 계시는 모습도 좋습니다 대접받는 느낌입니다,긍정적,긍정적
2022-12,맛있긴한데 넘 비싸요,오류,오류
2022-12,"소고기국밥, 갈비탕 맛있어요",긍정적,긍정적
2022-07,비싸지만 저 한그릇이면 한우 갈비를 배터지게 먹을 수 있음. 심지어 남아서 포장까지 해왔음. 너무 자극적이지 않은 갈비탕이고 갈비가 연하고 부드러움. 입구부터 친절함 장착한 직원분들이 약간 손님을 대환영 분위기로 맞이해줌.,긍정적,긍정적
2023-02,좋아요,오류,오류
2022-08,"갈비탕 먹으러갔다가 실패하고 소고기국이랑 육회비빔밥 시켰는데 ㅠㅠㅠ미쳤어요....
조미료맛 하나도 없이 이런 맛이 난다니 충격적이었어요 재료 신선하고 소고기국에는 고기 건더기 다 못먹을만큼 많이 있네요!! 🥹
왜 미쉐린 몇년동안 놓치지 않는지 알겠어요! 다음 서울 여행땐 꼭 갈비탕 먹어볼꺼에요",부정적,긍정적
2022-11,음식은 맛있지만 동종의 음식점에 비해 가격이 좀 비싸네여..,오류,오류
2022-10,"그냥.가성비가별로예요
고기가.그가격가치를못해요,ㅠ",부정적,부정적
2022-11,갈비탕은 역시....,긍정적,긍정적
2023-02,갈비정식 고기양이 너무적어요,오류,오류
2022-07,"예전엔 쥴서서 기다렸다 들어갔는데 오늘은 갈비탕 줄없이 바로 들어가서 먹었네요. 갈비탕, 반찬 다 맛있어요 ^^",긍정적,긍정적
2022-11,갈비탕 국물이 짭짤하니 맛있어요. 양도 진짜 많아요,오류,오류
2022-11,갈비탕이 양은 많은데 조금 느끼해요..,부정적,부정적
2023-02,너무 맛있고 친절해요,오류,오류
2022-08,"비냉.. 맛 괜찮고 온육수도 맛있는데.. 15,000원에 고기 고명이 딱 한조각인건 좀..너무하네요ㅎㅎ",부정적,긍정적
2023-01,친절해요,긍정적,긍정적
2022-10,"갈비탕이 소진돼서 국밥 먹었는데, 국밥도 넘 맛있어요",오류,오류
2023-01,굿굿굿,긍정적,긍정적
2022-11,소고기국밥 맛있어요.,오류,오류
2023-04,굿,긍정적,긍정적
2022-09,"눈에 계속 들어와서 가봤는데
가격에 맞는 음식인지 모르겠음",부정적,부정적
2022-08,기본 반찬부터 메인까지 다 맛있어요!,오류,오류
2022-12,굿,긍정적,긍정적
2023-01,좋아요,오류,오류
2023-02,굿,긍정적,긍정적
2022-09,소고기국밥이 너무 맛있어요,긍정적,긍정적
2022-07,갈비정식 후회하지 않을거에요!!,오류,오류
2022-08,"양념갈비는 흐늘흐늘ㅠㅠ
생갈비는 누린내나구
특1등급이라는데 고기한두번 먹어보나
반찬갯수도 반찬상태도 흐물흐물
진짜 좋은날이라 오랜만에 가족들이랑
갔는데
맛이너무없어젔어요.",부정적,부정적
2022-07,"말해 뭐하나요!!
갈비탕 하면 버드나무 집이에요 :)
일일 한정 수량만 팔아서 먹기 힘들지
양도 정말 푸짐하고요,
비싸지만 그 값을 하는 갈비탕입니다👍🏻",오류,오류
2022-12,굳,긍정적,긍정적
2023-03,굳,오류,오류
2022-12,굿,긍정적,긍정적
2022-08,깔끔하고 친절하고 맛있고 너무좋아요 강~추,오류,오류
2022-09,갈비가 진짜 맛있어요,긍정적,긍정적
2022-09,"고기 양이 적고 게장은 너무 짜네요.서브 메뉴도먹을 게 없어 가성비가 안 좋아요.
옛날 맛이 아쉽네요.",오류,오류
2022-09,"국밥 맛있어요.
하지만 가격은 오르고 내용물이 예전보다는 못해요",긍정적,긍정적
2022-12,맛있어요,긍정적,긍정적
2022-09,갈비정식 깔끔하고 맛있습니다,오류,오류
2022-06,"무조건 주물럭 시키세요!!!
식당 종업원이 추천해주신 이유가 있었네요
기본으로 나오는 찬도 맛있어요!!

직원분들 완전 친절합니다!

안창살, 등심, 소고기국밥, 육회비빔밥은
솔직히 가격에 비해 별로😭😭",긍정적,긍정적
2022-06,다음에는 갈비탕도 먹어봐야겠어요!,오류,오류
2023-02,굳,긍정적,긍정적
2023-02,굳,긍정적,긍정적
2022-06,맛있어요~~ 고기가 먹어도 먹어도 계속 건져져요~~^^ 잘먹었습니다.흰와이셔츠 직원들은..허수아비 같았어요.안내 불량 ~~ 아이스크림도 맛나고.커피도 끝내줬어요~~,오류,오류
2023-02,굿,긍정적,긍정적
2022-11,굿,오류,오류
2022-09,고기가 많아서 좋아요,긍정적,긍정적
2022-07,"갈비탕,소고기국밥 맛있어요",긍정적,긍정적
2022-09,국밥맛있어요,오류,오류
2022-05,"양념 갈비는 씹는맛이 있다기보단 굉장히 부드럽고 맛있습니다. 냉면도 맛있고 서비스도 좋습니다.
그런데 위생은 신경좀 쓰셔야겠습니다. 새 냅킨을 뽑았는데 고춧가루가 묻어있거나 누군가 입닦은 입술모양의 빨간 양념들이 냅킨에 그대로 묻어있기까지 합니다.
비싼돈 내고 맛있게 식사마쳤는데 비위 상하네요.
맛있어서 재방문 의사는 있지만 이런일은 더 없길 바랍니다.",긍정적,긍정적
2022-06,너무 맛있어요,오류,오류
2022-11,굳,긍정적,긍정적
2022-07,"고기, 반찬 맛있고 깔끔해요.",긍정적,긍정적
2022-09,잘먹었습니다.,오류,오류
2022-02,"맛은 그럭저럭. 가격대가 있어서 배불리 먹으려면 꾀 나감
서초동의 전통있는 고깃집 이라지만
이제 그만 가도 될맛한 곳
가격은 매년 오르는것 같고 퀄리티는 그대로
무엇보다도 가격대비 양이 전혀 만족스럽지 않음
뭐 하나 메리트라도 있어야 자꾸 갈거같은데 글쎄
맛 하나 가지고 굳이 찾아가고 싶진 않음
이날은 점심에 갈비 정식 메뉴를 먹었는데
아주 확실히 맛있는건 아니고 그럭저럭 먹을만한데
먹고나서도 배가 고픈 이유는 ?
곁들여 나오는 반찬은 맛있음",부정적,부정적
2022-10,👌,긍정적,긍정적
2022-06,"들어오면서 카운터에서 인사를 참 밝게하셔서 기분좋게 앉았는데 식사하는 내내 서비스가 너무 엉망이라 기분않좋게 나왔습니다.
식당 이미지가 안좋을것 같아요.
많이 아쉽습니다.",오류,오류
2022-10,"예전에 갈비탕으로 돌아온맛~
아이스크림 기계까지 생겼네요",긍정적,긍정적
2023-05,굿,긍정적,긍정적
2022-11,자주 이용하는 곳이에요,오류,오류
2022-07,소고기국밥에 고기도 많고 맛있어요~~,긍정적,긍정적
2022-08,갈비 항상 맛있어요,긍정적,긍정적
2022-09,음..재방문 의사 없네요~,오류,오류
2022-09,ㆍ,알 수 없음,알 수 없음
2022-06,음식은 괜찮은것 같은데...직원들 서비스가 어수선하고 성의 없어서 밥맛이 떨어졌습니다.,오류,오류
2023-01,좋아요,긍정적,긍정적
2022-08,비싸지만 맛있어요! 직원분들이 정말 친절하세요!,긍정적,긍정적
2022-10,굿~^^,오류,오류
2022-10,좋아요,긍정적,긍정적
2022-10,굿,오류,오류
2022-09,소고기국밥 혼밥했는데 고기 양 많고 맛있어요 든든합니다👍,긍정적,긍정적
2022-06,"점심정식이 있어 모임하기좋아요
고기도 다 구워서 나오고 반찬들이 정갈해요
직원분들도 친절하고",긍정적,긍정적
2023-01,좋아요,오류,오류
2022-10,굿,긍정적,긍정적
2022-10,굿,오류,오류
2022-09,ㆍ,알 수 없음,알 수 없음
2023-01,좋아요,오류,오류
2022-10,굿,긍정적,긍정적
2022-06,비싸지만 맛있어요.,긍정적,긍정적
2022-10,굿,오류,오류
2023-04,굿,긍정적,긍정적
2022-07,"고기도 맛있지만
저는 소고기국밥
먹으러 다녀요 🤍",오류,오류
2022-07,맛있어요 국밥 ㅋ,긍정적,긍정적
2022-10,만족합니다~~^^ㅋㅋㅋ,긍정적,긍정적
2022-04,한우 갈비탕 먹으로 일부러 10시50분에 입장. 늦으면 품절되서 수입갈비탕 먹어야함ㅋㅋㅋ.가격은 비싸지만 양이 많고 맛있어서 패쓰~~,오류,오류
2022-10,굿,긍정적,긍정적
2022-09,맛있어용,오류,오류
2022-09,굳,긍정적,긍정적
2022-06,점심식사로 깔끔하게 먹을만한 곳인것같아요,긍정적,긍정적
2022-12,굿,오류,오류
2022-05,오픈런해서 먹어봄. 맛있었는데 뼈 바르는게 힘들었음;;,긍정적,긍정적
2022-09,맛있어요,긍정적,긍정적
2022-08,굿,긍정적,긍정적
2022-12,고기맛이 일품이에요,오류,오류
2022-06,역시나 맛나요,긍정적,긍정적
2022-06,양념이 너무 맛있어요,오류,오류
2022-06,한번 가볼만해요~~,긍정적,긍정적
2022-03,런치에 갈비탕먹으러 갔는데 끝났다해서 못먹고… 대신에 소고기국밥 먹었는데 자극적이지않고 고기가 많아서 나름 만족했어요.,오류,오류
2022-03,생갈비는 예약제 라고 해서 못먹고 정식에 갈비추가 둘이157000원 나왔습니다 반찬은 생각 보다 부실하고 배추김치는 소금배추 고기 직접 구워 주시는거 말곤 뭐~양념도 제 입맛엔 좀 텁텁하네요,부정적,부정적
2022-08,굳,긍정적,긍정적
2022-06,갈비정식 맛있어요,오류,오류
2022-05,맛은 있으나 점심으로 먹기는 비싸,부정적,부정적
2022-11,맛있습니다,오류,오류
2022-07,#서초구 맛있어요,긍정적,긍정적
2022-08,비싸요ㅠ,부정적,부정적
2022-05,무조건발렛주차는 좀 불편하네요,오류,오류
2022-05,"고기가 정말 맛있고 직원분들이 친절하셔요
레트로 느낌 뿜뿜😋👍🏻💛",긍정적,긍정적
2022-08,굿,오류,오류
2022-07,굿,긍정적,긍정적
2022-06,갈비탕 좋아합니다.,오류,오류
2022-10,친절,긍정적,긍정적
2022-03,항상 맛있게 먹는 강남 최고의 고기집. 고기도 맛나지만 특히 밑반찬들이 다 맛나죠. 다만 언제부턴가 된장찌개에 조개가 빠져서 찌개맛이 2프로 부족해진듯 하네요. 된장찌개에 조개를 다시 넣어주세요 ~~,오류,오류
2022-08,굿,긍정적,긍정적
2022-04,"굿~갈비탕!
직원들의 화장실등 개인적인 잡담은 식사 중 불편함 ~",오류,오류
2022-10,굿,긍정적,긍정적
2022-10,맛있어요,긍정적,긍정적
2022-10,친절,오류,오류
2022-02,"26000원짜리 뼈탕.. 다시는 안먹어요.
최애 갈비탕 집이었는데, 이제는 살은 볼 수 없는 뼈탕이에요~ 뼈만 한가득.. 그나마 붙은 살도 발라먹기 힘든 부위..
원래 그런거라고 하지 말아주세요.. 제가 제일 좋아했던 갈비탕이었거든요. 갈비탕 26000원, 싼 가격은 아니었지만 겨자소스에 고기 찍어먹고 국물맛에 좋아했던 집인데
소스가 필요없어요.. 찍어 먹을 게 없거든요^^
변해도 너~~~무 변했어요 무슨일이 있었나요..
국물이랑 반찬은 맛있어요~
그래도 다시는 가고싶지 않아요.",부정적,부정적
2022-07,굿,오류,오류
2022-01,"여기도 20년 넘게 다녔지. 항상 가면 만족스러운 곳.
밑반찬들만 먹어도 본전뽑은 느낌.
가지김치ㆍ선지국이 특히 좋다.
부모님 모시고 가면 다들 흡족해하시는 집!",긍정적,긍정적
2023-01,굳,긍정적,긍정적
2022-01,"아주 든든합니다. 생각보다 고기가 많아서 놀라고, 국물이 깔끔하고 밸런스 있어서 또 놀랍니다.",오류,오류
2022-04,Professional waitresses!,긍정적,긍정적
2022-05,Soso,오류,오류
2022-10,굳,긍정적,긍정적
2022-12,그ㅅ,부정적,부정적
2022-05,국밥 맛있어요,긍정적,긍정적
2022-03,소고기국밥은 언제나 굿 ~ 넘 맛있게 먹었네요,오류,오류
2022-07,맛잇어요,긍정적,긍정적
2022-04,음식이 정갈해요,오류,오류
2023-01,좋아요,긍정적,긍정적
2022-07,좋아요,긍정적,긍정적
2022-09,굿,오류,오류
2022-07,아주 좋아요,긍정적,긍정적
2022-01,요즘같이 추운 날엔 최고입니다. 다소 가격이 있어도 안에 고기가 정말 푸짐해서 만족합니다.,긍정적,긍정적
2022-07,굿,오류,오류
2022-03,한우 길비탕 맛있었어요^^,긍정적,긍정적
2022-06,ㆍ,오류,오류
2022-06,굿,긍정적,긍정적
2022-03,다소 가격은 있으나 깔끔하고 맛있음,오류,오류
2021-12,지나갈때마다 주차장에 빈자리가 없던 맛집~ 먹어보니 이래서 항상 사람들이 많구나…싶었다~ 이모님들도 친절하시고 맛도 좋아요~담번엔 꼭 고기 뜯어야징…ㅋ,긍정적,긍정적
2022-09,굿,긍정적,긍정적
2021-12,삼원가든과 더불어 서울 시내 내맘속 2대 갈비탕 맛집. 비싸긴 하지만 푸짐한 양을 보면 수긍이 감,오류,오류
2022-06,좋아요,긍정적,긍정적
2021-11,"한우설렁탕 밖게 없다는데 미국산먹었을때와 차이가 없다.....26000원.....머구리살이라 살도 별로 없고....물렁뼈만 씹어먹었다....
8천원 더주고 정식 먹는게 .....",부정적,부정적
2022-08,굿,오류,오류
2022-08,굿,긍정적,긍정적
2022-06,굿,오류,오류
2022-08,굿,긍정적,긍정적
2022-06,좋아요,긍정적,긍정적
2022-01,"1월 28일 오후8시에 방문, 8시 49분에 계산하고 나왔습니다. 계산할 때 1/2로 절반씩 분할해서 신용카드 결재 부탁드렸더니 직원 아주머니 정색하면서 엄청나게 퉁명스러운 태도로 임의로 저와 동행인 서명까지 찍찍 그어버리고, 눈도 안마주치고 틱틱거리는 태도 정말 소름끼치게 불쾌했습니다. 주문시에도 양념갈비 2인분에 추가로 된장찌개, 찰밥을 시켰는데 왜 각자 밥 하나씩 한시키냐는 듯한 꼽주는태도도 정말 싫었습니다. 여기 단골손님이 많고 오래되었다는 이유로 직원 아주머니들 싸가지없는것같아요. 어이없는 고자세 시전… ㅋ황당합니다 진짜 가지마세요 너무 불쾌한 곳입니다.",오류,오류
2022-03,"생각보다 좀 그랬어요..
고기는 맛있는데 가격대비 쏘쏘",부정적,부정적
2022-04,재료가 신선해요,오류,오류
2022-08,좋아요,긍정적,긍정적
2022-01,"여기
구이보단

제 주관으론
갈비탕이 맛나요",오류,오류
2022-05,좋아요,긍정적,긍정적
2022-04,굿굿,긍정적,긍정적
2022-07,굳,오류,오류
2022-02,"이런 밑반찬 집 없는듯
깔끔하고 정갈하고
음식 모두 맛있어요",긍정적,긍정적
2022-07,굳,오류,오류
2022-08,좋아요,긍정적,긍정적
2021-12,"평냉 먹으러갓는데 역삼점이
더 맛잇는
것 같아용!! 역삼은 개불친절해서 안가는데 ㅋㅋ야기직원분들은 친절하시네요 ^^ 식사만 하고간다고 싸가지없게 기분 뭐같이만드는 역삼점이랑 다름 ㅋㅋ",긍정적,긍정적
2021-11,"네이버에 운영시간 열시까지란거 보고 넉넉하겠거
니 하고 8시 10분 방문
9시부터 슬슬 그릇 한개씩 지우기 시작 후식 먹고있는데 9시 10분쯤 그릇 치우겠다 시전(=저희 아직 먹고있는데요 대답함) 20분쯤 저희 영업 얼마 안남았습니다 얘기하고 감 빡쳐서 남기고 일어나서 계산하면서 몇시까지냐 물어보니 9시반까지라함 다 좋은데 내돈내고 눈치밥 먹기 싫으니까 운영시간좀 업데이트 해주세요 10시까진줄 알고 갔다 9시 20분에 눈칫밥 먹고 쫒겨나게 하지말고",오류,오류
2022-04,굿,긍정적,긍정적
2021-11,"한마디로 절대 비추천!
갈비탕 먹으러 갔더니 그것도 26,000원????@.@ 한우갈비탕이라나? 그럼15,000원 정도 하는 다른곳 한우갈비탕은 가짜한우인가? 그마저 한정판매라 없단다 점심 12시 45분경
갈비정식이랑 육회비빔밥 시켰는데 정식(34,000원)은 2인이상! 시켰으나 그 이유를 알겠음. 뼈 큰거 두개에 살조금. 1인분시키면 작은 고기가 4~5점일테니 1인분짜리 내놓을 수 없음. 게다가 양념게장 맛 더럽게 없고(양념한지 며칠은 된 느낌) 반찬 다 맛없음.김치전(아기손바닥만하거) 차갑디차갑고. 반찬 고기 다 나왔는데 밥이랑 된장찌게 안 나옴. 밥 달라하니 찌개가 끓는 시간 있어서 좀 늦게 나온다고 밥이라도 줘요? (이건 뭐 얻어먹는것도 아니고) 맛없는 반찬으로 반 이상 밥 먹고 찌개나옴.",오류,오류
2022-06,좋아요,긍정적,긍정적
2022-01,갈비탕 멋져요,긍정적,긍정적
2022-03,굿,오류,오류
2021-12,일일한정 한우 갈비탕 먹고 갑니다 국물이 진하고 맛있어요~,긍정적,긍정적
2022-01,맛은 있는데 내 돈 주고 사 먹을 만큼인지는 모르겠어요. 반찬도 평범합니다.,오류,오류
2022-06,굿,긍정적,긍정적
2022-06,좋아요,긍정적,긍정적
2021-12,가격은 비싸지만 갈비탕국물맛이 일품입니다.,오류,오류
2022-07,굳,긍정적,긍정적
2022-03,좋아요,오류,오류
2022-03,맛있어요,긍정적,긍정적
2022-07,굿,긍정적,긍정적
2022-06,잘 이용,오류,오류
2022-06,굿,긍정적,긍정적
2022-06,굿,오류,오류
2021-12,설명이 필요없는곳,긍정적,긍정적
2021-12,"고기뿐만아니라
식사메뉴도 아주 좋아요",오류,오류
2022-06,ㆍ,알 수 없음,알 수 없음
2021-09,"갈비탕먹고싶엇는디 품절,,, ㅠ육회비빔밥도존맛탱",긍정적,긍정적
2022-02,굿,오류,오류
2022-06,맛있어요,긍정적,긍정적
2021-12,소고기국밥 맛있어요,긍정적,긍정적
2022-03,좋아요,오류,오류
2021-12,예전보다는 덜하지만... 그래도 갈비탕 생각나면 가서 먹어요,긍정적,긍정적
2021-10,"버드나무집은 굉장히 오래된 터줏대감같은 곳이죠.
서초동 버드나무집이 훨씬 가까운데도
늘 역삼쪽 버드나무집을 더 자주 다녔습니다.
(뭔가 더 제 입맛에는 맞아서요.)
좋아하던 식당인데 코로나때문인지
갑자기 사라져서 너무 아쉬웠습니다.
오래되고 애착있던 식당들이 재앙때문에
자꾸 사라지니 많이 속상하네요..

그래도 서초동이 집과는 훨씬 가까워서
다니기는 편하니 아쉬움을 달래봅니다.

고기는 대체로 신선하고 직원분들이
직접 구워주시기 때문에 편하게 먹을 수 있습니다.
워낙 전통이 깊은 식당이라 아시는 분들이
더 많겠지만 점심에 갈비탕이 유명하고,
가끔 고기만 먹기 물릴쯤 정식을 시켜먹으면
다양한 찬들과 식사가 함께 나옵니다.
육회도 보시다시피 신선하고 맛나서
제가 좋아하는 맛집!!!!~^^",오류,오류
2021-10,고기도 정말 신선하고 푸짐해요. 언제나 최고입니다.,긍정적,긍정적
2022-05,친절,긍정적,긍정적
2021-09,"유명해서 갔어요 다만..가격대비 별로였어요
맛은있긴하지만 다음에는 안갈것같네요
직원분들도 친절하셔요 근데 밥먹고 있는데
바로 옆 한곳에 모여서 떠들고 얘기하시니 ..먹는데 방해가되었어요 비싼돈주고 먹기에는 아까워요",오류,오류
2022-07,좋아요,긍정적,긍정적
2022-06,좋아요,오류,오류
2022-05,굿,긍정적,긍정적
2022-05,좋아요,긍정적,긍정적
2022-04,오이시,오류,오류
2021-12,고기가 듬뿍들어서 푸짐해요,긍정적,긍정적
2022-05,좋아요,오류,오류
2022-05,굿,긍정적,긍정적
2022-05,친절,오류,오류
2021-12,"옛날부터 맛은 좋지만...
점점 적어지는 양...",부정적,긍정적
2022-05,좋아요,긍정적,긍정적
2022-05,굿,오류,오류
2022-04,정식37인데 그정도는아녜요....,부정적,부정적
2022-01,굿굿굿,오류,오류
2022-04,굿,긍정적,긍정적
2022-04,굿,긍정적,긍정적
2022-05,맛있어요,오류,오류
2022-02,좋아요,긍정적,긍정적
2022-01,"갈비탕값은 너무올랐는데 가격대비 양은줄고 고기도별루네요ㅠ
반찬도 옛날맛이 아니고ᆢ",오류,오류
2021-11,기대보다 맛도 서비스도 많이 실망했습니다. 오랜만에 만난 모임이였는데…. 그냥 후딱 먹고 나왔습니다….. (리뷰 처음 써봐요),부정적,부정적
2021-10,한우고기양이 많아서..좋았고 집에서 만든 음식맛이어요~~,오류,오류
2021-10,가격은 좀 비싸지만 맛있어요,긍정적,긍정적
2021-07,점심에 혼자 든든하게 식사하기 좋은 식당입니다. 발렛서비스가 잘 되어있어 편합니다.,긍정적,긍정적
2021-11,쓸데없이 비싸요..,부정적,부정적
2022-04,굿,오류,오류
2022-04,굿,긍정적,긍정적
2021-12,비싸요..맛도별로,부정적,부정적
2021-09,부드러우면서도 묵직한 느낌의 제대로 된 갈비탕,오류,오류
2022-07,굿,긍정적,긍정적
2021-10,"양념갈비는 맛나요.
그러나 육회는 별로입니다. 노른자도 없네요.
그리고 강남이러서 그런가 너무 비싸네요.",오류,오류
2021-11,소고기국밥 먹었는데 맛있어요,긍정적,긍정적
2021-10,늦어서 갈비탕은 못먹었지만 국밥 맛있고 기본반찬이도 맛있었어요,긍정적,긍정적
2022-04,굿,오류,오류
2022-05,좋아요,오류,오류
2022-03,굿,긍정적,긍정적
2022-03,굿,오류,오류
2021-11,친절하고 맛있어요,긍정적,긍정적
2021-08,"주물럭 포장2인분 118,000원짜리입니다.
미쉐린??? 포장의 메리트가 전혀없는 어처구니 없는 음식입니다. 웬만하면 이런 글 안올리는데 너무 화가 나서 리뷰 남깁니다.
정말 당황스러워서 맞는지 통회했더니 이게 240g 포장이랍니다. 가서 먹으면 밑반찬도 잘 나오는데 세상에 구워서 포장해준다고 중량은 같답니다.
몰라서 당한 제 잘못이지만 방문이 어려워서 부모님 드시게 포장했더니 쌈채소, 가지반찬에 일인분같은 물기 가득 퍽퍽한 주물럭이 2인분이 다라니요!
이건 고기양의 문제가 아닌것 같네요. 절대 포장하지마시길!!!",부정적,부정적
2022-03,좋아요,오류,오류
2022-03,친절,오류,오류
2022-01,"갈비탕 없다해서 국밥 먹었어요
맛있네요.
고기 부위가 좀 틀려졌네요.
그래도 괜찮았어요.
전보다 기름이 없어 대채로 만족합니드",긍정적,긍정적
2021-09,음식은 맛있어요 근데 가격이 비싸요,긍정적,긍정적
2021-11,소고기국밥 강추^^,오류,오류
2022-02,굿,긍정적,긍정적
2022-02,굿,오류,오류
2021-07,"깊게 우려낸 한우 갈비탕 맛과 양은 정말 최고. 일 한정 100그릇과 26000원의 비싼 가격 아쉬움.
조미료 맛 전혀 없는 투박깔끔 맛있는 깍뚜기도 으뜸!",긍정적,긍정적
2021-12,굿,오류,오류
2021-09,"양념갈비 맛있는 집인데 예전 같지는 않네요.
그래도 갈비탕, 국밥 맛있습니다",부정적,긍정적
2021-07,"가격대비 그렇게 맛있는지 모르겠고..
첨에 물 가져다주면서 뜨거운 물 부탁했더니
짜증내면서 물도 팍!! 갖다줌 ㅡㅡㅋ
컵 깨지는 줄..
이후 서빙해 주신분은 친절했지만 이미 기분 상했고
갈비탕 국물에도 숯인지 뭔지 빠져서 다시 나올때까지 한참 기다려야했음;;",부정적,부정적
2021-09,소고기 국밥 맛있어요,오류,오류
2021-09,맛있지만 비싸요,부정적,부정적
2021-10,너무 맛있게먹었네요,오류,오류
2021-09,"맛있는데 비싸요
국밥맛있어요
고기는 비싸지만 맛있어요 회식때가기좋아요",긍정적,긍정적
2022-04,맛있어요,긍정적,긍정적
2021-07,맛있게 잘 먹었습니다. 브래이크 타임 없어서 좋았어요~ 디저트도 맛있었구요!,오류,오류
2022-02,굿,긍정적,긍정적
2022-02,굿,오류,오류
2022-02,좋아요,긍정적,긍정적
2022-02,좋아요,긍정적,긍정적
2022-02,굿,오류,오류
2022-02,굿,긍정적,긍정적
2021-12,맛있어요,오류,오류
2022-02,맛있어요,긍정적,긍정적
2022-02,친절,긍정적,긍정적
2021-11,좋아요,오류,오류
2021-06,한우갈비탕 맛나요,긍정적,긍정적
2021-04,"갈비탕이 푸짐하고
냉면육수도 편하게주셨다
비싼편이지만 해장에최고
역시 오래된유명맛집.",긍정적,긍정적
2021-11,귿굳굳굳!,오류,오류
2022-01,굿,긍정적,긍정적
2022-01,좋아요,오류,오류
2021-11,맛있어요,긍정적,긍정적
2021-07,명불허전 한우 갈비탕. 이빨에 좀 많이 끼는 것이 흠이라면 흠,오류,오류
2021-12,굿굿,긍정적,긍정적
2021-11,조아요~~~~,긍정적,긍정적
2022-02,굿,오류,오류
2022-05,ㅇㅇ,부정적,긍정적
2022-01,좋아요,오류,오류
2022-01,굿,긍정적,긍정적
2021-08,"국밥은 옛날 맛 그대로 입니다.
너무 맛있어요 ㅎ",긍정적,긍정적
2021-06,"식사를 하기에도 좋고, 고기맛도 있고 좋습니다.",오류,오류
2021-08,친절하고 맛있어요 ㅎ ㅜ ㅎ,긍정적,긍정적
2022-01,좋아요,긍정적,긍정적
2022-01,굿,오류,오류
2022-01,굿,긍정적,긍정적
2021-07,갈비탕 맛있어요 푸짐하고,긍정적,긍정적
2021-08,소고기 맛있어요,오류,오류
2022-01,좋아요,긍정적,긍정적
2022-01,친절,긍정적,긍정적
2022-01,종아요,오류,오류
2021-10,맛있어요,긍정적,긍정적
2021-08,소고기국밥에 고기도 많고 맛있어요,오류,오류
2021-07,갈비탕 한우라고 하니까 좀 비싸도. .ㅜ 양은 많고 먹다보면 좀 느끼한 듯한건 나만 그런가. .,부정적,부정적
2022-01,굿,긍정적,긍정적
2021-12,맛있음,오류,오류
2021-12,.,알 수 없음,알 수 없음
2021-10,"소고기무국 아주 맛있고, 반찬 맛있고요",오류,오류
2021-10,굿,긍정적,긍정적
2021-07,국물 맛이 아주 깔끔하고 맛있어요,긍정적,긍정적
2021-07,소고기국밥 가성비 좋고 맛도 좋아요. 직원들도 친절해요.,오류,오류
2021-08,고기맛최고~,긍정적,긍정적
2021-06,"하루 한정인 한우갈비탕 먹었는데, 뼈양이 푸짐한거에 비해 실제 고기양은 적네요. 가격도 비싼데 좀 아쉽",부정적,부정적
2021-06,오랜만에 돈생각 않고 갈비구이 와 주물럭 맛있게 먹고싶어 서초동본가까지 가서 껌 같이 씹히지도않은 고기가 나와서 제데로 먹지도 못하고 열 받아 왔습니다,오류,오류
2021-08,맛있어요,긍정적,긍정적
2021-12,친절,긍정적,긍정적
2021-09,굿,긍정적,긍정적
2021-08,굿,오류,오류
2021-04,"갈비탕은 정말 일찍가야 먹을수 있는곳...
항상 매진되서 국밥만 먹고옵니다.. ㅠㅠ",부정적,긍정적
2022-01,맛있어요,오류,오류
2021-09,맛있어요,긍정적,긍정적
2021-07,불친절 직원이 있음,오류,오류
2021-05,"정말 너무 불친절해요. 예약 잘못받아놓고, 다 들리게 직원들끼리 뭐하는건지... 불쾌했네요. 이제 여기보다 맛있는 고기집 많아졌어요. 친절한 다른집 갈께요.",부정적,부정적
2022-03,굿,긍정적,긍정적
2021-05,"2만2천원짜리 갈비탕 먹으면서 간장 소스도 안줘, 양념장은 처음부터 없다고 하고, 나가는거 보고 달라고 하니 주고, 뭘 세번쯤 달라해야 그제서야 줌. 다시는 안 감.
맛 평범, 서비스 최악, 분위기 없고, 가격 비싸고, 음식양 그닥, 만족도 최하",오류,오류
2021-10,맛나요,긍정적,긍정적
2021-06,맛있어요. 근데 비싸요 ㅠㅠ,긍정적,긍정적
2021-05,"어르신을 대리고 가기에는 별로 였네요
서비스가 매우 불천절합니다. 먹는내내 불편했습니다.",오류,오류
2021-08,굳,긍정적,긍정적
2021-11,친절해요,긍정적,긍정적
2021-07,국밥 맛집,오류,오류
2021-05,"아니 수입산 2.2만원짜리 갈비탕이면서 소스도 안주고, 양념장도 없다고, 거짓말이나 하고.
맛 평범, 서비스 최악, 분위기 없고, 가격 비싸고, 음식양 그닥, 만족도 최하",부정적,부정적
2021-08,맛있어요,오류,오류
2022-02,조아요,긍정적,긍정적
2021-08,좋아요,긍정적,긍정적
2021-02,"찬들도 정갈하니 잘나오고, 고기도 너무 맛있지만, 소고기국밥이 일품입니다.",오류,오류
2021-07,굿,긍정적,긍정적
2021-07,맛있어요!,오류,오류
2021-06,역시 맛있네요,긍정적,긍정적
2021-07,좋아요,긍정적,긍정적
2021-05,맛있고 양이 정말 많습니다...,오류,오류
2021-06,맛있어욤,긍정적,긍정적
2021-07,맛나요~,오류,오류
2021-04,아주 맛있어요~,긍정적,긍정적
2021-02,"갈비탕 양많은건 인정
근데 주물럭은 가격대비
ㅠㅠ",부정적,부정적
2021-06,짱,오류,오류
2021-03,가격이 사악하지만 맛있어요,부정적,긍정적
2021-06,맛나요,오류,오류
2020-11,식사 잘 챙겨먹는다는 느낌이라 좋습니다. 다만 가격이 점점 더 오르는 느낌이네요,긍정적,긍정적
2021-03,맛있게 잘먹었습니다.,긍정적,긍정적
2021-03,양념게장도 맛있고 양념갈비도 넘 맛있어요 마늘도 찐마늘을 다시 구워주시는 거라 아린 맛도 없고 좋아요. 가격은 좀 있어도 자주 가게 되네요. 된장찌개도 꼭 시켜 드셔보세요. 별미예요,오류,오류
2021-05,굿굿~~ 좋습니다~~,긍정적,긍정적
2021-01,"언제 먹어도 맛깔스러운 버드나무집👍
버드나무집 열무김치는 최고로 맛있어요.
생갈비 또 먹고 싶다 냠냠😚",오류,오류
2021-05,예전보다 갈비탕에 고기가 질기고 뼈가크네요,부정적,긍정적
2021-09,좋아요,오류,오류
2021-06,좋아요,긍정적,긍정적
2021-01,30년 단골인데 고기는 항상 괜찮은데 열무물김치 가지무침같은 밑반찬이 갈때마다 좀 왔다갔다 하네요. 후식 식사로 먹는 된장찌개도 괜찮을때도 있고 별로일때도 있고... 강남 최고의 고깃집 중 한곳인데 좀 더 일정한 맛을 유지해주시면 좋겠습니다.,부정적,부정적
2021-04,맛은 있는데 비싸요~,오류,오류
2021-02,가격사악하지만 맛있습니다.,부정적,긍정적
2021-05,맛있어요,오류,오류
2021-08,맛집,긍정적,긍정적
2021-03,잘 먹었습니다.,오류,오류
2020-11,"역시 최고의 맛집입니다
부드러운 양념갈비과 양념게장 가지무침
어느것 하나 특별하지 않은 것이 없습니다",긍정적,긍정적
2021-12,굿,긍정적,긍정적
2021-01,"기본적으로 맛이 없고 직원들은 고자세네요
1인분에 34000원이면 기분좋게ㅡ먹어야 하지 않나요? 말라빠진 반찬 6-7가지. 닝밍한 고기. 비추에요",오류,오류
2021-05,좋네요,긍정적,긍정적
2021-01,맛있어요 금대 거리두기 이런거 안하는듯,오류,오류
2021-02,맛은 있는데 가격이 좀 쎄요,부정적,긍정적
2021-04,좋아요,긍정적,긍정적
2021-04,맛있어요!!,오류,오류
2021-04,맛나요,긍정적,긍정적
2021-03,너무 맛있었음~,긍정적,긍정적
2021-03,맛은있는데 비싸구 직원들 불친절 ㅠ ㅠ,부정적,부정적
2020-12,가끔 생각나서 찾게되는 추억 속 그 맛,오류,오류
2021-05,맛있어요,긍정적,긍정적
2021-01,맛은 있는데 넘 비싸요,부정적,부정적
2021-02,비싸지만 양 많고 맛있어요!,오류,오류
2021-02,소고기는 사랑 넘 맛나요,긍정적,긍정적
2021-01,직원분들의 서비스가 조금 왔다갔다하지만 밑반찬도 맛있는 편이고 고기의 질은 거의 항상 좋아요.,긍정적,긍정적
2020-11,한우갈비탕 진심 너무 맛있어요 ㅠ!,오류,오류
2021-03,L,알 수 없음,알 수 없음
2021-02,한우국밥 맛있어여,긍정적,긍정적
2021-01,역쉬 갈비탕,오류,오류
2020-11,"서비스가 엉망입니다.
인사성x 말투 목소리 톤까지 모든걸 갖췄습니다.고기 잘라드릴까? 여기에 놔드릴까?처음엔 잘못 들었나 했는데 잘못 들은게 아니고 반말을 하네요.
음식도 먹게끔 테이블에 두는게 아닌 테이블 정리도 없이 테이블 끝에 음식이 놓이기만 하면 되나봅니다. 이런 고깃집 처음 봐요. 별 하나도 아까워요. 이인분만 시켜도 십오만원부터 시작인데 이가격에 대접도 못 받느니 차라리 다른데 가겠어요.",부정적,부정적
2020-11,"갈비정식 고기 1인분인줄,,, 양이 너무 적었구요 냉면 따로 시켰는데 좀 달지만 냉면은 맛있었어요",부정적,부정적
2021-02,맛이깊어요!!,오류,오류
2021-01,맛있고 친절해요~!,긍정적,긍정적
2020-12,최애 소국밥집!,오류,오류
2021-01,.,알 수 없음,알 수 없음
2020-11,비빔밥도 맛있네용,오류,오류
2020-10,비싸지만 맛있어요...... 서비스도 아주 좋았습니다!,긍정적,긍정적
2020-10,한우갈비탕 매진돼서 미국갈비탕 먹었어요 맛있긴 맛있고 고기도 많지만 가격이 비싸긴해요,오류,오류
2021-08,국밥이 아주 맛있어요,긍정적,긍정적
2020-11,실망시키지않는 맛집~^^,긍정적,긍정적
2020-11,오전 11시까지 가면 한우 갈비탕 푸짐하게 먹을수 있어요,오류,오류
2021-08,좋아요,긍정적,긍정적
2021-02,점심 회식하기 좋아요.,오류,오류
2020-07,"예전에는 고기도 푸짐
밑반찬도 푸짐 했었는데
오랜만에 가보았는데
선지국도 정식에는 안준다고 해요
오곡밥도 6천원이나 하드라구요
물론 기본은 맛집이지만 좀 실망 하고 왔어요
점심시간 갈비탕은 아직도 훌륭해 보였습니다",부정적,부정적
2020-10,최상의 서비스를 신선한 재료로 준비한 맛집 중 맛집 입니다. 반찬이 정갈하고 맛나 더욱 좋습니다.,긍정적,긍정적
2020-10,가격대비 별로,오류,오류
2021-03,좋아요,긍정적,긍정적
2020-09,"맛있어요.
늦게가면 못 먹어요.",오류,오류
2020-10,맛있게 잘 먹었습니다,긍정적,긍정적
2020-10,한우갈비탕 맛있어요,긍정적,긍정적
2020-12,비싸지만 맛있어여..😭,오류,오류
2020-07,양이 푸짐합니다.. 가성비까진 잡지 못하지만...,긍정적,긍정적
2020-03,"갈비탕이 맛있다고 하여 근처에 볼 일이 있어서 간김에 방문. 어마어마한 양에 놀라고, 한그릇 다 먹기가 힘든, 가격보니 고개 끄덕할만한 양. 다른식당보다는 조미료를 덜 넣은느낌. 다른곳 갈비탕은 달기만 하고 고기 담근 국물이라면 이곳은 고깃국 같단 느낌. 맛있지만 한그릇은 너무 물린다ㅜ 국물이 맛있어서 고기양 줄이고 가격도 낮추면 좋겠다.",오류,오류
2020-04,"갈비 너무 맛있지만 오늘은 점심에만 있는 메뉴 먹으러 갈비탕과 육회비빔밥. 맛있었지만 너무 비싸다. 한우갈비탕 떨어져서 미국산갈비탕 먹었는데 둘다 만오,육천원이면 괜찮을듯 물론 고기 양이 다른곳보다 많긴 했지만..
안경쓴 직원이 제일 친절하다 작년에 보고 올해 또 봐서 반가웠다. 지나가다 반찬 떨어진거보고 바로 채워주시고 눈치가 엄청 빠르신거같다. 우리 이번 주문 받으신 분은 넘 무서웠..
별점은 그 직원분과 작년에 먹은 갈비 별점 ㅎㅎ
갈비먹을때랑 일반 먹을때랑 분위기 넘나 다른것..
하긴 그때 둘이서 25만원정도 먹긴했지
또 어떤 직원분이 휴지통 손으로 눌러서 압축시킨다음 바로 트레이에 컵 올려서 따뜻한 물 따라놓고 몇개 가져가시는데 사람 입닿는곳에 쓰레기 만진 손으로 바로 만지시니까 좀 비위..",긍정적,긍정적
2020-08,깨끗하고 깊은 맛,긍정적,긍정적
2020-11,맛있어요,오류,오류
2020-08,국밥 너무 맛나요. 비싸지만,긍정적,긍정적
2020-07,최고입니다. 명불허전,오류,오류
2020-08,"좀 비싸긴한데 맛있네요
특히 밑반찬이 다 괜찮았어요
된장찌개 굿",긍정적,긍정적
2020-08,11시반에 갔는데도 한우갈비탕매진ㅜㅜ,부정적,긍정적
2020-08,잘 차려진 음식 먹고 싶을 때 갑니다,오류,오류
2020-11,..,알 수 없음,알 수 없음
2020-09,깨끗하고 맛있습니다,오류,오류
2020-09,맛있어서 자주가게돼요^^,긍정적,긍정적
2020-07,정갈하고 맛있어요 점심시간은 좀 분주하고 번잡함,긍정적,긍정적
2020-11,맛있어요,오류,오류
2020-07,음식은 정말정말 맛있어요~주차해주시는 분때문에 많이 기분이 나쁘네요.다른 날은 모르겠지만 일요일주말 주차하시는분은 정말 아니네요.,긍정적,긍정적
2020-09,맛있어요,오류,오류
2020-08,맛있어요,긍정적,긍정적
2020-11,갈비탕최고,오류,오류
2020-06,"역시 불친절하다! 메니져 아줌마 정말..

상품권 아니였으면 안갔다",부정적,부정적
2020-06,언제가도 사람 많은 집 국밥맛집,긍정적,긍정적
2020-10,맛나요~,오류,오류
2020-08,사람이 넘 많아서 복잡,부정적,부정적
2020-08,저는 역삼이 더 좋네요,오류,오류
2020-09,괜찮아요,긍정적,긍정적
2020-04,맛있고 정갈한데 점심시간엔 좀 북적여요,긍정적,긍정적
2020-08,항상 맛있고 친절해요,오류,오류
2020-06,"국밥 맛 좋아요
직장인 점심 가격으로는 좀 비싸지만
(가격이 올라서 현재는 12,000원 ㅜㅜ)
그래도 맛은 있어요",긍정적,긍정적
2020-09,맛있습니다,오류,오류
2020-06,너무 너무 맛있어요 고기도 맛있고,긍정적,긍정적
2020-09,갈비탕 맛있어요,긍정적,긍정적
2020-04,"맛은 있는데 가격이 사악함 생갈비 1인분에
8만원 정도였던거 같은데
부가세까지 10% 붙음",오류,오류
2020-07,소고기 국밥 맛있어요.,긍정적,긍정적
2020-08,굳,긍정적,긍정적
2020-05,"맛보장
고기연하고 밑반찬은 한정식수준
괴기가비싸다는게 ..ㅠㅠ한계점",오류,오류
2020-06,후훗,긍정적,긍정적
2020-08,굿,오류,오류
2020-05,소고기국밥.점심메뉴로 좋아요,긍정적,긍정적
2020-04,한우갈비탕 예술입니다.,긍정적,긍정적
2020-03,정말 맛있어요. 올 때 마다 국밥포장해가는거같아요. 근데 홀에서 일하시는 분들 힘드신건 알지만 표정이나 말투에서 너무 드러나시니까 앉아서 밥먹는 입장에서 눈치보이고 부담스럽네요.. 올때마다 느끼는 부분이라 아쉬워서 적어봅니다.,오류,오류
2020-05,자주 가는 곳이에요,긍정적,긍정적
2020-06,ㅡ,오류,오류
2020-07,비싼만큼 맛있어요 비싼값을 해요,긍정적,긍정적
2020-04,"갈비탕 (미국산) ₩22,000
이 가격에 먹을 이유가 하나도 없음!
비추!!!",부정적,부정적
2020-06,맛있습니다,오류,오류
2020-03,"전체적인 가격이 조금 비싼편이지만 음식맛은 그 이상입니다. 반찬도 좋고 10년 동안 변함없는 맛입니다.

#소고기국밥",긍정적,긍정적
2020-02,"11시 20분 전에 일찍 가면 한우갈비탕
아니면 국밥 먹어요
맛있을 때가 더 많은데
가끔 맛 별로일때가 있어요 ㅜㅋ
포장 해 와서 집에서 먹어도
맛 좋아요
가격이 싸지는 않아요 ㅎㅎ",긍정적,긍정적
2020-02,국밥 맛있지만 비싸요,오류,오류
2020-01,"가족 모두 애용하는 가게였는데, 말도 안되는 불친절함을 몇 번 겪고 나니 다시는 발걸음 하기 싫어집니다. 포장고객은 사람으로 취급을 안하더군요. 김치 반 포기 14000원에 팔면서 그게 적선하는걸로 느껴지십니까? 이 가게 드나드는 고객이 김치 다시 사러 올거란 생각은 아예 안하시나봐요? 상무 직함 달고 계신 여자분, 상무라는 직함이 무색할만큼 서비스 마인드가 부재한 듯 합니다. 고기 먹을 때와 포장할 때의 극단적인 온도차를 몇번 보고 나니 리뷰를 안 남길 수가 없네요. 오늘 하루만의 불쾌함으로 이렇게 긴 리뷰를 남겼으리라 오해하지 마세요. 서빙해주시는 분들의 친절함을 참 좋아했는데, 상무 때문에 다시는 가기 싫습니다.",부정적,부정적
2020-02,소고기국밥에 고기도 많고 맛있어요!,오류,오류
2019-08,갈비탕은 판매량이 한정되어있다고 합니다 양이 무척 많아서 한그릇 나눠먹는 분들도 계시더라고요 오픈부터 사람들 들어가고요 확실히 맛나요 감칠맛 장난 아니고 육향도 기분 좋고 근데 느끼할 수 있어요,긍정적,긍정적
2020-01,늘 맛있고 친절해요,오류,오류
2020-08,좋아요,긍정적,긍정적
2020-01,소고기국밥 고기 듬뿍이라 아주 든든합니다,긍정적,긍정적
2019-12,"갈비퀄러티나 반찬퀄은 좋았지만, 자리가 춥고, 주차장 비어있으나 무조건 발렛이고, 서버가 고기를 너무 빨리 구워버려서 밥과 함께 따뜻히 먹지 못하였음. 15만원 돈주고 이러한 대접받을바엔 다른 대안은 많은 것 같음.",오류,오류
2020-01,든든한 국밥 한끼. 반찬도 맛남,긍정적,긍정적
2020-03,만족합니다.....,긍정적,긍정적
2019-10,굿굿,오류,오류
2019-05,갈비탕 ~~ 맛나여,긍정적,긍정적
2019-03,가격이 센 고깃집.갈비탕 한정. 점심에 먹기엔 좀 부담스러운 집,오류,오류
2019-04,맛있어요,긍정적,긍정적
