Date,Review,sentiment,Sentiment2
2024-10,"뱅뱅사거리 아우디 매장 안쪽 골목에 자리한 가성비 끝판왕 김밥집. 가장 기본 김밥 한줄이 3,500원인데 근래 강남에서 이 정도 가격의 김밥은 거의 못본 듯.. 포장으로 갖고와서 까보니 햄은 안 들어 있는데 이 가격이라면 당연한 거다. 잠깐 과욕을 부려 반성함. 여기 이모님 바이브가 좋고 친절하셔서 나중에 또 가볼 생각이다. 네이버에 ‘블라초블로그’ 검색",긍정적,긍정적
2024-11,"콩나물라먄 든든하고 개운해서 좋아요!
김밥에 궁채 들어가서 맛있어요!",긍정적,긍정적
2024-10,"김밥천국할때가 나았는데 궁민김밥으로 바뀐뒤로…
그냥 갈곳없을때 갈만한 정도",부정적,부정적
2024-07,"치즈 쫄볶이에요.
치즈가 번장이라는게 좀 아쉽지만.. 가격 생각하면
가성비 좋아요!
혼밪하기에도 조쿠요!
그래서 혼밥하는 사람들이 꽤 되는 식당이에용~
담에는 또 뭘 먹어볼까~
ㅎㅎㅎ",긍정적,긍정적
2024-07,"요즘 이 지역 콩국수 도장 깨기중~
궁민김밥의 콩국수도 평타는 해주는듯
한그릇 뚝딱하고 나왔다.
싱거우니 소금을 꼭 넣어드시길...
맛있당~ㅎ",긍정적,긍정적
2024-05,"쫄볶이는 역시 언제나 마싯구요!
이집 돈가스가 또 괜츈합니다.
참고로 이집은 혼밥에 아주 즉당하지요~
담엔 혼자가서 돈가스를 뿌수고 올 예정인데용ㅋ
이모님들이 친절하니 자주 갈듯해요!",긍정적,긍정적
2024-09,김밥에 라면 세트 먹었어요 한끼로 딱이예요,긍정적,긍정적
2024-08,"나름 괜찮다.
점심 때우기에 충분한 양.",긍정적,긍정적
2024-04,"궁채김밥은 두세달에 한번은 가서 먹는데, 김밥싸는 분이 불친절한건 매번 기분이 나빠요. 카드랑 현금이랑 섞어서 낸다니까 복잡해서 안된다 하고, 현금 영수증도 안주고 김밥을 포장해서 주길래 받았더니 확 낚아채몀서 다른 사람거라 하고.. 왜 그렇게 기분나쁘게 장사를 하실까요? 비대면으로 사고싶네요. 그리고 궁채가 한줄이라 맛이 안느껴져요. 현금 카드 복잡하게 내서 화 나셨나요?",부정적,부정적
2024-04,"키오스크로 주문해서 정확하고, 주방직원분들이 손이 빨라 음식도 초스피드로 나옵니다. 라볶이가 쵸큼 단 편이었던 것 말고는 맛도 전체적으로 좋았습니다.",긍정적,긍정적
2024-10,굿,긍정적,긍정적
2024-09,굳,긍정적,긍정적
2024-10,좋아요,긍정적,긍정적
2024-05,"여기는 언제나 손님이 큰소리로 인사하고 들어가도 인사를 한번 안하시네요
가끔보면 커피 마시고 있는분 계실때는 김밥 싸시는분이 인사하고 궁시렁도 안대는데
안계실땐 손님 개무시
좀 쉬려하면 하나하나 오냐고 손님한테 대놓고 면박주고 대체 왜 그러는지를 모르겠어오
책상도 안닦여 있네요 ㅋㅋㅋ 그것도 모르고 단무지 국물 손에 다 묻음 ㅋㅋ

노친네가 김치를 썰었냐고 물어봤냐
사모가 얘기했냐 욕하는 모습은 자제해줫으면좋겠어요 ㅠ",부정적,부정적
2024-09,굿,긍정적,긍정적
2024-05,"궁채가 들어간 김밥
참치김밥 존맛 참치마요가 개부드럽",긍정적,긍정적
2024-04,"참치김밥 짜지않구 밥알 고실고실해서 맛있어요.
궁채가 오독오독 씹혀서 재밌어요!! 추천!!",긍정적,긍정적
2024-09,굳,긍정적,긍정적
2024-06,"갑자기 일이 생겨 밥 먹을 시간이 없었는데 마침 발견한 궁민김밥 3,500원짜리 치고 정말 맛있게 잘 먹었습니다.",긍정적,긍정적
2024-05,"새싹보리 김밥 있길래 지나가다 샀어요
별로 맛도 없고 이가격이면 그냥 다른김밥 사먹겠어요",부정적,부정적
2024-05,자주 오는 분식집입니다,긍정적,긍정적
2024-04,아침 6시부터 영업해서 이른 시간에 식사하기 좋아요,긍정적,긍정적
2024-02,"시간이 20분밖에 없어서
급하게 들어갔는데
거의 10초만에 나왔어요 ㅋㅋㅋㅋ

궁채 씹히는게 맛있고 독특해요 !
무난한 야채김밥입니당 ㅋㅋㅋ",긍정적,긍정적
2024-09,맛있어요,긍정적,긍정적
2024-09,좋아요!!,긍정적,긍정적
2024-09,친절해요,긍정적,긍정적
2024-07,굿,긍정적,긍정적
2024-07,굿,긍정적,긍정적
2024-08,친덜해요,부정적,부정적
2024-07,굿,긍정적,긍정적
2024-06,굿,긍정적,긍정적
2024-07,굿,긍정적,긍정적
2024-01,김밥헤븐이랑 비슷하지만 덮밥이랑 비빔밥 종류가 더 괜찮은곳^^,긍정적,긍정적
2024-04,맛있어요 분식 먹고싶을때 좋아요.,긍정적,긍정적
2024-03,궁민김밥에 궁채 두배 김잡도 하나 만들어 주시면 안되요? ㅎㅎ넘 맛있어요,긍정적,긍정적
2024-06,굿,긍정적,긍정적
2024-03,"라면+돈까스 시킨 손님입니다
라면+돈까스 다먹고 밥 라면에 말아서 두숟갈 먹고 물뜨러 간 사이에 10초만에 그냥 치워버리면 어떡합니까?
제가 엥? 뭐지 이러니깐 다먹었으면서 ~ 이런대처 기분 상당히 불쾌하고 회사생활하면서 다신 평생 안올거 같네요",부정적,부정적
2024-07,좋아요!!,긍정적,긍정적
2024-01,"김밥이 맛잇습니다.
일반김에 야채가득이네요",긍정적,긍정적
2023-10,"김밥에 오이나 부추, 시금치 대신 궁채나물이 들어가서 오독오독 씹는 재미가 있어요!
가격도 강남 치고 괜찮은 편",긍정적,긍정적
2024-02,궁채가 들어가있어서 더 맛있어요!,긍정적,긍정적
2024-05,굿,긍정적,긍정적
2024-02,김치칼국수 칼칼하니 맛있었어요,긍정적,긍정적
2023-11,가격도 저렴하고 맛있고 양 많아요~,긍정적,긍정적
2024-01,"궁채의 아삭한 식감이 돋보이는 김밥이 맛있고 키오스크 주문이라 편합니다.
돈까스랑 우동도 맛있었어요!",긍정적,긍정적
2024-04,굿,긍정적,긍정적
2024-02,음식이 맛있어요.,긍정적,긍정적
2023-11,cheez 김밥 먹었다. 가벼운 한끼 식사로는 문제 없을 것 같다. 사장님이 친절하셔서 좋았다. 남자 사장님이 앉기 전에 테이블 한번 더 닦아주시는 센스가 줘.아.쒀~!였다.,긍정적,긍정적
2023-11,라면+김밥 세트로 7천원이라 가성비 좋아요! 여기 라면 근데 진짜 맛있어요ㅠㅠ,긍정적,긍정적
2023-12,참치김치찌개가 맛없기 힘든데..,부정적,부정적
2023-12,맛있고 저렴해요,긍정적,긍정적
2023-12,잘 먹었습니다,긍정적,긍정적
2024-02,굿,긍정적,긍정적
2024-03,.......,알 수 없음,알 수 없음
2023-12,메뉴 다양하고 가성비 좋아서 점심 먹기 딱 좋네여,긍정적,긍정적
2023-11,"궁채김밥 1주일전에 알고 나서 3번 갔어요. 식감이 넘 좋아요. 남자 사장님은 넘 친절하신데, 김밥사는 이모님(?)은 왜이리 불친절하신걸까요...화가 늘 나 계시네요.. 이런분은 그냥 주방에서 일하셨으면..",긍정적,긍정적
2023-09,뱅뱅사거리 주변에 아침일찍하는가게 빵집아니면 북어국집있는데 분식먹기엔 여기가 괜차나요..,긍정적,긍정적
2024-07,친절해요,긍정적,긍정적
2023-12,라면이랑 군만두 먹었어요ㅎ 가성비 최고!,긍정적,긍정적
2023-12,👍👍👍,긍정적,긍정적
2023-10,김밥 맛있는거같아요 다 기본이상은 합니다,긍정적,긍정적
2024-02,굿,긍정적,긍정적
2024-01,굿,긍정적,긍정적
2024-02,굿,긍정적,긍정적
2024-09,굿,긍정적,긍정적
2024-01,굿,긍정적,긍정적
2023-11,참치치즈김밥이 맛있어요,긍정적,긍정적
2023-12,굳,긍정적,긍정적
2023-11,라면이 맛있아요,긍정적,긍정적
2023-10,ɢᴏᴏᴅ ᴊᴏʙ,긍정적,긍정적
2023-08,빨리 먹고 들어가야해서 갔는데 짬뽕라면 맛있었어요 진짜 짬뽕느낌,긍정적,긍정적
2023-12,굿,긍정적,긍정적
2023-12,굿,긍정적,긍정적
2023-09,간이 조금 강하네요. 잘 먹었습니다.,부정적,긍정적
2023-07,"햄 안들은 김밥 조와하는데 맘에들어요
회사근처라서 종종 이용하는 분식집입니다",긍정적,긍정적
2023-11,굿,긍정적,긍정적
2023-09,김밥맛이 일품이고 식사 또한 맛 있읍니다,긍정적,긍정적
2023-04,"김밥에 초록색이 오이나 시금치, 부추가 아닌 궁채 예요~
오독오독 식감 좋아요.
가성비도 굿",긍정적,긍정적
2023-10,맛나용,긍정적,긍정적
2023-10,맛나요,긍정적,긍정적
2023-06,"아무리 직장인들 회사근처 장사라고 해도 …
8천원주고
라면사리 반의반개 두부 3조각 스팸 엄청작은 네모큐브사이즈로 5개 김치 양파 쪼가리 들어간게 너무 …
받자마자 다시 들고가서 이게맞냐고 여쭤보고싶었는데 다시 안가면 되지 하는 마음으로 참았습니다",부정적,부정적
2024-01,친절해요.,긍정적,긍정적
2023-09,김밥 맛 최고.라면 쫄깃,긍정적,긍정적
2023-08,친절하고 맛있습니다,긍정적,긍정적
2023-04,새싹비빔밥 양 많아요 야채를 손으로 집어주신거 ㅃㅐ면 다 만족이요,긍정적,긍정적
2023-10,굿,긍정적,긍정적
2023-10,맛있어요,긍정적,긍정적
2023-10,맛나요,긍정적,긍정적
2023-10,굿,긍정적,긍정적
2023-10,굿,긍정적,긍정적
2023-04,참치김치덮밥~양파도 많이 들었어요,긍정적,긍정적
2023-03,맛있고 혼밥하기 좋고 메뉴가 많아서 좋음,긍정적,긍정적
2023-10,맛나요,긍정적,긍정적
2023-09,굿,긍정적,긍정적
2023-02,"야채김밥+치즈라면
김밥 바쁠때가면 옆구리 터지게 말아주십니다 그래도 간은 다 잘배서 맛있어요",긍정적,긍정적
2023-03,사장님 계실때랑 안계실때랑 맛이 넘 달라요 토욜에 방문 했는데 5천원이나 하는 멸추김밥에서 비린맛 나고 쫄볶이는 달기만 하고 간이 하나도 없고 완젼 대실망이에요 돈 아까워요 이모님한테 얘기하니 멸치는 사장님이 볶았다면서 남얘기 하듯이 하더군요 사장님계실땐 맛있는데 앞으론 안갈것 같아요,부정적,부정적
2023-03,"참치김밥입니당~
햄을 안좋아하는데...
참치김밥에는 햄을 안 넣어주더라구용~
그래서 저는 참 좋습니다! ㅎㅎㅎㅎㅎㅎㅎ",긍정적,긍정적
2023-09,맛잇어여,긍정적,긍정적
2023-09,굿,긍정적,긍정적
2023-08,굿,긍정적,긍정적
2023-02,참치김밥과 라면만 묵다가 참치김치찌개시켜봄 밑반찬도 없지만 빨리나오고 참치가 많이 들어서 좋았음,긍정적,긍정적
2023-07,굿,긍정적,긍정적
2023-03,김밥이 맛있어요!,긍정적,긍정적
2023-06,강남오면 혼밥하는 집,긍정적,긍정적
2023-01,"참치땡초김밥은 처음 먹어보는데 참치랑 땡초랑 잘 어울려요~ 가격은 참치김밥, 땡초김밥 단품 가격 4,000원보다 1,000원 비싼데 보통 다른 가게들은 재료 1가지 추가되면 500원 추가되는데 여기는 1,000원이 추가돼서 비싼 감이 있어요.",긍정적,긍정적
2023-04,"김치수제비 진짜 맛있네요:)
다음에는 다른 메뉴 먹어보러 갑니당",긍정적,긍정적
2023-04,잘먹었습니다 😄,긍정적,긍정적
2023-04,새싹비빔밥 생각보다 맛나요,긍정적,긍정적
2023-01,간단하게 먹기 좋은 분식집이에요:),긍정적,긍정적
2023-06,친절하시고 싹싹하시고 맛도 있어요,긍정적,긍정적
2023-01,"회사앞이라 가끔씩 먹었는데..
오늘 치즈김밥 시켯는데 평소보다 김밥이 얇길래 봣더니 햄,계란,시금치 다 빠져있네요 물가 올라서 이제 재료도 바뀐건가요…?",부정적,긍정적
2023-04,라면 야채김밥 세투~저렴,긍정적,긍정적
2022-09,돈가스가 먹고싶어서 갔는데 돈가스 우동 세트가 있더라구요ㅋㅋㅋㅋ 세트니깐 우동이 미니로 나올 줄 알아는데 한 대접...!! 안에 어묵도 많고...!! 심지어 7천원대...!! 이지역에서 이만한 가성비 없을듯 ㅜㅜㅜ 남길 줄 알았는데 다 먹은 저도 레전드였어요..그만큼 맛있기도 맛있었음 ㅜㅜ 단골예정입니다,긍정적,긍정적
2022-12,돈가스 세트 메뉴 제 최애 점심입니다 ㅜㅜ,긍정적,긍정적
2022-11,"개인적으로 김밥에 햄 들어간 걸 싫어하는데 햄 없이 참치랑 우엉, 당근이 가득해서 좋아요!",긍정적,긍정적
2023-05,늦점심,부정적,부정적
2022-11,오늘은 참치김밥이 좀 짜네요ㅠㅅㅠ 그래도 주문하면 바로 받아올 수 있어서 편하고 좋아요!,부정적,긍정적
2023-05,평타,부정적,긍정적
2022-12,점심시간에 가면 잘 팔리는 김밥들은 미리 싸두셔서 빠르게 먹을 수 있어요!,긍정적,긍정적
2023-05,굿,긍정적,긍정적
2022-11,세트2번 김밥 라볶이 너무 맛있어요,긍정적,긍정적
2023-05,굿,긍정적,긍정적
2023-04,맛있어용👍,긍정적,긍정적
2023-02,오므라이스 존맛,긍정적,긍정적
2023-02,한끼 해결 합ㅣ다~~ㄴ,긍정적,긍정적
2022-12,늘 맛있게 먹고 있습니다!,긍정적,긍정적
2022-11,깔끔한 순두부찌개예요! 날이 추워지니깐 국물이 땡겨요ㅎㅎ,긍정적,긍정적
2022-12,오늘은 김밥에 참기름이 안 발라져 있어서 조금 실망스러워요ㅠㅠ,부정적,긍정적
2022-09,"참치김밥 이건 못참치..
참깨와 참기름을 발라있는 반지르르한 김밥은 아닌듯하나 젤 중요한 참치가 많이 들어있어 맛있고 주문이 빠르다~몇번째 포장해서 먹는즁",부정적,긍정적
2023-01,"주관적인 생각이 들어가있습니다.
총점은 5점 만점입니다😅

맛 : 3점
가 성 비 : 4.5점
분 위 기 : 1점
주차 및 교통 : 3점

가성비 및 혼밥으로는 확실하게 좋습니다",긍정적,긍정적
2023-01,김밥만 묵자 해놓고 신라면까지 잡솼음,부정적,부정적
2023-07,맛있어요,긍정적,긍정적
2023-02,"그냥 그래요 다신 안갈듯 해요,,",부정적,부정적
2022-11,김밥 종류별로 먹어보고 있어요ㅎㅎ 김치김밥 맛있어요~,긍정적,긍정적
2022-11,회사에서 저녁먹으러 갈때 이만한 곳이 없네요 ㅎㅎ,긍정적,긍정적
2023-04,맛나요,긍정적,긍정적
2022-11,회사점심에 가끔갑니다. 김치볶음밥맛잇네요,긍정적,긍정적
2022-11,간편하게 한 끼 먹는데는 김밥만한 게 없죠:) 항상 잘 먹고 있습니다!,긍정적,긍정적
2022-11,김밥 맛있어서 종종와요ㅎㅎ 참치김밥 참치가 많이 들어 있어서 좋아요~,긍정적,긍정적
2022-12,"쫄면먹었어요
감사합니다",긍정적,긍정적
2022-11,잘 먹고 있습니다!!,긍정적,긍정적
2023-01,"혼밥하기 좋아요
딱 그냥 좋아요",긍정적,긍정적
2023-03,굿,긍정적,긍정적
2022-10,라면 4000원 야채김밥 3000원 총 7000원에 구입해서 먹었어요. 먹다가 발견한 세트메뉴 라면+김밥세트 6500원이네요. 요런거 세트라고 말씀해주심 신뢰가서 더 자주방문할거 같아요.,긍정적,긍정적
2023-03,맛나요,긍정적,긍정적
2022-12,굿!,긍정적,긍정적
2022-12,"직장 근처 점심 시간에 많이 붐비는 곳.
맛은 쏘쏘지만 회전율이 빨라요",부정적,긍정적
2022-11,늘 맛있게 먹고 있습니다!,긍정적,긍정적
2023-01,귯뜨,부정적,부정적
2022-12,맛있어요~!!,긍정적,긍정적
2022-12,싸고 맛있어요 ~,긍정적,긍정적
2022-12,지나가다가 들어가봤어요,긍정적,긍정적
2022-10,김밥이 차져서 매우 먹음직하다,긍정적,긍정적
2023-02,굿,긍정적,긍정적
2022-11,"아 맛있어요
쫄볶이 맵지도 않고 좋아요",긍정적,긍정적
2023-01,점심간단용,긍정적,긍정적
2022-12,좋아요 친절해요,긍정적,긍정적
2023-01,무난무난,부정적,긍정적
2023-01,굿,긍정적,긍정적
2022-12,맛있어요,긍정적,긍정적
2022-12,맛있어요,긍정적,긍정적
2022-08,와 고추참치 맵네요? ㅎㅎ 그래두 맛있습니당 ㅎ,긍정적,긍정적
2022-12,맛있어요,긍정적,긍정적
2022-09,"무난한 분식집이고, 사장님도 친절해요.",긍정적,긍정적
2022-09,김밥천국 같은곳,긍정적,긍정적
2022-10,야채김밥맛있어요,긍정적,긍정적
2022-10,가성비 무난한 동네김밥집,긍정적,긍정적
2022-10,맛이 변했어요..ㅜ,부정적,부정적
2022-11,괜찮아요!!!!,긍정적,긍정적
2022-11,김밥 라면,긍정적,긍정적
2023-04,굿 좋아요,긍정적,긍정적
2022-12,굿,긍정적,긍정적
2022-10,김밥 맛집,긍정적,긍정적
2022-12,굿,긍정적,긍정적
2022-10,ㅇㅇ,부정적,긍정적
2022-11,좋아요,긍정적,긍정적
2022-10,김밥맛집인증,긍정적,긍정적
2022-08,가격은 올랐지만 맛있어요,긍정적,긍정적
2022-11,굿,긍정적,긍정적
2022-12,굿,긍정적,긍정적
2022-08,"김밥 맛집입니다.
재료를 아낌없이 씁니다.",긍정적,긍정적
2022-10,짜요,부정적,부정적
2022-10,좋아요~,긍정적,긍정적
2022-10,굿,긍정적,긍정적
2022-11,굿,긍정적,긍정적
2022-09,"김밥 맛있습니다.
야근할때 많이 먹어요",긍정적,긍정적
2023-04,굿좋아요,긍정적,긍정적
2022-10,빨리나옴,긍정적,긍정적
2022-12,김밥이 맛있어요,긍정적,긍정적
2022-10,좋아요,긍정적,긍정적
2022-11,굿,긍정적,긍정적
2022-10,샷,긍정적,긍정적
2022-10,굿,긍정적,긍정적
2022-11,굿,긍정적,긍정적
2022-11,굿,긍정적,긍정적
2022-08,친절하고 맛있습니다. 강추.,긍정적,긍정적
2022-10,굿,긍정적,긍정적
2022-10,굿,긍정적,긍정적
2022-10,굿,긍정적,긍정적
2022-07,"점심시간 바쁜 시간대인거 알지만 김밥 말아주시는 직원분 반말에 짜증내면서 내 돈주고 사먹은 음식을 내쫓듯 던지듯 주는 모습에 정말 최악이였습니다. 김밥천국때는 바쁘셔도 친절히 서빙하고 안내해주셨고 그때 그 김밥이 더 맛있고 좋았네요
다시는 안갈거같습니다",부정적,부정적
2022-11,굿,긍정적,긍정적
2022-10,굿굿,긍정적,긍정적
2022-11,맛나요,긍정적,긍정적
2022-10,긋굿,긍정적,긍정적
2022-10,굿,긍정적,긍정적
2022-07,친절하고 빠르게 포장해주셨습니다~!,긍정적,긍정적
2022-09,냠ㄴ,부정적,부정적
2022-12,친잘해요,긍정적,긍정적
2022-06,치즈김밥 포장했는데 괜찮았어요. 단무지맛이 좀 덜 시큼했으면 더 맛있을듯요,긍정적,긍정적
2022-10,굿,긍정적,긍정적
2022-09,좋아요,긍정적,긍정적
2022-07,"밥이 설익었어요.
김치볶음밥이
김치국물볶음밥같았어요",부정적,부정적
2022-09,조항유,긍정적,긍정적
2022-08,참치김밥이 가장 나아요,긍정적,긍정적
2022-10,맛나요,긍정적,긍정적
2022-10,맛있어요,긍정적,긍정적
2022-08,무조건 라면 김밥 드세요,긍정적,긍정적
2022-06,이 근처 밥값이 어마어마하게 비싼데 여긴 저렴하고 친절해서 괜찮아요.,긍정적,긍정적
2022-09,굿,긍정적,긍정적
2022-09,굿,긍정적,긍정적
2022-09,굿,긍정적,긍정적
2022-06,"김밥 너무 별로,,, 밥이 너무 떡져있어서 떡인지 김밥인지 모르겠고 맛도 없어요. 친절하지도않고",부정적,부정적
2022-09,굿,긍정적,긍정적
2022-12,친절해요,긍정적,긍정적
2023-01,좋아용~,긍정적,긍정적
2022-09,맛있음,긍정적,긍정적
2022-09,샷,긍정적,긍정적
2022-08,굿굿,긍정적,긍정적
2022-08,굿,긍정적,긍정적
2022-09,굿,긍정적,긍정적
2022-08,소소,긍정적,긍정적
2022-11,친절해요,긍정적,긍정적
2022-08,굿굿,긍정적,긍정적
2022-11,친절해요,긍정적,긍정적
2022-08,굿,긍정적,긍정적
2022-08,ㅓ,알 수 없음,알 수 없음
2022-10,😀,긍정적,긍정적
2022-07,쏘쏘...,부정적,부정적
2022-06,떡라면 든든해요,긍정적,긍정적
2022-06,혼밥하기좋아요,긍정적,긍정적
2022-12,참치김밥은 맛있음,긍정적,긍정적
2022-09,😋,긍정적,긍정적
2022-08,굿,긍정적,긍정적
2022-10,맛있어요!,긍정적,긍정적
2022-07,ㅏ,부정적,부정적
2022-08,굿,긍정적,긍정적
2022-08,굿굿,긍정적,긍정적
2022-07,맛있어요,긍정적,긍정적
2022-09,친절해요,긍정적,긍정적
2022-07,맛있어요,긍정적,긍정적
2022-07,맛있어요,긍정적,긍정적
2022-06,ㅏ,부정적,부정적
2022-09,친절해요,긍정적,긍정적
2022-07,좋아,긍정적,긍정적
2022-08,친절해요,긍정적,긍정적
2022-07,굿,긍정적,긍정적
2022-06,맛있어요,긍정적,긍정적
2022-08,친절해요,긍정적,긍정적
2022-08,친절해요,긍정적,긍정적
2022-08,친절해요,긍정적,긍정적
2022-08,😆,긍정적,긍정적
2022-08,맛있어요,긍정적,긍정적
2022-07,친절해요,긍정적,긍정적
2022-07,친절해요,긍정적,긍정적
2022-07,친절해요,긍정적,긍정적
2022-07,😅,긍정적,긍정적
2022-07,친절해요,긍정적,긍정적
2022-06,친절해요,긍정적,긍정적
2022-06,🤩,긍정적,긍정적
2022-06,좋아요,긍정적,긍정적
2024-02,김치칼국수 양 진짜 많고 맛있음요 얼큰한 맛까지 최고에욤,긍정적,긍정적
