﻿Date,Review,Final_Sentiment,맛,서비스,양,sentiment,Sentiment2
2024-06,"산낙지 - 쫄깃쫄깃하고 질기지 않다 톡쏘게 맵지 않으며 단백하다
삼겹살 - 맛있다-_-;;;ㅋㅋ

이집은 산낙지가 질기지 않고 쫀득함
그리고 밥 반찬이 맛있습 msg가 안 들어간 깔끔한 느낌",긍정적,긍정적,긍정적,알 수 없음,긍정적,긍정적
2024-03,"이 동네 대표적인 장수식당.
메뉴의 조리방법에 비해 빠르게 나오는 편이고 맛도 있고 메뉴 다양.
건강한 음식들이라 동네사람으로서 픽.",긍정적,긍정적,긍정적,알 수 없음,긍정적,긍정적
2022-01,"세련되지 않은 그냥 동네에 있을 가게가 강남에 떡.
하지만 산 낙지가 구워지는 모습은... 괜찮다.
낙지가격 싯가..",부정적,긍정적,부정적,알 수 없음,부정적,부정적
2021-01,"뱅뱅사거리 인근의 낙지, 쭈꾸미 요리 맛집",긍정적,긍정적,알 수 없음,알 수 없음,긍정적,긍정적
2023-01,"싱싱한 낙지, 삼겹살의 환상적인 콜라보, 조용하게 소주 한잔하기 편해요.",긍정적,긍정적,알 수 없음,알 수 없음,긍정적,긍정적
2022-01,"삼겹살과 낙지의 특이한 조합이 매력적이고
주인분 인심이 넘치는 곳",긍정적,긍정적,긍정적,알 수 없음,긍정적,긍정적
2023-01,집 밥 먹는 것 같은 느낌이었어요!! 맛있었어요~,긍정적,긍정적,알 수 없음,알 수 없음,긍정적,긍정적
2023-01,"가격이 알맞고
맛도 좋았습니다",긍정적,긍정적,알 수 없음,알 수 없음,긍정적,긍정적
2021-01,가성비 좋아요.  연포탕... 다른건 먹어보지 않아서...,긍정적,긍정적,알 수 없음,알 수 없음,긍정적,긍정적
2021-01,낙지요리가 먹을만 하네요,긍정적,긍정적,알 수 없음,알 수 없음,긍정적,긍정적
2023-01,동네 간편 맛집,긍정적,긍정적,알 수 없음,알 수 없음,긍정적,긍정적
2024-05,낙지 맛집,긍정적,알 수 없음,알 수 없음,알 수 없음,긍정적,긍정적
