﻿Date,Review,Final_Sentiment,맛,서비스,양,sentiment,Sentiment2
2024-06,로스팅도 직접하는 맛있는 커피샵,긍정적,긍정적,알 수 없음,알 수 없음,긍정적,긍정적
2021-01,"생두를 로스팅하는 커피숍.
문을 여는 순간 향기로운 커피향에 취한다.
드립커피의 경우 원하는 원두를 선택하여 즐길 수 있다.
지하철역에서 떨어져 있는게 조금 아쉽다.",긍정적,긍정적,긍정적,부정적,긍정적,긍정적
2022-01,"여기 커피맛이 일품이다

커피를 수입하는 회사에서
직영으로 운영하는 커피숍
품질이 좋다

로스터가 커피숍한쪽에서 구울땐 매장안이
구수한 냄새로 넘좋다

손님들이 많지 않아 조용히 시간 보내기 딱이다

이런 분위기를 좋아하는 사람들이 있다",긍정적,긍정적,긍정적,알 수 없음,긍정적,긍정적
2019-01,"밤11시까지 영업. 남순남순대국 집 맞은편에 있어서 좋음^^ 음료 종류가 벽에는 커피만 있고, 계산대 앞 메뉴판에 커피+안커피+와플 등 전메뉴 적혀있음. 커피 안드시는 분들도 올 수 있음:) 초코라떼는 카페에서 직접 만든 초코시럽  사용하신다고 함! 다른 프랜차이즈보다는 덜 달지만, 맛은,,,^^ 초코는 단맛~",긍정적,긍정적,긍정적,알 수 없음,긍정적,긍정적
2021-01,"뱅뱅사거리 커피집중 젤 역사가 있는곳
원두종류도많고 더치커피도 맛있는집입니다
로스팅을 직접하드라구요 주차장은 따로없어요",긍정적,긍정적,알 수 없음,부정적,긍정적,긍정적
2021-01,뱅뱅사거리 커피집. 뱅뱅사거리 지역에서 제일 커피 맛이 괜찮은곳.,긍정적,긍정적,알 수 없음,알 수 없음,긍정적,긍정적
2019-01,커피맛 좋으나 사장님?직원분 친절하지 않아요,부정적,긍정적,부정적,알 수 없음,부정적,부정적
2019-01,여기서 마신 흑단라떼 향기가 너무 좋네요. 추천드려요.,긍정적,긍정적,알 수 없음,알 수 없음,긍정적,긍정적
2017-01,"C 전반적으로 좋음. 커피, 분위기 만족스러움.",긍정적,긍정적,알 수 없음,알 수 없음,긍정적,긍정적
2018-01,"다양하고 재미있는 커피가 많음
와이파이도 잘 되고~",긍정적,긍정적,긍정적,알 수 없음,긍정적,긍정적
2017-01,에티오피아 너무 맛있어요 쓰지도 않고 풍부한 향을 모두 간직하고 있어요,긍정적,긍정적,알 수 없음,알 수 없음,긍정적,긍정적
2023-01,"커피 짱 맛있어요
사장님도 디테일 강점있으십니다
원두 선택해서 갈아왔어요",긍정적,긍정적,긍정적,알 수 없음,긍정적,긍정적
2016-01,"가게내에 커피를 볶는 기계를 볼수 있다. 커피 볶은 향이 구수하게 남아 있어서 행복한 기분이 든다.
주차는 되지 않습니다.",긍정적,긍정적,부정적,알 수 없음,긍정적,긍정적
2022-01,"맛좋은 커피집입니다. 핸드드립은 단품의 맛을 즐길수 있고, 리필도 해주니 아주 행복합니다",긍정적,긍정적,긍정적,알 수 없음,긍정적,긍정적
2022-01,"주차공간 한자리 있으나 치열함
커피 맛있고 원두구매 추천함
가능한 화장실이용은 다른곳에서..ㅜ",긍정적,긍정적,알 수 없음,부정적,긍정적,긍정적
2019-01,다양한 커피가 취향에 맞게 준비되어있고 신맛과 고소한맛이 조화롭게 맛있슴,긍정적,긍정적,알 수 없음,알 수 없음,긍정적,긍정적
2023-01,커피로는 어디서 안빠지는 집입니다,긍정적,긍정적,알 수 없음,알 수 없음,긍정적,긍정적
2016-01,가게에서 직접 로스팅하기에 에이림만의 커피를 맛 볼 수 있음.,긍정적,긍정적,알 수 없음,알 수 없음,긍정적,긍정적
2018-01,"비교적 평이한 커피맛 대비 높은 가격이 단점
테이크 아웃 시 20% 할인되니 테이크 아웃을 이용하면 좋을 듯",부정적,부정적,긍정적,알 수 없음,부정적,부정적
2019-01,"커피 맛 좋습니다!
공간이나 인테리어는 평범합니다.",긍정적,긍정적,알 수 없음,알 수 없음,긍정적,긍정적
2019-01,커피 종류는 다양하나 친절도는 별로.,부정적,알 수 없음,부정적,알 수 없음,부정적,부정적
2018-01,직접 볶은 콩으로 내리는 오늘의 커피 좋아요,긍정적,긍정적,알 수 없음,알 수 없음,긍정적,긍정적
2018-01,나름 적절한 맛의 드립커피 위주이지만 직원의 불친절함이 아쉽고 가격이 약간 센 편.,긍정적,긍정적,부정적,알 수 없음,부정적,긍정적
2017-01,커피맛은 괜찮은데 가격이 좀 비싼편,부정적,긍정적,알 수 없음,부정적,부정적,부정적
2020-01,에스프레소가 진하고 크레마 잘 떠있고 맛있었습니다,긍정적,긍정적,알 수 없음,알 수 없음,긍정적,긍정적
2018-01,라떼가 정말 맛있어요 분위기도 좋아요,긍정적,긍정적,알 수 없음,알 수 없음,긍정적,긍정적
2020-01,"질 좋은 원두, 탁월한 로스팅, 풍부한 향과 맛!",긍정적,긍정적,알 수 없음,알 수 없음,긍정적,긍정적
2022-01,비싸지만 커피 맛 좋은,긍정적,긍정적,알 수 없음,부정적,긍정적,긍정적
2019-01,원두가 진해서~라떼 맛 진짜 최고!!,긍정적,긍정적,알 수 없음,알 수 없음,긍정적,긍정적
2020-01,레알 찾기 힘든 커피 장인의 카페,긍정적,긍정적,부정적,알 수 없음,긍정적,긍정적
2020-01,뱅뱅사거리 최고 커피집,긍정적,긍정적,긍정적,알 수 없음,긍정적,긍정적
2017-01,커피 맛이 좋아요,긍정적,긍정적,알 수 없음,알 수 없음,긍정적,긍정적
2019-01,커피너무 맛있어요,긍정적,긍정적,알 수 없음,알 수 없음,긍정적,긍정적
2021-01,커피가 맛있는곳,긍정적,긍정적,알 수 없음,알 수 없음,긍정적,긍정적
2019-01,커피 맛있어요,긍정적,긍정적,알 수 없음,알 수 없음,긍정적,긍정적
2019-01,커피맛이  일품!,긍정적,긍정적,알 수 없음,알 수 없음,긍정적,긍정적
2017-01,커피 맛있습니다,긍정적,긍정적,알 수 없음,알 수 없음,긍정적,긍정적
2020-01,아메리카노 맛집,긍정적,알 수 없음,알 수 없음,알 수 없음,긍정적,긍정적
2021-01,바닐라라떼 쵝오!!!,긍정적,긍정적,알 수 없음,알 수 없음,긍정적,긍정적
2018-01,보통요,부정적,알 수 없음,알 수 없음,알 수 없음,부정적,부정적
2021-01,동네커피점,긍정적,알 수 없음,알 수 없음,알 수 없음,긍정적,긍정적
2018-01,분위기 좋음,긍정적,알 수 없음,알 수 없음,알 수 없음,긍정적,긍정적
2019-01,글쎄 ....,부정적,알 수 없음,알 수 없음,알 수 없음,부정적,부정적
2018-01,죽이죠,긍정적,긍정적,알 수 없음,알 수 없음,긍정적,긍정적
2016-01,커피 맛있습니다.,긍정적,긍정적,알 수 없음,알 수 없음,긍정적,긍정적
2019-01,나는 세계 어느 커피숍보다 추천하는 스페셜티 커피인 과테말라를 좋아한다(내가 경험한 바에 따르면). 맛과 향이 끝내줍니다~,긍정적,긍정적,알 수 없음,알 수 없음,긍정적,긍정적
2019-01,제가 제일 좋아하는 핸드드립 커피숍이에요. 여기를 추천합니다.,긍정적,긍정적,알 수 없음,알 수 없음,긍정적,긍정적
2016-01,좋은 선택이 가능한 좋은 곳이지만 조금 비싸요.,부정적,긍정적,알 수 없음,부정적,부정적,부정적
2020-01,최고 중의 최고,긍정적,긍정적,알 수 없음,알 수 없음,긍정적,긍정적
