﻿Date,Review,Final_Sentiment,맛,서비스,양,sentiment,Sentiment2
2024-04,"커피가 특히 맛있어요(신맛파),
싱글오리진도 맛있어요,
특별한 메뉴가 있어요,
사장님이 친절해요,
내부 인테리어가 깔끔해요,
사람이 많아서 조금 시끄러워요,",긍정적,긍정적,긍정적,알 수 없음,긍정적,긍정적
2023-01,"이근처에서는 커피맛이 젤 좋아요~
달달한 디저트도 있구요,가격도 착해요, 부부가운영하시는데 친절하시고~커피스템프 도장찍어 주시는데 1년만에 다시 방문했는데 기억하시더라구요~그리고 커피에 진심인게느껴져요~
커피가생각날때 다시 찾게되는매장이예요",긍정적,긍정적,긍정적,알 수 없음,긍정적,긍정적
2022-01,한가함.,긍정적,알 수 없음,알 수 없음,긍정적,긍정적,긍정적
