﻿Date,Review,Final_Sentiment,맛,서비스,양,sentiment,Sentiment2
2024-07,"매운짜장떡볶이 적당히 맛있네요!
아주 엄청나진 않지만 무난한 맛입니다.
아! 김밥 맛있어요! 간이 좀 쎈데 제 스타일! ㅎㅎ
가게 분위기는 좋고! 다음엔 저녁에 와서 냉삼 먹어볼께요!",긍정적,긍정적,긍정적,알 수 없음,긍정적,긍정적
2021-01,"추억의 떡볶이, 순대, 오뎅, 김말이를 배달시켜  먹었는데 현잠에 직접가서 먹어야겠어요. 선릉역 4번출구여서 직장근처니 꼭 다녀와서 집에서 그릇에 담은 사진말고, 현장사진리뷰 다시 올려야겠어요.^^ 순대 간 잘돼서 맛있구요. 떡볶이도 살짝 매운듯 맛있어요.~",긍정적,긍정적,긍정적,알 수 없음,긍정적,긍정적
2020-01,"이름만 선릉이고 양재역 4번 출구 쪽에 위치해있습니다. 잠깐 주변에 볼일이 있어 체인점 말고 개인 떡볶이집을 찾아다 들렀는데 꽤 괜찮네요. 2020년 7월 기준, 떡볶이 3천원, 튀김 5개 3500원입니다. 튀김은 새우, 야채, 김말이, 만두, 계란으로 이루어져 있습니다. 내부는 협소한 편이고 혼밥하러 오는 손님도 꽤 있네요. 배달 주문도 많은 것 같습니다.",긍정적,긍정적,긍정적,긍정적,긍정적,긍정적
2023-01,"음식이 다 맛있는데...
순대가 깨끗하고 맛있는데..
특히 간이 타이밍을 잘 맞추면 마치 푸아그라같은 부드럽고 기름진 맛이남
떡볶이는 밀떡 국물 떡볶이..
김밥도 맛있고...
나무랄게 없는 분식집...

사장님 건강하시길...",긍정적,긍정적,긍정적,알 수 없음,긍정적,긍정적
2022-01,"완전 옛날 스탈 떡볶이
맵지않고 자극적이지 않은 밀떡
추억찾기용으로 굿",긍정적,긍정적,알 수 없음,알 수 없음,긍정적,긍정적
2023-01,"다른 곳으로 이전하신다길래 후딱 먹고왓습니다.
요즘 물가가 많이 올라 분식 가격도 만만찮지만 맛있게 먹었어요!",긍정적,긍정적,알 수 없음,알 수 없음,긍정적,긍정적
2020-01,떡볶이 국물이 너무 맵지도 싱겁지도 않고 담백한 것이 정말 딱 좋습니다. 튀김범벅에 순대 강추합니다.,긍정적,긍정적,알 수 없음,알 수 없음,긍정적,긍정적
2022-01,"떡볶이 맛있음
참치김밥 맛있음
오뎅 맛있음 튀김 맛있음 순대 맛있음
그냥 김밥은 그냥 그럼
혼밥하기 좋음",긍정적,긍정적,알 수 없음,알 수 없음,긍정적,긍정적
2022-01,"학생들의 추억장소 학교앞 떡볶이집이 생각나게하는 밀떡
튀김도 맛나용",긍정적,긍정적,알 수 없음,알 수 없음,긍정적,긍정적
2021-01,가격대비 맛도 괜찮고 가격대도 좋음,긍정적,긍정적,알 수 없음,알 수 없음,긍정적,긍정적
2022-01,그냥 때우는집,부정적,알 수 없음,알 수 없음,알 수 없음,부정적,부정적
