﻿Date,Review,Final_Sentiment,맛,서비스,양,sentiment,Sentiment2
2022-01,"가격도 적당하고 맛도 괜찮은 식당
수제 김치만두가 여타 식당에 비해 뒤지는 면이 없고 밑반찬들도 정갈하고 맛있다",긍정적,긍정적,알 수 없음,긍정적,긍정적,긍정적
2021-01,"만두전골, 수제비, 삼겹살 등 음식이 맛있는곳",긍정적,긍정적,알 수 없음,알 수 없음,긍정적,긍정적
2021-01,맛 좋음. 국물이 돼지 육수치고는 시원함. 개인적으로 소육수나 양지육수같이 맑은 것을 선호해서..진한 거 좋아하면 딱..많이 먹는 스타일이면 더 좋음.,긍정적,긍정적,알 수 없음,긍정적,긍정적,긍정적
2023-01,"사장님과 직원이모도 친절하고 음식이 맛있네요. 반찬도  다 맛있네요.강추합니다.
재방문 예정입니다",긍정적,긍정적,긍정적,알 수 없음,긍정적,긍정적
2022-01,"안갈래요.
서비스인원이 없으니 서빙은 엉망이고 순서는 뒤죽박죽이여서 이테이블 나갈 순서가 아닌데 먼저 나왔으니까  늦는 메인메뉴는 이해해라 이런데입니다. 만두 그까짓거 얼마나 한다고 별것 들어가 있지 않은 만두전골 1인분이 12000원이네요. 재료가 풍성하거나 하지도 않고 만두 몇개와 칼국수면과 고기 한점 넣어놓고... 동네 회사원 상대로 장사하는 점심식사 비용치고는 과합니다.",부정적,부정적,부정적,부정적,부정적,부정적
2024-08,"양재 도곡동 일대 완전맛집^^
등심과 만두가 일품
사장님 짱 친절하심",긍정적,긍정적,긍정적,알 수 없음,긍정적,긍정적
2022-01,"김치만두전골이 유명합니다.
수제 만두이며 밥은 그냥 줍니다.
비오거나 할 때는 생각나면 종종 갈 것 같습니다.",긍정적,긍정적,부정적,부정적,긍정적,긍정적
2019-01,"계절 메뉴 비빔밥  가격표 없길래
그냥 ~8천원 하겠지 했는데...
1만원

도대체 왜 만원인지 모르겠음

가격표 없는거 조심하세요 ~~~

맛도 그냥 그래요~",부정적,부정적,부정적,알 수 없음,부정적,부정적
2019-01,매장에서 직접 빚는 김치만두  들어간 만두전골 가성비 좋고 맛도 좋아요. 추천합니다,긍정적,긍정적,알 수 없음,알 수 없음,긍정적,긍정적
2020-01,"맛있어요~~!!! 사장님 친절하시구요^^*
와서 드셔보세요 맛있습니다^^*
김치손만두전골, 김치생고기전골!!
나머지 메뉴들도 다 맛있습니다^^*",긍정적,긍정적,긍정적,알 수 없음,긍정적,긍정적
2021-01,전골이나 수제비 칼국수 등이 대체로 맛나다. 중년층이 주로 방문하며 칼국수 가격은 약간 비싼 편이다. 항아리에 나오는게 특징.,긍정적,긍정적,알 수 없음,알 수 없음,긍정적,긍정적
2019-01,"시원한 국물의 만두전골이 일품!
비오는날, 해물파전과 감자전으로 술한잔하며 즐기는 괜찮은 식당입니다.",긍정적,긍정적,알 수 없음,알 수 없음,긍정적,긍정적
2023-01,주인 아주머니가 친절하시고 음식도 맛있어요,긍정적,긍정적,긍정적,알 수 없음,긍정적,긍정적
2024-09,만두전골 가격이 너무 비쌈.,부정적,알 수 없음,알 수 없음,부정적,부정적,부정적
2021-01,김치만두 흉내만 낸 곳이 많은데 제대로 김치만두 잘한다.,긍정적,긍정적,알 수 없음,알 수 없음,긍정적,긍정적
2019-01,"술먹고 난 다음날 해장하기 좋은 손만두집
만두전골이 베스트 메뉴에요",긍정적,긍정적,알 수 없음,알 수 없음,긍정적,긍정적
2020-01,김치수제비와 감자전이 정말 맛있네요. 재방문하고 싶어요.,긍정적,긍정적,알 수 없음,알 수 없음,긍정적,긍정적
2020-01,"지하철역에서 거리가 있긴하나
음식이 맛있고 이모님이 무척 친절하십니다.",긍정적,긍정적,긍정적,알 수 없음,긍정적,긍정적
2023-01,동네에서 간단히 먹기 좋은 장소입니다,긍정적,알 수 없음,긍정적,알 수 없음,긍정적,긍정적
2020-01,만두에대한 자브심이 강한곳! 맛있어요,긍정적,긍정적,알 수 없음,알 수 없음,긍정적,긍정적
2019-01,"친절한 이모님. 하지만 의자에 옷이 붙어요.
좀 닦으시며, 청결하게 해주시면 좋겠습니다.",부정적,알 수 없음,긍정적,알 수 없음,부정적,부정적
2022-01,"해물 칼제비를 먹었는데 괜찮음
다만 수제비가 뭉쳐서 나와서 그건 조금 아쉬움",긍정적,긍정적,알 수 없음,부정적,긍정적,긍정적
2019-01,조금 느리지만 직접 빚은 손만두입니다. 고추가 많이 들어가서 매워요,긍정적,긍정적,부정적,알 수 없음,부정적,긍정적
2020-01,"수제비 맛있음, 얼큰칼제비는 해물과 콩나물 들어감 이것두 맛있음",긍정적,긍정적,알 수 없음,알 수 없음,긍정적,긍정적
2020-01,만두전골이 일품이고  삼겹살을먹는데  반찬이 이주좋아요,긍정적,긍정적,알 수 없음,부정적,긍정적,긍정적
2022-01,"사장님 친절하시고
맛도 좋고!
정이 느껴지는 곳입니다 ~^^",긍정적,긍정적,긍정적,알 수 없음,긍정적,긍정적
2021-01,맛있음.....만두도 직접 빚으신거고 국물도 아주 맛남,긍정적,긍정적,알 수 없음,알 수 없음,긍정적,긍정적
2023-01,한우고기와 전골이 아주 맛난집입니다.,긍정적,긍정적,알 수 없음,알 수 없음,긍정적,긍정적
2020-01,만두가 정말로 맛있는집이에요.,긍정적,긍정적,알 수 없음,알 수 없음,긍정적,긍정적
2019-01,좋았어요 한우 등심 먹으려 했는데 ...못먹음...,긍정적,긍정적,알 수 없음,부정적,부정적,긍정적
2019-01,"집밥 느낌이 나는 음식점!
가성비는 보통 또는 조금 비싼 편........",긍정적,긍정적,알 수 없음,알 수 없음,긍정적,긍정적
2020-01,음식이 전반적으로 짜요~,긍정적,부정적,알 수 없음,알 수 없음,부정적,긍정적
2021-01,맛은 좋지만 서비스가 약간 지연되는 경우가 많음,부정적,긍정적,부정적,알 수 없음,부정적,부정적
2021-01,만두랑 감자전 맛있어요,긍정적,긍정적,알 수 없음,알 수 없음,긍정적,긍정적
2019-01,맛있습니다^^  가격도 적당합니다^^,긍정적,긍정적,알 수 없음,알 수 없음,긍정적,긍정적
2023-01,비싸도 너무 비싸짐..후기수정! 비추,부정적,알 수 없음,부정적,부정적,부정적,부정적
2020-01,여긴 만두도맛잇고 수제비가짱,긍정적,긍정적,알 수 없음,알 수 없음,긍정적,긍정적
2021-01,"만두전골, 감자전 맛있습니다",긍정적,긍정적,알 수 없음,알 수 없음,긍정적,긍정적
2019-01,김치만두전골 예술입니다,긍정적,긍정적,알 수 없음,알 수 없음,긍정적,긍정적
2020-01,밑반잔 맛있어요,긍정적,긍정적,알 수 없음,알 수 없음,긍정적,긍정적
2022-01,콩국수 맛나네요,긍정적,긍정적,알 수 없음,알 수 없음,긍정적,긍정적
2021-01,참 적절하게 맛깔스런 정성어린 한끼,긍정적,긍정적,알 수 없음,알 수 없음,긍정적,긍정적
2021-01,점심 괜찮아요,긍정적,알 수 없음,알 수 없음,알 수 없음,긍정적,긍정적
2020-01,음식이 맛있습니다.,긍정적,긍정적,알 수 없음,알 수 없음,긍정적,긍정적
2020-01,만두전골 맛있음,긍정적,긍정적,알 수 없음,알 수 없음,긍정적,긍정적
2023-12,좋아요,긍정적,알 수 없음,알 수 없음,알 수 없음,긍정적,긍정적
2021-01,13년 단골집..,긍정적,긍정적,긍정적,알 수 없음,긍정적,긍정적
2019-01,그럴듯 해요,긍정적,알 수 없음,긍정적,알 수 없음,긍정적,긍정적
2020-01,칼국수 옛맛 그대로,긍정적,긍정적,알 수 없음,알 수 없음,긍정적,긍정적
2023-01,칼국수가 짬,부정적,긍정적,알 수 없음,알 수 없음,부정적,부정적
2020-01,굿굿 만두전골,긍정적,긍정적,알 수 없음,알 수 없음,긍정적,긍정적
2021-01,가성비 있는 식당,긍정적,긍정적,알 수 없음,알 수 없음,긍정적,긍정적
2019-01,맛나요,긍정적,긍정적,알 수 없음,알 수 없음,긍정적,긍정적
2021-01,특히 추울 때 점심을 먹기에 좋은 곳입니다. 뜨겁고 매콤한 만두찌개는 정말 맛있습니다. 사람이 꽤 많이 붐비기 때문에 인기 있는 시간은 피하세요.,긍정적,긍정적,알 수 없음,알 수 없음,긍정적,긍정적
2022-01,훌륭한 돼지고기 삼겹살 장소.  매우 독특한 요리 그릴과 훌륭한 김치 조합.,긍정적,긍정적,알 수 없음,알 수 없음,긍정적,긍정적
2020-01,매우 좋은,긍정적,긍정적,알 수 없음,알 수 없음,긍정적,긍정적
