﻿Date,Review,Final_Sentiment,맛,서비스,양,sentiment,Sentiment2
2023-01,"점심시간 처음 방문 했는대 약간의 대기가 있네요
참치회덮밥 특 양도 많고 맛있네요",긍정적,긍정적,알 수 없음,긍정적,긍정적,긍정적
2021-01,"참치 1인 38,000원인데 참 잘나옴. 코스 구성도 실속있고 다 맛있다. 손님 많은 장사 잘되는 강남 참치집",긍정적,긍정적,긍정적,알 수 없음,긍정적,긍정적
2022-01,"참치가 신선해서 좋아요.
참치 정식 양도 많고 구성이 좋아요.",긍정적,긍정적,알 수 없음,긍정적,긍정적,긍정적
2021-01,서비스 좋고 맛있음,긍정적,긍정적,긍정적,알 수 없음,긍정적,긍정적
2021-01,실장님이 너무 바쁘시고 서빙 하,부정적,알 수 없음,부정적,알 수 없음,부정적,부정적
