﻿Date,Review,Final_Sentiment,맛,서비스,양,sentiment,Sentiment2
2024-10,"뱅뱅사거리 근처 대운식당에 해장하러 가다가 저번에 눈여겨봐둔 전주 피순대로 급 변경해서 이른 저녁 먹으러 들림
직접 만든 피순대 맛보기와 순대국 특,보통 각각시켜서
먹어봤는데
부드러운 피순대가 너무 맛있었고 약간 시원하고 맑은 스타일의 육수가 너무 맛있어서 개눈감추듯이 들이킴
순대나 내장에 잡내도 하나도 없고 국물도 깔끔했고
신규업장이라 쾌적하고 기본찬류는 눈치안보고 가져다 먹을수 있는 셀프바가 있어서 좋았음
해장국외에 수육류도 있어서 다음에는 해장말고
소주 한잔 하러 가면 좋을듯 했음",긍정적,긍정적,긍정적,알 수 없음,긍정적,긍정적
