﻿Date,Review,Final_Sentiment,맛,서비스,양,sentiment,Sentiment2
2023-12,"화학조미료를 덜쓰고 건강하게 만드시는것 같으나, 그러기엔 너무 기름지고, 밥알이 질다...

뭐 어쨋든 건강한 중식을 만들어 주시려는 마음은 이해가는 식당.",긍정적,부정적,긍정적,부정적,긍정적,긍정적
2024-09,"음식은 좋았지만 살짝 느끼함
서비스는 부족하고
분위기도 이하동문…",부정적,긍정적,부정적,알 수 없음,부정적,부정적
2023-01,가격도 좋고 양도 많고 아주 맛있게 먹었습니다.  짜장면 소스도 매우 맛잇고 면도 탱글탱글했어요. 탕수육도 주문하자마자 튀겨 나와서 바삭한게 정말 맛있엇네요! 강남역 인근에서 제일 가성비 좋은 중식당인거 갔습니다.,긍정적,긍정적,긍정적,긍정적,긍정적,긍정적
2024-07,"가성비좋은 맛집
양이 많아요",긍정적,긍정적,알 수 없음,긍정적,긍정적,긍정적
2022-01,주방도 오픈주방이고 짬뽕은 얼큰하고 칼칼하고 아해장했으면 딱일거 같은데. 짜장면도 보통은넘구요 탕수육이 제입맛에 딱 바삭바삭한게 정말맛납니다.,긍정적,긍정적,알 수 없음,긍정적,긍정적,긍정적
2023-01,맛있고 양 많고 값싸요!,긍정적,긍정적,알 수 없음,긍정적,긍정적,긍정적
2022-01,강남역 인근에서 싸고 맛있습니다.~,긍정적,긍정적,알 수 없음,알 수 없음,긍정적,긍정적
2022-01,재료를 아끼지 않음..;;;,긍정적,긍정적,알 수 없음,알 수 없음,긍정적,긍정적
2021-01,아주좋아,긍정적,알 수 없음,알 수 없음,알 수 없음,긍정적,긍정적
2023-01,음식은 매우 맛있고 저렴했습니다. 레스토랑은 가족이 운영합니다. 딸은 매우 기분이 좋고 예의바르다. 일부 외국인에게는 찾기 어려울 수도 있지만 꼭 확인해보세요!,긍정적,긍정적,긍정적,알 수 없음,긍정적,긍정적
