﻿Date,Review,Final_Sentiment,맛,서비스,양,sentiment,Sentiment2
2024-09,"명인이 만든 족발은 다르네요. 밀크씨슬도 주고, 네이버영수증 리뷰 이벤트로 로또도 주는 재미난 식당이네요. 재방문 하고 싶은 족발맛집이네요. 다음에 가면 여러명이 방문해서 감자전을 꼭 먹어보고 싶어요.",긍정적,긍정적,긍정적,알 수 없음,긍정적,긍정적
2023-01,"불금이라 그런지 손님이 가득 차 있네요
모임 때매 양재역에 들렸다가 족발집에
방문했습니다.

족발이 잇몸으로 씹을 수 있겠다 싶을 정도로
부드럽습니다.

돼지고기 잡내, 육향 등에 민감한 편이라서
즐겨 먹는 음식은 아닌데
맛있게 잘 먹었습니다.
다만 컷팅 두께가 일정하지는 않고
좀 두툼하게 썰은 편입니다.

막국수는 국물이 살짝 있는 편인데
아예 마른 비빔국수거나 물국수였으면 좋았을거 같네요

꽃게탕?은 단만이 너무 강해서 조금 놀랐습니다.

족발집이 족발을 잘하면 됐지 싶네요
가게에 손님이 많아서 비좁았고
사람들의 얘기 소리가 크게 들려서
진중한 대화를 나누기에는 살짝 안맞는 느낌이었습니다.

맛이 있어서 혹여나
근처에 일이 생기면 재방문 할거 같네요

약간 소란스러운 실내 분위기가 괜찮다면
한 번 드셔보세요 ㅎㅎ",긍정적,긍정적,부정적,알 수 없음,긍정적,긍정적
2019-01,"이곳을 가야하는 이유라면...
족발자체가 너무 맛있습니다. 근데 웨이팅은 기본...
넉넉한 인심 막국수 감자전 냉채족발...
또 오게하는건 역시 음식맛이겠지요
양재에서 약속있으시다면 참족 강추합니다",긍정적,긍정적,부정적,긍정적,긍정적,긍정적
2023-01,강남에서 이만한 가격에 배부르게 먹을수 있는 가성비집은 별로 없다고 보면됨. 남자 3명이서 5.4만짜리 세트메뉴 시키고 소주 각 1병씩 하면 배부르게 먹을수 있음. 재방문의사 있음,긍정적,긍정적,알 수 없음,긍정적,긍정적,긍정적
2020-01,"단체모임하기에 좋은집!!
족발시키니까 해물탕도 주던데요...ㅎㅎ
먹다가 집에 있는 가족생각이 포장해서 왔습니다.",긍정적,긍정적,긍정적,긍정적,긍정적,긍정적
2023-01,회식은 양재족발맛집 참족에서 강력추천!!,긍정적,긍정적,알 수 없음,알 수 없음,긍정적,긍정적
2020-01,흔히 먹는 족발의 변신.참신하고 정갈하고 맛나게 시식.~~^^.양재 오면 가볼만한 식당.,긍정적,긍정적,알 수 없음,긍정적,긍정적,긍정적
2019-01,"뱅뱅사거리 스타벅스골목!!대박 맛집!!!!춘천에서 공부하러올 신한 소호학교 11기인데 맛집 투어 왔습니다.
소문대로 맛집 입니다~",긍정적,긍정적,알 수 없음,알 수 없음,긍정적,긍정적
2020-01,맛이 나쁘지는 않아요. 다만 전통적 족발맛을 기대하시면 안됩니다.,부정적,알 수 없음,긍정적,알 수 없음,부정적,부정적
2024-06,"맛있고,
직원도 친절하고,
걸어온 보람 했네요.",긍정적,긍정적,긍정적,알 수 없음,긍정적,긍정적
2024-09,ㅎ 공간이 덥고 차갑게 식혀 썰지않아 흐물흐물한 족 .그닥,부정적,부정적,부정적,알 수 없음,부정적,부정적
2024-02,젊은 층에게 널리 알려진 맛집인듯.  음식도 좋고 양도 부족함이 없음.  예약을 하고  가는 것이  촣은 곳,긍정적,긍정적,긍정적,긍정적,긍정적,긍정적
2021-01,너무 맛있어요 느끼하지도 않고 식감도 매우 좋앗습니다,긍정적,긍정적,알 수 없음,알 수 없음,긍정적,긍정적
2023-01,"족발이 야들야들, 감자전이 바삭!
오랜만에 한국에 왔는데 골목인에 이런 맛집이 있을 줄은 몰랐어요. 보물을 발견한 듯. 혼자만 알고 싶은 그런 집인데 이미 유명하신지 손님이 많았는데 그런데도 직원분들 친절하셨어요. 맛있는 해물탕까지 배터지는 줄 알았어요. 담에 또 가고 싶은 족발집. 담번엔 다른 맛 도전!",긍정적,긍정적,긍정적,긍정적,긍정적,긍정적
2022-01,좋네요  담에 재방문 희망한다고 합니다,긍정적,알 수 없음,긍정적,알 수 없음,긍정적,긍정적
2021-01,"늘 노력하는 사장님
맛에 이거저거 자잘하게 즐거움을 줌",긍정적,긍정적,긍정적,알 수 없음,긍정적,긍정적
2021-01,"겨울철 점심메뉴로 굴칼국수가 아주 일품입니다.
꽁꽁 얼었던 몸이 확 풀리네요~
메인 메뉴인 족발은 말할 것도 없이 맛납니다.
사장님이 꼼꼼하게 관리해서 그런지 바이러스 청정지역인것 같아요~",긍정적,긍정적,긍정적,알 수 없음,긍정적,긍정적
2023-01,회사 주변이라 가끔가는데 갈수록 손님이 많아서 웨이팅 해서 먹었네요 음식은 괜찮아요,긍정적,긍정적,긍정적,알 수 없음,긍정적,긍정적
2019-01,"가성비 좋아요.
뱅사 근처에서 먹기 좋음",긍정적,알 수 없음,알 수 없음,긍정적,긍정적,긍정적
2020-01,여기맛있고 괜찮아요 족발집이지만 점심메뉴가 정말좋아요 1인이상 방문시 제육과 김치찌개를 조화롭게 시키면 즐거운 점심시간~,긍정적,긍정적,알 수 없음,긍정적,긍정적,긍정적
2021-01,"동네 족발집인데 족발장인이 산다.
맛있어. 저는 족발은 여기서만 먹어요.
양재동 족발집 유명한데 여기가 더 맛있어서.
환경도 깔끔하고.",긍정적,긍정적,알 수 없음,알 수 없음,긍정적,긍정적
2018-01,가게 이름에서 느끼듯....맛은 좋다. 식당위치가 이면도로 안쪽에 있어서 단골만 갈수밖에...사장님이 홍보를 많이 하고 있기도 하다,긍정적,긍정적,긍정적,알 수 없음,긍정적,긍정적
2020-01,"적당한가격에 참 맛있는 족발, 흔한 족발집 같지 않은 모던한 분위기, 세트에 서비스로 나오는 탕은 메뉴로 추가하셔도 될 듯...위치만 더 좋았으면 더 대박났을 집.",긍정적,긍정적,긍정적,알 수 없음,긍정적,긍정적
2023-01,"만두전골 제육덮밥 모두 남자들이 먹기에도 양이 넘치도록 많고 맛도 좋음
사장님 친절하고 센스넘침",긍정적,긍정적,긍정적,긍정적,긍정적,긍정적
2019-01,"족발은 쫀득쫀득 맛있어요. 직화족발도 많이 맵지않고, 입안에 퍼지는 불향도 나쁘지 않아요.  막국수는 그럭저럭 보통...",긍정적,긍정적,알 수 없음,알 수 없음,긍정적,긍정적
2022-01,맛있네요. 근데 막걸리는 서울막걸리 넣어주세요. 프리미엄 한종류도 그렇고 너무 달아요.,긍정적,긍정적,부정적,알 수 없음,긍정적,긍정적
2020-01,메뉴 하나하나 정성이 들어있음이 맛에서 느껴지고 비주얼도 아주 훌륭함. 새싹인삼 한뿌리가 화룡점정,긍정적,긍정적,알 수 없음,알 수 없음,긍정적,긍정적
2021-01,"기본 족발, 매운 족발, 냉채 족발 모두 맛있어요.
근데 서비스로 나오는 꽃게 해물탕이 또 끝내줍니다.",긍정적,긍정적,긍정적,알 수 없음,긍정적,긍정적
2020-01,"살코기 보다는 콜라겐이 많은 부위만으로 나오는 족발!
더불어 매운불맛 족발이 더욱 구미를 더해주는 집",긍정적,긍정적,알 수 없음,알 수 없음,긍정적,긍정적
2019-01,"점심식사로 김치찌개와 제육볶음 인기
여럿이 와서 찌게와 제육을 나눠먹기 적당함
가격도 알맞음",긍정적,긍정적,알 수 없음,긍정적,긍정적,긍정적
2019-01,"직원분들이 친절하고 아주 맛있게 먹었어요
세트메뉴 마늘간장과 참족추천합니다",긍정적,긍정적,긍정적,알 수 없음,긍정적,긍정적
2023-01,"사장님 서비스 마인드가 좋아요.
족발도 맛있습니다",긍정적,긍정적,긍정적,알 수 없음,긍정적,긍정적
2023-01,"평범한 족발입니다, sns 활용 잘 하셔서 그런지 예약필요합니다",부정적,알 수 없음,긍정적,부정적,부정적,부정적
2020-01,"맛있어요. 특히 간장족발, 냄새없고 부드럽고 짭조릅 달콤 간이 잘 배어있습니다.",긍정적,긍정적,알 수 없음,알 수 없음,긍정적,긍정적
2023-01,"맛도 있고 분위기도 좋은, 행복한 시간을 보내고 온 곳입니다!!!",긍정적,긍정적,긍정적,알 수 없음,긍정적,긍정적
2022-01,점심 만원 구천원 치고 양도 많고 맛깔나요,긍정적,긍정적,알 수 없음,긍정적,긍정적,긍정적
2020-01,족발을좋아해서 유명족발집여러군데다녀봤지만 참족만큼 깔끔한집이 앖었네요,긍정적,긍정적,알 수 없음,부정적,부정적,긍정적
2020-01,"온족발이 정말 맛나요~
공짜로 주시는 꽃게탕도 꿀맛!",긍정적,긍정적,긍정적,알 수 없음,긍정적,긍정적
2023-01,맛나고 서비스굿. 이상하게도 앞다리 뒷다리 가격차가 별루없음.,긍정적,긍정적,긍정적,부정적,긍정적,긍정적
2020-01,맛이있음.. 족발냄새도 안나고 감자전도 너무 기름지지 않아서 좋았음,긍정적,긍정적,알 수 없음,알 수 없음,긍정적,긍정적
2018-01,족발과 주먹밥이 맛있고 회식하기 좋습니다.,긍정적,긍정적,알 수 없음,알 수 없음,긍정적,긍정적
2021-01,술이 대체로 비싸나 족발과 반찬들이 괜찮은 편.,긍정적,긍정적,알 수 없음,긍정적,긍정적,긍정적
2019-01,다양한 족발 메누~붐비는 시간에 가면 늦게 나옴 ㅠ,긍정적,긍정적,부정적,알 수 없음,부정적,긍정적
2021-01,"맛이 있음, 세트 메뉴 구성 좋음.",긍정적,긍정적,알 수 없음,알 수 없음,긍정적,긍정적
2021-01,"맛있는집입니다.
꼭가보세요.",긍정적,긍정적,알 수 없음,알 수 없음,긍정적,긍정적
2020-01,너무 맛있어요. 꼭 드셔 보세요,긍정적,긍정적,알 수 없음,알 수 없음,긍정적,긍정적
2018-01,개인적으로 서울 3대 족발중 하나입니다.,긍정적,긍정적,알 수 없음,알 수 없음,긍정적,긍정적
2019-01,실속세트 c 가성비 좋아요,긍정적,긍정적,알 수 없음,긍정적,긍정적,긍정적
2020-01,전체적으로 무난하다. 별 세 개에서 네 개 사이.,긍정적,알 수 없음,알 수 없음,알 수 없음,긍정적,긍정적
2020-01,족발이 부드럽고 사장님이 친절하심,긍정적,긍정적,긍정적,알 수 없음,긍정적,긍정적
2019-01,쫀득한 식감과 맛이 아주 좋습니다.,긍정적,긍정적,알 수 없음,알 수 없음,긍정적,긍정적
2020-01,정말 맛있는 족발 먹고갑니다,긍정적,긍정적,알 수 없음,알 수 없음,긍정적,긍정적
2018-01,족발은 괜찮아요. 점심은 .....,긍정적,긍정적,알 수 없음,알 수 없음,긍정적,긍정적
2020-01,점심 제육볶음   맛나요 ㅋㅋ,긍정적,긍정적,알 수 없음,알 수 없음,긍정적,긍정적
2019-01,돼지냄새남. 서비스는 좋다.,부정적,부정적,긍정적,알 수 없음,부정적,부정적
2020-01,정말 맛있게 먹었습니다,긍정적,긍정적,알 수 없음,알 수 없음,긍정적,긍정적
2019-01,"맛 5
일찍가야 앉을 수 있음",긍정적,긍정적,긍정적,알 수 없음,긍정적,긍정적
2020-01,세트메뉴 추천합니다,긍정적,알 수 없음,긍정적,알 수 없음,긍정적,긍정적
2023-01,굿,긍정적,긍정적,알 수 없음,알 수 없음,긍정적,긍정적
2022-01,맛있긴 맛있음;,긍정적,긍정적,알 수 없음,알 수 없음,긍정적,긍정적
2021-01,맛있게 먹었습니다.,긍정적,긍정적,알 수 없음,알 수 없음,긍정적,긍정적
2019-01,맛있고 깔끔!,긍정적,긍정적,알 수 없음,알 수 없음,긍정적,긍정적
2021-01,쏘쏘,부정적,알 수 없음,부정적,알 수 없음,부정적,부정적
2020-01,참좋은족발,긍정적,알 수 없음,알 수 없음,알 수 없음,긍정적,긍정적
2020-01,진짜 맛있음,긍정적,긍정적,알 수 없음,알 수 없음,긍정적,긍정적
2019-01,무난합니다.,알 수 없음,알 수 없음,알 수 없음,알 수 없음,알 수 없음,알 수 없음
2023-01,만나고 깔끔,긍정적,긍정적,알 수 없음,알 수 없음,긍정적,긍정적
2020-01,가성비 갑,긍정적,긍정적,알 수 없음,알 수 없음,긍정적,긍정적
2019-01,소박한 족발,긍정적,알 수 없음,알 수 없음,알 수 없음,긍정적,긍정적
2020-01,가성비,긍정적,알 수 없음,알 수 없음,알 수 없음,긍정적,긍정적
2019-01,굿!,긍정적,긍정적,알 수 없음,알 수 없음,긍정적,긍정적
2024-10,"매장에 항상 사람이 많아서 시끄러운것 빼곤 서비스, 맛 모든게 훌륭한 가게입니다.족발의 고급스런 맛을 아주 잘 소화해 내는 집이에요",긍정적,긍정적,부정적,알 수 없음,긍정적,긍정적
2023-01,"4명으로 16만만W였습니다. 막걸리, 소주, 빌딩과 4~5인분의 세트. 맛있고 먹을 수 없을 정도로 가득했습니다. 실내는 시끄럽지만 접객은 좋았습니다. 6시 전은 예약없이 넣을 것 같습니다.",긍정적,긍정적,긍정적,긍정적,긍정적,긍정적
2022-01,"개인적으로 영동족발보다 훨씬 좋아요!!! 한국 슈바인샤세 TOP 3!
이번 주말에 가족들과 함께 갈 계획이에요!",긍정적,긍정적,알 수 없음,알 수 없음,긍정적,긍정적
2021-01,좋아요~^^,긍정적,긍정적,긍정적,알 수 없음,긍정적,긍정적
2019-01,좋아요 정말 좋아요,긍정적,긍정적,알 수 없음,알 수 없음,긍정적,긍정적
2024-06,감사합니다~즐거운 주말 되세요!^^,긍정적,알 수 없음,긍정적,알 수 없음,긍정적,긍정적
2022-01,감사합니다~더욱 노력하겠습니다,긍정적,알 수 없음,긍정적,알 수 없음,긍정적,긍정적
2021-01,감사합니다~^^,긍정적,알 수 없음,긍정적,알 수 없음,긍정적,긍정적
2021-01,감사합니다~즐거운 주말 보내세요!^^♡,긍정적,알 수 없음,긍정적,알 수 없음,긍정적,긍정적
2020-01,감사합니다~♡♡♡,긍정적,알 수 없음,긍정적,알 수 없음,긍정적,긍정적
2020-01,감사합니다~^^♡♡♡♡♡,긍정적,알 수 없음,긍정적,알 수 없음,긍정적,긍정적
2020-01,감사합니다~^^,긍정적,알 수 없음,긍정적,알 수 없음,긍정적,긍정적
2020-01,감사합니다~좋은주말 보내세요~^^,긍정적,알 수 없음,긍정적,알 수 없음,긍정적,긍정적
2020-01,감사합니다~새해복 많이 받으세요~^^,긍정적,알 수 없음,긍정적,알 수 없음,긍정적,긍정적
2020-01,감사합니다~^^,긍정적,알 수 없음,긍정적,알 수 없음,긍정적,긍정적
2020-01,감사합니다~^^,긍정적,알 수 없음,긍정적,알 수 없음,긍정적,긍정적
2020-01,감사합니다~^^,긍정적,알 수 없음,긍정적,알 수 없음,긍정적,긍정적
2020-01,감사합니다~^^,긍정적,알 수 없음,긍정적,알 수 없음,긍정적,긍정적
2020-01,감사합니다~행복한 주말 되세요~^^*,긍정적,알 수 없음,긍정적,알 수 없음,긍정적,긍정적
2020-01,감사합니다~좋은하루 되세요!^^,긍정적,알 수 없음,긍정적,알 수 없음,긍정적,긍정적
2020-01,감사합니다~^^,긍정적,알 수 없음,긍정적,알 수 없음,긍정적,긍정적
2020-01,감사합니다~즐거운 주말 되세요~^^,긍정적,알 수 없음,긍정적,알 수 없음,긍정적,긍정적
2020-01,감사합니다,긍정적,알 수 없음,긍정적,알 수 없음,긍정적,긍정적
2020-01,감사합니다~^^,긍정적,알 수 없음,긍정적,알 수 없음,긍정적,긍정적
2020-01,감사합니다~좋은주말 보내세요~^^*,긍정적,알 수 없음,긍정적,알 수 없음,긍정적,긍정적
2020-01,감사합니다~,긍정적,알 수 없음,긍정적,알 수 없음,긍정적,긍정적
2019-01,감사합니다!^^,긍정적,알 수 없음,긍정적,알 수 없음,긍정적,긍정적
2019-01,감사합니다~^^,긍정적,알 수 없음,긍정적,알 수 없음,긍정적,긍정적
2019-01,감사합니다~더욱 열심히 하겠습니다~^^,긍정적,알 수 없음,긍정적,알 수 없음,긍정적,긍정적
2019-01,감사합니다~더욱 열심히 하겠습니다~^^*,긍정적,알 수 없음,긍정적,알 수 없음,긍정적,긍정적
2019-01,감사합니다~^^,긍정적,알 수 없음,긍정적,알 수 없음,긍정적,긍정적
2019-01,감사합니다~^^,긍정적,알 수 없음,긍정적,알 수 없음,긍정적,긍정적
2019-01,감사합니다~계속 노력하겠습니다^^,긍정적,알 수 없음,긍정적,알 수 없음,긍정적,긍정적
2019-01,감사합니다~^^,긍정적,알 수 없음,긍정적,알 수 없음,긍정적,긍정적
2019-01,감사합니다~^^,긍정적,알 수 없음,긍정적,알 수 없음,긍정적,긍정적
2019-01,감사합니다~^^,긍정적,알 수 없음,긍정적,알 수 없음,긍정적,긍정적
2018-01,감사합니다~^^,긍정적,알 수 없음,긍정적,알 수 없음,긍정적,긍정적
2018-01,좋은,긍정적,알 수 없음,알 수 없음,알 수 없음,긍정적,긍정적
2018-01,감사합니다~^^,긍정적,알 수 없음,긍정적,알 수 없음,긍정적,긍정적
