﻿Date,Review,Final_Sentiment,맛,서비스,양,sentiment,Sentiment2
2024-03,양재에 원래 유명하던 버들골이랑 느낌이 똑같네요. 같은 사장님 이신지. 신선한 해산물 안주를 저렴한 분식과 함께 즐길 수 있어 좋습니다.,긍정적,긍정적,긍정적,긍정적,긍정적,긍정적
2023-01,"점심에 자주 가는데 떢볶이에 치즈 추가하면 더 더 맛있어요.
그리고 마지막에 밥 볶아 먹으면 굿^^
떡볶이에 맥주죠 ㅋㅋㅋㅋㅋㅋ",긍정적,긍정적,알 수 없음,알 수 없음,긍정적,긍정적
2023-12,2차 3차로 좋음,긍정적,알 수 없음,긍정적,알 수 없음,긍정적,긍정적
2022-01,낮에는 떡볶이 저녁엔 해물포차로 변신,긍정적,긍정적,알 수 없음,알 수 없음,긍정적,긍정적
2020-01,뱅방사거리 2차의 대표적인 집. 남알바가 좀 싸가지 없음..그러려니..떡볶이+치킨 the best,부정적,긍정적,부정적,알 수 없음,부정적,부정적
2024-03,"친절,음식맛최고,가성비짱!",긍정적,긍정적,긍정적,알 수 없음,긍정적,긍정적
2019-01,떡볶이는 맛있구 튀김은따로 시켰는데 별로였다 그냥 떡볶이 시키고 나중에 밥 볶아 먹는게 제일 나은듯,긍정적,긍정적,부정적,알 수 없음,긍정적,긍정적
2021-01,"주로 2차로 가는데, 매번 떡볶이 시켜먹음. 인근에서 마시면 꼭 오게 됨.",긍정적,긍정적,알 수 없음,알 수 없음,긍정적,긍정적
2020-01,"저렴한 메뉴로 유인해놓고 정작 있는 메뉴는 없음
맛없음 불친절함 양적음",부정적,부정적,부정적,부정적,부정적,부정적
2021-01,떡볶이 맛집. 저녁에도 하는 지는 모르겠지만 추천,긍정적,긍정적,알 수 없음,알 수 없음,긍정적,긍정적
