﻿Date,Review,Final_Sentiment,맛,서비스,양,sentiment,Sentiment2
2021-01,"샌드위치가 요리가 되는 곳. 가격대는 있지만 맛있는 음식과 함께 여유로운 점심 시간을 즐길 수 있는 곳이었습니다. 직원 분들고 너무나 친절하시고, 같이 먹은 수프도 따뜻하고 맛있었어요. 음식이 자극적이지 않았던 것도 좋았습니다. 매장 바로 앞에 주차가 되는 것 또한 성수동에서 찾기 힘든 괜찮은 조건의 식당이라는 생각이 들었어요!",긍정적,긍정적,긍정적,알 수 없음,긍정적,긍정적
2020-01,"두가지 샌드위치와 샐러드, 따듯한 커피를 주문했어요. 빵은 다 뺑드에코 빵이라 두말할것도없이 맛있어요. 바게뜨를 이용한 핫 샌드위치와 식빵을 이용한 매운 트러플 샌드위치 둘다 맛있었어요. 커피는 살짝 산뜻한 산미가 있는데 적당히 맛있는 산미였어요~ 매장은 자그마하고 편안한 분위기입니다. 냄새가 전체적으로 좋습니다.
접시 컬러감과 플레이팅이 깔끔하고 예뻐요~ 한상 가득 차려두었는데 접시들 컬러 조합이 좋더라구요.",긍정적,긍정적,긍정적,긍정적,긍정적,긍정적
2020-01,"샌드위치가 참 맛있네요! 재료도 알차고 한끼 든든하게 먹었어요! 곁들여 먹는 피클도 맛있고 서비스도 좋습니다.
음식점 옆에는 전시회도 하고 이색적인 공간이 있어 좋았습니다.
정성스럽게 내어주는 샌드위치 맛집이네요.
테이크아웃도 깔끔하게 해줘서 넘 만족합니다. 주차공간도 있고 좋습니다.",긍정적,긍정적,긍정적,긍정적,긍정적,긍정적
2022-01,샌드위치가 이렇게 맛있을일인가요! 집밥같은샌드위치 같이나오는 핫소스도 너무맛있어요 장소도 붐비지않아서 너무 좋았구요,긍정적,긍정적,긍정적,알 수 없음,긍정적,긍정적
2020-01,있는 듯 없는 듯 조용하게 자리하고 있는 샌드위치 가게. 샌드위치가 진짜 맛있어요. 무엇보다 친절한 메뉴판이 감동입니다. 다음에 기회가 된다면 또 맛보고 싶네요.,긍정적,긍정적,긍정적,알 수 없음,긍정적,긍정적
2020-01,"샌드위치를 단순한 요깃거리가 아닌 요리로 경험해보고 싶으시다면 방문해보시길 추천드려요.
어느정도 샌드위치가 가지는 가벼운 느낌을 가지면서도 재료들의 좋은 궁합을 통해, 균형있는 맛의 제시가 설득력 있어서 좋았어요.
특히 잣과 치즈 믹스는 두 재료를 섞어서 고소함을 배로 끌어낸 것 같아 인상깊었네요.
아쉬운 점이라면 샌드위치가 큰 편은 아니어서 성인 남성 기준으로 한접시로는 부족할 수도 있어요.
맛 외에도 내부 분위기도 좋고 사장님도 너무 친절하셔서 여러모로 좋은 기억으로 남았습니다.
재방문 의사 o",긍정적,긍정적,긍정적,부정적,긍정적,긍정적
2021-01,샌드위치 양은 적지만 맛은 good!! 스프도 뜨끈하고 내용물 알차고 빵도 리필되서 좋아요!! 그리고 에디오피아 싱글 아메리카노가 완전 맛있어요!! 초콜렛 향이 풍부하고 가볍고 산뜻한 맛인데 계속 생각나는 맛!!,긍정적,긍정적,긍정적,부정적,긍정적,긍정적
2019-01,"커피는 더치 밖에 없는 듯 했는데 맛은 좋았어요. 샌드위치는 하나에 만 원 정도라 비싸긴 한데 괜찮아요. 하지만 풀드포크는 너무 맵고 빵이 딱딱했어요. 명함 같은 메뉴판에는 8, 9월이라고 써 있는 거 보니 두 달에 한 번씩은 메뉴가 바뀌는 듯 해요.",긍정적,긍정적,알 수 없음,부정적,긍정적,긍정적
2023-01,"에피소드 로비에 위치, 일요일에도 영업해서 좋아요. 음식도 건강하고, 오픈키친으로 깔끔하게운영되고 있음.
저번엔 완탕수프 브로스에서 약간 비린 향이 났어요.

주차장이 좁아서 지하5층까지 내려가도 자리가 없는 점, 1시간만 지원되는 점 외에는 좋았습니다.",긍정적,알 수 없음,긍정적,부정적,긍정적,긍정적
2021-01,"속 재료의 조화가 좋은 샌드위치 맛집!
반 조각만 먹어도 든든하고 배불러요 ㅎㅎ
분위기도 좋습니다.",긍정적,긍정적,알 수 없음,긍정적,긍정적,긍정적
2020-01,맛은 있는데 양이 작아요. 간판이 없어서 찾기가 좀 힘들어요. 음료 종류가 더 많았으면 좋겠어요. 다른 샌드위치가 먹고 싶었는데 솔드아웃되서 다른 거 시켰는데 좀 아쉽네요.,긍정적,긍정적,부정적,부정적,부정적,긍정적
2021-01,"맛있지만
비싸서 4점
샐러드 드레싱이 진짜 장난아니게 맛있고요
샌드위치는 로스트치킨 추천합니다",부정적,긍정적,알 수 없음,알 수 없음,부정적,부정적
2022-01,종업원이 매장에서 응대가 친절하고 트러플 핫소스가 맛있어요 로스트비프와 트러플로스트치킨이 추천메뉴입니다,긍정적,긍정적,긍정적,알 수 없음,긍정적,긍정적
2021-01,"Acca 샌드위치 정말 맛있게 먹었다
비싸지만 제값하는 맛과 퀄리티
재료 본연의 매력을 100% 끌어올려서 매력적이다
흔히 찾을 수 없는 식재료로 정성을 가득 담은 샌드위치
정말 좋은 경험!",긍정적,긍정적,알 수 없음,알 수 없음,긍정적,긍정적
2019-01,진짜 넘 맛있어요♡♡♡♡ 나만 알고싶은 그런 곳이에요 ;) 달마다 메뉴가 바뀌는 샌드위치 전문점. 또 갈게용 ㅋㅋㅋ,긍정적,긍정적,긍정적,알 수 없음,긍정적,긍정적
2020-01,"성수동에서 살짝 안쪽에 위치.. 간판이 없어서 여긴가 하고 헛갈리는 곳이 맞음..^^
Acca 메뉴에서 그린빈보다는 오크라가 더 어울리는 것같음...가격대비 양은 작아 부족한데? 느낌이 들지만 좋은 재료구나는 인정~~",긍정적,긍정적,알 수 없음,부정적,긍정적,긍정적
2021-01,담백하고 신선하고 건강한 샌드위치 맛 좋았습니다:),긍정적,긍정적,알 수 없음,알 수 없음,긍정적,긍정적
2023-01,대부분의 리뷰가 몇년 전인걸로 봐서 예전하고 많이 바뀐 모양이네요. 매장의 성격이 불분명합니다. 건물내 다른 회사의 서브 매장 같기도 하고. 이 가격에 알바생 둘이 만드는 이 정도 샌드위치를 팔면 곤란하지요.,부정적,부정적,부정적,부정적,부정적,부정적
2021-01,직원분들 친절하시고 음식들 하나하나 맛있었습니다,긍정적,긍정적,긍정적,알 수 없음,긍정적,긍정적
2019-01,깔끔하고 맛있는 샌드위치집. 좋아요!!,긍정적,긍정적,알 수 없음,알 수 없음,긍정적,긍정적
2019-01,"풀드포크, 로스트비프, 스모크드살몬 샌드위치를 먹어 보았는데 가격은 조금 비싸지만 (1만원) 모두 맛있었어요. 샌드위치의 신세계란 다른 리뷰 표현이 딱 적절하게 느껴집니다.

특히 풀드포크가 약간 매콤한 맛과 코울슬로의 약간 시큼한 맛과 빵의 적당한 바삭함이 너무 잘 어울려졌습니다.

메뉴가 자주자주 바뀌는 듯 한데요.
저는 토마토치킨스프가 있을때 한 번 먹어봤었는데 너무 맛있었습니다. ㅜㅜ",긍정적,긍정적,알 수 없음,알 수 없음,긍정적,긍정적
2021-01,장난없습니다 샌드위치이므로 성수에 브런치로써 제격 맛보고 놀랩니다,긍정적,긍정적,알 수 없음,알 수 없음,긍정적,긍정적
2023-01,"먹으러 가면 기분이 좋아지는 곳. 커피, 샐러드, 샌드위치 모든 음식이 맛있구 친절함이 더해진 곳.",긍정적,긍정적,긍정적,알 수 없음,긍정적,긍정적
2020-01,간판이 없고 있지 않을만한데 있어 찾기가 어렵네요. Take-out 해서 서울숲공원에서 먹었는데 맛있어요~ 다만 조금 비싼듯,긍정적,긍정적,알 수 없음,부정적,부정적,긍정적
2020-01,한 입 먹자마자 너무 맛있어서 와구와구 먹었다. 입짧은 나도 양이 좀 아쉬워 두명이서 메뉴 3개는 시켜야 양이 찰 듯,긍정적,긍정적,알 수 없음,부정적,긍정적,긍정적
2020-01,"신선하고 독특한  맛있는 샌드위치가게
일찍마감하니꼭시간확인..재료소진되는것도..체크필요",긍정적,긍정적,부정적,부정적,긍정적,긍정적
2021-01,가격에 비해 포장은 영 아니네요. 시장에서 순대 떡볶이 살 때 주는 비닐 봉지 ㅠㅠ,부정적,알 수 없음,부정적,부정적,부정적,부정적
2021-01,"앞에 주차공간 있어서 너무 좋고, 소스랑 샌드위치 존맛존맛!",긍정적,긍정적,알 수 없음,알 수 없음,긍정적,긍정적
2020-01,맛있었어요,긍정적,긍정적,알 수 없음,알 수 없음,긍정적,긍정적
2019-01,"맛있어서 찾아간다,,.,,.",긍정적,긍정적,알 수 없음,알 수 없음,긍정적,긍정적
2021-01,레스토랑에서 먹는 샌드위치. 맛있당!,긍정적,긍정적,알 수 없음,알 수 없음,긍정적,긍정적
2021-01,샌드위치의 최고급 레벨이지 싶습니다.,긍정적,긍정적,알 수 없음,알 수 없음,긍정적,긍정적
2020-01,여성적인 공간에 투박하고 멋진 사장님,긍정적,알 수 없음,긍정적,알 수 없음,긍정적,긍정적
2019-01,싱그러운 샌드위치를 파는곳,긍정적,긍정적,알 수 없음,알 수 없음,긍정적,긍정적
2021-01,샌디가 맛있어요,긍정적,긍정적,알 수 없음,알 수 없음,긍정적,긍정적
2019-01,인생 샌드위치♡,긍정적,긍정적,알 수 없음,알 수 없음,긍정적,긍정적
2021-01,맛있어요,긍정적,긍정적,알 수 없음,알 수 없음,긍정적,긍정적
2021-01,truff소스 체험장,긍정적,긍정적,알 수 없음,알 수 없음,긍정적,긍정적
2021-01,따뜻한 샌드위치와 맛있는 재료를 주문하기에 좋은 곳입니다. 주차 공간이 있고(훌륭함) 천연 와인을 제공합니다. 코로나가 끝나서 친구들과 와인도 마시고 식사도 할 수 있었으면 좋겠습니다...,긍정적,긍정적,알 수 없음,알 수 없음,긍정적,긍정적
2020-01,인생이 이보다 더 나아질 수는 없습니다,긍정적,긍정적,알 수 없음,알 수 없음,긍정적,긍정적
2020-01,좋은 서비스. 맛있어요.,긍정적,긍정적,긍정적,알 수 없음,긍정적,긍정적
