﻿Date,Review,Final_Sentiment,맛,서비스,양,sentiment,Sentiment2
2024-10,"양재역에 있는 체인점이 아닌 치킨집입니다. 내부가 크지 않아 테이블 간 간격이 좁고 꽤나 시끄러울 수 있다는 점은 감안하셔야 합니다.
치킨은 튀김이 약간 옛날식과 요즘 치킨의 사이 느낌입니다. 이집 치킨의 가장 큰 강점은  튀김은 굉장히 바삭하고 살은 촉촉하다는 것 입니다. 튀김옷이 굉장히 바삭하게 튀겨서 나오는 편이라 고소한 맛이 나서 치킨치고는 덜 느끼합니다.  겉을 바삭하게 튀기는 것에 비해서 치킨살이 오버쿡되지 않고 촉촉한 편이라 상당히 맛있게 먹었습니다.
금요일에는 고객이 꽤 많으니 참고하세요.",긍정적,긍정적,부정적,알 수 없음,긍정적,긍정적
2024-08,"24.08.14 친구랑 2차로 순살반반 조짐.

캐챱 마요네즈 조합의 옛날 사라다 넘모 좋구요.

순살도 넘모 맛도리.

그리고 화장실 대박 깔끔 고급스...",긍정적,긍정적,긍정적,알 수 없음,긍정적,긍정적
2021-01,"저번에 먹고 반해서 전화했는데

""배달되나요?""
""우리는 배달 안 돼~호호호 십오 분 전에 시켜서 다들 들고 가~""
""(다시 전화함) 방금 전화한 사람인데요!!! 후라이드 말고 핫 후라이드 되나요!!!!""
""우리는 이제 다 핫후라이드야 호호호호""

이 배달의민*과 요기5가 판치는 세상에 배달이 안되니 들고 가라는 저 당당함.. 머싯엉..-//- 아쉬운 제가 슬리퍼 신고 갔다 왔습니다. 후라이드 한 마리 시키자니 간 게 아까워 양념 반 마리를 더 시키고 엄마한텐 한 마리라고 속였습니다. 왜 우리 집은 네 명이서도 한 마리를 시켜야하고 세 명이어도 한 마리를 시켜야 할까요 혼자서 한 마리도 먹는데? 여튼 앉아서 기다리니 외국인이 들어와 능숙하게 반반 순살을 시킵니다 응?

""오늘 순살이 다 떨어졌는데 미안하네 호호호호 뼈로 줄게""

아주머니 성격이 좋으시네요. 되게 오래된 곳인데 배달 앱도 못쓰시고 한곳을 지키시는 게  저희 아빠 가게 같아요. 길게 흥하세요 사장님, 근데 치킨 진짜 맛나요. 치킨 상태도 좋고요. 양념 좋아하는 제가 후라이드 맛집이라고 얘기하면 말 다 했죠. 병사이다는 계속 지켜 주세요. 봉다리무는 플라스틱 통으로 바꿀 생각 없으신가요????!!!! ㅋㅋㅋㅋ

퇴근 후 매장에서 치킨 먹으면 피로가 풀릴 거 같아요. 작은데 따듯한 느낌의 공간입니다. 기분 좋네요~",긍정적,긍정적,부정적,부정적,부정적,긍정적
2023-01,"아주머니가 음식이나 물건을 내려놓는 스냅감이 묘하게 던지는 느낌이 있다.
내가 잘 못한게 있나 생각 하며 시간을 보낸 장소.",긍정적,알 수 없음,부정적,알 수 없음,부정적,긍정적
2022-01,예전에 맥시칸 켄터키 후라이드 치킨 그 맛을 느낄 수 있어서 좋았습니다  다른 시중에 치킨과 차별화된 독특한 풍미와 향을 느끼고 싶다면 한 번 가보세요 ^^   겉바속촉에 닭잡내는 거의 못느끼겠네요 ~~  그리고 샐러드 데코는 웃음을 자아냅니다 ㅋㅋ,긍정적,긍정적,긍정적,부정적,긍정적,긍정적
2019-01,맛있어요. 그런데 담날 같이 먹은 친구랑 둘다 배탈났음. 근데 배탈나도 또가고싶음ㅋㅋ,긍정적,부정적,알 수 없음,알 수 없음,부정적,긍정적
2021-01,"정말 오랜만에 방문함
맛있는 집이었음
주인아줌마가 세상 싸가지 없어짐
반말 찍찍하고 서있다고 밀치고
주문한걸로 시비걸고
자리 많은데 왜 여기 앉냐고 시비걸고
최악의 아줌마가 되어버림
다시는 안갈듯
맥켄치킨 안녕
바이짜이찌엔",부정적,긍정적,부정적,알 수 없음,부정적,부정적
2021-01,동네 맛집인듯 사람도 많고 화장실도 가까워서 좋아요,긍정적,긍정적,긍정적,알 수 없음,긍정적,긍정적
2021-01,"동키치킨처럼 향수를 느끼게 하는 브랜드입니다. 리뉴얼이 있었는지 후라이드가 약간 요즘 느낌의 튀김옷입니다. 얇은 튀김옷에 세이버리한 풍미를 기대했는데 기대와는 약간 달랐습니다. 하지만 오랫동안 자리를 지키고 있는 지점이고, 주변 직장인들의 2차 성지여서 특히 요즘 같은 계절에 엄청 붐비는 매장입니다. 인상깊었던것은 뻔한 카스 생맥주인데 유난히 맛있었습니다. 아마도 회전율이 좋고, 관리를 잘 하는 느낌을 받았습니다.",긍정적,부정적,긍정적,알 수 없음,긍정적,긍정적
2019-01,요즘같은 날씨에 밤바람 맞으며 치킨먹기엔 딱인 곳이에요. 특히 밖에 나와 앉으시면 물론 대로변 소음은 있어도 엄청 시끄러운 맥주집보단 훨씬 좋은 분위기를 느끼실 수 있습니다.,긍정적,긍정적,긍정적,알 수 없음,긍정적,긍정적
2020-01,"치킨 최고의맛. 풍부한 살코기, 아주적당한 껍데기, 중독성 작살나는 양념맛, 아주조금의 매콤함으로 감칠맛 300%짜리 후라이드. 게다가 2치킨+5병가량의 주류를 시키면 다먹을즈음 주시는 서비스 황도 혹은 쥐포는 몹시 깔끔한 마무리. 좁은업장에 대기는 없으나 사람이 거의매번 만석인것은 그만큼의 이유가 있는것. 오죽하면 퇴근하고 반대방향으로 2정거장이지만 와서 먹겠습니까.. 제발 구로구에도 체인하나만 내주십쇼",긍정적,긍정적,긍정적,알 수 없음,긍정적,긍정적
2016-01,"핫후라이드 맛납니다! 일부러 찾아가기도 합니다.
최근 건물자제가 리뉴얼하여 가게도 건물내화장실도 깨끗합니다.

단 양념소스는 첨부터 추가로 달라고하지 않으시는게 좋습니다..종지에 나오는양 하나 더 달랬다가 그야말로 '썽'을 내셨습니다ㅎㅎ

그래도 치킨은 맛있습니다ㅎㅎ",긍정적,긍정적,부정적,알 수 없음,긍정적,긍정적
2013-01,반마리 포장도 되고 닭도 엄청 잘튀기셔서 맛있어요. 체인마다 다르겠지만 서초점은 맛있어요.,긍정적,긍정적,알 수 없음,알 수 없음,긍정적,긍정적
2022-01,"통통한 치킨과 옛날 케찹&마요네즈 샐러드!
골뱅이 무침과 함께라면 코알라 쌉가능♡",긍정적,긍정적,알 수 없음,긍정적,긍정적,긍정적
2022-01,"나름 노포인데 한가하네요!
어르신들 웃을 수 있게 돈쭐 한번 내주세요.",긍정적,알 수 없음,긍정적,부정적,긍정적,긍정적
2020-01,"강남 서초에서 제일 맛있는 닭집.
마늘 잔뜩 넣은 오뎅탕은 미친 별미 중 하나.",긍정적,긍정적,알 수 없음,알 수 없음,긍정적,긍정적
2020-01,사장님 내외가 하시는데 속도는 안나오는 편입니다. 요 근래에서 치맥하기엔 여기밖에 없는듯요,긍정적,알 수 없음,부정적,알 수 없음,부정적,긍정적
2023-01,치킨이 참 맛있었어요,긍정적,긍정적,알 수 없음,알 수 없음,긍정적,긍정적
2021-01,"30년이흘러도변함없는
그때그자리 ㆍ다큰아이들과
추억여행을",긍정적,알 수 없음,긍정적,알 수 없음,긍정적,긍정적
2021-01,최고의 치킨 맛 입니다. 평소에는 자리가 없어요.,긍정적,긍정적,부정적,알 수 없음,긍정적,긍정적
2021-01,생맥주 맛 좋네요. 프라이드도 좋고..가성비 최고..,긍정적,긍정적,알 수 없음,알 수 없음,긍정적,긍정적
2020-01,양념치킨 자극적이지않고 맛이 괜찮네요,긍정적,긍정적,알 수 없음,알 수 없음,긍정적,긍정적
2020-01,맛없지 않음 ㅋㅋㅋ 낮술할때 딱 그자리 있을때 추천.. 친절함..,긍정적,알 수 없음,긍정적,알 수 없음,긍정적,긍정적
2022-01,내 최애 동네 단골집 벌써 몇년째인지 모르겠음!,긍정적,긍정적,알 수 없음,알 수 없음,긍정적,긍정적
2020-01,매일먹어도 안질리는 최고의 치킨입니다^^,긍정적,긍정적,알 수 없음,알 수 없음,긍정적,긍정적
2021-01,옛날에 먹던 맵짠 치킨의 교과서! 이곳이 치맥은 진리!,긍정적,긍정적,알 수 없음,알 수 없음,긍정적,긍정적
2022-01,그냥 옆집에서 한잔하고 들리는 느낌,부정적,알 수 없음,부정적,알 수 없음,부정적,부정적
2020-01,35년 다녔지만 여전히 맛난곳,긍정적,긍정적,알 수 없음,알 수 없음,긍정적,긍정적
2020-01,오백을 일단 시키세요. 하루의 피로가 풀림,긍정적,긍정적,알 수 없음,알 수 없음,긍정적,긍정적
2020-01,간단히 치맥하기엔 나쁘지 않아요.,긍정적,긍정적,알 수 없음,알 수 없음,긍정적,긍정적
2020-01,사장님 츤데레임. 맛은 무난,긍정적,긍정적,알 수 없음,알 수 없음,긍정적,긍정적
2019-01,여기는 진짜 아는사람만 가는 단골집,긍정적,긍정적,알 수 없음,알 수 없음,긍정적,긍정적
2019-01,치킨이 맛있어요,긍정적,긍정적,알 수 없음,알 수 없음,긍정적,긍정적
2019-01,맛도 괜찮고 친절하고,긍정적,긍정적,긍정적,알 수 없음,긍정적,긍정적
2017-01,물리지않는 치킨,긍정적,긍정적,알 수 없음,알 수 없음,긍정적,긍정적
2020-01,맛있었어요',긍정적,긍정적,알 수 없음,알 수 없음,긍정적,긍정적
2020-01,양재역 근 처 드문 맛집,긍정적,알 수 없음,알 수 없음,알 수 없음,긍정적,긍정적
2020-01,크리스피한 후라이드 꼭 드세요,긍정적,긍정적,알 수 없음,알 수 없음,긍정적,긍정적
2020-01,맛있어요,긍정적,긍정적,알 수 없음,알 수 없음,긍정적,긍정적
2019-01,그냥 평범합니다,부정적,알 수 없음,부정적,부정적,부정적,부정적
2022-01,불친절해요,부정적,알 수 없음,부정적,알 수 없음,부정적,부정적
2020-01,치킨이 맛있는집,긍정적,긍정적,알 수 없음,알 수 없음,긍정적,긍정적
2020-01,동의합니다.,긍정적,알 수 없음,알 수 없음,알 수 없음,긍정적,긍정적
2023-01,동창 모임,긍정적,알 수 없음,알 수 없음,알 수 없음,긍정적,긍정적
2018-01,맛나요,긍정적,긍정적,알 수 없음,알 수 없음,긍정적,긍정적
2021-01,치킨jmt,긍정적,알 수 없음,알 수 없음,알 수 없음,긍정적,긍정적
2024-05,"정말 좋아해요
냠냠냠
매운걸 못먹는 사람이라면..
좋은 선택이야",긍정적,긍정적,알 수 없음,알 수 없음,긍정적,긍정적
2019-01,그럼요~,긍정적,알 수 없음,긍정적,알 수 없음,긍정적,긍정적
