﻿Date,Review,Final_Sentiment,맛,서비스,양,sentiment,Sentiment2
2024-06,공간이 아주 넓직해요~~주문동선이 괜찮네요. 음식픽업하는 방법이 2가지네요. 카운터가서 직접픽업 그리고 테이블로 가져다주는 서비스. 근데 후자는 안돼나봐요. 저는 시도해봤는데 안돼더라구여,긍정적,알 수 없음,부정적,알 수 없음,긍정적,긍정적
2024-05,매장이 넓고 좌석도 많아요 주문은 키오스크가 있어서 편리해요 화장실도 있고요,긍정적,긍정적,긍정적,알 수 없음,긍정적,긍정적
2023-01,"자리 많고 테이블 넓직이 떨어져있고 키오스크도 많아요.
장사 잘되는 전형적인 맥도날드 매장입니다. 회전율 빠르고, 음식도 빨리 나오고요.
가끔 테이블 청소 안되어 있긴 한데, 그것도 요청하면 직원들이 빨리 닦아줘요.…",긍정적,긍정적,부정적,알 수 없음,긍정적,긍정적
2024-08,"어디서든 느낄 수 있는 맥도날드의 무난한 맛.

그리고 도심 한복판에서 잠시의 여유를 가질 수 있음.…",긍정적,알 수 없음,긍정적,알 수 없음,긍정적,긍정적
2023-01,"양재역에서도 도보로 가능한 거리! 양재역이 출구가 많아 2번 출구쪽에서는 오히려 이 지점이 가까워요~ 키오스크 한쪽에 있고, 매장이 크고 넓고 테이블도 1인, 2인, 4인, 긴테이블 등 다양하고 무엇보다 테이블사이 공간이 넓어 좋아요! 공간분리 잘되어 있고, 매장 깔끔해서 가본 맥도날드 중 상위에 드네요 ㅎㅎ 맥도날드 자주 가는데 이 지점 굿굿!!!!",긍정적,긍정적,긍정적,알 수 없음,긍정적,긍정적
2023-01,"빅맥 세트 먹었어요 런치 타임이라서 금액이 5,900원인데 가성비도 좋고 맛있었어요 ㅋㅋㅋㅋ 간편한 햄버거 구리고 맥날 짱짱😗…",긍정적,긍정적,알 수 없음,알 수 없음,긍정적,긍정적
2024-10,"다른 곳보다 서초뱅뱅뱅점이 맥날 잘함
그냥 근본임",긍정적,긍정적,알 수 없음,알 수 없음,긍정적,긍정적
2021-01,"강남대로 뱅뱅사거리 부근 현대렉시온 오피스텔 1층에 위치한 매장이다. 단층 매장이지만 현대렉시온 빌딩 자체가 워낙 대규모이고 2면 통유리 인데다 1층 층고가 높아 매장이 넓고 탁트인 느낌을 준다.
24시간 운영 매장임에도 매장 관리를 철저하게 해서 상당히 청결하고 특히 야간에 내외부 조명이 잘 되어 있어 멀리서도 눈에 띄는 매장이다.…",긍정적,알 수 없음,긍정적,알 수 없음,긍정적,긍정적
2018-01,"규모도 크고 깔끔한 매장. 와이파이도 무료이나, 속도는 이용자가 많아서인지 다소 느림. 커피가 1천원이라게 제일 큰 만족요소임.",긍정적,긍정적,부정적,긍정적,긍정적,긍정적
2023-01,매장규모크고 간단히무난하게먹기좋습니다.,긍정적,긍정적,알 수 없음,알 수 없음,긍정적,긍정적
2024-05,한가지. 흠은. 새벽까지. 버스기다리느라. 사람이. 많은.  영업점인데.  영업시간. 12시까지로. 손님을 쪼차내는 감이 있다,부정적,알 수 없음,부정적,부정적,부정적,부정적
2022-01,"워낙에 표준화 된 맛입니다. 다만, 위생이 좀 걸리네요. 쓰리기통에 벌레가 날라 다니는데 아주 가관 입니나. ㅠ_ㅠ",부정적,긍정적,부정적,알 수 없음,부정적,부정적
2019-01,"매장 분위기 괜찮고 시설도 깔끔합니다.
젊은 직원들보다 연세 있으신 직원분들 활동량이 훨씬 많고 친절하십니다.
맥도날드 맛있어연 살쪄요",긍정적,긍정적,긍정적,부정적,긍정적,긍정적
2019-01,늘 붐비는 인기있는 햄버거 체인점. 자동 주문 시스템이 잘 되어있다.,긍정적,알 수 없음,긍정적,알 수 없음,긍정적,긍정적
2022-01,"키오스크에서 시키고 자리에 앉고 고게를 돌리니 행버거가 나왔습니다.
이게 옳게 된 페스트푸드지!",긍정적,긍정적,부정적,알 수 없음,긍정적,긍정적
2019-01,"맛은 당연히 그냥 평소 먹던 맛이긴 한데
직장인들이 평일 점심에 많아서 그런지는 몰라도, 직원 아머니가 참 친절하셔서 저도 웃으면서 기분 좋게 식사했네요. 성함은 모르지만..참 고마운 분입니다.",긍정적,알 수 없음,긍정적,알 수 없음,긍정적,긍정적
2020-01,강남역 부근 점심시간대라 서둘러서 포장해주느라 보통때 먹던 더블 1955만큼 맛있진 않지만 빠르고 친절하셔서 좋아요 :),긍정적,부정적,긍정적,알 수 없음,긍정적,긍정적
2020-01,맥도널드 자체는 한국에서 유아용 사이즈로 판매하는 점이 제일 마음에 안들지만 적어도 서초 매장만큼은 쾌적했습니다.,긍정적,알 수 없음,긍정적,부정적,긍정적,긍정적
2023-01,"요새 메뉴가 바뀐건지 한국에만 있는 건지는 모르지만 내가 좋아하는 치즈스틱 곁들인 머핀 브랙퍼스트 메뉴가 특이했고 커피도 좋다. 엑스테리어도 멋지고 좌석 간격도 널찍하고~ 다 좋은데...
화장실이 내부에 없고 밖으로 나가 건물 화장실을 사용해야 하는데 지저분해서 사용할 수가 없었다. ㅠ",긍정적,긍정적,부정적,알 수 없음,긍정적,긍정적
2024-06,보통 맥도날드 매장이죠. 그런데 아침 일찍 근무하시는 이모님의 친절한 인사와 고객대응이 인상 깊고 아침 기분을 좋게 해주네요,긍정적,알 수 없음,긍정적,알 수 없음,긍정적,긍정적
2023-01,맥도날드 매장중 강남 부근에서는 가장 깔끔하고 쾌적한 매장. 키오스크도 넉넉하게 있고 주문시 번호지정후 테이블에 번호인식기계 스티커 위에 번호표를 올려두면 직원분이 자리까지 서빙해주는 시스템. 혼밥 식사를 위한 자리가 꽤 있으며 음식이 매우 빠르게 나옴. 약간의 비효율적인 공간도 있으나 다른 매장에 비해 잘 되어 있음. 붐비는 시간대에는 자리가 없기도 하지만 매장이 넓고 트여 있어 자리가 쉽게 나는 편. 직원들이 친절함.,긍정적,긍정적,긍정적,알 수 없음,긍정적,긍정적
2021-01,넓고 좋아요~ 픽업서비스 가능합니다.,긍정적,알 수 없음,긍정적,알 수 없음,긍정적,긍정적
2023-01,"요즘 햄버거 프렌차이즈 대부분 젊은 친구들이 만들어요.
다 좋은데 제발 담배 핀 손 안씻고 조리 하지 말아주세요...
전 비흡연자이다보니 그 냄새가 느껴져요.…",긍정적,긍정적,부정적,알 수 없음,부정적,긍정적
2022-01,우선 매장이 넓음. 강남역 양재역 사이 뱅뱅사거리에 있어 접근성이 좋음.키오스크가 여러대 았어 주문시간이 편리한게 장점.,긍정적,알 수 없음,긍정적,긍정적,긍정적,긍정적
2017-01,리모델링을 해서 아주 깔끔해졌습니다. 맥도날드 느낌보다는 쉑쉑버거느낌?,긍정적,긍정적,알 수 없음,알 수 없음,긍정적,긍정적
2022-01,"1인 2인 다인 등 종류별로 다양한 좌석 구비
키오스크는 4개 작동문제없음
점심시간에 방문고객과 취식고객이 많은데 에어컨을 약하게 가동하는건 아쉬움",긍정적,알 수 없음,긍정적,부정적,긍정적,긍정적
2020-01,"웬만한 경양식집 햄버거보다 더 정성이 들어갔습니다. 호텔 로비를 연상시키는 인테리어에 코로나19 예방에 최적화된 넓은 공간,  그리고 바에서 시간을 즐기는 듯한 높은 의자와 최신식 키오스크 주문까지...어느 하나 불평할 거리가 없는 멋진 곳으로 기억합니다.",긍정적,긍정적,긍정적,알 수 없음,긍정적,긍정적
2023-01,24시간이라 편리함. 단지 밀크쉐이크나 아이스크림 메뉴도 24시간 되면 좋을 듯,긍정적,알 수 없음,긍정적,부정적,긍정적,긍정적
2023-01,"더위도 피할겸 시원한거 마시려구 들어감요..
곡물쉐이크 시켜서 마셨는데 테이블이 상당히 지저분했음...",부정적,긍정적,부정적,알 수 없음,부정적,부정적
2022-01,"맥날 메뉴 나오는 퀄은 비슷함
매장 공간감이 좋음
홀 정리하는 직원분이 블루투스 전화인지…",긍정적,알 수 없음,긍정적,알 수 없음,긍정적,긍정적
2020-01,회전율이 좋아서 그런지 음식이 갓 한듯하고 다른 매장보다 맛있음. 늘 사람이 많아서 좀 기다려야 하지만 직원수도 많고 홀도 항상 정돈되어 있어 다른 맥도날드 매장보다 좋음.,긍정적,긍정적,긍정적,알 수 없음,긍정적,긍정적
2018-01,오늘 처럼 눈이 많이 오는 날엔 따뜻한 커피로..,긍정적,긍정적,알 수 없음,알 수 없음,긍정적,긍정적
2023-01,맥모닝 처음 먹어봤는데 채소가 하나도 없는 건 아쉽네요.. 근데 치킨맥모닝?에 치킨은 맛있었어요,부정적,긍정적,부정적,부정적,부정적,부정적
2020-01,"맛있는데...
남자직원 너무 불친절해요
잘못알아들으니까 귀찮은 티내고:(",긍정적,긍정적,부정적,알 수 없음,부정적,긍정적
2019-01,"복수의 방문경험이 있는 맥도날드 주에선 이 곳이 참 좋아요
넓고, 강남점에 비해 덜 붐비고, 깨끗하고(근처의 롯데리아와 비교해보면 특히 이점이 point! 2019년 4월 기준^^) 인테리어도 편안해요",긍정적,알 수 없음,긍정적,알 수 없음,긍정적,긍정적
2023-01,"사람이 많은데 빠르게 정확하게 잘 나옵니다
매장분들이 일을 정말 잘해요",긍정적,알 수 없음,긍정적,알 수 없음,긍정적,긍정적
2024-02,"식사후 방문한곳
매장도 넓고 생각보다 조용했던
역시 맥도날드 커피 ~~",긍정적,긍정적,알 수 없음,알 수 없음,긍정적,긍정적
2017-01,매장도 리뉴얼 해서 깔끔하고 다 좋은데 점심 시간에 사람들이 너무 많이 붐벼서 이용이 좀 불편합니다. 이것 때문에 별 하나 깎았지만 아쉬운 부분이지 매장 자체가 잘못되거나 한 건 없네요,긍정적,알 수 없음,부정적,알 수 없음,긍정적,긍정적
2018-01,넓어서 편하게 커피한잔 할수있는곳,긍정적,알 수 없음,긍정적,알 수 없음,긍정적,긍정적
2022-01,매장도 넓고 좌석 배치도 시원하게 되있습니다 일하시는 분들이 많아서 그런지 음식 제공도 빠르게 이뤼집니다,긍정적,알 수 없음,긍정적,긍정적,긍정적,긍정적
2022-01,넓고 쾌적.. 그런데 딸랑 커피 한잔 시켜놓고..  자리에 오래 앉아있는 X들이 너무 많음..,긍정적,알 수 없음,부정적,알 수 없음,부정적,긍정적
2019-01,제가 패스트푸드는 좋아하지는 않지만 어쩌다 가보게되었는데 직원분들 친절하고 매장 깨끗하고 인테리어도 다좋은데 주차장이 읍네요 아님 맥드라이브코너도 읍구요 ㅠ,긍정적,알 수 없음,긍정적,부정적,긍정적,긍정적
2018-01,"뱅뱅사거리에 위치한 맥도날드입니다. 최근(18.9) 맥도날드 음식 질이 매우 떨어져서 웬만하면 안가려고 하는데 이 근처에는 롯데리아 정도밖에 없어서 다른 선택지가 없습니다.
매장은 꽤 큰 편입니다. 자리도 넉넉하고 깨끗합니다 맥도날드답게 조명은 어두침침합니다.
주차는 잘 모르겠습니다. 뱅뱅 사거리 근처에 주차하기는 참 어렵죠.",부정적,부정적,긍정적,알 수 없음,부정적,부정적
2024-03,장소도 넓고 커피도 가격 굿~^^,긍정적,긍정적,알 수 없음,알 수 없음,긍정적,긍정적
2020-01,코로나인 이 시기에 입구에서 이름적고 들어가면서 마스크 벗고 다들 붙어서 식사하는 거 보고 그냥 나오긴 했습니다.. 강남은 코로나가 없나보더라구요 마스크는 장식입니까? 팔찌 아닙니다,부정적,알 수 없음,부정적,부정적,부정적,부정적
2019-01,비싼 수제버거보다 늘 아는 그 맛이 그리워서 갔었음. 이제 주문은 기계로 해야 하는 게 좀 번거로웠지만 빅맥세트와 추가해서 먹은 선데 아슈크림은 언제나 진리~^^ 넘 좋음,긍정적,긍정적,부정적,긍정적,긍정적,긍정적
2019-01,"아침기온이 영하로 급격히 떨어지는 첫날 새벽인데 홀에는 난방도 안틀어서 엄청춥다. 문이 닫히지도 않아서 찬바람은 계속들어오고...10분 앉아있기도 힘들어서, 설마하고 매니저한테 난방중이냐고 물어봤는데, 되는지 안되는지도 모르겠다는 말투로 가서 켠다... 춥냐, 어쩌냐 미안하다 한마디 없이  어이가 없네..",부정적,알 수 없음,부정적,알 수 없음,부정적,부정적
2018-01,24시간 운영에 주변에 오피스텔이 있다보니 주변사람들이 휴식 장소로 쓰고있다. 노트북을 들고 자리 잡고 있는 사람들이 꽤나 보인다. 그러다보니 자연스럽게 어수선 한편이다.,부정적,알 수 없음,긍정적,부정적,부정적,부정적
2019-01,"매장이 전반적으로 깔끔하게 관리되고 있고, 넓은 공간이 보기 좋아요. 근데 이날 감튀는 맥도날드 특유의 맛이 살지 않은 약간의 아쉬움이 있었음...",긍정적,부정적,알 수 없음,알 수 없음,긍정적,긍정적
2024-01,항상 시간에 구애받지 않고 갈 수 있는 곳,긍정적,알 수 없음,긍정적,긍정적,긍정적,긍정적
2023-01,매장이 넓고 좌석 사이가 넓어서 쾌적하게 머무를 수 있습니다,긍정적,알 수 없음,긍정적,알 수 없음,긍정적,긍정적
2023-01,"슈슈버거 좋아요.
후렌치 후라이빼고 코울슬로로 개운하게 먹을수 있어요.",긍정적,긍정적,알 수 없음,알 수 없음,긍정적,긍정적
2018-01,"카드로결제할수있는기계가있는데.
카드로결져하면번호가쉅게떠서가져갈수도있고.
햄버거.여러가지파니까안가보신분들은한번식들려보세요.",긍정적,알 수 없음,긍정적,긍정적,부정적,긍정적
2018-01,평범해요. 다만 시간 때우려고 앉아있는 손님들이 너무 많아요. 주문기계가 자주 고장나는 듯 하구요,부정적,알 수 없음,부정적,부정적,부정적,부정적
2022-01,"넓은데 자리가 부족한 느낌 ㅠㅠ, 대신 그만큼 움직이기 편하다는 장점이 있음, 근데 난 롯데리아가 더 맛있더라 ㅋㅋ",긍정적,부정적,긍정적,알 수 없음,부정적,긍정적
2020-01,24시간 영업을 한다는 점이 마음에 드네요. 공간도 맥도날드 치고는 여유있게 테이블을 배치한 곳입니다.,긍정적,알 수 없음,긍정적,알 수 없음,긍정적,긍정적
2022-01,테이크아웃 했는데 늦은 시간이라 사람 별로없고 청소중이었어요 깨끗하고 좋네요,긍정적,알 수 없음,긍정적,알 수 없음,긍정적,긍정적
2023-01,맥도널드치고 인테리어도 괜찮고 분위기도 아늑하고 편해요,긍정적,알 수 없음,긍정적,알 수 없음,긍정적,긍정적
2023-01,"빅맥
역시 미국식 짠맛 과 소스가 시큼함
재료가 건조함 특징",부정적,부정적,알 수 없음,부정적,부정적,부정적
2023-01,대단한데... 24시간,긍정적,알 수 없음,긍정적,알 수 없음,긍정적,긍정적
2019-01,"평일 점심 사람 정말 많음
화장실 매장 밖 오피스텔 1층
이용객 대비 깔끔하나 매장이 그늘 지역이라 어두운 느낌이 강함",부정적,알 수 없음,긍정적,알 수 없음,부정적,부정적
2019-01,"쾌적하고 깨끗한 공간
주변이 직장가라서 늦은 저녁 되니까 중년 남성분들이 단 체로 오시네요 ㅋㅋㅋ 신선한 경험이었습니다",긍정적,알 수 없음,긍정적,알 수 없음,긍정적,긍정적
2023-01,"24시간인게 개꿀..
점심에 가면 좀 저렴해요",긍정적,알 수 없음,긍정적,알 수 없음,긍정적,긍정적
2022-01,뱅뱅사거리라 위치좋고 공간이 넓어 만나는 장소로도 좋은편임.,긍정적,알 수 없음,긍정적,알 수 없음,긍정적,긍정적
2021-01,"테이블 좌석, 바형 좌석이 있습니다.",긍정적,알 수 없음,알 수 없음,알 수 없음,긍정적,긍정적
2021-01,"매장넓고,,한가하고,,서비스빠르고,,무엇보다,,내가  젤조아하는  감튀가 맑고 영롱하엿음   키오스크 적당하고",긍정적,긍정적,긍정적,알 수 없음,긍정적,긍정적
2021-01,좋은 공원이에요. 편의점 카페 등이 있고 돗자리를 그늘이나 나무아래에 펼수 있어요,긍정적,알 수 없음,긍정적,긍정적,긍정적,긍정적
2023-01,매장 깔끔하고 회전 잘 되고 맥런치 자주 애용합니다.,긍정적,알 수 없음,긍정적,알 수 없음,긍정적,긍정적
2020-01,"넓고 좋아요. 저는 맥올데이?  상하이버거 주로 먹습니다.
가끔 음료수 칠러로 바꿔먹기도 해요",긍정적,알 수 없음,긍정적,알 수 없음,긍정적,긍정적
2019-01,일단 분위기가 좋고 애플파이는 적당히 데워져있어 좋고 바삭하고. 다만 쓰레기 정리가 좀 아쉽습니다.,긍정적,긍정적,부정적,알 수 없음,긍정적,긍정적
2019-01,음식이 전반적으로 짜다,부정적,부정적,알 수 없음,알 수 없음,부정적,부정적
2019-01,주문도 키오스크방식에다가 테이블서비스도 하고있어 이용시 아주 편리합니다.,긍정적,알 수 없음,긍정적,알 수 없음,긍정적,긍정적
2022-01,점심때 주변 직장인들 때매 매장이 붐비지만  그외에는 넓고 쾌적하고 좋습니다,긍정적,알 수 없음,긍정적,알 수 없음,긍정적,긍정적
2021-01,야밤에 주차하기 편하고 다른 맥도날드와 달리 일하시는 분들이 연세가 좀 있으시지만 친절하심,긍정적,알 수 없음,긍정적,알 수 없음,긍정적,긍정적
2021-01,"그냥 거기에 있다
그래서 간다
그만큼 친숙한 위치에서 언제나 열려있다
그래서 이용한다",긍정적,알 수 없음,긍정적,알 수 없음,부정적,긍정적
2023-01,새로나온 대파 버거와 인절미 허니버터 프라이. 단짠단짠의 정석ㅋㅋ,긍정적,긍정적,알 수 없음,알 수 없음,긍정적,긍정적
2023-01,여유로운공간에 분위기좋은시간보내고갑니다.,긍정적,알 수 없음,긍정적,알 수 없음,긍정적,긍정적
2019-01,새벽에 이용햇는데 친절하고 바로 만들어주네요. 시간은 조금 걸리지만 맛잇어요,긍정적,긍정적,긍정적,알 수 없음,긍정적,긍정적
2024-06,맛있게 즐기세요,긍정적,긍정적,알 수 없음,알 수 없음,긍정적,긍정적
2019-01,"항상 편하게자주 이용하는곳입니다
분위기좋고 직원들도 친절해요",긍정적,알 수 없음,긍정적,알 수 없음,긍정적,긍정적
2018-01,"매장 리뉴얼후 많이 깨끗해졌다는 느낌을 받음
평일 점심은 직장인들이 많아서 붐비는편
주문에서 음식 받기까지 시간소요는 붐비는편해비해 짧다",긍정적,알 수 없음,긍정적,긍정적,긍정적,긍정적
2021-01,코로나정국이기는 하지만 추가음료도 안팔고.. 기분이 좀 그렇네요.. ㅡㅡ,부정적,알 수 없음,부정적,알 수 없음,부정적,부정적
2017-01,"미국 전역, 캐나다, 중미, 남미, 일본, 중국 전역 등의 맥도날드를 들어가 봤는데... 그 맥도날드 매장 중에서 상위 1%의 깔끔함과 정갈함을 선보이는 매장.",긍정적,알 수 없음,긍정적,알 수 없음,긍정적,긍정적
2019-01,아이스크림 많이 주세욤 ㅠ ㅋㅋ,긍정적,알 수 없음,긍정적,긍정적,긍정적,긍정적
2018-01,더운 여를날에 손님이 요구하는 물한잔도 거절하는 쓰레기들. 길 건거편 버거킹은 무한정 음료제공이다. 여긴 이제 안온다.,부정적,알 수 없음,부정적,긍정적,부정적,부정적
2020-01,대기가 너무 많지 않고 나름 넉넉한 자리이고 친절한편이예요,긍정적,알 수 없음,긍정적,알 수 없음,긍정적,긍정적
2023-01,24시간 영업으로 지친 육신들의 안식처.쉼과 음식을 제공해주는 고마운 곳.,긍정적,긍정적,긍정적,알 수 없음,긍정적,긍정적
2020-01,"그냥 맥날이지 뭐
새벽에 가면 음악 크게 들려서 좋다
청소상태는 별로",부정적,알 수 없음,긍정적,부정적,부정적,부정적
2018-01,크고 넓고 친절하고 깨끗함 하지만 치킨버거 종류는 모든 맥도날드가 그렇지만 공중분해됨,긍정적,알 수 없음,긍정적,부정적,긍정적,긍정적
2020-01,"본인 쌉 버거킹충이지만 여기 맥도날드만큼은 무조건 인정한다
왠만한 버거킹집보다 서른마흔배 맛있다",긍정적,긍정적,알 수 없음,알 수 없음,긍정적,긍정적
2019-01,유동인구가 많아서인지 매장이 약간 더럽습니다. 1인석은 자리가 있지만 4인석은 자리가 거의 없네요.,긍정적,알 수 없음,부정적,부정적,부정적,긍정적
2022-01,진동벨을 테이블에 올려 놓으면 햄버거를 갖다준다. 편함.,긍정적,알 수 없음,긍정적,알 수 없음,긍정적,긍정적
2023-01,자주 간식먹으러가요 편안해요,긍정적,알 수 없음,긍정적,알 수 없음,긍정적,긍정적
2022-01,"맥크리스피..진짜 맛남. 매장 영하고 깔끔, 밤10시인데도 운영함",긍정적,긍정적,긍정적,알 수 없음,긍정적,긍정적
2019-01,강남대로 큰길가에 위치한 맥도날드를 쾌적한 환경에서 즐길 수 있어서 좋습니다,긍정적,알 수 없음,긍정적,알 수 없음,긍정적,긍정적
2022-01,전반적으로 매장 깔끔한것 같아요,긍정적,알 수 없음,긍정적,알 수 없음,긍정적,긍정적
2021-01,사람이 엄청 많지만 직원분들 그리 바쁜데도 친절하십니다,긍정적,알 수 없음,긍정적,알 수 없음,긍정적,긍정적
2021-01,"넓은 매장, 빠른 주문처리 패스트푸드의 귀감입니다.",긍정적,알 수 없음,긍정적,알 수 없음,긍정적,긍정적
2021-01,오랫동안 터줏대감으로 자리를 지키는 곳. 크고 깨끗하고 24시간.,긍정적,알 수 없음,긍정적,긍정적,긍정적,긍정적
2019-01,24시간 운영해서 좋으나 쓰레기통 청소가 잘 안되어있다,부정적,알 수 없음,부정적,긍정적,부정적,부정적
2022-01,평범한 맥도날드인데 자리가 넓은 것이 장점,긍정적,알 수 없음,긍정적,긍정적,긍정적,긍정적
2020-01,매장 내부가 깔끔하고 빠르다. 키오스크 기기가 느리고 오작동하는 게 유일한 흠.,긍정적,부정적,부정적,알 수 없음,긍정적,긍정적
2018-01,다른 맥날에 비해 고급진 느낌이 있음 근데 생각보다 어수선한느낌?적인 느낌이 듬,긍정적,긍정적,부정적,알 수 없음,긍정적,긍정적
2021-01,항상 사람이 많아서 음식이 나오는데 최소 10분 걸림 패스트하지 않은 패스트푸드,긍정적,알 수 없음,부정적,부정적,부정적,긍정적
2019-01,"퀄리티높은 커피맛에 싼가격
넓은매장
편하게 커피마시기 좋은곳입니다",긍정적,긍정적,알 수 없음,알 수 없음,긍정적,긍정적
2019-01,1층 규모가 다소 큰 평범한 매장입니다. 좌석이 많아 잠시 쉬어 갈수 있습니다,긍정적,알 수 없음,긍정적,알 수 없음,긍정적,긍정적
2022-01,"넓고 쾌적
단 키오스크로 주문이라 어르신들은 힘드실듯",긍정적,알 수 없음,부정적,알 수 없음,긍정적,긍정적
2018-01,5천원 안쪽으로 점심을 해결할 수 있다는 점이 가장 큰 장점이죠,긍정적,알 수 없음,알 수 없음,긍정적,긍정적,긍정적
2018-01,"아침메뉴
따뜻하게 맛있게나옴
알바 분들이  아주머니들 이셔서
더 손맛이 느껴지는기분",긍정적,긍정적,긍정적,알 수 없음,긍정적,긍정적
2019-01,언제든 편하데먹을수잇는 곳 자리도좋고 굿입니다!!,긍정적,긍정적,긍정적,알 수 없음,긍정적,긍정적
2019-01,"걍 아침 안먹는 직장인들이 자석처럼 끌리는 이곳
기계적으로 해쉬브라운과 맥날 아침 메뉴를 처묵처묵하는 모습을 목격 가능",긍정적,부정적,부정적,알 수 없음,부정적,긍정적
2019-01,큰길에서 조슴 안으로 들어와서 조용하고 넓어서 좋아요,긍정적,알 수 없음,긍정적,긍정적,긍정적,긍정적
2020-01,"매장이 크고, 테이블 회전이 빨라서 바쁜 점심시간에 급하게 끼니 때우기 좋다.",긍정적,알 수 없음,긍정적,알 수 없음,긍정적,긍정적
2020-01,여기는 배달시키려 할때마다 주문 막아놓음;무슨 7번 전화했는데 7번 다 안된대.어이없네요,부정적,알 수 없음,부정적,알 수 없음,부정적,부정적
2019-01,매장이 넓고 테이블 간격도 넓어서 쾌적합니다.,긍정적,알 수 없음,긍정적,알 수 없음,긍정적,긍정적
2023-01,"그냥 저냥 맥도날드
근데 뉴진스 버거는 왜 맥치킨보다 못하냐 구성이",부정적,부정적,알 수 없음,알 수 없음,부정적,부정적
2019-01,요즘 맥도날드 시그니쳐버거에 푹빠져 자주들름. 매장이 넓고 깔끔한편.,긍정적,긍정적,알 수 없음,알 수 없음,긍정적,긍정적
2022-01,친절하고 커피도맛있고 좋은경험이었습니다.,긍정적,긍정적,긍정적,알 수 없음,긍정적,긍정적
2023-01,매장이 넓고 좋았다,긍정적,알 수 없음,긍정적,알 수 없음,긍정적,긍정적
2019-01,넓고 깨끗한 매장. 산뜻한 분위기의 인테리어가 좋습니다,긍정적,알 수 없음,알 수 없음,알 수 없음,긍정적,긍정적
2020-01,키오스크 활성화된 지점이고 좌석으로 가져다주는 시스템도 있어서 신기했어요,긍정적,알 수 없음,긍정적,알 수 없음,긍정적,긍정적
2019-01,쾌적하고 넓은 공간과 깔끔한 인테리어 좋아요,긍정적,알 수 없음,알 수 없음,알 수 없음,긍정적,긍정적
2018-01,시그니쳐버거 괜찮네요. freewifi에 충전콘센트. 매장 넓어서 쾌적함.,긍정적,긍정적,긍정적,알 수 없음,긍정적,긍정적
2019-01,"매장이 크면 사람 많은 편
일반적인 패스트푸드 가게다움",부정적,알 수 없음,알 수 없음,부정적,부정적,부정적
2019-01,강남과 양재의 화려함에서 잠시 익숙함으로 도망가고 싶을 때 가는 오아시스같은 곳,긍정적,알 수 없음,긍정적,알 수 없음,긍정적,긍정적
2022-01,관리가 잘 되며 넓고 쾌적해요.,긍정적,알 수 없음,긍정적,알 수 없음,긍정적,긍정적
2019-01,"맥도날드 최악이에요
예전에 비해 패티도 부실해지고 햄버거 크기도 작아지고
음료는 탄산이 다빠져서 쓸 정도로 달아요",부정적,부정적,부정적,부정적,부정적,부정적
2021-01,"다 좋은데, 포장 시에 케첩 좀 넉넉히 넣어주세요.",긍정적,알 수 없음,긍정적,부정적,긍정적,긍정적
2023-01,자리도 넓고 좋습니다,긍정적,알 수 없음,긍정적,알 수 없음,긍정적,긍정적
2019-01,회전률빠르고 친절했으나 테이크아웃 버거의 소스가 반이 날라감,부정적,부정적,긍정적,알 수 없음,부정적,부정적
2021-01,회사 근처 있는 맥도날드 감튀가 다른 매장 보다 맛있어요,긍정적,긍정적,알 수 없음,알 수 없음,긍정적,긍정적
2020-01,층고가높아 쾌적하고 신속하며 청결함,긍정적,알 수 없음,긍정적,알 수 없음,긍정적,긍정적
2018-01,매장 내 테이블 배치 간격이 넓어 쾌적한 느낌을 받음,긍정적,긍정적,긍정적,알 수 없음,긍정적,긍정적
2022-01,매장이 넓고 카오스가 많아요,부정적,알 수 없음,부정적,알 수 없음,부정적,부정적
2021-01,"새로나온창녕갈릭버거는 한번쯤먹어볼만함
빅맥과 토베디는 넘사인듯",긍정적,긍정적,알 수 없음,알 수 없음,긍정적,긍정적
2018-01,퇴근시간에 적당히 한적해서 편하게 한끼 때우기 좋다,긍정적,알 수 없음,긍정적,알 수 없음,긍정적,긍정적
2020-01,아무것도 안쳐먹고 앉아있는 거지새끼들이 많음,부정적,알 수 없음,부정적,알 수 없음,부정적,부정적
2022-01,등받이 없는 의자 비율이 높은편,부정적,알 수 없음,부정적,알 수 없음,부정적,부정적
2019-01,넓고 주문하기도 편하고 주문 음식도 빨리 나와요,긍정적,알 수 없음,긍정적,긍정적,긍정적,긍정적
2019-01,넓고 깔끔해서 자주 들리게 되는 것 같아요!,긍정적,알 수 없음,긍정적,알 수 없음,긍정적,긍정적
2019-01,친절하고 넓고 괜찮다 생각들었고 좋았어요..,긍정적,알 수 없음,긍정적,알 수 없음,긍정적,긍정적
2020-01,넓고 한적하니 코로나 시대에도 햄버거먹기 최적의 장소임,긍정적,알 수 없음,긍정적,알 수 없음,긍정적,긍정적
2019-01,매장이 넓고 분위기도 좋고 맛도 굿!!,긍정적,긍정적,알 수 없음,알 수 없음,긍정적,긍정적
2019-01,회전이 빨라 음식들이 신선하다 맥도날드 중 제일 괜찮은 지점,긍정적,긍정적,긍정적,알 수 없음,긍정적,긍정적
2020-01,감자튀김에 소금이 너무 많은것빼고 맛있어요,긍정적,부정적,알 수 없음,알 수 없음,부정적,긍정적
2019-01,맥날같지않게 널널한 카페 분위기라 좋았습니다~^^,긍정적,알 수 없음,긍정적,알 수 없음,긍정적,긍정적
2019-01,점심은 자리없으니 빨리와야 앉을수 있음,긍정적,알 수 없음,긍정적,알 수 없음,부정적,긍정적
2021-01,아침 8시에서 9시 사이에 맥모닝 먹는 사람들이 많다,긍정적,알 수 없음,알 수 없음,긍정적,긍정적,긍정적
2021-01,코로나때문에 앉을 수 있는 유일한 곳..,긍정적,알 수 없음,긍정적,부정적,긍정적,긍정적
2020-01,"쾌적, 깔끔한 매장.
반응 느려터진 키오스크가 옥의 티",긍정적,알 수 없음,부정적,알 수 없음,긍정적,긍정적
2021-01,요즘은 9  지나면 간편하게 요기 하는곳,긍정적,알 수 없음,긍정적,알 수 없음,긍정적,긍정적
2019-01,"매장 홀이 큰편 입니다
가족 동반해서 가도불편함이 없내요",긍정적,알 수 없음,긍정적,부정적,긍정적,긍정적
2020-01,매장이 넓고 쾌적하고 공간이 좋습니다,긍정적,알 수 없음,알 수 없음,알 수 없음,긍정적,긍정적
2021-01,"많이 붐비네요ㆍ
키오스크 줄도 엄청 길어요",부정적,알 수 없음,부정적,부정적,부정적,부정적
2018-01,패스트푸드점에 뭔가 기대한다는 자체가 넌센스. 기대가 없으면 실망도 없다.,부정적,부정적,알 수 없음,부정적,부정적,부정적
2022-01,점심시간에는 많이 붐벼요,긍정적,알 수 없음,긍정적,부정적,부정적,긍정적
2019-01,청결 친절 (특히 커피해주시분)  최고입니다,긍정적,알 수 없음,긍정적,알 수 없음,긍정적,긍정적
2018-01,"1층만 있지만 비교적 좌석이 많고, 넓습니다.",긍정적,알 수 없음,알 수 없음,알 수 없음,긍정적,긍정적
2018-01,점심시간 사람이 무지하게 많아요,부정적,알 수 없음,긍정적,알 수 없음,부정적,부정적
2020-01,가본 곳 중에 가장 깔끔함 이사가서 자주 못오지만,긍정적,알 수 없음,긍정적,알 수 없음,긍정적,긍정적
2022-01,코로나때문에 심야시간대 픽업만 가능.,부정적,알 수 없음,긍정적,부정적,부정적,부정적
2019-01,새벽 2시가 되니 아이스트림 메뉴를 일체 안해서 불편했어요.,부정적,알 수 없음,부정적,부정적,부정적,부정적
2019-01,사람이 느므느므 많음...다신 안갈듯,부정적,알 수 없음,부정적,부정적,부정적,부정적
2019-01,맥도날드가 다 비슷하죠 뭐 화장실이외부에있음,부정적,알 수 없음,부정적,알 수 없음,부정적,부정적
2021-01,새벽에한적하게포장잘햇어용,긍정적,알 수 없음,긍정적,알 수 없음,긍정적,긍정적
2018-01,비교적 넓지만 사람이 많아서 많이 기다려야 함.,부정적,알 수 없음,부정적,부정적,부정적,부정적
2022-01,멍때리다 스낵랩 사러가기 좋음,긍정적,알 수 없음,긍정적,알 수 없음,긍정적,긍정적
2020-01,넓고 이야기 하기 좋아요.,긍정적,알 수 없음,긍정적,알 수 없음,긍정적,긍정적
2020-01,넓은 매장 늦은 시간까지 운영,긍정적,알 수 없음,긍정적,긍정적,긍정적,긍정적
2021-01,지상인데 지하같은 느낌..,부정적,부정적,부정적,알 수 없음,부정적,부정적
2020-01,강남권에서 간편하게식사하기 무난하다,긍정적,알 수 없음,알 수 없음,긍정적,긍정적,긍정적
2019-01,점심시간에 가져다주고 편합니다,긍정적,알 수 없음,긍정적,알 수 없음,긍정적,긍정적
2022-01,크기가 큰 맥도날드 뱅뱅점,긍정적,알 수 없음,긍정적,긍정적,긍정적,긍정적
2021-01,Bts  맥셋트 빨리나와랏 ㅎ,긍정적,알 수 없음,긍정적,부정적,긍정적,긍정적
2018-01,넓은 공간 포근한 분위기,긍정적,알 수 없음,긍정적,알 수 없음,긍정적,긍정적
2024-03,넓어요,긍정적,알 수 없음,알 수 없음,알 수 없음,긍정적,긍정적
2022-01,넓고 깨끗한 매장,긍정적,알 수 없음,알 수 없음,알 수 없음,긍정적,긍정적
2022-01,잘 먹었어요.,긍정적,긍정적,알 수 없음,알 수 없음,긍정적,긍정적
2019-01,24시간이라서 편해요,긍정적,알 수 없음,긍정적,알 수 없음,긍정적,긍정적
2021-01,굿이지~,긍정적,긍정적,알 수 없음,알 수 없음,긍정적,긍정적
2024-08,한국의 맥도날드는 미국과는 메뉴가 다르고 확실히 더 호화롭고 재미있습니다.  나는 디럭스 모닝 플래터를 먹었고 이상한 이유 때문에 고기와 팬케이크가 미국 버전보다 맛이 좋았습니다.  단점은 한국 맥도날드에는 아이스티가 없다는 점이에요. 게다가 배달용 스쿠터도 있고 정말 멋져요!!!,긍정적,긍정적,긍정적,알 수 없음,긍정적,긍정적
2024-07,"한국의 맥도날드에 대한 다른 경험. 일반적으로 예상하는 것과는 약간 다릅니다.

음식은 좋았고 서비스는 신속했습니다.",긍정적,긍정적,긍정적,알 수 없음,긍정적,긍정적
2024-08,우리는 오랫동안 맥디(McD)를 먹지 않았습니다..내 딸이 서양 음식을 원했기 때문에 우리는 이 곳을 찾았습니다. 모든 것이 괜찮았지만.. 하지만 음식이 준비되었음을 알려주는 우리 번호가 모니터에 표시되지 않았기 때문에 잠시 기다렸다가 음식이 카운터에 준비되어 있다는 것을 깨달았습니다. 그런데 가장 이상한 점은 무엇입니까? 여기는 화장실이 없어요..,긍정적,긍정적,부정적,알 수 없음,부정적,긍정적
2024-08,"딱 맞습니다. 24시간 서비스입니다. 깨끗하고 조용한 곳. 일단 햄버거가 그 자리에서 빠르게 준비됩니다.
(한 번만 더 이상 햄버거가 없어서 주문을 비활성화했습니다.)",긍정적,긍정적,긍정적,부정적,긍정적,긍정적
2024-05,맛있는 햄버거와 아늑한 곳 ㅎㅎ. 추천!,긍정적,긍정적,알 수 없음,알 수 없음,긍정적,긍정적
2024-05,"주문의 방법으로 고민하고 있으면, 상냥한 점원이 영어로 조작을 가르쳐 주어, 주문, 좌석까지 안내해 주었습니다만, 마지막으로 감사를 말하면 일본어를 할 수 있는 점원이었습니다.",긍정적,알 수 없음,긍정적,알 수 없음,긍정적,긍정적
2021-01,"저렴하고 맛있는 아침 식사, 맛있는 아이스 커피 - 더 이상 무엇이 필요합니까? 가격이 비교가 되지 않아서 호텔 조식 대신 이곳으로 자주 갔습니다. 그리고 일반적으로 시럽을 곁들인 팬케이크는 아침 식사로 특별히 건강에 해로운 음식은 아닙니다. 집에서 아침 식사로 요리할 수 있는 것과 크게 다르지 않습니다.",긍정적,긍정적,긍정적,부정적,긍정적,긍정적
2021-01,맥이 어지럽지 않아. 마즈라고 하는 놈에게는 손수건을 먹여라.,긍정적,긍정적,긍정적,알 수 없음,긍정적,긍정적
2018-01,리뉴얼한 레스토랑이라 공간이 매우 깨끗함,긍정적,알 수 없음,긍정적,알 수 없음,긍정적,긍정적
2021-01,. 패티는 육즙이 없습니다.  정말 실망했어요.,부정적,부정적,알 수 없음,알 수 없음,부정적,부정적
2019-01,맥도날드와 함께 새해 복 많이 받으세요~!,긍정적,알 수 없음,긍정적,알 수 없음,긍정적,긍정적
2018-01,"언제든지 갈 수 있어요. 24시간입니다. 매우 편리한 장소와 깨끗하고 빠른 요리.
다 괜찮아요. 완벽한.",긍정적,긍정적,긍정적,알 수 없음,긍정적,긍정적
2019-01,주변에 사람이 많지 않을 때 행복을 찾을 수 있었습니다. 하지만 낮 시간에는 대개 사람이 꽤 많습니다.,긍정적,알 수 없음,부정적,부정적,긍정적,긍정적
2018-01,클래식 맥도날드 레스토랑. 기계 2대만 주문해야 하는데 양이 너무 적고 종종 줄이 서기도 합니다. 위층의 방은 넓고 많은 사람들을 수용할 수 있습니다.,긍정적,알 수 없음,부정적,부정적,부정적,긍정적
2018-01,최근에 개조되었습니다. 가격은 다른 나라와 마찬가지로 상승했습니다. 무료 Wi-Fi 이용 가능. 머물기에 좋은 곳.,긍정적,알 수 없음,긍정적,알 수 없음,긍정적,긍정적
2019-01,나는 언제나처럼 그것을 사랑 해요. 맥도날드입니다. 조금 짜증나지만 여전히 세계 최고의 햄버거를 24시간 제공합니다.,긍정적,긍정적,부정적,알 수 없음,긍정적,긍정적
2018-01,하루를 시작하기에 좋은 커피와 아침 식사가 제공되며 초고속 무료 Wi-Fi도 제공됩니다.,긍정적,긍정적,긍정적,알 수 없음,긍정적,긍정적
2023-01,로티에 들어간 뒤틀린 닭고기가 마음에 들지 않았습니다🥲…,부정적,부정적,알 수 없음,알 수 없음,부정적,부정적
2022-01,칩이 뜨겁지 않아요,부정적,부정적,알 수 없음,알 수 없음,부정적,부정적
2021-01,좋은 곳이고 봉사할 수 있는 훌륭한 사람들이 있습니다 ....1👍👍👍…,긍정적,알 수 없음,긍정적,알 수 없음,긍정적,긍정적
2018-01,그냥 맥도날드. 치킨에는 맥너겟과 매운 텐더가 있습니다. 나는 1955버거를 좋아한다.,긍정적,긍정적,알 수 없음,알 수 없음,긍정적,긍정적
2018-01,지하철 역과 서울 최고의 지하상가 중 하나인 코엑스(COEX)와 가까워 편리하게 위치해 있습니다.,긍정적,알 수 없음,긍정적,알 수 없음,긍정적,긍정적
2020-01,연중무휴 24시간 영업하며 배송과 친절한 직원이 함께합니다.,긍정적,알 수 없음,긍정적,알 수 없음,긍정적,긍정적
2019-01,예상하셨겠지만..실상은..,부정적,부정적,알 수 없음,알 수 없음,부정적,부정적
2019-01,위치가 좋아요... 하루종일 너무 붐비지 않아요...,긍정적,알 수 없음,긍정적,알 수 없음,긍정적,긍정적
2019-01,관광객들이 쇼핑하기 매우 쉽고 훌륭한 곳입니다.,긍정적,알 수 없음,긍정적,알 수 없음,긍정적,긍정적
2020-01,"장소는 깨끗하고, 서비스도 훌륭하고, 음식도 괜찮았어요",긍정적,긍정적,긍정적,알 수 없음,긍정적,긍정적
2022-01,저렴한 가격으로 편안하게 세팅 가능,긍정적,알 수 없음,긍정적,긍정적,긍정적,긍정적
2022-01,아침을 시작하는 좋은 방법,긍정적,알 수 없음,긍정적,알 수 없음,긍정적,긍정적
2020-01,City Walk를 즐기면서 기분 전환을 할 수 있습니다.,긍정적,알 수 없음,긍정적,알 수 없음,긍정적,긍정적
2020-01,여기 감자는 항상 질이 나쁘다.,부정적,부정적,알 수 없음,알 수 없음,부정적,부정적
2019-01,위치가 훌륭하고 넓은 맥도날드 중 하나입니다.,긍정적,알 수 없음,알 수 없음,긍정적,긍정적,긍정적
2019-01,표준 품질. 나쁘지 않아요.,긍정적,긍정적,알 수 없음,알 수 없음,긍정적,긍정적
2018-01,간단히 식사할 수 있는 깔끔한 곳,긍정적,알 수 없음,긍정적,알 수 없음,긍정적,긍정적
2020-01,빠른 서비스. 편안한.,긍정적,알 수 없음,긍정적,알 수 없음,긍정적,긍정적
2019-01,좋은 장소와 맛있는 버거,긍정적,긍정적,알 수 없음,알 수 없음,긍정적,긍정적
2024-01,좋은 레스토랑,긍정적,알 수 없음,긍정적,알 수 없음,긍정적,긍정적
2022-01,기본 mcd 위치,긍정적,알 수 없음,부정적,알 수 없음,긍정적,긍정적
2018-01,사람들을 통해 친절한 드라이브.,긍정적,알 수 없음,긍정적,알 수 없음,긍정적,긍정적
2020-01,미국에서 먹던 맛이 아니네요,부정적,부정적,알 수 없음,알 수 없음,부정적,부정적
2019-01,전 세계 어디나 똑같은 맛....,긍정적,부정적,알 수 없음,알 수 없음,부정적,긍정적
2020-01,저녁식사로 나쁘지 않네요,긍정적,긍정적,알 수 없음,알 수 없음,긍정적,긍정적
2016-01,"거대한 내부
배달 서비스 이용 가능",긍정적,알 수 없음,긍정적,알 수 없음,긍정적,긍정적
2020-01,넓고 친절한 직원들,긍정적,알 수 없음,긍정적,알 수 없음,긍정적,긍정적
2018-01,계산원은 피곤한 것 같아요.  그것이 바로 그것입니다.,긍정적,알 수 없음,부정적,알 수 없음,부정적,긍정적
2018-01,화장실 없음,부정적,알 수 없음,알 수 없음,부정적,부정적,부정적
2019-01,다양하고 좋은 서비스,긍정적,알 수 없음,긍정적,알 수 없음,긍정적,긍정적
2020-01,그냥 평범한 맥도날드,부정적,부정적,알 수 없음,알 수 없음,부정적,부정적
2019-01,영어로 자동 주문 가능,긍정적,알 수 없음,긍정적,알 수 없음,긍정적,긍정적
2019-01,아주 맛있는 햄버거.,긍정적,긍정적,알 수 없음,알 수 없음,긍정적,긍정적
2022-01,매우 바쁜 맥도날드.,부정적,알 수 없음,부정적,긍정적,부정적,부정적
2023-01,24시간 영업,긍정적,알 수 없음,긍정적,긍정적,긍정적,긍정적
2023-01,좋은,긍정적,알 수 없음,알 수 없음,알 수 없음,긍정적,긍정적
2019-01,맛에 좋음,긍정적,긍정적,알 수 없음,알 수 없음,긍정적,긍정적
2019-01,말할 필요도없이,긍정적,긍정적,알 수 없음,알 수 없음,긍정적,긍정적
2018-01,나는 그것을 좋아한다,긍정적,긍정적,알 수 없음,알 수 없음,긍정적,긍정적
2022-01,좋은,긍정적,알 수 없음,알 수 없음,알 수 없음,긍정적,긍정적
2018-01,서비스가 나쁘다,부정적,알 수 없음,부정적,알 수 없음,부정적,부정적
2020-01,모든 것이 그렇듯.,부정적,알 수 없음,알 수 없음,알 수 없음,부정적,부정적
2019-01,정상.,부정적,알 수 없음,알 수 없음,알 수 없음,부정적,부정적
2019-01,평소 맥도날드 :),긍정적,긍정적,알 수 없음,알 수 없음,긍정적,긍정적
2018-01,그냥 맥도날드,부정적,부정적,알 수 없음,알 수 없음,부정적,부정적
2019-01,그냥 맥도날드,부정적,부정적,알 수 없음,알 수 없음,부정적,부정적
2021-01,좋은,긍정적,알 수 없음,알 수 없음,알 수 없음,긍정적,긍정적
2020-01,좋은,긍정적,알 수 없음,알 수 없음,알 수 없음,긍정적,긍정적
