﻿Date,Review,Final_Sentiment,맛,서비스,양,sentiment,Sentiment2
2024-10,"언주역에 본점이고, 뱅뱅사거리점을 오픈하셨더라고요~ 제철 해산물이 신선하고 맛있었습니다! 다 고급스럽고 분위기도 좋아서 접대나 회식장소로 가도 좋을듯요^^",긍정적,긍정적,긍정적,알 수 없음,긍정적,긍정적
2024-10,"여기 회가 정말 신선하고,
오마카세 추천합니다.",긍정적,긍정적,알 수 없음,알 수 없음,긍정적,긍정적
2024-10,서비스는 좋았습니다,긍정적,알 수 없음,긍정적,알 수 없음,긍정적,긍정적
