﻿Date,Review,Final_Sentiment,맛,서비스,양,sentiment,Sentiment2
2024-01,"음식맛도 골고루 무난하게 맛있구요.양도 항상 푸짐하게 주셔서 근처 직장인들에게 사랑 받는곳이고,
여기여사장님바쁜점심시간에도  손님응대 친절하셔서 좋습니다.  겨울엔 굴짬뽕이 불맛도 나고 해서 아주 맛있습니다.",긍정적,긍정적,긍정적,긍정적,긍정적,긍정적
2020-01,점심 시간에 많이 붐빈다는 건 그만큼 괜찮은 곳이라는 의미인 듯. 요일 메뉴 가성비가 좋네요. 다만 북적거려서 좀 정신 없는 분위기...,긍정적,긍정적,부정적,알 수 없음,긍정적,긍정적
2022-01,맛도있고 친절해서 잘 먹구왔습니다,긍정적,긍정적,긍정적,알 수 없음,긍정적,긍정적
2024-07,여러명의 팀원들이랑 가면 룸에서 식사 가능합니다,긍정적,알 수 없음,긍정적,알 수 없음,긍정적,긍정적
2021-01,간짜장은 괜찮은편! 요일 볶음밥은 별루,긍정적,긍정적,알 수 없음,부정적,긍정적,긍정적
2023-12,"음식 맛도 좋지만 사장님의 응대가 좋은 중식당
뱅뱅사거리 근처에서 모임이 있다면 순위에 늘 고려하는 곳",긍정적,긍정적,긍정적,알 수 없음,긍정적,긍정적
2023-01,"볶음밥과 탕수육 좋아요
근데 술국은 왜..",긍정적,긍정적,부정적,알 수 없음,긍정적,긍정적
2022-01,메뉴 많아서 이것저것 먹기 좋고 맛도 평타이상이예요 다만 자리가 좁아서 손님 모시고 가기엔 별로예요 점심에 자주갑니다,긍정적,긍정적,부정적,알 수 없음,긍정적,긍정적
2022-01,"간짜장은 갓볶아서 따로 담아주는게 간짜장이지..
오전에 쓰던 짜장소스를 주는게 간자짱이냐!!??

짬뽕에 왠 스크램블... ㅡ.ㅡ 당면만 한덩이 들어가있네..
맛이라도 좋던지..",부정적,부정적,부정적,부정적,부정적,부정적
2023-01,무난하게 다 맛있고 회전도 빠름,긍정적,긍정적,긍정적,알 수 없음,긍정적,긍정적
2023-01,인테리어도 깔끔하고 음식도 맛있어요,긍정적,긍정적,알 수 없음,알 수 없음,긍정적,긍정적
2022-01,점심용  중국집  강남직장인 맞춤,긍정적,알 수 없음,알 수 없음,알 수 없음,긍정적,긍정적
2023-01,식사 메뉴가 괜찮아요,긍정적,알 수 없음,알 수 없음,알 수 없음,긍정적,긍정적
2022-01,직장인 식사에 최적입니다,긍정적,알 수 없음,긍정적,알 수 없음,긍정적,긍정적
2021-01,탕수육 딱딱해요 ㅠ,부정적,부정적,알 수 없음,알 수 없음,부정적,부정적
2023-01,여긴 가서먹는게 짱인듯,긍정적,긍정적,알 수 없음,알 수 없음,긍정적,긍정적
2022-01,맛있는 요일메뉴,긍정적,긍정적,알 수 없음,알 수 없음,긍정적,긍정적
2023-01,어지간한 중국집보다 괜찮음,긍정적,긍정적,알 수 없음,알 수 없음,긍정적,긍정적
2022-01,"불친절함, 맛은  그동네에서 그럭저럭 괜찮음",부정적,긍정적,부정적,알 수 없음,부정적,부정적
2022-01,"깔끔하고,,,맛있어요",긍정적,긍정적,알 수 없음,알 수 없음,긍정적,긍정적
2022-01,이동네는 다 비쌈,부정적,부정적,알 수 없음,알 수 없음,부정적,부정적
2023-01,짜장과 차돌짬뽕을 제대로 즐겼습니다!,긍정적,긍정적,알 수 없음,알 수 없음,긍정적,긍정적
