﻿Date,Review,Final_Sentiment,맛,서비스,양,sentiment,Sentiment2
2024-10,"전 점심식사만 먹었어요
회나 저녁메뉴는 다른리뷰 참고해주세요
점심메뉴는 가격대비 썩 훌륭하진
않네요",부정적,부정적,알 수 없음,긍정적,부정적,부정적
2024-10,3만원 짜리 딱새우 시키면 먹기 미안한 사이즈의 친구들이 등장함. 새우야 시기별로 다를 수 있다 치고...카라아게는 진짜 피해야 함.,부정적,부정적,부정적,부정적,부정적,부정적
