﻿Date,Review,Final_Sentiment,맛,서비스,양,sentiment,Sentiment2
2023-01,"아티제는 늘 괜찮습니다. 딸기쥬스마셨는데 생과일 맛으로 넘 괜찮있어요. 원래 망고빙수, 아이스라떼 진짜 맛있습니다. 유니온센터점은 매장 넓고 종업원들도 친절하고 좋습니다. 늘 깨끗한 분위기도 좋습니다.",긍정적,긍정적,긍정적,알 수 없음,긍정적,긍정적
2022-01,"친절도 ★★★☆☆
청결도 ☆☆☆☆☆
맛 ★★★★☆…",긍정적,긍정적,부정적,알 수 없음,긍정적,긍정적
2022-01,"공간은 넓고 통유리창이라 번잡하지 않아 좋은 공간인데, 점심시간에 직원1명 밖에 없다보니,서비스 느린건 감수 해야 하는 상황이 안타 깝네요. 그럼에도 가끔 아티제 얼그레이 쉬폰 케이크나 바게트류가 땡기거나 쉬고 싶은 점심시간에 이용하기 좋음.",긍정적,긍정적,부정적,알 수 없음,긍정적,긍정적
2023-01,공간리 많이 넓다. 조용하여 회의나 상담용 공간으로 좋다.,긍정적,알 수 없음,긍정적,알 수 없음,긍정적,긍정적
2023-01,이 동네 아티제가 많은데 왜 서비스는 그냥 그를까요?,부정적,알 수 없음,부정적,알 수 없음,부정적,부정적
2024-05,꼰대들 앉아서 핸펀으로 볼륨크게 틀어놓고 프로야구 보고있는 곳...주변인들 아랑곳 하지도 않고....직원은 나몰라라...다신 안간다...,부정적,알 수 없음,부정적,부정적,부정적,부정적
2023-01,"근처에 가장큰 커피전문점
여러명이 오기 좋아요",긍정적,알 수 없음,긍정적,알 수 없음,긍정적,긍정적
2020-01,주말에 사람도 없고 천고가 넓은 통유리 카페입니다.,긍정적,알 수 없음,알 수 없음,알 수 없음,긍정적,긍정적
2021-01,넓고 한적합니다 좋아요 ㅎ,긍정적,알 수 없음,긍정적,알 수 없음,긍정적,긍정적
2021-01,"넓고 조용하고 맛난 디저트와 커피가 맘에 들어요.
점심때도 붐비지 않아서 좋아요.",긍정적,긍정적,알 수 없음,알 수 없음,긍정적,긍정적
