﻿Date,Review,Final_Sentiment,맛,서비스,양,sentiment,Sentiment2
2024-10,"회사 앞 푸짐한 순댓국을 먹고 싶을때 오는곳
고기가 크고 두껍게 들어가 있고 국물이 진합니다
깔끔한 맛을 좋아하는 분보다 묵직한 맛을 느끼는 분께 추천",긍정적,긍정적,알 수 없음,긍정적,긍정적,긍정적
2024-04,"옛날 순대국 맛집.
내 입천장을 발가벗기는 충격적인 야한 맛.
정말 최고입니다. 지금 바로가셔서 남순남님 만나보세요. 항상 그자리에 계십니다. 추가 깍두기는 직접 가져다 드시면 됩니다. 다 드시고 가실땐 포장해가지고 집에가서 다음날 또 드세요.
강추, 강추, 강추합니다.",긍정적,긍정적,긍정적,긍정적,긍정적,긍정적
2023-01,"국물이 개운하고 맛이 좋았어요.
고기 양도 푸짐해요.
삼색순대가 맛이 좋네요.
각각의 양념이 많이 다르니 먹는 재미가 있었어요.
다만 너무 크게 썰어주셔서 한입에 넣기 어려워서..좀 불편했어요",긍정적,긍정적,부정적,긍정적,긍정적,긍정적
2022-01,"불쾌한 고기냄새가 전혀 안나는 맛나는 순대국밥집.
고기도 많고 국물도 개운하다.
다만 식당은 시장분위기이니 참고바람.",긍정적,긍정적,알 수 없음,긍정적,긍정적,긍정적
2023-01,"먹고 있노라면 마음이 따뜻해지는 순대국. 권장하는 양념 방법은 새우젓 2/3 스푼, 다데기 한 숟갈, 들깨가루 한 숟갈, 후추 약간. 순대 쫄깃쫄깃하고 고기 많이 주신다. 저는 국밥 먹었지만 다른 손님들은 미니족도 많이 먹더라구요.",긍정적,긍정적,긍정적,긍정적,긍정적,긍정적
2020-01,꼬릿한 맛을 못 먹는 사람들은 가지마라..이런 쿰쿰한 것이 좋을때가 있다 옛날 명성이 좋았다고 하는데 비교치가 없어서 아쉽다 전 잘 먹었슴돠 #도곡동 #남순남순대국 #순대국,긍정적,긍정적,알 수 없음,긍정적,긍정적,긍정적
2019-01,"순대국 속의 고기종류도 다양하고(곱창도 넣어준다 !), 수제 삼색순대도 먹을만. 특히, 미니족발, 머릿고기, 술국 등 안주류가 다양한 것이 장점~~!!",긍정적,긍정적,알 수 없음,긍정적,긍정적,긍정적
2019-01,"당면순대의 깔끔한 맛, 곱창이 들어가는 게 너무 좋았다!
수육은 부드럽고 좋다!
근처에서 뜨끈한 국물 먹고 싶으면 가볼만한 집",긍정적,긍정적,알 수 없음,알 수 없음,긍정적,긍정적
2023-01,서초 순대국 시절부터 계속 다녔어요. 수저통의 숟가락이 이집보다 깨끗한 집은 못봤어요. 1인식하기에도 부담없구요.,긍정적,긍정적,긍정적,알 수 없음,긍정적,긍정적
2024-04,"예전 명성만 못하네요.
굉장히 오랫만에 갔고, 집에서도 시켜먹었던 곳인데..다신 안갈것같아요.
사장님인지 누구신지 모르겠지만 카운터 보시는 할아버지는 카운터에서 주방으로 소리지르며 얘기하시고, 직원들도 웃음기라고는 찾아볼수없고..",부정적,알 수 없음,부정적,알 수 없음,부정적,부정적
2019-01,깔끔한 맛의 순대국 ㅋ 혼자가도 부담없게 준비해주신다 순대내장과 푸짐한 고기를 좋아한다면 추천! 한가지 아쉬운건 당면순대가 들어있는점이다 그거 말고는 추천추천,긍정적,긍정적,긍정적,알 수 없음,긍정적,긍정적
2021-01,"강남의 오랜 맛집 중 한 곳...
맛은 변함 없는 듯 합니다. 담백한 국물 맛에 깔끔한 깍두기... 요 몇년 사이 메뉴가 몇가지 추가 되었더구요. 족발과 수육, 순대볶음까지... 술안주 메뉴가 늘어난 것으로 보아 술손님을 중심으로 변경 중에 있나 봅니다.",긍정적,긍정적,긍정적,긍정적,긍정적,긍정적
2022-01,"20년 10년전 이나 지금이나 정말 한결같이 맛있다.아주 오래전에는 고추를 2~3개 그냥 찬으로 나왔는데 지금은 잘라서 마늘과 같이이 나온다(물론 마늘은 예전과 같다) 개인적으로 다대기를 넣으면 시원한 국물 맛이 더 느껴지고 그냥 먹어도 그나름의 맛이 있다. 맛있게 먹는법이라고 벽면에 붙어 있는데 내용도 예전과 똑같다. 가게 위치는 변했지만 맛은 변하지 않았고 일하시는 아주머니 항상 빠르게 반응 하신다. 예전에도 그랬던것 처럼......서초동 기억이 많이 나는 서초순대국, 지금은 남순남....최고의 순대국.",긍정적,긍정적,긍정적,알 수 없음,긍정적,긍정적
2022-01,"국물이 msg맛이 덜한 순수한 순대국 맛이라 좋습니다. 건더기도 골구루 많이 들어가서 좋구요.
그리고 친절하네요",긍정적,긍정적,긍정적,알 수 없음,긍정적,긍정적
2022-01,"22년 9월 기준 당면순대국 만원, 아바이순대국 만2천원. 건더기가 푸짐하게 들어가있어 좋다.",긍정적,긍정적,알 수 없음,긍정적,긍정적,긍정적
2023-01,깔끔한 국물. 수육도 나쁘지않음,긍정적,긍정적,알 수 없음,알 수 없음,긍정적,긍정적
2023-01,"양재 뱅뱅사거리 근처에는 최고의 순대국집
구수한 국물과 부속물들이 깔끔합니다.",긍정적,긍정적,알 수 없음,알 수 없음,긍정적,긍정적
2018-01,"남순남 순대국을 서초순대국 일때부터 10년이상 다니다 보니 평을 한다는게 부담스런 내용입니다만, 육수를 사골이 아닌 돼지머리와 내장으로 내다보니 일반적인 순대국집보다 육수제조의 원가가 10배 가까이 차이 난다는 이야기를 듣고 평을 안할수가 없네요.
국물 역시 사골에서 나오는 돼지 특유의 잡내가 안 나고...
걸쭉한 순대국이 아닌 평양냉면 식의 깔끔,시원한 육수가 그리울땐...      순대국계의 평양냉면 ^^",긍정적,긍정적,긍정적,알 수 없음,긍정적,긍정적
2019-01,서초순대국 시절부터 먹어옴 고기양 푸짐하고 순대는 일반 찹쌀순대여서 살짝아쉽지만 국물맛좋음 포장에서는 매장맛을 이길수없음,긍정적,긍정적,알 수 없음,긍정적,긍정적,긍정적
2019-01,"여긴 저한테는 좋아요..곱창이 들어있어서 좋음ㅋ
들깨좋아하시는 분들은 들깨가 통에 따로들어있어서 좋으실듯 합니다.",긍정적,긍정적,긍정적,알 수 없음,긍정적,긍정적
2021-01,"호불호가 갈릴 수 있는 난이도 높은 순대국
진한 전통 순대국 맛을 추구한다면 강추",긍정적,긍정적,알 수 없음,알 수 없음,긍정적,긍정적
2018-01,간단한데 정말 맜있어요. 또 생각나서 이번주말에 갈까 합니다,긍정적,긍정적,알 수 없음,알 수 없음,긍정적,긍정적
2020-01,"양재동  뱅뱅사거리  에서..
롱런  순대국~

입맛이  변한건지,
세월이  아속 하게 고급화 됀건지~
예전맛    못 해요~",부정적,부정적,알 수 없음,알 수 없음,부정적,부정적
2024-06,부속양 엄청 많아요. 가격은 강남 가격1만,긍정적,알 수 없음,알 수 없음,긍정적,긍정적,긍정적
2023-01,"맛집.
주 1회 정도는 꼭 가요.",긍정적,긍정적,알 수 없음,알 수 없음,긍정적,긍정적
2020-01,"맛있게 잘 먹었습니다.
사장님은 좀 더 친절하셨으면 좋겠어요.",긍정적,긍정적,부정적,알 수 없음,긍정적,긍정적
2020-01,"깔끔한 국물에 곱창 등 건더기가 많이 들었습니다. 9,000 원 순대국은 당면 순대가 들어갑니다.",긍정적,긍정적,알 수 없음,긍정적,부정적,긍정적
2019-01,맛있어요. 순대국 좀 드셔보신분들께 추천합니다.  한번 드셔보세요,긍정적,긍정적,알 수 없음,알 수 없음,긍정적,긍정적
2020-01,인생순대국밥집♡ 순대랑 고기가 듬뿍 들어가서 밥말으면 밥이 안보여요!,긍정적,긍정적,알 수 없음,긍정적,긍정적,긍정적
2023-01,"국물 찐하고 좋음.
고기 잡내에서 호불호 있을 수 있음.
정통좋아하면 추천. 깔끔한 맛 좋아하면 패스",긍정적,긍정적,알 수 없음,알 수 없음,긍정적,긍정적
2021-01,해장을 목적으로 방문하였으나 나쁘지 않은 정도임.,긍정적,긍정적,알 수 없음,알 수 없음,부정적,긍정적
2019-01,진한 돼지돈골 순대국과 삼색순대 맛있어요.,긍정적,긍정적,알 수 없음,알 수 없음,긍정적,긍정적
2018-01,10년전에는 별5개였는데 ᆢ 그래도 오늘도 먹고 왔어요. 맛있어요.,긍정적,긍정적,알 수 없음,알 수 없음,긍정적,긍정적
2022-01,적당한 순대국밥입니다. 개인적인 평으로 멀리서 찾아가기엔 아쉬울 수 있습니다.,부정적,긍정적,부정적,알 수 없음,부정적,부정적
2023-01,오랜만에 먹는 체인점 순대국이아니라 맛있었네요 국물이 깔끔하고 고기가 많이 들어있었어요,긍정적,긍정적,알 수 없음,긍정적,긍정적,긍정적
2021-01,순대국도 맛집이 따로 있구나를 맨 처음 알려준 곳~!,긍정적,긍정적,알 수 없음,알 수 없음,긍정적,긍정적
2019-01,"맛도 그저그렇고 가격도 9천원으로 오름...
예전 명성 다 잃었고 국물도 맑은걸로 바꼈는데
왜 맛있다고 자리 꽉꽉 채우면서 먹는지 모르겠네요
아! 이근처에 순대국밥 파는데가 없는게 이유긴 하겠네요",부정적,부정적,부정적,알 수 없음,부정적,부정적
2021-01,깔끔한 순대국 뜨끈한 순대국 맛있어요,긍정적,긍정적,알 수 없음,알 수 없음,긍정적,긍정적
2021-01,"2000년쯤에,아마도 IMF 지나는중에 알게된 그땐""서초순대국""으로 알려진,10년만에 다시 가보게된곳,장소는 바로 건너편으로 더 확장돤듯,맛은 그대로,맑은 국물에 취향끗 양념을 만들어 먹을 수 있는곳,특히 겨울에는 더 잘 어울리는 집입니다.양도 푸짐하고 먹고 나면 미소가 생겨나는 곳...",긍정적,긍정적,알 수 없음,긍정적,긍정적,긍정적
2023-01,"웨이팅 약간 있지만, 기다릴만함.
직원분들 정신없어서 간혹 음식이 안 나오거나 잘못 나오기도 함. 그래도 가게 되네요 :D",긍정적,알 수 없음,부정적,알 수 없음,긍정적,긍정적
2019-01,가게에서 풍기는 냄새는 돼지 비린내가 나는데 희한하게 국물이나 건더기에서는 비린맛이 안남. 국물이 깔끔해서 좋고 저는 양념된 새우젓만 좀 넣고 그대로 먹어요 곱창이 많이 들어 있고 맛있음 순대는 그냥 일반 순대 김치도 쏘쏘임 김치 맛에 민감하나 순대국이 맛있어서 종종 가요,긍정적,긍정적,부정적,긍정적,부정적,긍정적
2021-01,시골시장의순대국맛인데 맛은좋습니다. 순대가 너무크고 서양식소세지같은느낌이크구요 국안에 머릿고기도 너무커서먹기불편합니다. 하지만 우리가흔히아는 그런순대국과는 차별점이 확실히있다고 생각합니다.,긍정적,긍정적,부정적,부정적,긍정적,긍정적
2021-01,순대국 한 그릇에 9천원. 후덜덜하다. 공기밥 추가하면 1천원 더 받는다. 그건 좀 야박한거 같다. 근데 맛은 있다. 독특하다. 들깨가루를 넣으라고 하는데 그러면 맛이 텁텁해진다. 본래 국물에 아무것도 넣지 말고 후추만 조금 뿌려서 먹어보라. 국물 본연의 맛에 푹 빠져버린다.,긍정적,긍정적,부정적,알 수 없음,부정적,긍정적
2019-01,별로입니다... 일단 음식점에서 고기잡내가 좀 심하게 납니다. 국물이 깔끔하다고 할 수 있으나 반대로 말하면 심심합니다. 사골육수 좋아하시는 분이면 더더욱 추천하지 않습니다.,부정적,부정적,알 수 없음,알 수 없음,부정적,부정적
2018-01,순대국은 우리의 평범한 토속음식이다. 이집의 특징은 벽에 붙어있는 레시피대로 양념을 넣으면 희한하게도 맛을 낸다는 것. 돼지 특유의 냄새도 사라지고 구수하고 찰진 국밥으로 변신한다는 것이다. 고기가 둠뿍 들어있는 서민 음식으로 이만한 게 없다. 맛있게 먹었다.,긍정적,긍정적,알 수 없음,긍정적,긍정적,긍정적
2020-01,음식이야 유명해서 쏘쏘 그러나 주차장은... 범퍼 다 긁힘.. 주차요원이 있으나 영감님이라 차 밑바닥 다 긁는데 무조건 들어오라함.. 에휴 애초 시설 자체가 설계 불량임.. 왠만한 수입승용차는 바닥 다 긁어먹으니 주의하세요,부정적,부정적,부정적,알 수 없음,부정적,부정적
2023-01,"사람이 정말 많아요.
맛 괜찮아요^^",긍정적,긍정적,알 수 없음,알 수 없음,긍정적,긍정적
2024-01,국물 좋습니다. 앞에 차량 4대정도 주차 가능합니다~,긍정적,긍정적,긍정적,알 수 없음,긍정적,긍정적
2018-01,"일반적인(?) 순대국과는 다름
순대와 머릿고기보다 내장류가 많이 들어있다.
순대는 일반 순대만 있고 야채순대 같은건 없다.
맛은 괜찮으나, 나는 순대가 메인이 아니라서 아쉬웠다.",부정적,긍정적,부정적,알 수 없음,부정적,부정적
2019-01,"비오는 날밤  너무 먹고 싶어서 폭풍검색해서 찾은 순댓국집! 단골이 많고 맛있다는 리뷰가 많아서 기대했는데.. 그냥 깔끔한 순댓국 맛. 같이 간 남자친구는 양이 다른 곳보다 적은것 같고, 순대도 토종순대가 안들어서 별로라고 했음. 깍두기나 반찬은 맛 괜찮았고, 순댓국에 내장이나 고기 등은 넉넉한 편.:)",부정적,긍정적,부정적,부정적,부정적,부정적
2019-01,"호불호가 갈릴 순대국밥일것 같습니다.
가게에 들어가기 전부터 돼지향이 나는데, 순대국에서도 그 맛이 진하게 납니다. 잡내를 싫어하시는 분들은 안좋아하실 겁니다. 근처에 있는 농민백암순대
같은 집들과는 차별화된 집입니다. 저도 한 5번정도 가고나서야 그 맛을 알게되었네요.
돼지육향을 즐기시는 분들이라면, 꼭한번 가셔야할 순대국집.",긍정적,부정적,알 수 없음,알 수 없음,부정적,긍정적
2018-01,맛있게 잘먹었고 내장도 맛있어서 내장좋아하시는분들은 내장만으로 부탁해서 먹어도 좋을거같아요~ 전 국물진한게 좋다보니 살짝가벼운느낌이라 별세개드려요~,긍정적,긍정적,알 수 없음,부정적,긍정적,긍정적
2019-01,"아시다시피, 강남 한 복판.. 주차 장소 3대정도로 너무 협소합니다.
순대국은 맛있는 편입니다!
순대만 넣어달라고 부탁드렸는데 순대양도 많고
국물도 맑고 시원해요~",긍정적,긍정적,긍정적,긍정적,긍정적,긍정적
2020-01,"왜캐 평이 좋죠? 왜캐 사람이 몰리죠? 이해 안됨

순대는 먹을만하지만 머릿고기와 내장은 진짜 이게 뭐야 싶을정도...비리고 살코기는 찾기힘들고 냄새나고
먹고나왔는데도 입에서 돼지고기냄새 펄펄나서 양치하고 커피 빨고나서야 없어졌네요

가격에 비해 맛이 뒤쳐지는 식당",부정적,부정적,부정적,알 수 없음,부정적,부정적
2020-01,9000원은 아까운듯.강남서 먹는 시장 눈대국,부정적,긍정적,부정적,알 수 없음,부정적,부정적
2018-01,"고등학교때부터 다녔던 순대국밥 맛집이예요
순대 머리고기 내장 등등이 실하게 들어있고 돼지 고기 냄새가 심하지 않아
맛있게 먹을 수 있어요!!",긍정적,긍정적,알 수 없음,알 수 없음,긍정적,긍정적
2019-01,"2대째 가업을 이어 맛을 내고 있다고 한다.
양념없이 맑은 국물로 나오고 맛있게 먹기위해 양념추가법을 게시해놨다..

새우젓2/3 - 양념다데기 1숫갈 - 들깨가루 1숫갈 - 후추적당히..
국물 한입 먹어본다. 괜찮음.
된장이 있길래 1/3 넣어본다. 더 맛있네..  ^^

요즘은 더 맛있는 곳이 많아졌다.. ^^;",긍정적,긍정적,긍정적,알 수 없음,긍정적,긍정적
2017-01,C 괜찮은 맛의 순대국집. 사람이 너무 많음.,긍정적,긍정적,부정적,알 수 없음,긍정적,긍정적
2019-01,시이발 진짜 국물이 펄펄 끓는데 순대가 얼어있는건 왜때문이야? 밥넣어버려서 그냥 끓여달랬으면 밥이 국물 흡수하니까 육수좀 더 넣어줘야 하는거 아니냐? 죽만들어서 가지고 오면 어떻하라고. 주차불편 분위기 ㅆㅎㅌㅊ 친절ㅆㅎㅌㅊ 맛을느낄수가 없음,부정적,부정적,부정적,알 수 없음,부정적,부정적
2017-01,순대국은 맛있는데 주인 아저씨는 손님 많이 오는게 귀찮으신듯한 느낌이네요. 인터넷 쇼핑으로도 파는걸 보니 나름 유명한집이긴 한것 같습니다.,긍정적,긍정적,부정적,알 수 없음,부정적,긍정적
2020-01,"앞에 주차가능합니다
벽에 써진 글대로 새우젓 넣어서 드세요
돼지 비계 싫어하는 사람은 꼭 미리 빼달라고하세요
순대보다 고기가 훨씬많아요",긍정적,긍정적,긍정적,긍정적,긍정적,긍정적
2018-01,"비닐 순대 넣은 순대국이 왜 맛집인지 몰겠다 ㅋㅋㅋㅋ
마늘, 김치등 식재료도 안싱싱해.. 깔끔하지 않다는거임..
가격대비 양은 많더라~~",부정적,부정적,부정적,긍정적,부정적,부정적
2019-01,"가격 오르고<9000원> 아들이 하면서 맛도 부모님들이 할때보다 떨어짐. 그냥 평범함. 가격 감안하면 체인점 순대 이하.
서초때부터 다녔는데 이건뭐.ㅋㅋ",부정적,부정적,알 수 없음,부정적,부정적,부정적
2018-01,가격대비 좋습니다. 저는 순대빼고 먹었는데요...중간정도~순대국은 7천원입니다. 반찬중에 깍뚜기가 괜찮구요,긍정적,긍정적,알 수 없음,긍정적,긍정적,긍정적
2021-01,맛이 나쁘진 않은데..자주 방문할 의사는 그다지 안 생기는 오래된 순대국집 느낌..메뉴구성은 간단히 술 한 잔 하기 좋음.,부정적,긍정적,알 수 없음,알 수 없음,부정적,부정적
2020-01,"2대에 걸쳐 사업하고 있는 순대집
맛과 친절한 서비스도 덤으로 있고요.
코로나19로 어려운 시기에
많은 직원 함께 하는 모습 보기 좋았습니다.",긍정적,긍정적,긍정적,알 수 없음,긍정적,긍정적
2019-01,맑은 순대국물이 정말 맛있습니다. 점심시간대인 11시50분부터 1시 30분까지 사람이 많아 기다려야 합니다.,긍정적,긍정적,부정적,알 수 없음,긍정적,긍정적
2019-01,"싼 가격에 가는 순대국집..
문 열고 들어가면 바로 돼지 잡내 느낄 수 있음.
구수한 돼지 냄새 아님.. 잡내임.
순대도 떡복이 집에서 파는 당면순대",부정적,부정적,부정적,알 수 없음,부정적,부정적
2018-01,순대는 그냥 포장마차에서 파는 순대와 다를 바 없음. 처음 먹어보는 사람은 왜 인기가 있는지 모르는 맛. 그냥 그저그런 순대국인데...? 라고 생각할지도. 그러나 먹고 난 다음 날이면 자꾸 생각이 나는 맛. 항상 다시 가고 싶은 그런 향수에 젖는 맛.,긍정적,긍정적,알 수 없음,긍정적,부정적,긍정적
2018-01,뱅뱅사거리에서 유명한 순대국 집입니다. 고기 양 많구요. 사람이 많아서 좋은 서비스 기대하긴 어려워요.,긍정적,긍정적,부정적,긍정적,긍정적,긍정적
2023-01,"서비스가 엉망임
주문도 제대로 못 받아서 우리 테이블보다 나중에 시킨 곳에 음식 먼저 나가서 한참 기다려 받았더니 주문이랑 다른거 나옴",부정적,알 수 없음,부정적,알 수 없음,부정적,부정적
2017-01,언제가도 실망하지 않을 정도의 음식의 맛이나 저녁에 술국을 시킬 생각이라면 순대국 + 순대를 시켜서 먹다 나중에 순대국을 추가하던지 하는 편이 낫다. 술마시면서 안주로 음식을 먹다보면 식어서 순대국의 특성상 맛이 떨어지게 되는데 술국은 이부분에서 적절하지 않았다.,긍정적,긍정적,부정적,알 수 없음,긍정적,긍정적
2019-01,예전 서초순대국일 때부터 자주 갔는데 어느순간 쇼핑몰에 나오고 족발도 같이 팔면서 예전같지가 않습니다. 순대국하면 제일 먼저 갔던 곳 인데 이젠 안갈듯,부정적,부정적,부정적,알 수 없음,부정적,부정적
2019-01,푸짐하고 맛나요! 단골입니다,긍정적,긍정적,알 수 없음,긍정적,긍정적,긍정적
2017-01,"조미료맛도 안나고 맛있게 먹었습니다.
내동포장제품도 파는데 집에서 먹기에는 가격이 저렴합니다.",긍정적,긍정적,알 수 없음,긍정적,긍정적,긍정적
2020-01,"정말 맛있어요
양념장에 새우젖을 넣었어도 많이 짜지않고 맛이 정말 좋았습니다
적극 추천해요",긍정적,긍정적,알 수 없음,알 수 없음,긍정적,긍정적
2024-06,추천 정도는 아님~~,부정적,부정적,알 수 없음,알 수 없음,부정적,부정적
2019-01,"오늘 처음으로 가봤는데 분위기가 아늑하고 국밥 또한 맛있었습니다.
여기는 또 포장도 되네요.
일단 와보세요.",긍정적,긍정적,긍정적,알 수 없음,긍정적,긍정적
2023-01,사장님이 종업원에게 반말로 지시하는 모양새가 영 별로 였습니다 음식맛이 줄어드는 효과가 생겨요,부정적,부정적,부정적,알 수 없음,부정적,부정적
2021-01,"너무너무 맛있어요 직원과 사장님 모두 친절하구요.
원래 순대국 맛집이라 15년째 항상 생각나는 곳입니다",긍정적,긍정적,긍정적,알 수 없음,긍정적,긍정적
2019-01,수육이 죽여줍니다. 순대국은 깔끔한 맛 좋아 하시는 분이 좋을듯. 제 취향은 진한국물을 좋아해서리,긍정적,긍정적,알 수 없음,알 수 없음,긍정적,긍정적
2020-01,오랜 단골집이에요.국물이 진하고 내장과 순대가 아주 찰지게 맛있는 맛집입니다.포장도 가능하니 꼭 드셔보세요,긍정적,긍정적,긍정적,알 수 없음,긍정적,긍정적
2023-12,비교적 평범한 순대국과 수육,부정적,부정적,알 수 없음,알 수 없음,부정적,부정적
2017-01,"가볍게 느껴지는 국물이지만 담백함이 있는
제기준에 서울에서 가장 맛있는 순대국집 입니다.",긍정적,긍정적,알 수 없음,알 수 없음,긍정적,긍정적
2023-01,"예전엔 깊은 맛이 있었는데 최근에 맛이 좀 없어 졌음.. 이 가게의 자랑이던 아삭하던 무도, 오래된건지 서걱서걱 물렁물렁 해 졌음",부정적,부정적,알 수 없음,부정적,부정적,부정적
2018-01,"강남에서 전통있는 순대국집. 내장 빼기, 비계 빼기, 순대만 등 취향에 따른 주문 가능함. 바쁜 시간엔 합석을 할 수 있음.",긍정적,긍정적,긍정적,알 수 없음,긍정적,긍정적
2019-01,맛은 보통으로 점심 먹기 좋아요. 맛집이라기에는 건더기가 좀 적은편이에요.,부정적,긍정적,알 수 없음,부정적,부정적,부정적
2019-01,"예날 서초순대국때는 최고의 맛 이었었는데, 이제 평범합니다. 김치 깍두기맛은 왜이리 더 없어졌는지?",부정적,부정적,알 수 없음,알 수 없음,부정적,부정적
2022-01,"아주가끔가는곳인데 제입맛에맞는 ..냄새없이 맛있어요
주차불편해요",긍정적,긍정적,알 수 없음,알 수 없음,긍정적,긍정적
2021-01,"낡고 지저분하지만
순수한 국물맛이 좋았습니다...
식사할때 옆에 사람이 떠들어서
코로나 때문에 신경이 쓰였지만",긍정적,긍정적,부정적,알 수 없음,긍정적,긍정적
2024-01,변함없이 맛있는 음식을 먹을 수 있습니다!,긍정적,긍정적,알 수 없음,알 수 없음,긍정적,긍정적
2019-01,당면순대 빼고는 다 좋아요,긍정적,부정적,알 수 없음,알 수 없음,부정적,긍정적
2018-01,순대국 국물이 flat 하고 깔끔함. 취향에 따라 양념투입 필수. 깍두기 맛나고 전반적으로 만족.,긍정적,긍정적,알 수 없음,긍정적,긍정적,긍정적
2023-01,브레이크 타임 없어요 어머님들이 친절하세요 맛도 좋습니다.,긍정적,긍정적,긍정적,알 수 없음,긍정적,긍정적
2020-01,맛있는 순대국밥집입니다  특국밥만 먹어도 배부르고 순대 추가하면 매우 배불러요,긍정적,긍정적,알 수 없음,긍정적,긍정적,긍정적
2016-01,"정갈하게 담겨오는 한상에 놀라고, 맑고 담백한 국물에 또한번 놀란다. 건더기와 순대는 평범한 고기와 당면순대라 아쉬운 편",긍정적,긍정적,알 수 없음,부정적,긍정적,긍정적
2024-01,예전맛은 찾아볼수 없고 기름이 반임,부정적,부정적,알 수 없음,부정적,부정적,부정적
2019-01,아주 옛날. 흑바닥의 매장이던 때가 더 좋았다. 지금은 그냥 이름난 순국밥집일 뿐.,부정적,부정적,알 수 없음,알 수 없음,부정적,부정적
2023-01,"강남에서 가장 오래된 순대국집 중 하나, 깔끔한 국물 맛이 좋음.",긍정적,긍정적,알 수 없음,알 수 없음,긍정적,긍정적
2017-01,다들 여기까지 차를 가지고 오셔서 드시는데 뭐가 특별히 맛있는지 모르겠습니다. 그냥 일반한 순대국이에요.,부정적,부정적,긍정적,알 수 없음,부정적,부정적
2019-01,제일 좋아하는 순대국집,긍정적,긍정적,긍정적,알 수 없음,긍정적,긍정적
2019-01,"이제까지 먹었던 순대국은 순대국이 아니였다 ...
냄새도 안나고 들깨가루듬뿍넣고 다대기 한수저에 ~아주 맛남 아주",긍정적,부정적,긍정적,알 수 없음,부정적,긍정적
2018-01,"냄새강하고 맛없습니다.전보다 떨어지고, 마늘등 식재료가 싱싱않아 기분상하네요ㅠㅠ",부정적,부정적,알 수 없음,알 수 없음,부정적,부정적
2018-01,냄새가 살짝 나지만 괜찮네요 매운고추가 나오면 더 좋을 것 같네요,긍정적,긍정적,알 수 없음,알 수 없음,긍정적,긍정적
2018-01,맛있어요 기대없이 먹어본 미니족도 맛나요 주차가 조금 불편하지만 친절히 안내해 줍니다,긍정적,긍정적,긍정적,알 수 없음,긍정적,긍정적
2019-01,서울 강남에서 먹을 수 있는 순대국중에선 거의 제일 양질에 가깝다.,긍정적,긍정적,알 수 없음,긍정적,긍정적,긍정적
2021-01,단백하고 맛있다!  두부순대가 제입맛엔 맛네요,긍정적,긍정적,알 수 없음,알 수 없음,긍정적,긍정적
2014-01,순대국 하면 엄청 무거운 음식일 수도 있으나 여기 순대국은 깔뜸해서 그런지 가벼운 느낌. 맛도 괜찮고,긍정적,긍정적,알 수 없음,알 수 없음,긍정적,긍정적
2019-01,"순대국 ￦8,000. 양도 많고... 하지만 몇 년전과 비교하면 가격은 올랐는데 질은 향상이 안된 것 같음.",긍정적,부정적,알 수 없음,긍정적,부정적,긍정적
2021-01,"소문과달리맛없는?
비추천집
위생ㆍ코로나방역등미흡
시장순대국수준?",부정적,부정적,부정적,알 수 없음,부정적,부정적
2021-01,"손님이 많은것도 아니였어요
저녁시간을 감안해서 봐도
종업원 업주분 모두가 어수선해 보였어요
맛은 있어요",부정적,긍정적,부정적,알 수 없음,부정적,부정적
2020-01,"십여년전에 먹었던 맛 그대로 ㅋㅋ
진한 국물맛이 부산에서 먹었던 돼지국밥같았다고 식사 같이한 직원이 고마워 했습니다.",긍정적,긍정적,긍정적,알 수 없음,긍정적,긍정적
2019-01,맛있었어요 고기도 많고 국물은 깔끔하면서도 맛있네요,긍정적,긍정적,알 수 없음,긍정적,긍정적,긍정적
2019-01,맛좋습니다 20년 단골입니다 자주는 못가고 가끔 한번씩 들립니다,긍정적,긍정적,알 수 없음,알 수 없음,긍정적,긍정적
2017-01,입맛대로 양념하고. 입맛대로 고기 추가 가능. 강남 최고 순대국밥집.,긍정적,긍정적,긍정적,알 수 없음,긍정적,긍정적
2022-01,예전과 같은 정성스런 순대국 이미지가 아니라 좀 실망이지만 여전히 맛은있었다,긍정적,긍정적,부정적,알 수 없음,부정적,긍정적
2019-01,내부 인테리어는 옛날 분위기이고 음식은 깔끔하고 맛있어요.,긍정적,긍정적,알 수 없음,알 수 없음,긍정적,긍정적
2019-01,분식집 순대로 만든국밥 .. 유명세에 비해 맛없네요,부정적,부정적,알 수 없음,알 수 없음,부정적,부정적
2019-01,다른 순대국집과 다르게 조미료 맛이 인나지만 맛있음,긍정적,긍정적,알 수 없음,알 수 없음,긍정적,긍정적
2019-01,2000년대부터 다닌 애정하는 순대국집 . 혼자 가도 부담없이 먹을 수 있다.,긍정적,긍정적,긍정적,알 수 없음,긍정적,긍정적
2019-01,걍맛잇음 내용물도 엄청많고 막 끓여나와서 뜻뜻함,긍정적,긍정적,알 수 없음,긍정적,긍정적,긍정적
2019-01,사람들은 맛집이라하던데 딱히 맛이 좋은진 모르겠네요 차라리 신의주순대국이 더 나은듯,부정적,부정적,알 수 없음,알 수 없음,부정적,부정적
2021-01,"진한국물맛 굿~
푸짐한 내용물 굿~
김치맛 굿~~
직원의 친절함 베스트~~~♡♡♡",긍정적,긍정적,긍정적,긍정적,긍정적,긍정적
2023-01,"강남 최고의 순대국!
약 30년정도 다닌 단골집",긍정적,긍정적,알 수 없음,알 수 없음,긍정적,긍정적
2018-01,"다양한 종류의 건더기가 풍부하게 들어있음.
깊은 맛이나 시원한 맛은 아쉬움",긍정적,부정적,알 수 없음,알 수 없음,부정적,긍정적
2021-01,여지껏 먹은 순대국중에 제일 맛있어요👍👍…,긍정적,긍정적,알 수 없음,알 수 없음,긍정적,긍정적
2018-01,"언제 가도 맛있고, 주위에 여기를 견제하려고 순대국집이 많이 생겼는데 여전히 여기가 제일 고기도 많으면서 맛있네요 ^^",긍정적,긍정적,알 수 없음,긍정적,긍정적,긍정적
2019-01,"수육이 무지 차갑고 비게만 가득, 순대국 또한 맛이 없다.
돈 생각하믄 안 가는걸 추천함.",부정적,부정적,알 수 없음,부정적,부정적,부정적
2019-01,"국물 맛이 좋아요, 순대는 당면 순대인데 병천 순대스타일 이었으면 5점인데 좀 아쉬움",긍정적,긍정적,알 수 없음,부정적,긍정적,긍정적
2019-01,역시 남순남 순대국 맛있네요. 친절함은 부족한듯 보입니다.,긍정적,긍정적,부정적,알 수 없음,긍정적,긍정적
2021-01,"진짜 맛없음  왜사람이많은지 이해안감
냄새나고  다시는안가요.",부정적,부정적,부정적,알 수 없음,부정적,부정적
2019-01,여기는 종업원들이 부족한 반찬을 알아서 좀 더 가져다 주는 센스가 있던지 아님 셀프 반찬대가 있어 주던지~~했으면 좋겠다,부정적,알 수 없음,긍정적,부정적,부정적,부정적
2018-01,원래 1점 주고 나만 먹으러 가려고 했는데 온라인으로 사먹어 보고 5점 줍니다. 흥해라~~^^,긍정적,긍정적,알 수 없음,알 수 없음,긍정적,긍정적
2020-01,순대국 특유의 향이 안났고 맛이 깔끔했어요,긍정적,긍정적,알 수 없음,알 수 없음,긍정적,긍정적
2018-01,예전부터 먹던 맛집인데 순대를 골라먹는 재미는 없음,부정적,부정적,알 수 없음,알 수 없음,부정적,부정적
2022-01,저녁에 소주 한 잔 곁들여 식사하기 딱 좋습니다.,긍정적,긍정적,알 수 없음,알 수 없음,긍정적,긍정적
2020-01,불친절로 맛있는 옛날 명성이 영 아니올씨다! 점수 주고 싶지 않네요,부정적,긍정적,부정적,알 수 없음,부정적,부정적
2018-01,"처음 가본 서초 순대국집의 맛이 별미였습니다.
베리굿!",긍정적,긍정적,알 수 없음,알 수 없음,긍정적,긍정적
2019-01,윤철이랑 방태산 다녀온 후 처음먹어봤는데 국물이 깔끔,긍정적,긍정적,알 수 없음,알 수 없음,긍정적,긍정적
2019-01,"각0에서 먹어도 좋고, 포장이나 인터넷 쇼핑몰도 굿",긍정적,긍정적,긍정적,알 수 없음,긍정적,긍정적
2024-01,예전 같지 않고 기름이 대부분,부정적,부정적,알 수 없음,부정적,부정적,부정적
2016-01,맛있다. 건더기가 진짜 많다. 진한 순대국 좋아하면 강추!,긍정적,긍정적,알 수 없음,긍정적,긍정적,긍정적
2019-01,"은광여고 학생들 밥심챙기러  많이오는집
깔큼한  순대국  맛나요.",긍정적,긍정적,알 수 없음,알 수 없음,긍정적,긍정적
2018-01,"어제먹고 또 생각나는곳!
양도만족 질도만족!
질리지않아요~",긍정적,긍정적,알 수 없음,긍정적,긍정적,긍정적
2020-01,"꼬릿한 냄새가 싫은 사람들에게는 비추
순대국에 들어있는 건더기도 아주 푸짐해서
배부르게 먹고 나올 수 있는 곳",긍정적,부정적,알 수 없음,긍정적,부정적,긍정적
2020-01,평범한 순대국집입니다. 당면순대 넣고 9천원은 좀 비싼 듯.,부정적,긍정적,알 수 없음,부정적,부정적,부정적
2018-01,맛은있으나..한번은 공기밥에서 고추가루 한번은 음료컵에서 고추가루 ...,부정적,긍정적,부정적,알 수 없음,부정적,부정적
2021-01,머리고기를 양껏 넣어주는 순대국이 유명한 맛집,긍정적,긍정적,알 수 없음,긍정적,긍정적,긍정적
2018-01,중국인과 조선족들 고용한 식당으로 위생상태 좋지 않고 순대와 내장 맛과 질도 그 때 그 때 바뀜.,부정적,부정적,부정적,알 수 없음,부정적,부정적
2017-01,두툼한 고기와 시원한 국물.막장에 찍어먹는 순대가 일품,긍정적,긍정적,알 수 없음,긍정적,긍정적,긍정적
2019-01,간판에 자랑하는 것만큼은 아니어도 맛이 괜찮다.,긍정적,긍정적,알 수 없음,알 수 없음,긍정적,긍정적
2017-01,맑은 국물의 순대국을 원하시면 이곳을 찾으시면 됩니다.,긍정적,긍정적,알 수 없음,알 수 없음,긍정적,긍정적
2019-01,지나갈때마다 돼지비린내 때매 구역질나는데 다른사람들은 안난다 카네요.. 흠,부정적,부정적,알 수 없음,알 수 없음,부정적,부정적
2017-01,국물이 삼삼하고 재료가 좋음. 저렴한 편.,긍정적,긍정적,알 수 없음,긍정적,긍정적,긍정적
2018-01,유명할만큼은 아닌거같은데 고기순대아니고 찰순대들어감 국물 돼지냄새가 다른순댓국집에비해 좀 나는편,부정적,부정적,알 수 없음,알 수 없음,부정적,부정적
2019-01,맛은있지만 냄새가 많이남,부정적,긍정적,알 수 없음,알 수 없음,부정적,부정적
2019-01,친절하고 맛있는 음식이 좋았다.,긍정적,긍정적,긍정적,알 수 없음,긍정적,긍정적
2022-01,"돼지냄새남
고기는 비계만 붙어있늠",부정적,부정적,알 수 없음,부정적,부정적,부정적
2019-01,"그냥 아주 평범한 순대국, 가성비 떨어짐",부정적,부정적,알 수 없음,부정적,부정적,부정적
2023-01,족발이먹고싶었는데 없더라구요ㅜ,부정적,알 수 없음,부정적,부정적,부정적,부정적
2019-01,"서초 남부터미널 지나서 있습니다.
깔끔한 순대국 맛집입니다",긍정적,긍정적,알 수 없음,알 수 없음,긍정적,긍정적
2021-01,예전 그 맛이 느껴지질 않아 많이 아쉬웠습니다,부정적,부정적,알 수 없음,알 수 없음,부정적,부정적
2017-01,순댓국 맛있는 집~ 가격이 너무 올라... 헐,긍정적,긍정적,알 수 없음,부정적,긍정적,긍정적
2024-02,순대국의 명문인듯..ㅎ,긍정적,긍정적,알 수 없음,알 수 없음,긍정적,긍정적
2018-01,맛은 궁금해 할필요 없음 순대국 좋아하면 무조건 콜,긍정적,긍정적,알 수 없음,알 수 없음,긍정적,긍정적
2020-01,"언제라도 배신하지 않는 진한 맛, 기분을 업시켜줍니다.",긍정적,긍정적,알 수 없음,알 수 없음,긍정적,긍정적
2022-01,맛은 좋으나 주차장이 협소..,긍정적,긍정적,알 수 없음,알 수 없음,긍정적,긍정적
2019-01,소문난 잔치에 먹을거없다. 내입맛 에는 영 아니더군요.,부정적,부정적,알 수 없음,부정적,부정적,부정적
2017-01,맛있고 가격도 괜찮습니다,긍정적,긍정적,알 수 없음,알 수 없음,긍정적,긍정적
2018-01,"오래되 단골집. 맛, 가격 모두 훌륭함.",긍정적,긍정적,알 수 없음,알 수 없음,긍정적,긍정적
2019-01,명가로 불릴만 하곳 입니다 깔끔합니다,긍정적,알 수 없음,긍정적,알 수 없음,긍정적,긍정적
2022-01,"미니족발에 막걸리 한잔..
최고!",긍정적,긍정적,알 수 없음,알 수 없음,긍정적,긍정적
2019-01,소문에 비해 맛은 일반적임,부정적,부정적,알 수 없음,알 수 없음,부정적,부정적
2022-01,맛있음. 그러나 예전만 못함,긍정적,긍정적,알 수 없음,알 수 없음,긍정적,긍정적
2022-01,아.. 순댓국 너무 맛없 ㅠㅠ,부정적,부정적,알 수 없음,알 수 없음,부정적,부정적
2021-01,맛있는 집입니다.,긍정적,긍정적,알 수 없음,알 수 없음,긍정적,긍정적
2019-01,매우 깔끔한 국물맛,긍정적,긍정적,알 수 없음,알 수 없음,긍정적,긍정적
2020-01,막걸리  한잔과  함께  굿,긍정적,긍정적,알 수 없음,알 수 없음,긍정적,긍정적
2020-01,강남의 몇안돼는 순대국,긍정적,긍정적,알 수 없음,알 수 없음,긍정적,긍정적
2020-01,24시 운영,긍정적,알 수 없음,긍정적,긍정적,긍정적,긍정적
2018-01,깔끔하고 뜨거운 국물인데 안에 들어있는 순대는 젤리같아요. 일반 순대를 주문하면 완벽합니다!,긍정적,부정적,긍정적,알 수 없음,긍정적,긍정적
2020-01,서울 최고의 돼지고기 수프 장소 중 하나! 소주와 함께하면 더 좋아요!,긍정적,긍정적,긍정적,알 수 없음,긍정적,긍정적
2020-01,순대국으로 매우 인기 있는 곳이자 제가 가장 좋아하는 곳 중 하나입니다. 훌륭한 가치.,긍정적,긍정적,알 수 없음,알 수 없음,긍정적,긍정적
2019-01,현지에서 유명한 돼지국밥집. 진짜 한국스타일.,긍정적,긍정적,알 수 없음,알 수 없음,긍정적,긍정적
2019-01,이 장소에는 특별한 것이 없습니다. 족발을 먹었는데 별로 맛있진 않았어요.,부정적,부정적,알 수 없음,알 수 없음,부정적,부정적
2018-01,맛이 아주 좋습니다.,긍정적,긍정적,알 수 없음,알 수 없음,긍정적,긍정적
2019-01,한국인이 좋아하는 음식,긍정적,알 수 없음,알 수 없음,알 수 없음,긍정적,긍정적
2019-01,하나님,긍정적,알 수 없음,알 수 없음,알 수 없음,긍정적,긍정적
