﻿Date,Review,Final_Sentiment,맛,서비스,양,sentiment,Sentiment2
2023-01,"자주 가는곳인데 변함없이 맛이 있어서 좋습니다 사장님도 친절해서 자주 얘용하고 있습니다.
진심 맛집 입니다.",긍정적,긍정적,긍정적,알 수 없음,긍정적,긍정적
2021-01,근처직장인들에게 인기있을 이유가 있는 맛집 가격이 솔직히 깡패수준으로 착함 계란말이 김치전도...,긍정적,긍정적,알 수 없음,알 수 없음,긍정적,긍정적
2019-01,7천원이고 라면사리 공짜. 테이블이 없고 다 좌식인게 흠이라고나 할까. 맛은 머 이냥저냥 먹을만함,부정적,긍정적,부정적,알 수 없음,부정적,부정적
2022-01,"다년간 해온집인만큼 맛은 있어요
동일선에서 오래된 집이니 주변 환경이나 서비스가 불편할수 있습니다",긍정적,긍정적,부정적,알 수 없음,긍정적,긍정적
2019-01,"부대찌개 1등. 수년동안 계속다니는 집인데, 맛은 변함없는데 손님이 많이 줄었어요. 번창하길 응원합니다.",긍정적,긍정적,부정적,알 수 없음,긍정적,긍정적
2019-01,강남에서 저렴한 가격에 맛있는 부대찌게집. 라면사리는 무료.,긍정적,긍정적,긍정적,긍정적,긍정적,긍정적
2021-01,매장 직원들이 너무 적고 연세가 많으셔서 서비스가 별로임. 못 알아듣고 요청해도 매우 느림.,부정적,알 수 없음,부정적,알 수 없음,부정적,부정적
2020-01,체인점이 넘처나는 요즘 흔치않은 식당. 포장해서 집에와서 먹어도 핵꿀맛.,긍정적,긍정적,알 수 없음,알 수 없음,긍정적,긍정적
2020-01,"서울 최고의 부대찌개 입니다.
연말 모임장소로도 최고",긍정적,긍정적,알 수 없음,알 수 없음,긍정적,긍정적
2022-01,진한 육수에 다양한 햄 소세지로 깊은맛 즐기는곳,긍정적,긍정적,알 수 없음,알 수 없음,긍정적,긍정적
2023-01,적당히 식사와 술한잔하기 편한 장소입니다.,긍정적,알 수 없음,긍정적,알 수 없음,긍정적,긍정적
2023-01,판문점에서 북한 바라보며 먹는 맛,긍정적,알 수 없음,알 수 없음,알 수 없음,긍정적,긍정적
2019-01,가격대비 음식이 너무 형편없이 나왔네요,부정적,부정적,부정적,알 수 없음,부정적,부정적
2019-01,맛있네여 가끔 가는데 맛나요 친절하심,긍정적,긍정적,긍정적,알 수 없음,긍정적,긍정적
2022-01,칼칼하니 추억의 맛에 가까워서 좋았어요,긍정적,긍정적,알 수 없음,알 수 없음,긍정적,긍정적
2022-01,맛도 괜찮고 가격도 적당하네요.,긍정적,긍정적,알 수 없음,알 수 없음,긍정적,긍정적
2018-01,"부대찌개, 간소하면서 깔끔하고 맛있는 반찬(특히 오뎅) 괜찮았슴.",긍정적,긍정적,알 수 없음,알 수 없음,긍정적,긍정적
2019-01,부대찌개집인데 철판볶음이 맛있음 부대찌개는 쏘쏘,긍정적,긍정적,알 수 없음,부정적,긍정적,긍정적
2021-01,마늘향 강함 맵찔이한테만 매움,부정적,긍정적,알 수 없음,알 수 없음,부정적,부정적
2022-01,서비스 별로 찬 별로 위생도 별로,부정적,알 수 없음,부정적,부정적,부정적,부정적
2021-01,의외로 맛이 괜찮아요,긍정적,긍정적,알 수 없음,알 수 없음,긍정적,긍정적
2018-01,판문점부대찌게맞은편 감자탕집갔다왔다,긍정적,알 수 없음,알 수 없음,알 수 없음,긍정적,긍정적
2019-01,가격저렴하고 맛도 좋음,긍정적,긍정적,알 수 없음,알 수 없음,긍정적,긍정적
2021-01,마늘향이 강해서 아쉽~,긍정적,부정적,알 수 없음,알 수 없음,부정적,긍정적
2018-01,부대찌개가 맛있어요~,긍정적,긍정적,알 수 없음,알 수 없음,긍정적,긍정적
2021-01,좌식만 아니라면 더 좋았을텐데...,긍정적,알 수 없음,긍정적,부정적,부정적,긍정적
2017-01,옛 맛이 그리운 집...,긍정적,긍정적,알 수 없음,알 수 없음,긍정적,긍정적
2022-01,무심한듯 친절하심,긍정적,알 수 없음,긍정적,알 수 없음,긍정적,긍정적
2020-01,가성비 맛 친절 짱짱,긍정적,긍정적,긍정적,알 수 없음,긍정적,긍정적
2019-01,맛있어요,긍정적,긍정적,알 수 없음,알 수 없음,긍정적,긍정적
2019-01,신발 벗고 들어가야됨,부정적,알 수 없음,부정적,알 수 없음,부정적,부정적
2020-01,아.. 또먹고 싶다..,긍정적,긍정적,알 수 없음,알 수 없음,긍정적,긍정적
2019-01,🙄🙄…,긍정적,알 수 없음,부정적,알 수 없음,부정적,긍정적
2020-01,철판과 부대찌개 맛집,긍정적,알 수 없음,알 수 없음,알 수 없음,긍정적,긍정적
2019-01,보통임,부정적,알 수 없음,알 수 없음,알 수 없음,부정적,부정적
2019-01,그냥저냥,부정적,알 수 없음,알 수 없음,알 수 없음,부정적,부정적
2020-01,부대찌개 쏘쏘,부정적,부정적,알 수 없음,알 수 없음,부정적,부정적
2019-01,존맛탱,긍정적,긍정적,알 수 없음,알 수 없음,긍정적,긍정적
2018-01,맛있어요,긍정적,긍정적,알 수 없음,알 수 없음,긍정적,긍정적
