﻿Date,Review,Final_Sentiment,맛,서비스,양,sentiment,Sentiment2
2022-01,"제 인생 김치찜입니다.
국물은 칼칼하며 적당히 짭조름하고, 김치는 정말 녹는다는 표현이 맞을 정도로 아주 잘 쪄있습니다. 등갈비는 뼈가 쏙 빠지게 부드럽습니다.

맛있게 잘 먹었습니다.",긍정적,긍정적,알 수 없음,알 수 없음,긍정적,긍정적
2022-01,김치찜을 먹었는데 소주가 절로 들어가는 맛이었습니다. 양재역 근방에서 김치찜이 끌린다면 와볼만한 곳이며 다른 메뉴들도 맛이 좋아 다양하게 즐기기에도 괜찮았습니다.,긍정적,긍정적,알 수 없음,긍정적,긍정적,긍정적
2019-01,"원래 이태리 레스토랑 이었지만, 한식 집으로 바뀌었습니다.
워낙 단골집이었어서 파스타와 피자를 못 맛본다는 아쉬움이 있었지만 바뀐것들의 메뉴와 구성 가격모두 훌륭합니다. 특히 강남에서요. 늦은밤까지 영업하니 소주한잔 한식안주와 곁들이는것도 추천드립니다.
믿고가는 이두환셰프님 식당입니다.",긍정적,긍정적,긍정적,알 수 없음,긍정적,긍정적
2023-01,"김치찜 여기가 맛있다고 얘기하는거 이해안됨
오늘 등갈비김치찜 먹고 깜짝 놀람 고기냄새에 김치는 신 맛만 나는데 그게 왜 베스타 인지 모르겟음
근처데 살지만 처음이자 마지막 차라리 떡볶이를 먹는게 돈 아끼는것임",부정적,부정적,알 수 없음,부정적,부정적,부정적
2020-01,맛있어요 가격도 싸고ㅎ,긍정적,긍정적,알 수 없음,알 수 없음,긍정적,긍정적
2023-01,김치찜/두루치기 진짜 괜찮습니다. 점심 먹으러가기 딱 좋은곳 입니다. 워낙 괜찮아서 저녁에 술한잔 하러 갔는데 술 한잔하러 가기엔 살짝 애매하더군요. 대략 1~1.3만원대에서 1인분 먹을 수 있습니다. 회사가 근처고 점심을 먹어야한다!? 무조건 한번 가볼만 합니다.,긍정적,긍정적,알 수 없음,긍정적,긍정적,긍정적
2021-01,맛은 맛나게^^ 친절하고는 조금!ㅜㅜ,긍정적,긍정적,알 수 없음,알 수 없음,긍정적,긍정적
2019-01,처음갔던 맛집~! 손님도 많고~~^^ 김치등갈비찜 최고였습니다~~^^ 강추강추~~~,긍정적,긍정적,긍정적,알 수 없음,긍정적,긍정적
2023-01,"김치찜이 제가 먹어본 중 단연 최고에요
계속 생각나는 맛ㅠㅠ 포장해서 캠핑장에서도 먹기 좋고
아무튼 최고에요 최고!!",긍정적,긍정적,알 수 없음,알 수 없음,긍정적,긍정적
2022-01,"돼지불백, 김치찜 맛집",긍정적,긍정적,알 수 없음,알 수 없음,긍정적,긍정적
2024-04,점심시간에는 1인 손님은 받지않는 배부른 식당!!!,부정적,알 수 없음,부정적,알 수 없음,부정적,부정적
2019-01,파스타 집이었다가 제육집이 된 곳. 처음 바뀌었을땐 굳이 바뀌었어야했나싶었지만 지금은 그래도 점심 먹기 괜찮습니다. 다만 동네 자체가 비싸서인지 여기도 점심 한끼에 거의 만원 근처입니다.,긍정적,긍정적,알 수 없음,부정적,부정적,긍정적
2020-01,"기본적으로 클라스가 있는 곳
한식은 누가 만들어도 맛있다지만
두두에선 평범한 음식들도 감탄사가 나온다
제육부터 백숙까지, 뿐만 아니라 다인원 모임 및 회식에 유용하니 특별한 날을 만들고 싶다면 이 곳을 이용토록 하자",긍정적,긍정적,긍정적,긍정적,긍정적,긍정적
2019-01,예전에 레스토랑이었다가 지금은 돼지불백+닭백숙으로 메뉴가 변경되었어요. 친절하고 가게 분위기도 좋아요! 사이드로 나오는 국이 매번 바뀌어서 좋아요. 연말에 여기서 파티했었는데 지인들이 음식에 아주 만족했어요. 이제 포장이랑 배달도 되어서 자주 먹는 곳이에요.,긍정적,긍정적,긍정적,알 수 없음,긍정적,긍정적
2024-04,친절하고 맛은 좋은편. 간장불백 추천.,긍정적,긍정적,긍정적,알 수 없음,긍정적,긍정적
2021-01,맛있는 불백을 저렴하게 먹을 수 있는 곳. 주변 사무실 직원들의 특별 메뉴. 양념이 세서 취향에 맞지 않을 분도 있을 듯.,긍정적,긍정적,알 수 없음,부정적,긍정적,긍정적
2021-01,등갈비가 맛있는데 공기밮은 별도고 국물이 기교적 적은 자작자작한 편이다. 반주 하기 딱 좋다,긍정적,긍정적,알 수 없음,부정적,긍정적,긍정적
2023-12,분위기도 편안하고 음식도 맛있게 잘먹었습니다.!,긍정적,긍정적,알 수 없음,알 수 없음,긍정적,긍정적
2023-01,김치등갈비는 진짜 신의 한수. 김치맛이 미쳤습니다,긍정적,긍정적,알 수 없음,알 수 없음,긍정적,긍정적
2019-01,일단 돼지불백 불맛도 좋고 점심 참 맛있게 먹었다. 근처 제육이나 불백집 중 제일 괜찮은듯,긍정적,긍정적,알 수 없음,알 수 없음,긍정적,긍정적
2017-01,몇 안되는 가성비 좋은 이탈리안 레스토랑. 디너 타임엔 와인 모임을 많이 하니 예약 하시고 가시는 것이 좋습니다.,긍정적,긍정적,긍정적,알 수 없음,긍정적,긍정적
2020-01,"큰 쟁반째 식탁에 올려놓고 식사하는것이 썩 좋지 않았고 반찬종류도 너무 없었다.
추천하고 싶지 않은 식당!",부정적,부정적,알 수 없음,부정적,부정적,부정적
2022-01,먹어본 김치찜 중에 가장 맛있음. 미슐랭이 안붙은 이유가 뭘까,긍정적,긍정적,알 수 없음,알 수 없음,긍정적,긍정적
2023-01,비싸지않고 맛있게 가성비 좋은곳이네요,긍정적,긍정적,알 수 없음,알 수 없음,긍정적,긍정적
2020-01,깔끔한 분위기 과하지 않은 양념 연기 흡입구가 대화를 어렵게 함,긍정적,긍정적,부정적,알 수 없음,긍정적,긍정적
2020-01,너무 맛있어요. 교통편만 편하면 저녁 술자리로도 아주 좋을 것 같습니다,긍정적,긍정적,알 수 없음,알 수 없음,긍정적,긍정적
2023-01,"두루치기 전문점
두루치기 김치찜 모든 메뉴가 맛난다",긍정적,긍정적,알 수 없음,알 수 없음,긍정적,긍정적
2018-01,사장님이 친절하시고 음식도 정말 맛있어요! 피자 파스타 최고♡,긍정적,긍정적,긍정적,알 수 없음,긍정적,긍정적
2019-01,고기가 맛있긴한데 알루미늄 호일에 구워줘가지구.. 환경호르몬이 걱정되요,부정적,긍정적,부정적,알 수 없음,부정적,부정적
2019-01,매운돼지갈비찜.김치찜.백숙등 메뉴 다 맛있슴.,긍정적,긍정적,알 수 없음,알 수 없음,긍정적,긍정적
2020-01,합리적인 가격에 고기 맛 좋고 야채쌈 무제한으로 먹어서 좋습니다.,긍정적,긍정적,긍정적,긍정적,긍정적,긍정적
2023-01,"뱅뱅사거리 김치찜, 먹을만해요",긍정적,긍정적,알 수 없음,알 수 없음,긍정적,긍정적
2021-01,점심 먹으러자주갑니다. 간장돼지불백 맛있음,긍정적,긍정적,알 수 없음,알 수 없음,긍정적,긍정적
2020-01,맛있고 가격도 좋고 분위기도 좋어요,긍정적,긍정적,알 수 없음,알 수 없음,긍정적,긍정적
2020-01,"돼지불백, 갈비찜을 입맛대로.... 술한잔을 부르는 맛이에요",긍정적,긍정적,알 수 없음,알 수 없음,긍정적,긍정적
2020-01,적당한 가격대에 점심 먹으러 종종가요~,긍정적,긍정적,긍정적,알 수 없음,긍정적,긍정적
2021-01,"음식, 분위기, 친절한 서비스 모두 만족스러운 곳입니다.",긍정적,긍정적,긍정적,알 수 없음,긍정적,긍정적
2018-01,Already changed to Korean restaurant to sell 돼지블백 앤 김치찜....백숙 too,긍정적,긍정적,알 수 없음,알 수 없음,긍정적,긍정적
2024-02,음식맛있었어요,긍정적,긍정적,알 수 없음,알 수 없음,긍정적,긍정적
2019-01,맛있음. 같이간 사람은 양이 적다함.,긍정적,긍정적,알 수 없음,부정적,긍정적,긍정적
2020-01,등갈비 김치찜 꼭 드세요 맛집잎니다,긍정적,긍정적,알 수 없음,알 수 없음,긍정적,긍정적
2019-01,뱅뱅사거리 불백 맛집. 김치가 맛있음,긍정적,긍정적,알 수 없음,알 수 없음,긍정적,긍정적
2019-01,가격 착하고 맛이 좋아요,긍정적,긍정적,알 수 없음,알 수 없음,긍정적,긍정적
2020-01,"깔끔한 상차림, 음식맛도 좋음.",긍정적,긍정적,알 수 없음,알 수 없음,긍정적,긍정적
2022-01,점심먹기 좋아요,긍정적,알 수 없음,알 수 없음,알 수 없음,긍정적,긍정적
2019-01,맛도좋고양도많아요~~,긍정적,긍정적,알 수 없음,긍정적,긍정적,긍정적
2020-01,스지전골 더덕불백 맛있어요!!,긍정적,긍정적,알 수 없음,알 수 없음,긍정적,긍정적
2019-01,서비스좋음 맛도 평타이상임,긍정적,긍정적,긍정적,알 수 없음,긍정적,긍정적
2020-01,맛있어요 친절하세요,긍정적,긍정적,긍정적,알 수 없음,긍정적,긍정적
2020-01,가격 저렴하고 맛있습니다!,긍정적,긍정적,알 수 없음,알 수 없음,긍정적,긍정적
2020-01,빠른 점심!!,긍정적,알 수 없음,긍정적,알 수 없음,긍정적,긍정적
2019-01,점심가성비 좋음~,긍정적,긍정적,알 수 없음,알 수 없음,긍정적,긍정적
2019-01,걍 그래요 맛이 심심하게 느껴짐,부정적,부정적,알 수 없음,알 수 없음,부정적,부정적
2024-06,맛있게드세요,긍정적,알 수 없음,알 수 없음,알 수 없음,긍정적,긍정적
2021-01,음식맛이 넘 좋아요,긍정적,긍정적,알 수 없음,알 수 없음,긍정적,긍정적
2019-01,깔끔하고 맛있어요.^^,긍정적,긍정적,알 수 없음,알 수 없음,긍정적,긍정적
2020-01,양이 많아서 좋음^^,긍정적,알 수 없음,알 수 없음,긍정적,긍정적,긍정적
2019-01,불백이 아주 맛있습니다.,긍정적,긍정적,알 수 없음,알 수 없음,긍정적,긍정적
2021-01,역대급으로 별로임,부정적,부정적,알 수 없음,알 수 없음,부정적,부정적
2023-01,좋아요~ ^~,긍정적,긍정적,긍정적,알 수 없음,긍정적,긍정적
2020-01,조아욥 낯 술도^^ㅋ,긍정적,긍정적,알 수 없음,알 수 없음,긍정적,긍정적
2018-01,정말 맛있는 불백과 한라산,긍정적,긍정적,알 수 없음,알 수 없음,긍정적,긍정적
2020-01,맛있었어요!,긍정적,긍정적,알 수 없음,알 수 없음,긍정적,긍정적
2021-01,선술형 맛집으로 보입니다.,긍정적,긍정적,알 수 없음,알 수 없음,긍정적,긍정적
2020-01,맛있어요!,긍정적,긍정적,알 수 없음,알 수 없음,긍정적,긍정적
2017-01,오늘의 스파게티  굿,긍정적,긍정적,알 수 없음,알 수 없음,긍정적,긍정적
2018-01,소박한 분위기에서 좋은만남,긍정적,알 수 없음,긍정적,알 수 없음,긍정적,긍정적
2018-01,맛의 차이남니다,긍정적,알 수 없음,알 수 없음,알 수 없음,긍정적,긍정적
2020-01,돼지불백 맛있음,긍정적,긍정적,알 수 없음,알 수 없음,긍정적,긍정적
2020-01,나쁘지 않음 ㅎㅎ,긍정적,알 수 없음,알 수 없음,알 수 없음,긍정적,긍정적
2021-01,나쁘지않음,긍정적,알 수 없음,알 수 없음,알 수 없음,긍정적,긍정적
2019-01,불백 먹을만함.,긍정적,긍정적,알 수 없음,알 수 없음,긍정적,긍정적
2020-01,완전 강추 ㅎㅎ,긍정적,긍정적,알 수 없음,알 수 없음,긍정적,긍정적
2020-01,적당한 백반집,긍정적,알 수 없음,긍정적,부정적,긍정적,긍정적
2023-01,사람넘쳐남,긍정적,알 수 없음,긍정적,부정적,긍정적,긍정적
2021-01,맛있어요,긍정적,긍정적,알 수 없음,알 수 없음,긍정적,긍정적
2020-01,좋아요,긍정적,알 수 없음,알 수 없음,알 수 없음,긍정적,긍정적
2024-10,꾀 괜찮은 점심식사 집. 1만원~1.5만원,긍정적,알 수 없음,알 수 없음,긍정적,긍정적,긍정적
2020-01,맛있어요,긍정적,긍정적,알 수 없음,알 수 없음,긍정적,긍정적
