﻿Date,Review,Final_Sentiment,맛,서비스,양,sentiment,Sentiment2
2024-04,"감바스, 스테이크, 스튜, 피자가 맛있었어요!
살치살 스테이크는 손에 꼽을 정도👍 굿굿 추천합니다
파스타와 리조또는 쏘쏘 (좀 짜요)…",긍정적,긍정적,알 수 없음,부정적,긍정적,긍정적
2023-01,"여자친구와 1주년 기념하여 1월 15일에 방문하였습니다.코스 요리라 기대를 했지만, 정말 최악이였습니다. 한우 카르파쵸 제외하고 모두 다 별로였습니다.…",부정적,부정적,알 수 없음,알 수 없음,부정적,부정적
2022-01,"강남역 부근의 이태리 퓨전 음식점입니다.
메뉴가 다양했고 점심특선 한우 함박 스테이크 정식을 저렴한 금액에 먹을 수 있었습니다.
사장님도 친절하셨고 다음에 가게 된다면 많이들 드시던 뚝배기 파스타를 맛보고 싶네요ㅎ",긍정적,긍정적,긍정적,긍정적,긍정적,긍정적
2021-01,세트 메뉴 먹었는데 가성비가 좋네요. 의외로 특이하고 맛있는 요리들이 많았어요. (파스타가 제일 밋밋하고 아쉬웠네요),긍정적,긍정적,알 수 없음,알 수 없음,긍정적,긍정적
2024-09,맛있는 함박스테이크 데일리 와인 좋아요,긍정적,긍정적,알 수 없음,알 수 없음,긍정적,긍정적
2021-01,메뉴도 고민 많이 하시는거같고 음식도 맛있습니다!! 고구마뇨끼는 처음먹어봤는데 쫀득하고 또 고구마 특유의 단맛이 약간 있어서 괜찮았습니다. 함박은 함박도 부드럽고 맛있었지만 구운 야채들을 듬뿍 주셔서 곁들여 먹는 재미가 있었어요. 코로나로 배달 많이하시는거 같은데 무사히 위기 넘기시고 흥하시기를 바랍니다!!,긍정적,긍정적,긍정적,긍정적,긍정적,긍정적
2022-01,"여긴.. 매일매일 오늘의 메뉴가 바뀌는 제대로 된 맛집입니다. 그리고 원재료도 푸짐하고 꼼수 없이 정직하게, 많은 노력이 들어간 맛이에요. 한번쯤은 풀코스로 예약을 해서 먹고싶은 가게입니다. 물론 개별메뉴도 충분히 맛있습니다. 가격대는 있지만, 그 금액대만큼의 기대를 채워줍니다.",긍정적,긍정적,긍정적,긍정적,긍정적,긍정적
2024-08,"항상 최고의 맛을 보여주는 서초동 1등 맛집ㅎㅎ
난 항상 피자를 꼭 먹는다 짱맛^^
트러플피자^^",긍정적,긍정적,알 수 없음,알 수 없음,긍정적,긍정적
2022-01,"뱅뱅사거리의 이탈리안 맛집!
소박하지만 맛있는.
데이트하기 좋은 곳!…",긍정적,긍정적,알 수 없음,알 수 없음,긍정적,긍정적
2021-01,"한 음식점에서는 아주 작지만  다른 음식이라도 맛이 비슷한 점이 있는데,
이곳은 음식별로 각각의 특색이 있으며 다 맛이 있어요~~~",긍정적,긍정적,알 수 없음,알 수 없음,긍정적,긍정적
2021-01,"멋과 맛을 즐길 수 있는 식당,
보사노바 음악이 있어서 더욱 분위기가 좋았습니다.",긍정적,알 수 없음,긍정적,알 수 없음,긍정적,긍정적
2020-01,"생일을 맞아 친구들과 방문했는데 음식도 너무 맛있고 분위기도 좋았어요
파리의 작은 레스토랑에 온 느낌..",긍정적,긍정적,긍정적,알 수 없음,긍정적,긍정적
2023-01,"독특한 파스타를 먹어볼수 있는데, 좀 과한 느낌도 있다.",부정적,긍정적,알 수 없음,부정적,부정적,부정적
2020-01,"점심 시간에 갔는데 만원에 작은 샐러드와 작은 디저트가 같이 나오고 음식도 맛있다
소스는 여러 가지 중에 고를 수 있었고 매운 맛을 골랐는데 맛있게 매운 맛이었다
처음 먹었을 땐 너무 매운것 같았는데 먹다보니 괜찮았고 피클도 맛있어서 기분 좋게 먹었다",긍정적,긍정적,긍정적,부정적,긍정적,긍정적
2022-01,"분위기도 좋고, 특별한 날 방문하기에 무난합니다.
또한 음식들도 특색있는 메뉴들이 많이 있습니다.",긍정적,알 수 없음,긍정적,알 수 없음,긍정적,긍정적
2019-01,"분위기 좋고 음식도 깔끔합니다. 채소 위주 함박스테이크인데, 조미료 맛이 없고 담백해서 국물과 소스까지 모두 먹을 수 있었습니다.",긍정적,긍정적,알 수 없음,긍정적,긍정적,긍정적
2021-01,조용하고 좋아요.고급져요,긍정적,알 수 없음,긍정적,알 수 없음,긍정적,긍정적
2023-01,"가격은 4인이 가서 피자, 파스타, 스테이트, 뇨끼 총 4개 시켜서 10만원 내로 나왔음. 강남에서 싼 것은 아니지만 정말 맛있는 맛집이다.

다만 음식이 나오는 시간은 다소 걸리니 시간여유가 있는 상황에서 손님을 모셔가면 좋을 것 같다.",긍정적,긍정적,부정적,알 수 없음,긍정적,긍정적
2018-01,굉장히 맛있고 함박스테이크 추천해요!,긍정적,긍정적,알 수 없음,알 수 없음,긍정적,긍정적
2021-01,예전에 함박 스테이크 먹고 너무 맛있어서 다시 찾아갔는데 역시나... 팟에 푹 끓이고 고기도 부드럽고 또 고추가 느끼한 맛을 잡아주는... 너무 맛있었어요!! 또 명란 파스타도 청양고추와 함께 그 칼칼한 맛이 얼마나 맛있던지... 마지막 우유 푸딩 디저트까지 모든 요리에 연구와 노력의 결실이 담아있는 것 같아 너무 맛잇게 잘 먹고 갑니다 ㅎㅎㅎ 또 들를거에요!! :),긍정적,긍정적,긍정적,긍정적,긍정적,긍정적
2020-01,"뱅뱅사거리 바로 근처에요
떠먹는 스테이크가 독특하고 맛있었어요 여러 메뉴를 열심히 개발하시는 편인 것 같았고 서빙도 만족스러웠어요
명란젓오일 파스타는 약간 짰는데..일행은 적당하다고 하네요
아이들도 배려하고 챙겨주셔서 감사했습니다",긍정적,긍정적,긍정적,긍정적,긍정적,긍정적
2021-01,"맛있게 잘 먹었습니다.회사근처라 아기의자나 식기는 없겠지 생각했는데 식기가 있어서 좋았고,아이도 너무 잘먹어서 대만족...!함박도 맛있었지만 피클이 너무 맛있었어요ㅎㅎ",긍정적,긍정적,긍정적,알 수 없음,긍정적,긍정적
2020-01,"이 곳 생기고 4번째 방문이에요  음식은 늘 맛있어요  유리벽 없어지고 처음 간건데 훨씬 넓어보여서 좋더라고요
어제는 대체로 좀 짠듯했지만...그래서 맛있긴 했어요 ㅋㅋㅋㅋ
단체 손님 코스준비 때문에 음식이늦게 나오긴 했지만 첫음식 나올때 미리 말해주셔서 괜찮았습니다(주문할 때 말씀해주시면 더 좋을 거 같긴 해요…",긍정적,긍정적,부정적,알 수 없음,긍정적,긍정적
2020-01,해외유학파 오너쉐프의 식재료선택과 와인에 대한 해박한 지식에 감탄했다. 언제나 즐거운 자리가 된다. 주인장은 진정 미식을 즐기는 사람이라고 생각한다,긍정적,긍정적,긍정적,알 수 없음,긍정적,긍정적
2020-01,"너무나 친절하게 응대해주셔서 좋았습니다. 담당 서버도 계속 웃는 얼굴로 테이블을 체크해주셨습니다. 소문난 맛집답게 음식의 비주얼, 맛에서 부족함이 없었습니다. 주문 시 간의 세기나, 기타 사항들에 대해서 말씀드리면 가능한 선에서 딱 맞춰서 음식을 제공해주셔서 좋은 시간을 보낼 수 있었습니다.",긍정적,긍정적,긍정적,알 수 없음,긍정적,긍정적
2019-01,제한된 숫자만 판다는 그것. 시그니처 메뉴? 어쨌든 고기라서 맛있음,긍정적,긍정적,알 수 없음,부정적,긍정적,긍정적
2019-01,"이곳 음식을 맛보려면 저녁에 가길 추천한다.
강남역 근처라 점심에는 회사원 상대로
런치메뉴를 저렴하게 내주는데 질차이가 많이난다.",긍정적,알 수 없음,긍정적,부정적,긍정적,긍정적
2024-02,"로제 소스나 새우가 상한 것같아여
급성 장염 으로 고생중 ㅠㅠ 어쩐지 시큼 하더라니",부정적,부정적,알 수 없음,알 수 없음,부정적,부정적
2021-01,맛있고 양도많네요^^,긍정적,긍정적,알 수 없음,긍정적,긍정적,긍정적
2017-01,"수제 함박스테이크를 좋아한다면 가볼만함, 케쥬얼한 분위기 자리는 20여개정도, 그리친절하지 않음",긍정적,긍정적,부정적,알 수 없음,긍정적,긍정적
2023-01,평범합니다 조용해서 좋았어요 걸음을 재미있게 앱스토어 colorun 검색,긍정적,긍정적,긍정적,알 수 없음,긍정적,긍정적
2020-01,"직원분들도 너무 친절하시고 음식도 넘 맛있네요~~
특히 함박 스테이크",긍정적,긍정적,긍정적,알 수 없음,긍정적,긍정적
2021-01,"샐러드도 맛있고,국물이있는 함박스테이크 도맛있어요~",긍정적,긍정적,알 수 없음,알 수 없음,긍정적,긍정적
2021-01,"점심... 오늘의 파스타
열무참치파스타...
열무 식감이 살아있어 정말 맛있게 먹었네요.",긍정적,긍정적,알 수 없음,알 수 없음,긍정적,긍정적
2019-01,쉐프님의 세심한 음식의 배려가 대접받고 있구나 라는 생각을 하게 합니다.^^,긍정적,긍정적,긍정적,알 수 없음,긍정적,긍정적
2020-01,"리코타 치즈가 있는 샐러드가 가장 기억에 남고, 함박스테이크에 크림소스, 달걀  후라이 얹어 먹었는데  보통이었습니,",긍정적,긍정적,알 수 없음,알 수 없음,긍정적,긍정적
2018-01,가격이 좀 비싸지만 맛있음. 근방에서는 가장 먹을만한 느낌.,긍정적,긍정적,알 수 없음,알 수 없음,긍정적,긍정적
2022-01,분위기가 좋고 음식이 맛있어요,긍정적,긍정적,알 수 없음,알 수 없음,긍정적,긍정적
2021-01,"런치메뉴 저렴하고 고급스럽게 구성되어있고
맛있습니다.",긍정적,긍정적,알 수 없음,알 수 없음,긍정적,긍정적
2020-01,"아늑한 분위기에, 괜찮은 코스! 회식장소로 좋았습니다",긍정적,긍정적,알 수 없음,알 수 없음,긍정적,긍정적
2021-01,자주 바뀌는 코스요리 좋아요 직원들이 잘생김,긍정적,알 수 없음,긍정적,알 수 없음,긍정적,긍정적
2020-01,가격대비 그저그렇지만 주변에 경쟁자가 없어 유지되는 정도,부정적,알 수 없음,긍정적,부정적,부정적,부정적
2020-01,"메뉴가 변경되었는데
양은 좀 적은듯? 하나 맛있음",긍정적,긍정적,알 수 없음,부정적,부정적,긍정적
2020-01,맛과 분위기가 함께해서 좋은 곳 추천합니다~~,긍정적,긍정적,알 수 없음,알 수 없음,긍정적,긍정적
2019-01,"맛없는 파스타는 오랜만 ㅎㅎㅎㅎ
너무 기름지고 간이 애매하다",부정적,부정적,알 수 없음,알 수 없음,부정적,부정적
2019-01,저녁에 가정식 유럽요리를 가볍게 즐기기 좋다.,긍정적,긍정적,알 수 없음,알 수 없음,긍정적,긍정적
2019-01,뱅뱅사거리 근처 맛집으로 추천합니다.,긍정적,긍정적,알 수 없음,알 수 없음,긍정적,긍정적
2018-01,함박스테이크정식 맛좋음 밥추가필수,긍정적,긍정적,알 수 없음,알 수 없음,긍정적,긍정적
2019-01,점심에 간단히 먹기 좋음!,긍정적,알 수 없음,긍정적,알 수 없음,긍정적,긍정적
2019-01,파스타는 좀 더 노력이 필요한 듯 합니당,부정적,부정적,알 수 없음,알 수 없음,부정적,부정적
2018-01,면과 소스의 조화를 중시하는 정통 파스타집,긍정적,긍정적,알 수 없음,알 수 없음,긍정적,긍정적
2021-01,맛있어요.  친절,긍정적,긍정적,긍정적,알 수 없음,긍정적,긍정적
2018-01,보통... 메뉴의 복불복이 있음.,부정적,알 수 없음,부정적,알 수 없음,부정적,부정적
2018-01,새로운 메뉴를 계속 발굴하는 식당,긍정적,알 수 없음,긍정적,알 수 없음,긍정적,긍정적
2020-01,와... 점심에 자람 많네요...,긍정적,알 수 없음,긍정적,긍정적,부정적,긍정적
2021-01,깔끔하고 맛있어요,긍정적,긍정적,알 수 없음,알 수 없음,긍정적,긍정적
2019-01,#강남가정식이태리요리,긍정적,알 수 없음,알 수 없음,알 수 없음,긍정적,긍정적
2018-01,"평이한 맛, 부족한 사이드 메뉴",부정적,부정적,알 수 없음,부정적,부정적,부정적
2020-01,조금느린거말곤맛나유,긍정적,긍정적,부정적,알 수 없음,긍정적,긍정적
2018-01,좋아요~^^,긍정적,알 수 없음,긍정적,알 수 없음,긍정적,긍정적
2021-01,맛있었어요.,긍정적,긍정적,알 수 없음,알 수 없음,긍정적,긍정적
2019-01,좋네요!!,긍정적,알 수 없음,알 수 없음,알 수 없음,긍정적,긍정적
2021-01,가격 합리적,긍정적,알 수 없음,알 수 없음,긍정적,긍정적,긍정적
2018-01,가족모임해보세요.,긍정적,알 수 없음,알 수 없음,알 수 없음,긍정적,긍정적
2019-01,나쁘지 않음,긍정적,알 수 없음,알 수 없음,알 수 없음,긍정적,긍정적
2019-01,맛있다,긍정적,긍정적,알 수 없음,알 수 없음,긍정적,긍정적
2024-04,"오너 셰프인 이병용 셰프가 한국의 제철 재료를 바탕으로 한 현대적인 이탈리안 요리를 선보입니다.
그는 일본에서 공부하고 아시아와 유럽의 융합과 조화를 통해 자신의 요리 예술을 연구합니다.
그래서 그의 요리 중 상당수는 신선함과 웰빙을 위해 국내산 제철 식재료를 기반으로 합니다.…",긍정적,긍정적,알 수 없음,긍정적,긍정적,긍정적
2024-08,"평일 밤에 갔다. 혼자 여행이므로 혼자 식사할 수 있는 장소를 찾고 있었습니다만, 좋았습니다. 모두와 와이와이 식사를 하기보다는 차분한 분위기에서 식사를 할 수있는 느낌입니다.…",긍정적,알 수 없음,긍정적,알 수 없음,긍정적,긍정적
2022-01,"요리가 맛있고 가격도 저렴합니다. 포장의 주문분을 우선하고 있기 때문인지, 가게 내의 손님이 안심하고 있었습니다.",긍정적,긍정적,긍정적,알 수 없음,긍정적,긍정적
2021-01,별로 기대하지 않았는데 맛이 꽤 괜찮았습니다.  부분은 조금 작았지만 맛이 좋고 서비스가 좋았습니다.,긍정적,긍정적,긍정적,부정적,긍정적,긍정적
2024-04,"까르보나라와 찹스테이크가 완벽했어요👌
4일만에 서울에서 제대로 된 음식을 먹었어요 😀…",긍정적,긍정적,알 수 없음,알 수 없음,긍정적,긍정적
2024-04,한국 체류 중 최고의 피자와 최고의 서비스 중 하나이며 매우 친절합니다.,긍정적,긍정적,긍정적,알 수 없음,긍정적,긍정적
2021-01,점심으로 항상 한식에 질리신다면 방방 근처 파스타집은 괜찮은 가격에 만나보실 수 있습니다. 그러나 대부분 여성이 발견되었으며 부분은 약간 작았습니다. 오늘의 스페셜 리조또를 주문했습니다.,긍정적,긍정적,알 수 없음,부정적,긍정적,긍정적
2023-01,멋진 버섯 리조또.,긍정적,긍정적,알 수 없음,알 수 없음,긍정적,긍정적
2021-01,감사합니다.^^,긍정적,알 수 없음,긍정적,알 수 없음,긍정적,긍정적
2019-01,감사합니다^^,긍정적,알 수 없음,긍정적,알 수 없음,긍정적,긍정적
2023-01,"맛있게 드셨나요?
감사합니다~",긍정적,긍정적,긍정적,알 수 없음,긍정적,긍정적
2020-01,힘들지만 우마이,긍정적,긍정적,알 수 없음,알 수 없음,긍정적,긍정적
2022-01,ㅜㅜ 불편한 사항 있으시면 말씀해 주시면 감사하겠습니다.ㅜㅜ 별점만 주심 저희가 어떻게 해드릴께 없네요.ㅜㅜ,긍정적,알 수 없음,부정적,알 수 없음,부정적,긍정적
2022-01,감사합니다. ^.^,긍정적,알 수 없음,긍정적,알 수 없음,긍정적,긍정적
2024-04,감사합니다. 행복한 저녁 보내세요 ,긍정적,알 수 없음,긍정적,알 수 없음,긍정적,긍정적
2023-12,감사합니다. ,긍정적,알 수 없음,긍정적,알 수 없음,긍정적,긍정적
2023-01,감사합니다..^^,긍정적,알 수 없음,긍정적,알 수 없음,긍정적,긍정적
2022-01,감사합니다.^^,긍정적,알 수 없음,긍정적,알 수 없음,긍정적,긍정적
2021-01,감사합니다.^^,긍정적,알 수 없음,긍정적,알 수 없음,긍정적,긍정적
2021-01,"와우 감사합니다.
행복한 하루 되세요",긍정적,알 수 없음,긍정적,알 수 없음,긍정적,긍정적
2021-01,"와우 감사합니다.
행복한 하루 되세요!",긍정적,알 수 없음,긍정적,알 수 없음,긍정적,긍정적
2021-01,와우 감사합니다~ 행복한 하루 되세요~,긍정적,알 수 없음,긍정적,알 수 없음,긍정적,긍정적
2021-01,감사합니다..^^ 행복한 가정의달 보내세요..^^,긍정적,알 수 없음,긍정적,알 수 없음,긍정적,긍정적
2021-01,"감사합니다..^^
행복한 금요일 되세요~^^",긍정적,알 수 없음,긍정적,알 수 없음,긍정적,긍정적
2021-01,"예전에도 이유없는 별하나 다른곳에도 이유없는 별하나 왜그러시는 건지참 알수가 없지만 이유가 있다면 이유를 작성해 주세요..
아무 이유 없이 이렇게 평가를 올리는건 다른 사람들에건 스트레스라는걸 아셨으면 좋겠습니다.",긍정적,알 수 없음,부정적,알 수 없음,부정적,긍정적
2021-01,감사합니다..^^,긍정적,알 수 없음,긍정적,알 수 없음,긍정적,긍정적
2021-01,"감사합니다^^
즐거운 성탄절 보내세요~
메리크리스마스",긍정적,알 수 없음,긍정적,알 수 없음,긍정적,긍정적
2021-01,"감사합니다..
항상 노력하겠습니다.^^",긍정적,알 수 없음,긍정적,알 수 없음,긍정적,긍정적
2020-01,"리뷰 감사합니다.^^
별5개를 받을 수 있도록 더욱 노력하겠습니다..
감사합니다..
행복한 하루 되세요~",긍정적,알 수 없음,긍정적,알 수 없음,긍정적,긍정적
2020-01,"감사합니다.^^
더욱 힘내서 더욱 맛있는 요리와 서비스를 제공해 드리겠습니다..
행복한 주말 보네세요.",긍정적,긍정적,긍정적,알 수 없음,긍정적,긍정적
2020-01,감사합니다~^^,긍정적,알 수 없음,긍정적,알 수 없음,긍정적,긍정적
2020-01,"감사합니다.^^
행복한 주말되세요",긍정적,알 수 없음,긍정적,알 수 없음,긍정적,긍정적
2020-01,"감사합니다..^^
행복한 하루 보내세요",긍정적,알 수 없음,긍정적,알 수 없음,긍정적,긍정적
2020-01,감사합니다.^..^,긍정적,알 수 없음,긍정적,알 수 없음,긍정적,긍정적
2020-01,"감사합니다.^^
행복한 하루 되세요",긍정적,알 수 없음,긍정적,알 수 없음,긍정적,긍정적
2020-01,"어떤 부분이 마음에 안드셨을지요..
다음에 불편한점 있으시면 말씀해주세요.",부정적,알 수 없음,부정적,알 수 없음,부정적,부정적
2020-01,감사합니다.^^,긍정적,알 수 없음,긍정적,알 수 없음,긍정적,긍정적
2020-01,감사합니다.^^,긍정적,알 수 없음,긍정적,알 수 없음,긍정적,긍정적
2020-01,감사합니다.^^,긍정적,알 수 없음,긍정적,알 수 없음,긍정적,긍정적
2020-01,감사합니다.^^,긍정적,알 수 없음,긍정적,알 수 없음,긍정적,긍정적
2020-01,"감사합니다..^.^
2020년 새해 복 많이 받으세요^^",긍정적,알 수 없음,긍정적,알 수 없음,긍정적,긍정적
2020-01,"감사합니다.^^
새해복 많이 받으세요.^^
2020년도 많이 사랑해주세요.",긍정적,알 수 없음,긍정적,알 수 없음,긍정적,긍정적
2020-01,"감사합니다.^^
2019년 마무리 잘하시고, 2020년에도 라망드쉐프 많이 사랑해주세요.^^",긍정적,알 수 없음,긍정적,알 수 없음,긍정적,긍정적
2020-01,감사합니다.^^,긍정적,알 수 없음,긍정적,알 수 없음,긍정적,긍정적
2019-01,감사합니다..^^,긍정적,알 수 없음,긍정적,알 수 없음,긍정적,긍정적
2019-01,감사합니다.^^,긍정적,알 수 없음,긍정적,알 수 없음,긍정적,긍정적
2019-01,감사합니다.^^,긍정적,알 수 없음,긍정적,알 수 없음,긍정적,긍정적
2019-01,감사합니다.,긍정적,알 수 없음,긍정적,알 수 없음,긍정적,긍정적
2019-01,감사합니다,긍정적,알 수 없음,긍정적,알 수 없음,긍정적,긍정적
2019-01,감사합니다.^^ 행복한 하루되세요.,긍정적,알 수 없음,긍정적,알 수 없음,긍정적,긍정적
2019-01,감사합니다.,긍정적,알 수 없음,긍정적,알 수 없음,긍정적,긍정적
2019-01,감사합니다.^^,긍정적,알 수 없음,긍정적,알 수 없음,긍정적,긍정적
2018-01,감사합니다^^,긍정적,알 수 없음,긍정적,알 수 없음,긍정적,긍정적
2018-01,감사합니다.^^,긍정적,알 수 없음,긍정적,알 수 없음,긍정적,긍정적
2018-01,감사합니다,긍정적,알 수 없음,긍정적,알 수 없음,긍정적,긍정적
2018-01,감사합니다.,긍정적,알 수 없음,긍정적,알 수 없음,긍정적,긍정적
2018-01,감사합니다.^^,긍정적,알 수 없음,긍정적,알 수 없음,긍정적,긍정적
2018-01,감사해요,긍정적,알 수 없음,긍정적,알 수 없음,긍정적,긍정적
2018-01,감사합니다,긍정적,알 수 없음,긍정적,알 수 없음,긍정적,긍정적
