﻿Date,Review,Final_Sentiment,맛,서비스,양,sentiment,Sentiment2
2024-10,"막국수의 대가🌟🌟🌟🌟🌟
배가 작은거에 한탄하며 모든 음식을 먹지 못해 슬플 정도.
들기름 막국수에 충격먹었어요.
들기름 막국수 감탄하며 먹다보면 참기름 막국수가 생각나고...
참기름 막국수 맛있게 먹고나면 코다리 막국수가 생각나고....코다리 막국수 먹으면 들기름 막국수가 생각나는 무한굴레🤦‍♂️
깨까지 갈아먹으면 정말 고소하고 더 맛있습니다.
플레이팅까지 아름다운데 맛까지 맛있네요.
육전이랑 손만두까지 정말 맛있어요. 손만두가 진짜 맛있었는데 요즘은 있는지 모르겠네요ㅠ
내부 인테리어도 취저입니다. 주차는 주차장이 있지만 자리가 없는 경우도 있어요..",긍정적,긍정적,부정적,알 수 없음,긍정적,긍정적
2024-08,"들기름막국수, 참기름막국수, 코다리막국수를 먹었는데 3개 메뉴 모두 맛있었어요. 국산 메밀과 국산 참기름, 들기름을 사용하는데 비해 가격도 참 좋은 곳이에요. 육전세트도 가성비 아주 굿이구요. 직원들도 친절하고 수저 그릇도 깨끗해서 좋았어요 웨이팅이 많은 편이라 테이블링 앱 이용하면 많이 안 기다릴수 있어요. 다시 또 찾을 맛집!",긍정적,긍정적,긍정적,알 수 없음,긍정적,긍정적
2024-07,"유명한 곳이라 와봤는데 맛있고 친절하고 유명한 이유를 알겠네요^-^
코다리랑 참기름 막국수, 메밀전 먹었는데 하나같이 맛있어요
그리고 막걸리 꼭 시키세요! 정말 잘어울려요
너무 잘먹고 갑니다!
양재맛집 도곡동맛집 인정이요:)",긍정적,긍정적,긍정적,긍정적,긍정적,긍정적
2024-07,"강남 뱅뱅사거리에서 막국수로 유명한 맛집입니다. 들기름막국수 강추해요. 물막국수, 참기름막국수, 육전도 정말 맛있어요. 웨이팅 있는 곳입니다.",긍정적,긍정적,긍정적,알 수 없음,긍정적,긍정적
2024-07,"여긴 진짜 참기름막국수!!!!!!!! 정말 맛있습니다. 막국수 별로 안좋아해서,, 그냥저냥 먹을 생각이었는데 웬걸? 정말.. 양념도 맛있고 마시는 물도 메밀차여서 맛있습니다. 그리고 김치군만두도 맛있었어요. 웨이팅이 길지만 번호등록해두면 카톡으로 알림이 오고, 생각보다 금방 제 순서가 오더라구요.",긍정적,긍정적,긍정적,알 수 없음,긍정적,긍정적
2024-06,"아주 맛있는 국수명인이 운영하는 가게
막국수 맛있고 만두도 맛있어요.
기본 반찬 훌륭합니다.",긍정적,긍정적,알 수 없음,알 수 없음,긍정적,긍정적
2024-05,"김치만두가 너무너무 먹고싶어서, 집근처 맛집을 알아보던중 뱅뱅막국수에 방문했습니다. 여기 만두가 진짜 맛있어요!! 제 최애는 고기만두보다 김치만두예요. 들기름 막국수도 시켰는데, 들기름 막국수는 처음 먹어봐서 잘 못먹었는데, 남자친구는 너무 맛있다구 다 긁어 먹었습니다.
만두 포장하러 가야겠어요. 최고!",긍정적,긍정적,긍정적,긍정적,긍정적,긍정적
2024-03,"사장님과 직원분들이 너무 친절하시고, 참기름막국수, 샤브샤브, 메밀전, 육전 주문했는데 음식이 진짜 다 맛있어요!! 👍🏻 참기름막국수는 진짜 시그니처인거 같아요. 면이 불지도 않고 고소해서 전이랑 같이 싸먹으니 너무 맛있어요!! 재료도 신선하고 가성비도 좋아서 가족모임 , 지인모임 하기도 너무 좋은 것 같아요! 뱅뱅사거리 맛집으로 강추입니다.❤️",긍정적,긍정적,긍정적,알 수 없음,긍정적,긍정적
2024-05,"음식 명장 & 명인 만든 음식이라고 기대를 많이 해서 그런지 물국수는 평범했음
참기름 막국수는 식감이 너무 독특함
참기름 향 좋고 크런치한 식감이 너무 좋음
육전은 고소한 향과 엄청 부드럽고 맛있음
군만두가 여기서 제일 맛있었음
만두속 고기와 야채 비율과 간도 딱 맞아서 근래에 먹은 만두중에서 최고였음",긍정적,긍정적,알 수 없음,긍정적,긍정적,긍정적
2024-04,"봉평면메밀촌 시절부터 비빔막국수에 대한 극찬을 한 적이 있는데 이 집이 이렇게나 유명해질지는 몰랐습니다.
오랜만에 방문해 들기름막국수와 수제 만두를 맛봤습니다.
1000원 추가해 세트 메뉴를 주문하면 육전 두 조각을 맛볼 수 있는 건 큰 장점이었습니다.
수제만두는 고기만두와 김치만두를 섞어서 주문했는데 쪄놓은 만두를 다시 데워 내서 그런지 만두피의 식감이 아쉬웠고 소도 특별하지는 않았습니다. 만두 한 알에 1500원이라는 걸 생각하면 비추.
들기름막국수는 제 기준에서 단맛이 과했고 감태를 그리 좋아하지 않아서 그런지 두 가지의 궁합도 별로였습니다.
그냥 먹는 것보다는 다시마식초를 더해 먹는 게 훨씬 입에 잘 맞았습니다.",긍정적,부정적,긍정적,알 수 없음,긍정적,긍정적
2024-08,"점심시간에 방문했는데 소문의 맛집답게 웨이팅이 장난 아니더라구요 가끔 웨이팅 하고 막상 먹어보면 아 괜히기다렸네 하는 집이 있는데 강남맛집 뱅뱅막국수는 기다릴만한 맛을 가진 찐 맛집!! 너무 맛있게 잘 먹었습니다
저녁은 웨이팅이 상대적으로 덜하다고 하니 정말 먹고싶은 분들은 저녁방문도 추천드려요!",긍정적,긍정적,긍정적,알 수 없음,긍정적,긍정적
2024-04,"일행은 코다리 막국수를 시키고 저는 들기름 막국수를 시켰어요. 일요일 두시 넘어 방문에도 대기가 꽤 있었어요. 구글 리뷰가 좋아 근처 볼일있어 왔다가 방문했습니다.
남편은 아주 만족 했는데 제가 시킨 들기름 막국수는 조금 달면서 느끼해서 반도 먹지 못했어요.. 여기에 감태는 더더욱 어울리지 않은 느낌이라 먹기 힘들었어요. 한가지 면이 부드러운 점은 다른 유명한 막국수집이랑은 다르긴 했습니다.

양 옆 테이블 모두 들기름 막국수를 시켜거 맛있게 먹는걸 보면 호불호가 갈리는건지 제 입맛이 그런건지 저는 아쉬운 맛집이었어요.
육전와 만두는 괜찮았습니다.
주문 결제도 모두 테이블의 테블릿으로 선결제 후 한참 후에 메뉴가 차례대로 나왔어요.
물가가 올라 이 가격에 줄을 서고 먹을 맛집인지는 모르겠어요.",부정적,부정적,부정적,알 수 없음,부정적,부정적
2024-09,너무 맛있어요 ㅠㅠ 막국수 최고맛집!! 육전이랑 군만두도 존맛탱 웨이팅 있어요,긍정적,긍정적,알 수 없음,알 수 없음,긍정적,긍정적
2024-07,"빅뱅음악이 나오는 뱅뱅 막국수 다녀왔어요. 참기름막국수 식사세트(육전, 만두)에 열무국수까지 같이 먹었습니다. 정말 먹어본 막국수 중에 최고 맛있고 깔끔했어요. 들어간 시래기와 고춧가루, 양념이 발란스가 참 좋네요.",긍정적,긍정적,알 수 없음,긍정적,긍정적,긍정적
2024-05,강남 맛집 뱅뱅막국수 다녀왔어요ㅎ 참기름막국수 전국 최초라는데 별미였고 들기름 막국수랑 육전이 진짜 최고였어요!,긍정적,긍정적,알 수 없음,알 수 없음,긍정적,긍정적
2024-03,1인세트 1.5만원 먹었네요. 보통 세트메뉴는 양이 많아서 부담스러운데 여긴 막국수 기본 양이 적더라구요. 세트 먹어야 배가 좀 차는 느낌이었네요. 막국수는 맛있습니다. 육수 부어 먹는 것 보다는 그냥 먹는데 제 입맛에는 맞았고요. 만두는 평범했고 육전이 맛있더라구요. 깔끔하게 먹기 좋은 가게입니다.,긍정적,긍정적,긍정적,부정적,긍정적,긍정적
2024-09,참기름막국수 고소하고 풍미가 좋아서 정말 맛있게 먹었어요,긍정적,긍정적,알 수 없음,알 수 없음,긍정적,긍정적
2023-01,진짜 외국인분들도 먹어봤으면 하는 뱅뱅막국수!! 퇴근하고 친구랑 왔을때는 웨이팅이있었는데 4시쯤 방문해서 다행히 웨이팅없었어요! 매장도 쾌적해서 여유롭게 식사가능했습니다~ 직원분들도 다 친절하셔요~💓양념이 엄청 자극적이어보이지 않는데 딱 한젓가락 먹어보면 감칠맛 장난아니에용🤗처음먹어보는 거같으면서도 맛있는느낌!? 진짜 깔끔하고 담백하더라구요~특히 들기름 막국수랑 군만두는 꼭드셔보셨으면 좋겠어요~ 감태 하나씩 싸서 먹으면 넘 맛있어용ㅎㅎ 정말 만족스러운 식사였고 담에는 가족들 데리고 방문하겠습니다🫡,긍정적,긍정적,긍정적,긍정적,긍정적,긍정적
2023-01,"여름하면 또 막국수죠~~ 막국수집 찾아다니다가 들르게 된 양재 뱅뱅막국수~~
막국수는 들기름막국수, 참기름막국수로 먹었은데 고소하니 감칠맛이 감도는 들기름막국수와 한국식 마제소바 느낌의 참기름막국수는 제가 지금껏 먹었던 일반 막국수와는 차원이 달랐습니다~
그리고 사이드 메뉴로 육전과 만두를 먹었는데 간이 딱 맞는 육전과 매콤하니 바삭한 만두도 일품이었습니다~
양재 들르시면 뱅뱅막국수는 무조건 들러야되는 필수코스에요! 완전 강추입니다! 👍 👍",긍정적,긍정적,긍정적,긍정적,긍정적,긍정적
2024-03,"들기름&참기름 막국수, 만두 먹고 왔습니다.
육전도 막고 싶었는데 재료 소진으로 먹지 못했네요.
셰프님께서 엄청 많은 상을 받으셨더라구요!!
한껏 기대에 부풀어 음식을 먹었는데 제 취향은 아닌것
같습니다. 전체적으로 음식이 많이 달아요. 단 음식
좋아하지 않는 분들에게는 추천 드리고 싶지 않네요.
그래도 음식이 엄청 정갈하고 이뻐요!!!
감태랑 궁채 장아찌가 킥이더라구요~
웨이팅 없다면 한번쯤 도전해볼 집 이라 생각되네요.",긍정적,부정적,긍정적,알 수 없음,부정적,긍정적
2023-01,"예전에 들기름 막국수랑 코다리 막국수를 엄청 맛있게 먹어서 재방문 했어요~~
이번엔 샤브샤브와 참기름막국수+미니육전센트, 김치군만두를 주문했는데 역시나 다 맛있어요ㅠㅠ진짜로!!
아시안 게임 우승기념으로 샤브샤브 주문하면
메밀전을 주는데 메밀전도 완전 맛있어요!
여기 김치만두 지금까지 먹은 것 중에 제일 맛있어서 놀랐어요! 고기만두보다 더 맛있는 김치만두~~
뱅뱅막국수에서는 뭘 주문해도 다 맛있을거같아요! 꼭 가보세요!!",긍정적,긍정적,긍정적,알 수 없음,긍정적,긍정적
2024-03,면이 뚝뚝 끊기는 함량이 높아보여요. 참기름향이 고소한 막국수입니다. 마지막 황태육수 넣으면 온막국수 스타일이됩니다. 물막국수는 간이되어있다지만 저한텐 굉장히 삼삼한스타일이라 식초겨자 넣었습니다. 육전은 그냥 쏘쏘합니다. 점심엔 웨이팅이 엄청난데 저녁엔 한가하니 저녁에 가봐도좋을듯합니다.,부정적,긍정적,긍정적,긍정적,부정적,부정적
2024-03,참기름 막국수 진짜 맛있어요! 독보적인 맛입니다 ㅎㅎ 등심 샤브샤브도 짭짤하니 입에 챡챡 붙는 맛! 자주 방문해요,긍정적,긍정적,알 수 없음,알 수 없음,긍정적,긍정적
2023-01,"국내최초개발의 위엄을 보여주는 들기름 막국수입니다. 감태조합에 육전 세트까지 생각해내신거 정말 존경 그자체 👍 게다가 세트로 육전까지 조합 최고💕
오늘은 샤브샤브까지 먹었는데 샤브샤브랑 만두도 먹었는데 깔끔한 육수에 고기랑 야채도 많고 신선해서 든든하고 만족도 최상!!",긍정적,긍정적,긍정적,긍정적,긍정적,긍정적
2023-01,평소에 들기름 막국수에 꽂혔는데 완전 고소하고 신선한 반찬과 고소한 깨뿌림까지 맛있었습니다. 메밀면 양도 많아서 충분하게 배부르게 먹을 수 있었어요! 육전이랑 김치만두도 같이 먹으면 환상의 조합! 점심시간에는 사람이 북적해서 기다려야 할듯요! 여름 별미로 들기름막국수 메뉴 최고의 선택이었습니다!,긍정적,긍정적,긍정적,긍정적,긍정적,긍정적
2024-04,"오랜만의 방문이었지만 여전히 양도 푸짐하고 맛도 깔끔하고 세련된 느낌 그대로였습니다..
다만 이전 방문때보다는 비빔다다대기의 맛이 살짝 임팩트가 약하고 좀 부드러워졌는데 오히려 고추가루의 매운맛은 더 강해졌네요.. 이부분은 개인적으로 아쉽습니다..
막국수 면발도 이전보다는 전분함량이 줄고 메밀항량이 높아졌는지 탄력은 약해지고 더 잘 끊어지는데 이건 더 취향에 잘 맞고 좋아진 부분인듯 합니다..^^
그래도 이 정도면 참 훌륭한 맛의 막국수맛집이고 강추합니다..
참고로 비빔막국수를 시키는 분은 거기에 셀프코너에 비치된 들기름을 약간만 더 추가하면 훨씬 밸런스가 잘맞는 비빔막국수맛을 느낄수 있을거고 이 방법을 추천드립니다..
음식맛과는 별개의 이야기지만 전에도 느꼈는데 이번에도 느꼈지만 홀서빙 직원분들이 불친절한건 아니지만 왠지 좀 어수선 하고 손발이 안맞는 느낌이네요.. 오늘은 1시 넘어 방문인데 황태육수 보온기 콘센트를 까먹고 안 꽂아놔서 육수가 다 식어 있었고 이야기를 하니 그때 안 꽂힌걸 알더군요..
정직원과 파트타임 직원이 섞여 근무해서인지는 모르겠지만 홀에서 세세한 부분을  챙기고 정확하게 지시, 감독할분이 필요는 해 보입니다..",긍정적,긍정적,부정적,알 수 없음,긍정적,긍정적
2024-04,"참기름막국수랑 육전 먹었는데, 면을 직접 반죽하고 뽑는거라서 그런지 맛있게 먹었네요~~
외국인 손님이랑 같이왔는데,  바쁘신데도 직원분들이 친절하게 응대해주셔서 너무 감사했습니다ㅎㅎ",긍정적,긍정적,긍정적,알 수 없음,긍정적,긍정적
2024-07,"들기름막국수 참기름막국수 모두 신선한 재료맛을 느끼면서 맛나게 먹을 수 있었어요 👍
뱅뱅사거리 도곡동맛집으로 왜 유명한지 알겠네요😋",긍정적,긍정적,알 수 없음,알 수 없음,긍정적,긍정적
2023-01,들기름막국수에 육전 싸먹으면 고기의 쫄깃함이랑 막국수의 식감이 잘 어울려서 정말 맛있더라고요 ㅎㅎ 들기름 막국수는 전에와서 먹어봤는데 참기름 막국수는 처음이어서 한번 먹어봤는데 먹어보길 잘했네요 들기름이랑 비슷하면서 조금은 색다른 맛이 있어요 ! 조금 부족할 것 같으면 든든하게 만두하나까지 하면 딱 좋을거 같습니다 😊😊 깨끗히 디비워먹었네요 ㅎㅎ,긍정적,긍정적,긍정적,알 수 없음,긍정적,긍정적
2023-01,"테이블링 어플 통해서 막국수 식당을 이용한 적은 처음이에요. 사람이 얼마나 많고 맛맀으면 원격줄서디해서 먹을까 궁금해서 방문해봤어요.
직원분들도 친절하시고 가게 내부도 깨끗해요
음식도 자극적이지않고 맛있어요
손님이 많은데도 불구하고 음식 나오는 속도는 빠른것 같아요.
막국수와 육전은 정말 맛있는 조합인것 같아요! 추천합니다",긍정적,긍정적,긍정적,알 수 없음,긍정적,긍정적
2022-01,"특이하고 맛있어요.
자극적이지않고 점심특선 가격 합리적입니다.
다만 들기름보단 참기름막국수맛있고,
미니육전 가격이 저렴해서 좋아요.
참기름막국수 맛있게 먹는법에 황태육수 부어먹는법이 있었는데 안부어 먹는게 훨씬 맛있었어요.",긍정적,긍정적,긍정적,긍정적,긍정적,긍정적
2023-01,"들기름 막국수와 참기름 막국수가 맛있다. 들기름 막국수는 <고기리 막국수>에서 먹은 맛을 연상시키는데 감태를 곁들이는 게 독특했다. 간결하면서 인상적인 맛이었다.
참기름 막국수는 <서관면옥>의 골동냉면을 연상시키는 모습이었는데 참기름의 고소함으로 기둥을 세우고 고추가루의 매콤함으로 지붕을 올린 느낌이었다. 단, 추천한 방식으로 황태육수를 넣으니 그 맛이 증발되었다. 육수는 따로 마시는 게 더 나았다.
여러 모로 노력하는 가게였지만 <샘밭 막국수>나 <고기리 막국수>와는 달리 곁들임 음식이나 반찬이 인상적이지 않아서 아쉬웠다.",긍정적,긍정적,긍정적,부정적,긍정적,긍정적
2023-01,막국수도 너무 맛있고 개운한 맛이었어요. 물막국수인데 아이들도 잘먹었어요. 만두는 수제만두라 아이들이 흡입을… 무엇보다 샤브샤브 궁물이 개운하고 내용물이 실해서 정말 맛나게 잘 먹었어요 직원분들도 엄청 친절하심,긍정적,긍정적,긍정적,알 수 없음,긍정적,긍정적
2023-01,"강남 1등 막국수집 인정입니다
직원분도 친절하고 어디서도 먹어본적 없는 막국수를 먹을 수 있어요. 점심특선은 가격도 가성비 있고 좋으니 주변 직장인 분들 꼭 방문해보세요☺️",긍정적,긍정적,긍정적,긍정적,긍정적,긍정적
2023-01,만두와 막국수 맛있는 곳입니다ㅡ 매장 관리직원분들 비교적 친절하세요. 테이블마다 카드계산기가 있어서 추가음식 주문하기 편해요. 샤브샤브도 괜찮습니다만 마지막 국수넣고 끓일때 칼칼한 양념이 없어서 좀 아쉽네요. 육전도 있는데 개인적으로 육전보다는 만두가 낫다 생각합니다ㅡ,긍정적,긍정적,긍정적,알 수 없음,긍정적,긍정적
2023-01,유명한 곳인덴 다 이유가 있었네요!! 참기름막국수 들기름막국수 이름만 들어봤는데 정말 고소하고 맛있었습니다ㅜㅜ 육전같이 시켜서 꼭 싸드세용 천국의맛입니닿 ㅎㅎㅎㅎ,긍정적,긍정적,긍정적,알 수 없음,긍정적,긍정적
2023-01,"푸딘코 인증 맛집이네요ㅎ참기름 막국수 너무 맛있고, 샤브샤브도 고기 양이 많아서 정말 배 터져요 !강남역 양재역 인근이라 직장인들 추천",긍정적,긍정적,알 수 없음,긍정적,긍정적,긍정적
2023-01,"두명이서 들기름 막국수, 참기름 막국수, 김치만두, 육전 이렇게 먹었는데요!
막국수는 고소함의 극치였어요 들기름, 참기름 차이가 확나요! 또 깔끔하고 시원한게 여름에 먹기 딱좋았구요
육전이나 김치만두는 다 직접 만드신대요
정성 가득한 맛 다 너무 맛있고 깔끔해요 모든 메뉴가 기대이상이라 잘먹고 갑니다!",긍정적,긍정적,긍정적,알 수 없음,긍정적,긍정적
2024-03,"사람 많아서 가봤는데 역시나 이유가 있었어요!!!
음식맛도 맛있고 친절하시고 가성비도 괜찮은것같아요 또 갈거에요 😝",긍정적,긍정적,긍정적,알 수 없음,긍정적,긍정적
2023-01,제가 먹어본 메밀막국수집 탑급으로 맛있네요.우선 메밀국수 면발이 쫄깃하고 탱글한게 너무 좋네요.나중에 꼭 재방문하고 싶어요,긍정적,긍정적,알 수 없음,알 수 없음,긍정적,긍정적
2023-01,들기름 막국수랑 푸짐한 샤브샤브 바삭한 김치만두까지 감동 또 감동이네요! 양도 푸짐하고 굉장히 맛있고 감동적인 식사였어요!,긍정적,긍정적,알 수 없음,긍정적,긍정적,긍정적
2024-09,속편하구 맛있는 메밀 너무 맛있게 먹었습니다!! 들기름 막구수 강추..,긍정적,긍정적,알 수 없음,알 수 없음,긍정적,긍정적
2023-01,가게가 넓고 쾌적해서 좋아요 !  들기름 막국수 감태에 싸서 먹으니 정말 맛있더라구요  참기름 막국수는 육수를 넣어 먹으니 다른 국수를 먹는 느낌도 났어요 ㅎㅎ  사이드로 만두 종류 꼭 시키세요~! 속이 꽉차서 정말 맛있습니다 ㅎㅎㅎ,긍정적,긍정적,긍정적,긍정적,긍정적,긍정적
2024-04,음식은 너무 훌륭함 면이 얇아서 간도 잘베어있고 양념이 지나치지 않아서 밸런스가 잘 맞음 정성이 들어간 음식 다만 가격이 13000원인데 국수양이 적음 면사리 7000원 추가하면 20000원에 막국수를 배불리 먹을수있어서 가성비 없음 별 4개,긍정적,긍정적,부정적,부정적,긍정적,긍정적
2023-01,"들기름막국수에 대한 인식이 완전 바꼈어용
정말 맛있습니다!
인스타 푸딘코 보는데 믿고갑니다
수제군만두랑 육전이랑 참기름막국수가 진짜 특색있으니 꼭 같이 먹으세요!",긍정적,긍정적,알 수 없음,알 수 없음,긍정적,긍정적
2024-10,"오랜만에 여자친구와 저녁 때 방문해서 참기름막국수와 들기름막국수 그리고 육전을 먹었어요~ 가게가 촬영중이라 어수선하다고 여직원분께서 서비스로 만두와 사이다를 주셔서 따뜻함에 너무 감동했습니다~*

다음번엔 회사동료들과 같이 또 꼭 올게요뱅뱅막국수 번창하세요~^^",긍정적,긍정적,긍정적,알 수 없음,긍정적,긍정적
2024-06,"더운 여름날 먹기 좋은 메뉴
단골집인데, 언제나 만족스러워요.",긍정적,긍정적,긍정적,알 수 없음,긍정적,긍정적
2023-01,"들기름막국수 맛있어요~~~~
마냥 고소할줄만 알았는데 간장+들기름 적절한 조화가 그냥 맛이 죽여줍니다ㅜㅜㅜㅜ
감태도 생소한 조합이라 어울릴까 싶었는데 바다향 물씬 나면서 어울림..사장님 천재신가
먹다가 중간에 깨소금도 뿌려먹고, 메밀육수도 부아먹으라고 하는데, 어떻게 먹어도 맛있음
참기름막국수도 궁금해짐 꼭꼭 또와서 먹어봐야지
코다리막국수는 조금 자극적임 그래서 또 맛있음ㅎㅎㅎㅎ 코다리도 넉넉하게 많이 들어갔고 양이
많음
육전은 절반(만오천원)으로 주문했는데 무난했음
고기라 비싸기만하고 맛은 무난, 쏘쏘 아쉬움
따뜻하고 부드러운 고기전 딱 상상되는 그 맛ㅎㅎ
주말엔 웨이팅도 꽤 있으니 평일에 노려봐야지",긍정적,긍정적,긍정적,긍정적,긍정적,긍정적
2021-01,"든든하고 맛나게 먹었습니다.
냉면, 막국수를 좋아하는 편이라 여기저기 자주 먹어봤는데
여기 정말 맛있어요. 양념이 맛있게 매콤하면서 고소해요.👍
육전은 부드럽고 얇아서 한 입에 쏙 들어갑니다.
같이 먹은 친구도 엄지척하며 맛있다고 했어요.",긍정적,긍정적,알 수 없음,긍정적,긍정적,긍정적
2023-01,집 앞이라서 자주 가는데 입 맛 없을때 간단하게 먹으러 갔다가 육전에 만두까지 과하게 먹게되는 곳이에요 ㅠㅠ 육전고기도 엄청 얆게 찐 육전이고 군만두 꼭 먹어야 합니다!!! 육즙 장난 없음,긍정적,긍정적,긍정적,긍정적,긍정적,긍정적
2023-01,"항상 웨이팅있어서 못기다리고왓는데 드디어!!! 막국수도 고소하니 너무맛나고 ㅠㅠㅠ샤브샤브도 넘맛나요 가을이라 더생각나는 맛!!!
찬들도 정갈하고 만두까지 뭐하나빠지는게없어요 ㅎㅎㅎ단골각입니다용",긍정적,긍정적,알 수 없음,긍정적,긍정적,긍정적
2022-01,"서울시내 우동 소바 냉면 투어 중임. 평소보다 일찍 나선 점심, 간만에 20인 점심 한정을 노리고 출발. 날씨도 따뜻하고 햇살도 좋고.

20인 한정으로 들기름막국수+김치만두와 고기만두 1점씩+육전 2쪽 세트다. 약 2천원의 할인효과가 있는 듯.

들기름막국수는 서관면옥과 비견할만큼 고소한 맛이 일품이고 세트메뉴라 속도 든든하게 먹을 수 있다. 음식을 담은 모양은 서관면옥이 예술이지만 이곳도 나름대로 먹음직스럽다.

주변 직장인이라면 강추. 근데 점심엔 사람이 너무 많아서 조금만 늦어도 한정메뉴 주문은 어려운 듯. 11시반에 도착했는데 이미 절반은 사람들이 앉아있더라.",긍정적,긍정적,부정적,긍정적,긍정적,긍정적
2023-01,"참기름과 들기름막국수가  비쥬얼부터 넘 맛있더라구요  맛있게 먹었답니다
육전하고 먹는 막국수최고이고 만두피도 얇고 맛도 최고",긍정적,긍정적,알 수 없음,알 수 없음,긍정적,긍정적
2023-01,뱅뱅막국수와서 식사했어요! 완전 맛있게 먹었거요. 막국수 맛집이라 가족과 또 오고싶어요,긍정적,긍정적,알 수 없음,알 수 없음,긍정적,긍정적
2024-08,"자가제면 뱅뱅 막국수 유명한 만큼 맛도 최고!!!

들기름 막국수는 감태에 싸먹으먼 별미!!육전이랑 먹으니 든든하고 건강한 한끼!!

참기름 막국수는 여기서만 맛 볼수 있어요!!풍미 작렬~
코다리는 매콤하고 맛있어요~
만두도 쫀득~ 속도 실하고... 욱전은 맛있어서 대자로 추가 했어요.
맛이 있는데 불친절 하면 기분 나쁜데...여기 정말 미소 가득
정말 친절해서 웨이팅 기다리는 시간 불편 없이 기분 좋게 식사 했습니다.",긍정적,긍정적,긍정적,긍정적,긍정적,긍정적
2023-01,"뱅뱅막국수, 매장도 깔금하고 음식도 맛있어요.
참기름 막국수, 들기름 막국수 비빔국수, 육전 목었어요. 모두 맛있고 육전 고기가 너무 부드럽고 고소해요.",긍정적,긍정적,알 수 없음,알 수 없음,긍정적,긍정적
2023-01,"양재동 찐 맛집으류 이미 소문 자자해용
점심때면 웨이팅 엄청 길고 하지만 웨이팅을 뚫을
맛집이애용 들기름막국수,참기름막국수,육전,만두
다 맛있고 직원분들도 친절하십니당!!!^^",긍정적,긍정적,긍정적,알 수 없음,긍정적,긍정적
2023-01,사람 많아서 약간 어수선하지만 친절하고 음식 빠르게 나옴. 고기리 만큼의 완성도는 아니지만 맛있고 가성비 좋고 사이드 메뉴 구성도 좋다. 무엇보다 고기리 가기에 너무 멀고 외져 못가는 경우 서울 강남에 이 정도의 막국수집이 있는건 추천... 주문은 테이블에서 키오스크로 선불로 함. 웨이팅이 긴 집.,긍정적,긍정적,긍정적,알 수 없음,긍정적,긍정적
2021-01,"들깨 막국수가 특색 있는 맛집 입니다! 코다리막국수도 넘 맛있습니다! 점심 세트 메뉴가 있어서 다양하게 맛 볼 수 있습니다! 손만두, 육전도 맛있네요! 서초동에 있는 막국수집으로 가성비 짱 입니다! 강추!!!! ^^",긍정적,긍정적,긍정적,긍정적,긍정적,긍정적
2022-01,뱅뱅막국수집.오전 11시20분 오픈매장..점심 예약이 안되는 경우로 기다려서 뱅뱅세트(일일 한정 20인분)도 괜찮은 선택임..만두와 만두전골 그리고 함께할 육전도 좋은 조합..한번쯤 기볼 선택이라고 생각됨..들기름막국수와 코다리 막국수도 평균이상의 맛을 냄,긍정적,긍정적,부정적,긍정적,긍정적,긍정적
2024-10,친구랑 오랜만에  만나서 밥도먹고 수다도떨겸   강남에서  유명하다는  뱅뱅 막국수 먹으러 갔는데 촬영중이라 기다렸다가 들어갔습니다  참기름 들기름 정말맛있게먹고왔습니다 직원분들도 친절하고 가게분위기가 따뜻한 느낌이라 오랜만에 친구랑 즐거운 시간이였습니다,긍정적,긍정적,긍정적,알 수 없음,긍정적,긍정적
2020-01,"원래 메밀/만두국 맛집이었는데 상호가 바뀌었네요.
더워지면 막국수로 찬바람 불 즈음엔 만굿국으로 점심시간에도 웨이팅이 생기는 맛집입니다.
막국수도 맛있는데 전 만두를 추천하고 싶네요.",긍정적,긍정적,긍정적,알 수 없음,긍정적,긍정적
2024-10,"맛있다고 하여 불금 저녁시간에 찾아간 가게인데요. 가게 광고 사진 찍느라고 가게가 어수선하였어요. 요리복 입은 남자분께서 대충 치운 구석자리를 안내하여 자리에 앉았죠. 요리 주문하려고 터치하려던 찰나에 갑자기 시키지도 않은 회막국수 두개와 육전이 바로 몇초만에 나와서 당황했죠. 그럼에도 친구와 저는 회막국수 먹어보자 라고 하면서 다 맛있을거야 생각하면서 먹었죠. 그런데 갑자기 또 만두 음식이 또 나와서 서비스인가 라고 이상하다고 생각하던즈음 여직원분이 음식이 잘못 나갔다고 하더군요. 그러면서 육전은 그냥 드리는거라고 거니 회막국수 값만 지불하라고 하시면서 만두를 도루 회수하더군요. 저도 주문하지도 않은 음식 나와도 불만없이 먹고 알았다고 하고 계산하려고 하는데 3만원 내라는거에요. 그래서 14000×2=28000원 이라고 확인해달라고 했고 여직원분께서 28000원 맞다고 계산을 확인후 했거든요.

그런데 30분후  집에 와서 문자 확인하다가 카드 문자를 얼핏 보니 3만원 결제 된겁니다.

그래서 가게로 전화해서 음식비용을 서로 확인후  결제했는데 왜 더 많이 결제했냐고 항의했더니 사장님 말씀은  '직원분이 한거니 직원분 바꿔줄테니 말해보고 2000원 환불해주겠다'라고 죄송하다고 태연하고 쉽게 얘기하십니다. 그리고 죄송하다고 하지 않았냐고 하면서 역정, 적반하장이십니다.

참으로 잘못된 비용계산을 직원분에게 토스하면서 사장님은 모른다라고 하는 태도에 어이상실입니다.불매운동 하고 싶은, 확인하고도 음식 비용 등쳐먹기, 계산 잘못, 서비스 엉망 가게이십니다.

두번이나 쌍방간 비용을 확인했는데 제가 문자확인 안했으면 모를뻔, 그대로 넘어갈뻔 했습니다.

눈앞에서 코베인것이 이런거군요.

애초에 먹으려고 했던 들기름막국수미니육전세트  먹었으면 13000×2=26000원 만 지불했었을건데돈을 더 들었네요.
주문하지도 않은 음식을 들이민 가게가 저렇게 당당하고 뻔뻔할줄은...... 와우~~~~

이런 마인드를 가진 가게 사장님이 문제가 생기면 직원 관리소홀 보다는 직원의 책임으로 넘기고, 손님을 어떻게 보는지 짐작이 가는 지점입니다. 다음에는 결제후 꼭 확인해야겠어요. 이런 무서운 가게 만날까 가슴 쓸어내립니다.",부정적,긍정적,부정적,알 수 없음,부정적,부정적
2023-01,강남 뱅뱅사거리 맛집 뱅뱅막국수. 담백 고소한맛이 일품. 한그릇 음식으로 편하게 먹을 수 있고 양도 상당히 많아 기분좋게 나올수 있었다,긍정적,긍정적,알 수 없음,긍정적,긍정적,긍정적
2024-10,가게 내부도 깔끔하고 직원분들도 너무 친절하고 맛도 너무 좋았습니다 식사후 영수증리뷰도 작성했더니 선물도 주시고 너무 감사했습니다~~<친구도 너무 맛있다고 하네요 다음에 또 올게요~~,긍정적,긍정적,긍정적,알 수 없음,긍정적,긍정적
2023-01,"오랫만에 갔는데 많이 바뀌었네요.
주문은 테이블에서~
깔끔한 맛과 쌓여있는 쓴메밀 포대가 믿음을 주네요ㅎㅎ
삶은계란 반쪽이 아닌 뱅뱅막국수 이름에 걸맞는 뱅뱅말은 계란지단 ㅎㅎ 재밌네요.
주차는 평일은 30분에2천원, 주말은 30분 무료예요.",긍정적,긍정적,긍정적,알 수 없음,긍정적,긍정적
2024-03,"맛있어요! 들기름 참기름 다 맛있습니다!!
주차도 유료지만 편리해요!
저녁 8시 지나면 칼같이 주문 안 받아요!",긍정적,긍정적,부정적,알 수 없음,긍정적,긍정적
2023-01,"유명한 뱅뱅막국수 남자친구가
와보싶다고 노래를 불렀는데 드디어 왔어요!!
참기름막국수 참깨가 막 씹혀서 고소하고
들기름 향이 미쳤어요ㅠㅠ
육전도 고기 두툼하고 존맛탱!",긍정적,긍정적,긍정적,알 수 없음,긍정적,긍정적
2024-09,막국수가 진짜 담백하구 맛잇어요!!! 완전 부들부들 또올게요!!,긍정적,긍정적,알 수 없음,알 수 없음,긍정적,긍정적
2020-01,"만두 전골이 맛있습니다.

전골 속, 유부 주머니에 떡이 들어있습니다.
큼지막한 애호박 당근 배추 청경차가 맛있습니다.
떡국떡과 직접 빚은 만두를 다 먹고
봉평면 메밀촌의 메밀면으로 마무리합니다.

여느 샤브샤브보다 좋아합니다.",긍정적,긍정적,알 수 없음,긍정적,긍정적,긍정적
2022-01,비가 오고 흐린 날씨에 뭘 먹을까 고민하다가 막국수에 육수를 부어 따뜻하게도 먹을 수 있다고 해서 방문했어요 유명한 맛집답게 2시 넘어서도 만석이었어요 참기름막국수도 맛있었고 들기름 막국수도 맛있었어요 특히 열무김치랑 막국수랑 같이 먹으면 더 맛있어요👍👍…,긍정적,긍정적,긍정적,알 수 없음,긍정적,긍정적
2023-01,막국수가 쫄깃하고 한 음식인데 다양하게 먹을 수 있어서 좋아요. 육전과 함께 먹는게 매우 특색있고 맛있어요!! 반찬들도 맛있고 웨이팅 맛집이네요,긍정적,긍정적,긍정적,알 수 없음,긍정적,긍정적
2023-01,2시 넘었는데도 웨이팅이 있어서 놀랐는데 기다릴만 한 맛집이에요! 새싹삼까지 같이나와서 완전 몸보신한 느낌이에요 ㅎㅎ 들기름막국수 진짜강추해요!!!,긍정적,긍정적,긍정적,긍정적,긍정적,긍정적
2023-01,"뱅뱅사거리 큰 길가 위치한 막국수, 육전 및 만두집. 점심시간 웨이팅 필수.",긍정적,긍정적,부정적,알 수 없음,긍정적,긍정적
2024-10,가족들과 함께 방문했는데 아이들이 너무 좋아하네요 직원블들도 다들 너무 친절하시고 맛도 너무 좋았습니다 특히 참기름막국수가 너무 맛있었습니다 다음에 또 방문해야겠어요~,긍정적,긍정적,긍정적,알 수 없음,긍정적,긍정적
2023-01,음식이 깔끔하고 육수가 맛있어요. 오랫만에 새콤하고 맛있는 막국수 맛보았어요!,긍정적,긍정적,알 수 없음,알 수 없음,긍정적,긍정적
2022-01,"들기름 막구수 최강맛집!
여러말이 필요없는 막국수 전문점인것 같아요.
강남 한가운데서서 직장인 입맛을 사로잡은 막국수집 추천합니다.",긍정적,긍정적,긍정적,알 수 없음,긍정적,긍정적
2023-01,"역시 사람이 많은 이유가 있네요.
들기름, 참기름막국수 모두 휼륭한데, 비빔은 평범하네요.
적극 추천합니다.",긍정적,긍정적,알 수 없음,알 수 없음,긍정적,긍정적
2021-01,"육수를 주전자로 줘서 좋음.
막국수를 좋아하지 않지만 괜찮게 먹을만했고, 들기름막국수 속의 장아찌가 느끼함을 잡아주고 코다리막국수도 코다리가 실해서 같이 먹으면 아주 맛있었다.
친절.",긍정적,긍정적,긍정적,알 수 없음,긍정적,긍정적
2024-02,"직원분들도 친절하시고 맛도 너무 좋아서 계속 감탄 하면서 먹었오요.. 막국수 점심으로 먹기에 최고인듯,,",긍정적,긍정적,긍정적,알 수 없음,긍정적,긍정적
2023-01,"평일 12:45 웨이팅 X (테이블링 확인)
육전은 얇으면서 촉촉한데 질겨요
막국수 하나 먹으면 담백슴슴한 맛, 감태랑 같이 먹으면 짭조름하면서 맛있어요
런치세트 막국수 +육전 =13,000",긍정적,부정적,긍정적,긍정적,긍정적,긍정적
2021-01,줄 서는 집은 이유가 있네요. 막국수 맛이 독창적이랄까 지금까지 먹어온 것과는 좀 달랐습니다. 물론 맛있게 먹었고 저한테는 양도 푸짐한 편이었습니다.,긍정적,긍정적,알 수 없음,긍정적,긍정적,긍정적
2022-01,기름막국수인지라 호불호가 좀 있을수 있지만 개인적으론 맛있었다. 계란 지단과의 조합도 좋았음 하지만 웨이팅이 너무 긴건 함정,긍정적,긍정적,부정적,알 수 없음,긍정적,긍정적
2023-01,"샤브샤브 막국수 만두까지 다 맛있어요~~
친절하기까지해서 또 가고 싶은 곳이에여🤗",긍정적,긍정적,긍정적,알 수 없음,긍정적,긍정적
2021-01,"일단 사장님이 재밌다

모든 노래에 뱅뱅 관련됨 한술 더 떠서 알람음까지 뱅뱅!

들기름막국수 - 청류벽과 느낌이 다름 좀더 삼삼한 맛 미우야와 엇비슷한 느낌?

비빔막국수 - 평범함

만두 - 고기는 평범 김치는 매웠다(본인 매운거 못먹음)

육전 - 메밀에 소고기 우둔살같은 맛 개인적으로 별로",긍정적,부정적,긍정적,알 수 없음,긍정적,긍정적
2023-01,막국수 맛집이라 자주 갔었는ㄷ 요번에 추워서 샤브샤브 도전했어요.ᐟ.ᐟ 후회없눈 선택 ㅜㅜ 마지막 죽까지 꼭 먹으세오,긍정적,긍정적,알 수 없음,긍정적,긍정적,긍정적
2020-01,들기름막국수 진짜 고소하고 맛있어요! 메밀전병도 맛있는데 뜨거우니 입천장 데이지 않도록 식혀서 드시길 추천드립니다!(저는 급하게 먹다가 입천장이 데였어요^^; 그래도 뜨거울 때 먹는게 제일 맛있긴 합니다),긍정적,긍정적,긍정적,알 수 없음,긍정적,긍정적
2023-01,"말이 필요없는 들기름막국수+육전!
숨은 고수들만 아는 샤브샤브까지ㅠㅠ
맛집이 맛집일수밖에 없는 이유로 가득참",긍정적,긍정적,알 수 없음,알 수 없음,긍정적,긍정적
2022-01,"들기름 막국수 맛있어요. 육전이랑 같이 먹으니 굿~~!!
다른 메뉴들도 맛있네요.",긍정적,긍정적,알 수 없음,알 수 없음,긍정적,긍정적
2022-01,"주변직장인들이 많아서 11시30분이후에가면 매장밖에까지 줄 서있음. 세트가격13,000에서 14,000원으로 변경, 20개수량한정이라 12시이후에 먹지 못할수도  있어요. 막국수 맛있고요 만두도 괜챦은데 솔직히 육전은 그냥 그래요. 들기름막국수11,000원 입니다.",긍정적,긍정적,부정적,알 수 없음,부정적,긍정적
2024-03,막국수 대박 맛있어요 역시 명인입니다,긍정적,긍정적,알 수 없음,알 수 없음,긍정적,긍정적
2020-01,"평타 이상의 메밀막국수 전문점! 물막국수와 코다리회가 올라간 비빔막국수를 필두로, 매일 300개만 손수 빚는 손만두, 가장자리는 바삭 안쪽은 부드러운 쫄깃한 감자전, 속이 꽉찬 메밀전병까지. 뭐 하나 모자람없이 맛있습니다. 푸짐한 양은 덤.

체인점인데도 불구하고, 퀄리티가 아주 좋습니다. (이 지점이 특히 그런걸 수도..)",긍정적,긍정적,긍정적,긍정적,긍정적,긍정적
2024-05,강남에서 이 정도로 가격과 맛 모두 만족하기는 쉽지 않을거 같아요. 들기름 막국수가 아주 맛있었어요. 다른 메뉴들도 기본 이상입니다.,긍정적,긍정적,알 수 없음,알 수 없음,긍정적,긍정적
2022-01,들기름막국수와 육전 강력추천. 만두와 비빔막국수도 추천. 물막국수는 보통. 들기름막국수의 신선하고 발랄한 재해석에 물개박수를 드림. 세번 방문했는데 또갈것임. 건물뒷편주차장 주차가능.,긍정적,긍정적,긍정적,알 수 없음,긍정적,긍정적
2022-01,"평일 점심시간에 늘 웨이팅이 있는 듯합니다. 식당 문 앞에 주문 및 대기신청 시스템에 입력하면 대기현황을 알려 주어서 편했습니다. 매장은 다소 비좁은 편이며, 손님이 많은 만큼 소란스러운 분위기입니다. 음식은 깔끔해 보이고, 맛은 간결하여 만족스러웠습니다.",긍정적,긍정적,긍정적,알 수 없음,부정적,긍정적
2022-01,"일요일 2시넘어 대기없이 입장
대표메뉴인 참기름 육전 세트에
면 뽑는 시간에 걸려  미니  만두세트도 주문

육전은 좋았고 만두도 양호
궁금했던 참기름 막국수는
처음 먹어본거라 애매 모호.
육수는 주전자 직접 담아 먹었는데
기다리라 여러번 먹은 듯.
따듯하고 맛있음.",긍정적,긍정적,부정적,알 수 없음,긍정적,긍정적
2023-01,뱅뱅에 진심인 곳 샤브샤브부터 참기름막국수까지 제대로에요!!,긍정적,긍정적,알 수 없음,알 수 없음,긍정적,긍정적
2022-01,"들기름 막국수,비빔막국수와 만두류, 전을 시켜서 먹었어요. 식탁마다 칸막이 되어 있어요.
맛있었습니다. 직접 가셔서 드셔보세요.",긍정적,긍정적,긍정적,알 수 없음,긍정적,긍정적
2023-01,정말 맛있어요 사람 많은데는 이유가 다 있습니다!!!,긍정적,긍정적,긍정적,알 수 없음,긍정적,긍정적
2022-01,맛있고 친절합니다~~~주차요금  1시간 4천원정도 나옵니다,긍정적,긍정적,긍정적,부정적,긍정적,긍정적
2022-01,참기름막국수. 비주얼좋음. 구수한 메밀맛과 참기름의 조화가 괜찮음. 나물이 조금 더 넉넉했으면 하는 아쉬움. 마지막에 육수부어먹으라고 안내있지만 다른 리뷰분들 말씀대로 붓지말고 그냥 드시기를. 황태육수가 호불호있는맛. 특별한 맛은 아니고 그냥 아는맛^^,긍정적,긍정적,부정적,부정적,긍정적,긍정적
2023-01,"친절하고 막국수 고소하니 맛있어요
담백해서 한국인뿐만아니라 외국인들 입맛에도 맞을둣!!",긍정적,긍정적,긍정적,알 수 없음,긍정적,긍정적
2024-04,건강한맛이고 특색있고 너무 맛있었어요.,긍정적,긍정적,알 수 없음,알 수 없음,긍정적,긍정적
2023-01,"음식이 깔끔하고 맛있었습니다.
개인적으로 고소한걸 좋아해서 들기름 막국수가 특히 맛있었습니다",긍정적,긍정적,알 수 없음,알 수 없음,긍정적,긍정적
2021-01,동네에 있다면 가볼만 합니다. 컨셉도 좋고 배달도 되는 매장이니 배달을 시켜드시는걸 추천,긍정적,알 수 없음,긍정적,긍정적,긍정적,긍정적
2023-01,저번엔 막국수 먹었는데 저녁이라 샤브샤브 먹으러 왔어요 추운 겨울 양재에서 따뜻한 식사를 할 수 있어서 넘 좋아용 ㅎㅎㅎ 샤브샤브 고기 질 너무 좋구요 만두는 꼭 드셔야해요 글고 영양죽 필수!!! 배터지겠어여,긍정적,긍정적,긍정적,부정적,긍정적,긍정적
2024-05,"이 동네 물가를 생각하면 가격은 어쩔 수 없음
맛은 다녀본 중 수준급!",긍정적,긍정적,알 수 없음,알 수 없음,부정적,긍정적
2021-01,"들기름 막국수 넘나 맛잇어여! 꼭드셔보세여 그리구 다들 친절하세여!
김치 군만두도 맛잇어여!",긍정적,긍정적,긍정적,알 수 없음,긍정적,긍정적
2023-01,들기름막국수 물막국수 육전 먹었는데 아주 맛있었어요!,긍정적,긍정적,알 수 없음,알 수 없음,긍정적,긍정적
2020-01,"물막 비막 중에 비막 가성비가 압도적
막국수 한그릇 9000원이면 비싸긴한데 13000원 짜리 을밀대 가느니 전 여길 갈래요.
메밀전병 막국수랑 시키면 싸게 나오는 것도 넘 좋음
맛있어 .....",긍정적,긍정적,긍정적,긍정적,긍정적,긍정적
2024-04,가격이 너무 비쌉니다  만이천원 퀄리티가 아닙니다. 좌석 간격도 비좁은데 반찬 셀프라서 중간에 반찬 뜨러 가는데 너무너무 불편합니다. 그리고 맛이 너무 허전해요. 도대체 어떻게 이게 만이천원인지 모르겠어요.몇 년 전에는 이 가격이 아니었는데 확 올랐네요. 밑반찬도 부실합니다. 서비스도 불친절해요. 직원분께 질문했는게 그냥 무시하고 가셨어요. 몇년전에 여러번 먹었는데 그맛이아니에요. 여자 기준으로도 양이 부족한데 남자분들은 진짜 양 부족할듯 합니다. 이 근처 식당들 갈만한 곳이 없어서 사람은 많아서 번잡해요.,부정적,부정적,부정적,부정적,부정적,부정적
2024-03,"주말에도 손님들로 꽉 차서 인기있는 집이구나 하는걸 느꼈습니다.
들기름 막국수를 주문했어요.
들기름이 저에게는 더 입맛에 맞았어요. 딱 심플하게 고소한 들기름에 메밀향도 진하게 맛볼수 있었네요. 궁채라는 채소도 첨 맛보게 되었는데 아삭한 식감도 너무 잘어울렸어요. 감태에 싸서 먹는것도 심플함에 변화를 줄 수 있어 입이 즐거웠습니다. 담백하고 고소함이 극에 달하네요. 너무 맛있었어요.
동네에 많지않는 맛집중 하나입니다. 강 추!",긍정적,긍정적,긍정적,알 수 없음,긍정적,긍정적
2022-01,"무슨 여길 줄서서 먹어!!
그냥 주말에 걷다가 더워서 한번 먹는 정도

맛 : ⭐️⭐️⭐️
위치: ⭐️⭐️⭐️⭐️
위생 : ⭐️⭐️⭐️
매너: ⭐️⭐️⭐️

딱 총점 별 3개짜리다 기억해!",부정적,긍정적,긍정적,알 수 없음,부정적,부정적
2023-12,구글검색으로 다녀온 집이고 음식 깔끔하고 정성이 느껴지네요 직원도 친절하시고 맛이 엄청 맛잇다는 아니지만 좋은 수준입니다,긍정적,긍정적,긍정적,알 수 없음,긍정적,긍정적
2024-05,간만에 가서 넘 맛있게 먹구 왔어요. 육전이랑 참기름 막국수 강추예요~~황태 육수 떨어져서 아쉬웠어요ㅜㅜ,긍정적,긍정적,부정적,알 수 없음,긍정적,긍정적
2023-01,"강남역 미친 맛집ㅋㅋㅋ
뱅뱅사거리 자주 오는데 올 때마다 들르게 되네요
막국수는 레전드급이고 샤브샤브도 먹어보세요",긍정적,긍정적,알 수 없음,알 수 없음,긍정적,긍정적
2023-01,참기름 들기름 막국수 이름은 생소했지만 고소하니 맛있게 잘 먹었어용 ㅎㅎ테이블링 미리 대기 줄 서고 방문하심 좋아요!,긍정적,긍정적,긍정적,알 수 없음,긍정적,긍정적
2021-01,들기름막국수 맛있네요. 가격이 좀 사악하지만.. 가끔 올만해요. 사람들은 주로 샤브샤브를 먹는군요,긍정적,긍정적,알 수 없음,부정적,긍정적,긍정적
2019-01,"깔끔하고 괜찮은 막국수를 먹을 수 있는 식당.
비빔막국수에 들어있는 코다리회가 특히 좋았다.
양도 적당한 편이다.
찬으로 나오는 열무김치가 특히 맛있었다.",긍정적,긍정적,알 수 없음,긍정적,긍정적,긍정적
2024-10,3년째 방문하는 맛집 입니다. 들기름은 물론이고 참기름 막국수도 너뮤 맜있어요. 만두나 육전이랑 같이 먹으면 최강 조합 👍👍 항상 생각나서 거리가 일주일에 한번은 꼭 먹습니다😊최고의 맛집👏👏👏,긍정적,긍정적,긍정적,알 수 없음,긍정적,긍정적
2023-01,"회사 앞 맛집인데, 이제는 너무 유명해져서 웨이팅 없이는 먹을 수 없는 곳ㅠㅠ❤ 모든 메뉴 맛이며 퀄리티 훌륭합니다.",긍정적,긍정적,부정적,알 수 없음,긍정적,긍정적
2023-01,가격대는 좀 있지만 음식이 상당히 맛있다. 황태 육수 최고,긍정적,긍정적,알 수 없음,알 수 없음,긍정적,긍정적
2023-01,매장도 넓고 직원분들 친절하시고 양도 푸짐하고ㅠㅠㅠ  들기름 막국수랑 샤브샤브 강추해요!!!🥹,긍정적,긍정적,긍정적,긍정적,긍정적,긍정적
2024-06,춘천에 서 먹은 막국수보다 10배더 맛있음  춘천에선  너무맛없어서  안먹는데  여긴 다름,긍정적,긍정적,알 수 없음,알 수 없음,긍정적,긍정적
2023-01,"맛있다고 소문 나서 방문해본 뱅뱅막국수!!
뭘 먹어얄지 고민되었지만, 직원분의 친절한 픽으로 들기름과 참기름 주문!!!
직원분이 오셔서 친절히 주문을 도와주셨구요!!
나오자마자먹었는데
우와~~고소하고 살짝 감칠맛이 나는게 어찌나 맛있던지~최고에요
국수와 만두랑 같이 먹구왓어요
강남 최고의 맛집으로 손꼽고 싶더라구요
다음엔 점심세트를 먹으러 갈 예정입니다!!
사장님 잘 먹었습니다♡♡",긍정적,긍정적,긍정적,알 수 없음,긍정적,긍정적
2021-01,참기름 막국수는 처음 먹어봄 근데 맛있음ㅋㅋㅋㅋㅋㅋㅋㅋ 중독성 있는 맛 저 중간에 올라간 꼬들꼬들한.. 그게 맛있었음,긍정적,긍정적,알 수 없음,알 수 없음,긍정적,긍정적
2022-01,참기름막국수와 코다리 막국수 먹고왔어요! 너무 맛있네요!!,긍정적,긍정적,알 수 없음,알 수 없음,긍정적,긍정적
2023-01,"샤브샤브 너무 맛있게 먹었습니다
육수도 진하고 아주 맛있습니다
왜 맛집인지 알겠습니다!",긍정적,긍정적,알 수 없음,알 수 없음,긍정적,긍정적
2023-01,"꼭와보고싶었던 집인데 오늘 오픈런해서 먹고왔어요. 오픈런한 보람이 있습니다👍🏻
참기름막국수, 들기름막국수, 뱅뱅육전, 김치군만두 먹고왔어요!!
바로바로 조리해주셔서 나오는데 막국수는 고소한데 느끼하지 않게 새콤달콤하니 맛있고 육전은 따뜻하니 맛있었습니다 !
직원분들 너무 친절하시고 매장도 깔끔하니 쾌적하더라구요
웨이팅있다고해서 걱정했는데 웨이팅 안했고 회전율이 빨라서 좋아요😋
다음에도 또 올 예정이에요!!",긍정적,긍정적,긍정적,알 수 없음,긍정적,긍정적
2023-01,왜 맛집인지 알겠는 곳! 정갈한게 미쳐부렀네유❤️❤️❤️❤️,긍정적,긍정적,알 수 없음,알 수 없음,긍정적,긍정적
