﻿Date,Review,Final_Sentiment,맛,서비스,양,sentiment,Sentiment2
2022-01,"돼지철판불백의 가성비가 좋아도 너무 좋다,
가격이 8000원이고 고기 양이 많지도 않았지만 충분하다,
강남 한복판과 멀지 않은 위치에 적당히 나오는 곁가지 반찬들,…",긍정적,긍정적,알 수 없음,긍정적,긍정적,긍정적
2019-01,별 2개도 아깝지만 철판은 먹을만 해서 두 갭니다. 갈 거면 철판만 드세요. 아 계란찜은 먹을만 함. 고추장찌개는 절대 비추입니다. 가격에 비해 구성물이 핵폐기물급입니다. 직원과 같이 먹다가 집어던지고 나올뻔 했지만 이후론 안 갈거 같아서 그냥 먹고 나왔습니다. 이게 찌개인지 탕인지도 모르겠어요. 메인은 철판입니다. 가게 이름은 구라 아니네요,부정적,부정적,부정적,부정적,부정적,부정적
2019-01,동네식당처럼 편안하고 친절한데 맛도 좋음. 미역오이냉국도 깔끔합니다.,긍정적,긍정적,긍정적,알 수 없음,긍정적,긍정적
2019-01,"점심시간에 혼자 왔다고 식당에서 쫒겨남. 역삼동 고가네 철판불백.
테이블 꽉 채워서 장사하겠다는 거겠지?.",부정적,알 수 없음,부정적,알 수 없음,부정적,부정적
2023-01,"맛있어요 요기
고추장찌개도 맛있음",긍정적,긍정적,알 수 없음,알 수 없음,긍정적,긍정적
2023-01,안간다 더럽다 퉤 서비스 형편없어요 가지마세요,부정적,알 수 없음,부정적,알 수 없음,부정적,부정적
2019-01,고추장찌개 하는 곳이 거의 없는데 만족합니다.,긍정적,긍정적,알 수 없음,알 수 없음,긍정적,긍정적
2021-01,"가성비 최고인 식당!
반찬은 집에서 먹는것 같은 ^^",긍정적,긍정적,알 수 없음,긍정적,긍정적,긍정적
2023-01,맛은 좋으나 양이 너무 적음,부정적,긍정적,알 수 없음,부정적,부정적,부정적
2022-01,무난무난. 반찬이 하나도 없는게 좀아쉽다.,부정적,알 수 없음,부정적,부정적,부정적,부정적
2022-01,직장인 점심으로 가격 맛 최고,긍정적,긍정적,알 수 없음,알 수 없음,긍정적,긍정적
2020-01,반찬이  별로~~,부정적,부정적,알 수 없음,알 수 없음,부정적,부정적
2022-01,쏘쏘~,긍정적,알 수 없음,부정적,알 수 없음,부정적,긍정적
