﻿Date,Review,Final_Sentiment,맛,서비스,양,sentiment,Sentiment2
2019-01,힝 여기..!! 알리고 싶지 않다. 아니 나만 몰랐는지 이미 알려져있었어. 이렇게 외진 곳에 이런 집이..? 쭈꾸미 고갈비 과메기 골뱅이. 해산물 넘 좋아요 이 집! 분위기도 좋고. 아 근데 알려주기 싫다 사람들한테😅…,긍정적,긍정적,알 수 없음,알 수 없음,긍정적,긍정적
2019-01,쭈꾸미철판 .. 정말 특이하고 독특한 맛 입니다. 계속 생각나는 맛 입니다. 감자전 .. 참소라 다 맛있습니다. 직원분들 친절하고 가게 분위기 이쁩니다.,긍정적,긍정적,긍정적,알 수 없음,긍정적,긍정적
2020-01,"철판쭈꾸미 볶음 맛있어요
삼겹사리 추가 강추!",긍정적,긍정적,알 수 없음,긍정적,긍정적,긍정적
2021-01,맛있지만 가격대비 비싸다고 생각합니다,부정적,긍정적,알 수 없음,알 수 없음,부정적,부정적
2024-09,쭈꾸미와 날치알 주먹밥은 무조건이구! 마지막에 짜파게티도 꼭 먹어야해요,긍정적,긍정적,알 수 없음,알 수 없음,긍정적,긍정적
2020-01,6명가서 안주 5개 시켰어요. 전체적으로 양이 좀 작은편이지만 음식 깔끔하고 맛있어요. 골뱅이탕에 오뎅이 같이 들어있는데 국물맛 시원하고 좋네요. 고등어소금구이 싱싱해서 그런지 고소하고 양미리구이는 걍 보통. 묵은지 광어는 미리전화주문해야 먹을수있다는데 운좋게 나중에 먹을수 있었어요. 싱싱해서 좋았고 양이 너무 작아서 더 맛있게 먹었어요. 손님들 테이블 보니 다들 안주 몇개씩 시켜서 먹네요.,긍정적,긍정적,긍정적,부정적,긍정적,긍정적
2020-01,맛집 양념고갈비 소라 짱,긍정적,알 수 없음,알 수 없음,알 수 없음,긍정적,긍정적
2020-01,"맛도 쭈꾸미 빼고 랜덤이고
...단체손님 많으면 소 테이블신경도 안쓰고
친절까지는 바라지않아도
알바하기싫은 알바쓰지마세요ㅡㅡ",부정적,알 수 없음,부정적,부정적,부정적,부정적
2020-01,"기대가 없었다가 와우 다  맛있네요 차돌 쭈꾸미 먹었는데 감칠맛 도는 매운 맛이에요
들 더울때 가서 그런가 좀 더웠던거 빼고 좋았어요",긍정적,긍정적,알 수 없음,부정적,긍정적,긍정적
2020-01,해산물류 좋아하세요?무조건 가세요,긍정적,긍정적,알 수 없음,알 수 없음,긍정적,긍정적
2019-01,"최고의 분위기, 맛있는 안주, 친절한 서비스 등등 굿입니다용♡♡",긍정적,긍정적,긍정적,알 수 없음,긍정적,긍정적
2024-02,잘먹었습니다,긍정적,긍정적,알 수 없음,알 수 없음,긍정적,긍정적
2019-01,가볍게 소주하기 좋은곳. 짜파게티를 안주로 파는게 신기하고 가격도 인상적,긍정적,긍정적,알 수 없음,알 수 없음,긍정적,긍정적
2020-01,깔끔한 안주. 주인장 친절하심. 오붓하게 한잔하기에 좋은장소네요.,긍정적,알 수 없음,긍정적,알 수 없음,긍정적,긍정적
2019-01,안주가 정말맛있는 술집이네요~^^,긍정적,긍정적,알 수 없음,알 수 없음,긍정적,긍정적
2020-01,안주도 맛있고 분위기도 넘나 좋은곳.. 술맛나는 술집,긍정적,긍정적,알 수 없음,알 수 없음,긍정적,긍정적
2020-01,쭈꾸미가 양이 적은 느낌이었는데  조리후 보니 적진 안 더군요 추천합니다,긍정적,긍정적,알 수 없음,부정적,부정적,긍정적
2019-01,맛있고 분위기 굿,긍정적,긍정적,알 수 없음,알 수 없음,긍정적,긍정적
2020-01,2차로 가기 좋은 술집 안주는 해산물이 주,긍정적,긍정적,알 수 없음,긍정적,긍정적,긍정적
2019-01,부채새우라구요??,부정적,알 수 없음,알 수 없음,알 수 없음,부정적,부정적
2021-01,광어 묵은지가 의외로 맛있었음. 숙성광어도 쫄깃함,긍정적,긍정적,알 수 없음,알 수 없음,긍정적,긍정적
2019-01,매우 신선한 해산물과 맛있는 안주,긍정적,긍정적,알 수 없음,알 수 없음,긍정적,긍정적
2019-01,쭈꾸미 맛집  도시락안먹어봣으면 말을마세요 !!,긍정적,긍정적,알 수 없음,알 수 없음,긍정적,긍정적
2020-01,맛있고 분위기 좋아요,긍정적,긍정적,알 수 없음,알 수 없음,긍정적,긍정적
2019-01,처음에는 잘 하더니 테이블 좀 찬다고 영 싸XX,부정적,알 수 없음,부정적,알 수 없음,부정적,부정적
2019-01,맛집이에요 추천,긍정적,긍정적,알 수 없음,알 수 없음,긍정적,긍정적
2020-01,맛납니다.. 특히 떡볶이랑 쭈꾸미..ㅎㅎ,긍정적,긍정적,알 수 없음,알 수 없음,긍정적,긍정적
2021-01,가성비가 좀 딸리네요,부정적,부정적,알 수 없음,알 수 없음,부정적,부정적
2019-01,튀김이 맛없기는 처음,부정적,부정적,알 수 없음,알 수 없음,부정적,부정적
2019-01,해산물이 신선함!^^,긍정적,긍정적,알 수 없음,알 수 없음,긍정적,긍정적
2020-01,이름이 최악이네요,부정적,알 수 없음,부정적,알 수 없음,부정적,부정적
2019-01,역시 또 강남인가?,부정적,알 수 없음,알 수 없음,알 수 없음,부정적,부정적
2020-01,한잔하기 괜찮은집~,긍정적,알 수 없음,긍정적,알 수 없음,긍정적,긍정적
2019-01,고갈비 캬,긍정적,알 수 없음,알 수 없음,알 수 없음,긍정적,긍정적
2020-01,"괜찮은 음식, 분위기",긍정적,긍정적,알 수 없음,알 수 없음,긍정적,긍정적
2019-01,최곱니다,긍정적,알 수 없음,알 수 없음,알 수 없음,긍정적,긍정적
2022-01,조용함,긍정적,알 수 없음,알 수 없음,알 수 없음,긍정적,긍정적
2020-01,강남 지역에 묵는다면 한식 해산물 요리(특히 트레이드마크인 조개찜)를 합리적인 가격에 맛볼 수 있기 때문에 꼭 방문해야 할 곳이다.,긍정적,긍정적,알 수 없음,알 수 없음,긍정적,긍정적
2022-01,좋았지만 사람이 많았어요,긍정적,긍정적,부정적,알 수 없음,부정적,긍정적
