﻿Date,Review,Final_Sentiment,맛,서비스,양,sentiment,Sentiment2
2024-10,"우렁쌈밥이나 불고기쌈밥 13000원
가성비 가심비 다 좋은곳이라 역삼동 직장인 맛집에용. 특히 솥밥에 쌀밥맛과 누릉지 맛이 일품입니다.
반찬도 무난하고 맛있습니다.",긍정적,긍정적,알 수 없음,긍정적,긍정적,긍정적
2021-01,솥밥이 기본적으로 나와서 나중에 숭늉만들어 먹는  부분이 좋습니다. 곤드레밥과 비빔밥 계란말이를 시켰는데 가성비 보다는 전체적인 식당 분위기때문에 추천합니다.,긍정적,긍정적,알 수 없음,부정적,긍정적,긍정적
2020-01,"허름한 건물 2층에 위치한, 숨은 진주같은 백반집. 고기가 메인이긴 합니다만, 정식 메뉴로 여러 백반 차림을 즐기실 수 있습니다.

이 집의 가장 큰 특징은 밥이 돌솥밥에 나온다는 점. 감동입니다. 다 먹고 나서 누룽지로 입가심할 수 있는 기승전결이 완벽한 한끼입니다.
메인으로 먹은 제육쌈밥과 우렁된장 모두 정성 담긴 맛이여서 놀랐습니다. 제육볶음은 사실 시중에서 파는 맛과 그리 큰 차이는 없습니다만, 우렁된장은 우렁도 많고 청국장 베이스로 하는 느낌이라 깊은맛이 좋았어요.
기본 찬도 매우 우수한데요, 콩자반, 어포무침, 묵은지 모두 입맛 돋우는데 그만입니다. 더불어 함께 나오는 콩나물국조차 맛있어요. 술먹지도 않았는데 해장되는 느낌입니다.
쌈채소의 신선함까지 갖췄으니.. 그저 맛집을 찾음에 감사할 뿐입니다.

둘이서 제육1 우렁1해서 2만5백원에 이 모든 정성을 맛봤습니다. 근래들어 먹은 가장 든든한 한끼였습니다. 감사합니다.",긍정적,긍정적,긍정적,긍정적,긍정적,긍정적
2020-01,"🐿”가성비 좋은 쌈밥집”
✔️맛:3 ✔️분위기:3
✔️추천메뉴:  고불초쌈밥 + 우렁쌈밥
로컬 맛집으로 유명해서 갔는데 가성비 좋은 맛집이였다. 우렁쌈밥은 삼삼했고 고추장불고기는 맛있었다. 다만 쌈채소가 상추랑 깻잎뿐이라 아쉬웠지만 가격대비 추천! 밥이 찰져서 맛있었다!",긍정적,긍정적,알 수 없음,긍정적,긍정적,긍정적
2024-06,"동네 맛집, 주말 지인들이랑 점심하기 좋습니다
특히 일욜 문엽니다. 일요일 점심하기 더문데 여긴 가정식 식사 영업합니다",긍정적,긍정적,긍정적,알 수 없음,긍정적,긍정적
2022-01,쌈채소도 적당하고 반찬도 적당해요. 제육이 살짝 매콤하니 맛있어요. 우렁 된장은 진짜 별미에요. 꼭 드셔보시길.,긍정적,긍정적,알 수 없음,알 수 없음,긍정적,긍정적
2020-01,"만족도가 높은 쌈밥집. 가끔 점심시간에 직원들과 온다. 고급진 분위기가 아니고 동네 식당같은 분위기인데, 특히 밥맛이 좋은 밥집이다.",긍정적,긍정적,긍정적,알 수 없음,긍정적,긍정적
2020-01,허름한 2층으로 올라간다고 생각지마시고 전통이 있는 맛집으로 생각하고 올라가시길~~^생각보다 테이블이 많이 준비되어 있고 맛이좋아 찾아오는분이 많은집~~^부드러운 고기와 신선하고 깔끔한 야채로 고지한점 싸먹으면 최고~~^,긍정적,긍정적,긍정적,긍정적,긍정적,긍정적
2018-01,가성비 최고의 맛집. 음식도 특색있고 맛있네요^^ 초벌구이 돼지 고기가 진짜 숫불맛이 나면서 끝내주네요^^,긍정적,긍정적,알 수 없음,알 수 없음,긍정적,긍정적
2021-01,"4명이서 가서 각각 11500원이 일인분인 쌈밥을 시켰는데, 고기양이 너무 적었습니다
일반 불백집 1.5인분 고기양이네요..",부정적,부정적,알 수 없음,부정적,부정적,부정적
2019-01,"구워서 나와 옷에 냄새가 안배서 좋음. 고기 맛은 기본, 밥을 바로 해서 넘 맛있고",긍정적,긍정적,알 수 없음,긍정적,긍정적,긍정적
2019-01,"가성비 넘 훌룡하지요.  모든 음식 맛나요.  단 저는  매운걸 잘 못먹어요. 삼겹살 초벌에 소주한잔.,.",긍정적,긍정적,알 수 없음,알 수 없음,긍정적,긍정적
2022-01,점심시간에 대접하기 좋은 곳입니다. 돌솥밥이 참 정성 가득해요!,긍정적,긍정적,알 수 없음,긍정적,긍정적,긍정적
2019-01,"돌솥밥을 저렴하게 먹을 수 있어서 좋고, 반찬들도 맛이 깔끔해서 좋아요 🤗…",긍정적,긍정적,알 수 없음,알 수 없음,긍정적,긍정적
2021-01,가격이 조금 비싸지만 건강해주는  느낌입니다. 돌솥밥에 반찬도 괜찮습니다.,긍정적,긍정적,알 수 없음,알 수 없음,긍정적,긍정적
2021-01,우렁쌈밥이랑 고불초를 각각 주문해서 먹는게 궁합이 좋아요.,긍정적,긍정적,알 수 없음,알 수 없음,긍정적,긍정적
2022-01,"맛집인데  코로나로 쌈 싸먹는 곳이라
점심 손님  확 줄음...

안타깝네요",긍정적,긍정적,부정적,알 수 없음,부정적,긍정적
2019-01,뱅뱅사거리 근처 쌈밥집중에 제일 맛있는거 같아요!,긍정적,긍정적,알 수 없음,알 수 없음,긍정적,긍정적
2022-01,"여기 삼겹살, 김치, 콩나물 조합은 언제 먹어도 일품이죠",긍정적,긍정적,알 수 없음,알 수 없음,긍정적,긍정적
2022-01,가격이 많이 올라서 사람이 많이 없어졌지만 맛있어요,긍정적,긍정적,알 수 없음,알 수 없음,부정적,긍정적
2020-01,밥맛도 좋고 반찬도 맛있다. 기본에 충실한 집.,긍정적,긍정적,알 수 없음,알 수 없음,긍정적,긍정적
2019-01,음식는 괜찮음 깔끔하고 맛도 좋은편... 사람도 많이 없음,긍정적,긍정적,알 수 없음,알 수 없음,긍정적,긍정적
2019-01,미리 구워나오는 돼지고기 한 접시. 깔끔하게 먹고 갈 수 있습니다~!,긍정적,긍정적,알 수 없음,긍정적,긍정적,긍정적
2024-07,쌈밥 가격이 계속 올라서 아쉬운 식당,부정적,알 수 없음,부정적,부정적,부정적,부정적
2019-01,메인도 맛있지만 밑반찬이 더 맛있는곳,긍정적,긍정적,알 수 없음,알 수 없음,긍정적,긍정적
2019-01,건강해지는맛이영자가몰랐으면좋겠어요..레알꿀맛오브꾸루맛,긍정적,긍정적,알 수 없음,알 수 없음,긍정적,긍정적
2022-01,"가마솥밥이 괜찮긴한데, 꽂히는 맛은 없었네요",부정적,긍정적,알 수 없음,알 수 없음,부정적,부정적
2020-01,제육볶음과 우렁된장 맛있어요,긍정적,긍정적,알 수 없음,알 수 없음,긍정적,긍정적
2020-01,한식쌉밥 우렁과 같이 3인이상 먹음 딱 조음,긍정적,긍정적,알 수 없음,긍정적,긍정적,긍정적
2019-01,맛집 가면 고불초쌈밥하고 우렁정식 주문해요,긍정적,긍정적,알 수 없음,알 수 없음,긍정적,긍정적
2020-01,그럭저럭한 맛. 솥밥은 빨리나와서 좋았네요,긍정적,긍정적,긍정적,알 수 없음,긍정적,긍정적
2019-01,"돌솥밥도맛있고,쌈도 무한리필~",긍정적,긍정적,긍정적,긍정적,긍정적,긍정적
2019-01,김치찌게가 맛있어요.,긍정적,긍정적,알 수 없음,알 수 없음,긍정적,긍정적
2020-01,음식점이 어수선한 느낌을 받았읍니다,부정적,알 수 없음,부정적,알 수 없음,부정적,부정적
2019-01,맛있는 김치와 돌솥 비빔밥!,긍정적,긍정적,알 수 없음,알 수 없음,긍정적,긍정적
2019-01,그럭저럭 먹을만합니다.,긍정적,긍정적,알 수 없음,알 수 없음,부정적,긍정적
2020-01,그냥 쏘쏘합니다,부정적,알 수 없음,알 수 없음,부정적,부정적,부정적
2020-01,싼가격에 고기섭취가능한곳,긍정적,긍정적,알 수 없음,긍정적,긍정적,긍정적
2021-01,밥 맛있어요.,긍정적,긍정적,알 수 없음,알 수 없음,긍정적,긍정적
2019-01,친절함이 사라진 곳..ㅡㅡ,부정적,알 수 없음,부정적,알 수 없음,부정적,부정적
2019-01,"그냥 지나간 곳입미다.
미안 합니다.",부정적,알 수 없음,부정적,알 수 없음,부정적,부정적
2021-01,맛집으로   괜찮은 집 임니다,긍정적,긍정적,알 수 없음,알 수 없음,긍정적,긍정적
2019-01,비빔밥 이맛나요,긍정적,긍정적,알 수 없음,알 수 없음,긍정적,긍정적
2021-01,맛있어요,긍정적,긍정적,알 수 없음,알 수 없음,긍정적,긍정적
2019-01,가격이 자꾸 오르는듯....,긍정적,알 수 없음,부정적,알 수 없음,부정적,긍정적
2021-01,진짜 맛있는 집ᆢ,긍정적,긍정적,알 수 없음,알 수 없음,긍정적,긍정적
2020-01,밥맛이 좋아요,긍정적,긍정적,알 수 없음,알 수 없음,긍정적,긍정적
2020-01,괜찮아요~,긍정적,알 수 없음,알 수 없음,알 수 없음,긍정적,긍정적
2020-01,건강해지는 느낌,긍정적,긍정적,알 수 없음,알 수 없음,긍정적,긍정적
2020-01,쌈이 훌륭했습니다,긍정적,긍정적,알 수 없음,알 수 없음,긍정적,긍정적
2021-01,넘나 맛나요,긍정적,긍정적,알 수 없음,알 수 없음,긍정적,긍정적
2021-01,반찬이 그저그래서,부정적,알 수 없음,알 수 없음,부정적,부정적,부정적
2019-01,숨겨진 맛집 ㅋㅋ,긍정적,긍정적,알 수 없음,알 수 없음,긍정적,긍정적
2021-01,맛집입니다,긍정적,알 수 없음,알 수 없음,알 수 없음,긍정적,긍정적
2019-01,맛이 짱!!!,긍정적,긍정적,알 수 없음,알 수 없음,긍정적,긍정적
2019-01,맛있어요,긍정적,긍정적,알 수 없음,알 수 없음,긍정적,긍정적
2019-01,맛있어요,긍정적,긍정적,알 수 없음,알 수 없음,긍정적,긍정적
2018-01,"쌈밥 - 절인 고기와 구운 고기, 야채, 밥으로 직접 잎사귀를 만들 수 있습니다.

밥이 나온 후에는 바로 다른 그릇으로 옮기고, 타서 눌어붙은 밥을 부드럽게 하기 위해 이전 그릇에 뜨거운 차를 부어서 놔둬야 합니다. 쌈밥을 맛있게 드신 후 잠시 기다리시면 완성됩니다.",긍정적,긍정적,긍정적,알 수 없음,긍정적,긍정적
