﻿Date,Review,Final_Sentiment,맛,서비스,양,sentiment,Sentiment2
2024-06,"곰탕 메뉴가 주인 뱅뱅사거리 맛집 ’곰바로곰탕‘입니당 🤎

들어가자마자 사장님이 넘 친절하셔서 기분이 좋아지는 맛집이었어용 ✨

또 곰탕에 넣어먹는 소면도 무한리필이고 후식으로 먹을 수 있는 매실도 자유롭게 먹을 수 있도록 준비되어 있어 넘 배려 가득한 맛집이었어용 💚

저는 한우곰탕 (보통) 주문했는데 14,000원이라는 가격에 고기 양이 넘 가득 들어있었고 고기 퀄리티도 진짜 좋아서 가성비 맛집이라는 생각이 들었어용 ❣️

고기 양이 진짜 많아서 든든하게 즐길 수 있었던 맛집이었어용 .. ❤️ 14,000원 비싼거 아니야? 생각하실 수 있는데 소면도 무한리필이고 쌀밥도 가득 제공해주시기 때문에 굉장히 든든하게 식사를 즐기실 수 있답니당 🥰✨",긍정적,긍정적,긍정적,긍정적,긍정적,긍정적
2024-10,"깊은 맛에 한번, 친절하시고 인품 좋은 사장님에 두번 감탄. 따듯하다. 국밥도 사람도.",긍정적,긍정적,긍정적,알 수 없음,긍정적,긍정적
2024-06,"If you want a good clean Korean beef stew. This is the place!! Great depth in taste and smooth beef!! There is a line in lunch time. Big dumpling is good too.

너무 맛있고 담백한 곰탕!! 만두고 맛있어요!!",긍정적,긍정적,알 수 없음,알 수 없음,긍정적,긍정적
2023-01,"**이집 브레이크타임 있어요.매번 A4손글씨로 재료소진! (~pm5:30) 18000원 특곰탕 주문. 일단 포장이 많아서 입장후 20분정도 기다림. 4인 술손님이 에티켓없이 너무 시끄러워 이어폰 뚫어버림. 분위기는 딱 평범한 국밥집. 이상이하도 아님 첫번째 국물맛은 짬..(물붓고 대파 넣으면 되니까) 두번째가 중요.. 고기고기 한우고기 소스듬뿍 쏘~옥 이래서 오는구나!(여기서 결정함.재방문의사 있음) 기타 셀프바에 비치된 무한리필 소면과 몇몇 밑반찬. 특히, 겉절이가 달달하고 맛남. 이즈백 1병 순삭하고 설거지거리 없이 퇴장. 집으로 ...아아로 마무리 *이틀후 오후 8시10분 재방문 - 자리없고 기다리기도 싫어서 빽홈",긍정적,긍정적,부정적,알 수 없음,긍정적,긍정적
2023-01,"국물이 일품임. 역대급 곰탕집!!! 지방사는 나로써는 인터넷으로 팔았음 좋겠다 ㅠㅜ 장사의신 효과 있는건가 오픈하자마자 사람들 계속 옴. 배달도 계속 함. 사람이 많아 오래 기다리자 내얼굴만한(?)왕만두 서비스 나옴. 강황밥 짱 맛있다. 이모님들 계시지만, 사장님 혼자 허덕허덕이는 것 같아 ㅠㅜ

진심 찐 맛집임.......  고기도 짱짱 두꺼웡!! 바로 손으로 썰어주심. 배 찢어지겠다..... 역대급 곰탕 드시러 가보세요. 곧 오픈런 할 수도 있겠단 생각이 들었음. 사장님 너무 선하심 ㅠㅜ 근데 곰탕 진짜 맛나서 대박이었음!!!!! 가게근처 주차6자리 정도는 되는 것 같아요. 또가고싶은데 ㅠㅜ... 진심 곰탕만 팔아도 될듯! 간도 딱!!!! 알맞고 파가 많아서 국물맛이 진심 장난 아님. 여러분 꼭 가보세요 진심 찐입니다. 근데 국수도 맛나긴하는데 당면이면 좋겠단 생각함.",긍정적,긍정적,긍정적,알 수 없음,긍정적,긍정적
2021-01,"강남역에서 도보로 15분정도 거리에 위치하고 있는 곰바로곰탕
진한 육수와 푸짐한 한우로 몸보신 제대로 하는 보양식
보양곰탕과 보양도가니탕을 주문해서 먹었는데
인삼 대추 은행 버섯 등 몸에 좋은 재료들이 들어가있고 한우 고기가 푸짐하게 들어 있어서
행복한 식감을 느끼며 식사를 즐길 수 있습니다
도가니탕의 도가니는 부드러우면서 쫀득쫀득한게 어찌나 맛있던지
이열치열이라고 날이 더웠는데도 땀 뻘뻘 흘리면서 먹었습니다
보양식이라서 그런지 땀이 직빵으로 나더라고요
냉면류도 있었는데 다음번에는 냉면도 먹어보려고요
곰탕 육수로 만든다면 대박 맛있을 것 같아요
곰탕 완전 강추",긍정적,긍정적,긍정적,긍정적,긍정적,긍정적
2023-12,"음식은 크게 흠잡을 것 없지만 특별함도 없음. 무난하게 괜찮은 식사를 즐길만 함
반복재생 해놓은 티비 방영 녹화 영상이 오히려 분위기를 저해함",긍정적,긍정적,부정적,알 수 없음,긍정적,긍정적
2023-01,"한달만에 천원이 올라서 곰탕11,000원,고기양도 줄고
역삼동 근처에 곰탕집이 몇 군데중 가격대비 맛으로 기본은 한다고 생각 했는데, 물가상승률이 있으니 가격을 안 올리실수는 없겠으나 맛이나 양이 변화가 생기니 차선 책 을 생각할수 밖에 없네요",부정적,부정적,긍정적,부정적,부정적,부정적
2023-01,"1. 못먹는게있어 파빼고달라했으나 그냥가져오심
어머 파 빼달라했지.. 그러고그냥 들고 계시길래
일행이있다보니 그냥받음

2. 서비스로 만두가 나옴
김이안나는게 이상했지만 무튼 서비스니까 식은거주겠지 싶었음
두입까지 미지근한건 참고먹었는데 중간은 거의 해동되는중이었음
서빙보는 아지매 왔을때  만두가 안익었다말씀드렸더니
""이거 서비스인데.."" 사과도없고 뎁혀준단 소리도 없고 그냥
조치해줄거도아니면서 만두뺏어 갈려하길래 그냥먹는다고 받아서 국에 넣어서 뎁혀서 먹음..

3. 강황밥은 그냥 색만입힌느낌에 좀 오래둔건지 어떤덴 물범벅에 어떤덴 말라있었음
그냥 식은밥 쪄서나온느낌들음 밥이너무 물맛..

설렁탕고기는 괜찮았음.. 두툼하고 부드럽고..기름진맛
국물이 좀 맹하긴함..

불친절은 둘째치고 기본적인 찐만두를 냉장 해동 급으로 나온다는건 이해가 되지않음..
찐만두를 정 못하겠으면 전자렌지 3분이라도 돌려서 나오길",부정적,부정적,부정적,알 수 없음,부정적,부정적
2024-04,친구추천으로 들렀어요. 고기가 두툼한데 부드러워서 좋았어요.,긍정적,긍정적,알 수 없음,알 수 없음,긍정적,긍정적
2023-12,"한우특곰탕 17,000원 먹음. 특답게 고기가 엄청 많음.
평일 점심이라 사람들이 많은데 회전은 빠른편.

서비스는 바쁜 국밥집 수준임. (정신없고, 반찬셀프)
맛은 아주 만족했음. 다만 도가니탕 먹으려고 했는데 평일 점심에는 한우곰탕만 파는듯함. 그날만 그랬는지 평일점심에만 고정인지는 모르겠음.

주차가 되긴하는데 협소함.",긍정적,긍정적,부정적,긍정적,긍정적,긍정적
2023-12,"한우곰탕의 간이 쎄고, 주인을 불러도 대답이 잘안옴. 장사의 신이 이분에게는 정말 신인지 매장에 장사의신 라방을 크게 틀어놓고 주방에서도 듣고 있었음. 다만 석박지는 맛이 좋았음.",부정적,긍정적,부정적,알 수 없음,부정적,부정적
2023-12,"분위기와 써비스는 보통 동네 국밥집 그이상그이하도 아님.

장사의 신에서 소개받아 갔는데.  간이 다소 짜고 고기가 퍽퍽하여 호불호가 갈리지만 이점이 저녁 소주 안주로는 호가 될 수 있는 포인트.  소갈비찜도 도전해보고 싶음.

주차가 헬이라 동네 나와바리 아니라면 글쎄.   가족식사도 물론 힘들다고 봄.",부정적,부정적,부정적,알 수 없음,부정적,부정적
2023-01,"맛은 괜찮았어요. 알바 실수로 결제가 2번돼서 다시 제가 직접 방문해서 취소받았습니다.

결제취소를 위해 다시 방문했을때나, 처음에 전화드렸을때도 그렇고 알바생 실수를 본인이 사과하기 싫다는 식의 태도였고 엎드려 절받기식으로 사과받는 느낌이라 굉장히 불쾌했습니다.

재방문의사 없습니다.",부정적,긍정적,부정적,알 수 없음,부정적,부정적
2023-01,장신에서 나온건 연출이니까 감안했지만 고기량이 적어져도 너무 적게주는데다 그 고기마저도 맛 이상함;,부정적,부정적,부정적,부정적,부정적,부정적
2024-02,가격에 비해 고기 양이 많고 김치맛도 좋았습니다^^;,긍정적,긍정적,알 수 없음,긍정적,긍정적,긍정적
2024-02,"갓성비 고기가 끊임없이 나옴.
근데 일하시는 아주머니 너무 불친절. 밥그릇도 너무 시끄럽게쏟으시고..",긍정적,긍정적,부정적,알 수 없음,긍정적,긍정적
2023-12,"한우곰탕 너무너무 맛있게 먹고왔어요, 우리 애도 한그릇 뚝딱해서 일기까지 썼어요ㅎㅎ 생활의 달인에 나왔으면 좋겠데요 ㅋ",긍정적,긍정적,알 수 없음,알 수 없음,긍정적,긍정적
2023-01,"오래기다리고, 곰탕이 나왔는데 고기비린내도나고 짜고 맛이 없었습니다, 재방문하지않을거같아요",부정적,부정적,부정적,알 수 없음,부정적,부정적
2024-01,"맛이 너무 없음  고기 적음 한우 외에 다른 부위 맛이 없음

대부분 무맛",부정적,부정적,알 수 없음,부정적,부정적,부정적
2024-05,곰탕고기가 맛있어요,긍정적,긍정적,알 수 없음,알 수 없음,긍정적,긍정적
2023-01,"다 좋았다
다만 국이 좀 짜다
모든 동료들의 평이었음",긍정적,부정적,알 수 없음,알 수 없음,부정적,긍정적
2022-01,맛집이라고 나와서 방문함. 도가니탕 국물에서 꼬릿꼬릿한 냄새때문에 숟가락 놓음,부정적,부정적,알 수 없음,알 수 없음,부정적,부정적
2021-01,평범하나 재방문의사가 생길 정도의 퀄리티. 가격 대비는 상당히 훌륭한데? ㅎㅎ,긍정적,긍정적,알 수 없음,알 수 없음,긍정적,긍정적
2023-01,"개인적으로는 비추합니다.
더 좋은곳들이 많아요.",부정적,알 수 없음,부정적,알 수 없음,부정적,부정적
2023-01,맛있어요 ㅋㅋ 😂 아   맛있어요 맛있어요,긍정적,긍정적,알 수 없음,알 수 없음,긍정적,긍정적
2023-01,모든메뉴가 기본 이상은 하는듯,긍정적,긍정적,알 수 없음,알 수 없음,긍정적,긍정적
2023-01,유튜브 보고 갔는데 그 정도는 아닌 듯,부정적,부정적,알 수 없음,알 수 없음,부정적,부정적
2023-01,줜맛,긍정적,알 수 없음,알 수 없음,알 수 없음,긍정적,긍정적
2023-01,좁지만 맛은 있네요,긍정적,긍정적,알 수 없음,알 수 없음,긍정적,긍정적
2022-01,깔끔하고 시원한 국물,긍정적,긍정적,알 수 없음,알 수 없음,긍정적,긍정적
2022-01,점심시간을 피해서 먹을만한 곳,긍정적,알 수 없음,긍정적,부정적,긍정적,긍정적
2021-01,"맛있음
묘한 맛이 일품",긍정적,긍정적,알 수 없음,알 수 없음,긍정적,긍정적
2023-01,그냥 그랬어요,부정적,알 수 없음,알 수 없음,알 수 없음,부정적,부정적
2024-01,진짜 맛 죽여줌,긍정적,긍정적,알 수 없음,알 수 없음,긍정적,긍정적
2023-01,그냥 맛남,긍정적,긍정적,알 수 없음,알 수 없음,긍정적,긍정적
2022-01,맛있어용,긍정적,긍정적,알 수 없음,알 수 없음,긍정적,긍정적
2024-10,자리가 좀 좁아요.맛 하나 믿고 가는 집입니다.깍두기가 자주 매진되는 사고가 있긴한데 그만큼 김치에도 진심인 가게에요,긍정적,긍정적,알 수 없음,알 수 없음,긍정적,긍정적
2024-09,"이 사골국집은 강남에서 먹어본 것 중 최고이고, 김치와 무도 이런 종류의 음식에 꼭 필요한 식욕을 돋웁니다. 서울을 여행하는 모든 분들이 이곳을 방문하시길 바랍니다 :)",긍정적,긍정적,긍정적,알 수 없음,긍정적,긍정적
2023-01,우리에게 훌륭한 서비스와 추가 음식을 제공했습니다. 주인분이 엄청 친절하셨어요,긍정적,알 수 없음,긍정적,긍정적,긍정적,긍정적
2021-01,하나님,긍정적,알 수 없음,알 수 없음,알 수 없음,긍정적,긍정적
