﻿Date,Review,Final_Sentiment,맛,서비스,양,sentiment,Sentiment2
2021-01,"서울강남에서 이보다더 가성비와 퀄리티까지 좋은곳을 찾을수 있을까...?
아무생각 없이 들어갔다가 코박고 먹고나온곳",긍정적,긍정적,긍정적,알 수 없음,긍정적,긍정적
2023-01,점심식사하러 가는 곳인데 후딱 먹고 나오기 좋아요. 환기가 잘 안 되기 때문에 사람 많은 시간대는 피하시는 게 좋아요!,긍정적,알 수 없음,부정적,알 수 없음,긍정적,긍정적
2023-01,점심 메뉴 맛있고 가격도 알찹니다 밑반찬  하나 하나가 간도 세지않고 조미료도 많이 쓰지않으면서 맛있네요 점심드시러가신다면 적극 추천입니당~,긍정적,긍정적,알 수 없음,알 수 없음,긍정적,긍정적
2021-01,"양재역 근처 사무실 사람들이 많이 찾는 점심메뉴 식당
우리가 아는 제육볶음의 기본적인 맛을 내는 곳이네요.
한번쯤 가보실만 해요",긍정적,긍정적,알 수 없음,알 수 없음,긍정적,긍정적
2023-01,삼겹살  과 콩가루..막창. 청국장.맛은 굿..그런데 환기가 잘 안돼여.,긍정적,긍정적,부정적,알 수 없음,긍정적,긍정적
2023-01,고기맛도 있고 괜찮습니다. 환기가 잘 안되는 단점이...,긍정적,긍정적,알 수 없음,부정적,긍정적,긍정적
2023-01,"맛은 괜춘
음식으 좀늦게 나옴
오래잇음 환기가안되서 화생방느낌
빠른식사 빠른 2차. ㄱㄱ",긍정적,긍정적,부정적,알 수 없음,부정적,긍정적
2023-01,"가성비 좋은 음식점. 시설, 서비스 조금 개선되면 더 좋을듯",긍정적,긍정적,부정적,알 수 없음,긍정적,긍정적
2023-01,가성비 굿입니다 이 지역에서 이가격으로 밥한끼 먹기 어려운데요,긍정적,긍정적,알 수 없음,긍정적,긍정적,긍정적
2021-01,"간단히 식사하기에도 좋은 음식점.
고기도 맛있네요.",긍정적,긍정적,알 수 없음,알 수 없음,긍정적,긍정적
2022-01,가성비 좋고 허름하지만 레트로 감성으로 좋아요,긍정적,긍정적,알 수 없음,알 수 없음,긍정적,긍정적
2023-01,돼지부속고기  맛나요!,긍정적,긍정적,알 수 없음,알 수 없음,긍정적,긍정적
2020-01,가격도 맛도 평범하지만 사장님 및 직원분들이 너무 친절하셔요.,긍정적,부정적,긍정적,알 수 없음,긍정적,긍정적
2021-01,가성비좋은 직장인단골 식사 해결의 성지,긍정적,긍정적,알 수 없음,긍정적,긍정적,긍정적
2021-01,가성비도좋구 맛도좋아요 단골이예요,긍정적,긍정적,알 수 없음,알 수 없음,긍정적,긍정적
2021-01,근고기 맛있었음,긍정적,긍정적,알 수 없음,알 수 없음,긍정적,긍정적
2023-01,직장인 식사하는곳,긍정적,알 수 없음,알 수 없음,알 수 없음,긍정적,긍정적
2021-01,그냥 그냥 제육볶음 먹을만함,긍정적,긍정적,알 수 없음,알 수 없음,부정적,긍정적
2020-01,꼭 춪던드리고 싶습니다,긍정적,알 수 없음,긍정적,알 수 없음,긍정적,긍정적
2021-01,가성비 최고인 집.,긍정적,긍정적,알 수 없음,알 수 없음,긍정적,긍정적
2021-01,그냥.그런맛.,부정적,알 수 없음,알 수 없음,알 수 없음,부정적,부정적
2022-01,좋습니다,긍정적,알 수 없음,알 수 없음,알 수 없음,긍정적,긍정적
2021-01,가성비갑,긍정적,알 수 없음,알 수 없음,긍정적,긍정적,긍정적
2021-01,맛잇음,긍정적,긍정적,알 수 없음,알 수 없음,긍정적,긍정적
