﻿Date,Review,Final_Sentiment,맛,서비스,양,sentiment,Sentiment2
2024-05,자극적이지 않고 담백하니 맛있었어요! 김치도 진짜 대존맛,긍정적,긍정적,알 수 없음,알 수 없음,긍정적,긍정적
2024-04,맛있어요,긍정적,긍정적,알 수 없음,알 수 없음,긍정적,긍정적
2023-08,"닭한마리 맛있어요. 자극적이지 않고 건강한 맛
+신선한 닭
특히 가래떡이 쫄깃해서 떡사리 추가!
또 먹고 싶어요",긍정적,긍정적,알 수 없음,긍정적,긍정적,긍정적
