﻿Date,Review,Final_Sentiment,맛,서비스,양,sentiment,Sentiment2
2024-11,"불친절의 끝판왕입니다
카페 내부 정리도 안돼있고 박스들이 입구부터 그냥 쌓여있음 의자도 진짜 앉기 싫게 다 벗겨져서 더러움
무엇보다 사장인지 직원인지 젊은 남자분 너어무 일하기싫어하는 티 다나고 굉장히 불친절하십니다.
뒷말 잘 안하는 부모님도 카페에서 나와서 참 불친절하다고 하심. 다신 안갈 것 같다고.",부정적,알 수 없음,부정적,알 수 없음,부정적,부정적
2024-09,매장은 좁은 편이지만 커피 맛은 좋았어요!,긍정적,긍정적,알 수 없음,알 수 없음,긍정적,긍정적
2023-12,커피향도 좋고 맛도 좋아요..,긍정적,긍정적,알 수 없음,알 수 없음,긍정적,긍정적
2023-08,드립커피 맛있어요. 자리가 엄청 넓지는 않아요,긍정적,긍정적,부정적,알 수 없음,긍정적,긍정적
2022-07,커피는 참 맛있어요 다양한 원두를 직접 로스팅하고 만들어서 좋아요 근데 사장님이 조금 불친절해요,긍정적,긍정적,부정적,알 수 없음,긍정적,긍정적
2020-07,"라떼가 대접으로 나옴
양은 정말정말 많은데 우유맛 밖에 안나고 밸런스가 안맞음
커피를 마시는 모든 손님에게 더치커피 샘플을 나눠줍니당",부정적,부정적,긍정적,긍정적,부정적,부정적
2019-03,"가야는이유 : 다양한 원두를 직접 로스팅, 가격대비 양 많고, 테이크아웃 할인도 높음
안가는이유 : 점심시간 직장인 방문 많음",긍정적,긍정적,부정적,긍정적,긍정적,긍정적
2018-12,방금 다녀왔는데 라마르쪼꼬로 뽑는 에쏘에 싱글오리진은 융드립 그라인더도 제대로 갖추고 로스팅기계도 완벽하고 사장님한테 물어보니 머신 엔지니어출신이더군요. 또 가고 싶은 정말 제대로된 카페입니다,긍정적,긍정적,긍정적,알 수 없음,긍정적,긍정적
