﻿Date,Review,Final_Sentiment,맛,서비스,양,sentiment,Sentiment2
2024-11,"떡만두국 진짜 최고예요!! 한우가 들어가서 더 맛있고 국물이 진하네요 ㅎㅎ
삼일동안 두번가서 먹었습니다! 만두도 손만두고 떡도 쫄깃하구 맛있었어요 오래오래해주세요:)",긍정적,긍정적,긍정적,알 수 없음,긍정적,긍정적
2024-11,"위생 신경 쓰셔야해요.
하지만 전 안 가게 되었네요...",부정적,알 수 없음,부정적,알 수 없음,부정적,부정적
2024-03,"오래전부터 다녔던 맛집입니다!
특히 만두전골은 최고임!",긍정적,긍정적,알 수 없음,알 수 없음,긍정적,긍정적
2023-09,"동네에서 20년 넘게 맛집을 유지.
비싸지만 숨겨진 비장의 메뉴는 등심
미리 주문하면 새우살이 있는 알등심으로 준비해줌
뭐, 칼국수와 만두는 말해 뭐해~~
뱅뱅사거리 추천 맛집~~~
야채도 직접 재배한다는 사실...
20년 단골 손님 추천~~~!!",긍정적,긍정적,긍정적,알 수 없음,긍정적,긍정적
2019-11,"만두전골+밑반찬.. 음식 솜씨가 좋네요
오겹살도 맛있고",긍정적,긍정적,알 수 없음,알 수 없음,긍정적,긍정적
2019-11,손만두가 일품입니다.,긍정적,긍정적,알 수 없음,알 수 없음,긍정적,긍정적
2019-09,"최악.나중에 온 테이블 음식 먼저 나오고.
먼저 온 손님 말고 다른 손님 테이블에 앉히고.
테이블은 치우지도 않고 손님 받고.

늦어서 죄송하다는 말도 없이
40분 기다려서 받은 만두 전골은
주문 잊어서 다른 손님 김치수제비 끓이다가
만두만 몇개 넣어서 내옴.

3천원 차이나는 전골 시킨건데
내가 수제비를 먹는건지 만두전골을 먹는건지
만두 전골인데 인당 만두 하나가 왠말???

오래 끓여서 국물은 쫄아있고
대충 넣은 수제비는 다 붙어있었음.

점심시간 1시간인데 먹다 말았고
기분 완전 상했고.

사람을 더 뽑으시던가
시스템을 바꾸시던가
개선을 좀 하길 바람.",부정적,부정적,부정적,부정적,부정적,부정적
2018-11,쏘쏘,부정적,알 수 없음,부정적,알 수 없음,부정적,부정적
