﻿Date,Review,Final_Sentiment,맛,서비스,양,sentiment,Sentiment2
2024-08,깔끔하고 잡내없습니다 근처에 오면 다시 올만한 순대국집 새로 생긴 가게인데 평점이 가혹해서 5점 드립니다 밥이 양이 적고 설익었네요 제가 간날은 실평점은 4점 드립니다,긍정적,긍정적,알 수 없음,부정적,긍정적,긍정적
2024-05,"임대료나 인건비가 높은 곳이라 어쩔 수 없다지만 책정한 가격에 비해 여러가지로 아끼시는 게 눈에 보여서 아쉬웠습니다. 국밥을 먹으러 갈때 기대하는 어떤 푸짐함이나 소담함이 느껴지지 않아 소비자로서는 가심비와 가성비가 매우 떨어지는 편입니다.

전주 피순대집이라고 지칭하기에는 부족한 듯 싶습니다. 순대국밥에 피순대 2개, 당면순대 2개가 들어있네요. 돼지부속들도 다져서 넣어주시고… 육수도 진하다기보다는 맑은 편입니다. 깍두기도 전라도식이라고 하기에는 너무 달아요.",부정적,부정적,부정적,부정적,부정적,부정적
2024-05,"음...  깍두기 맛도 순대국 맛도 다 그저 그래요ㅜ ㅜ 많이 아쉬운 맛입니다.. 입구 들어가자마자 누린내도 약간 나는 거 같고,, 오픈한지 얼마 안 되어서 내부는 깨끗하고, 일하시는 분들은 친절하십니다.",부정적,부정적,긍정적,알 수 없음,부정적,부정적
