﻿Date,Review,Final_Sentiment,맛,서비스,양,sentiment,Sentiment2
2024-08,"여기 직화낙지가 개맛도리임 불향나면서 왕낙지라 개큰데 부드럽고 야들야들함 문어나 오징어는 당연히 비교도안됨 맵찔기준 살짝매운데 소스 남기기 아까워서 싸가고싶음 아그리고 밑반찬중에 가지랑 열무김치 도른놈
재방문후기추가ㅡ쭈꾸미내취향아님 넘매움
채수된장 달달하고 맛있다",긍정적,긍정적,긍정적,긍정적,긍정적,긍정적
2024-07,"적당히 매콤해서 맛있음
밥이랑 반찬 무한리필이라서 좋았고 사장님도 친절함",긍정적,긍정적,긍정적,긍정적,긍정적,긍정적
