﻿Date,Review,Final_Sentiment,맛,서비스,양,sentiment,Sentiment2
2024-04,일요일 일하시는분 엄청 친절하셔요,긍정적,알 수 없음,긍정적,알 수 없음,긍정적,긍정적
2023-04,토욜날 일하시는 분 친절하셔용,긍정적,알 수 없음,긍정적,알 수 없음,긍정적,긍정적
2022-04,매장 깔끔해요~,긍정적,알 수 없음,긍정적,알 수 없음,긍정적,긍정적
2021-09,깨끗하고 주말 오픈 직원이 친절했어용,긍정적,알 수 없음,긍정적,알 수 없음,긍정적,긍정적
2020-07,"쿠키프라페 휘핑많이
매장깔끔하고 좋아요 굿굿",긍정적,긍정적,긍정적,알 수 없음,긍정적,긍정적
