﻿Date,Review,Final_Sentiment,맛,서비스,양,sentiment,Sentiment2
2024-10,"내 맘 한구석
항상 있는 조순금 닭도리탕",긍정적,긍정적,알 수 없음,알 수 없음,긍정적,긍정적
2024-10,"여기 닭도리탕집 맛있습니다
단 주차장 절대 이용 불가 (지옥느낄수있음)",긍정적,긍정적,부정적,알 수 없음,긍정적,긍정적
2024-06,달고 꾸덕한 닭도리탕집입니당. 우왁!!!미쳤다!!!는 아니여도 달고 꾸덕한 닭도리탕 먹고 싶을 땐 생각나는 집임.,긍정적,긍정적,알 수 없음,알 수 없음,긍정적,긍정적
2024-03,술안주,긍정적,알 수 없음,알 수 없음,알 수 없음,긍정적,긍정적
2023-12,"배달 시켜 먹었음. 본점 안산인데 안산점도 진짜 맛있음
맛있음 정말 맛있음 일행이 이런 곳을 왜 너만 알고 있었냐며 혼냄",긍정적,긍정적,긍정적,알 수 없음,긍정적,긍정적
2023-12,"그냥 그랬어요
같이 간 일행은 맛있게 먹음",긍정적,긍정적,알 수 없음,알 수 없음,긍정적,긍정적
2023-04,다 너무 친절하시고 닭도리탕도 너무 맛있어요! 약간 떡볶이 양념스타일이라 스트레스받으면 땡깁니다!,긍정적,긍정적,긍정적,부정적,긍정적,긍정적
2022-10,"닭도리탕 좋아하는데 맛있습니다
이모님도 친절해요. 좋아요!",긍정적,긍정적,긍정적,알 수 없음,긍정적,긍정적
2022-07,"저에게는 좀 매운편이었는데
닭이 맛있었습니다
부드럽고, 후추간이 잘 되어 있어요",긍정적,긍정적,알 수 없음,알 수 없음,긍정적,긍정적
2021-09,최고,긍정적,알 수 없음,긍정적,알 수 없음,긍정적,긍정적
2021-08,"3명가서 중자에 라면사리 추가. 딱좋음
기본으로 주는 전도 맛있고
라면사리 익혀나와서 맛있어요
국물이좀 짜긴한데 양도많고 만족!",긍정적,긍정적,알 수 없음,긍정적,긍정적,긍정적
2021-08,"볶음밥에서 기름쩐내나서 같이식사한분들도..
맛만보고 다남겼어요
직접드셔보시라 말씀드렸는데도 미안하다는 사과의 말한마디 조차 없어서 기분상하더라고요. 남자 사장님인지 직원분이신지 모르겠으나 환불은 바라지도 않으나 기본적인 사과 정도는 하는것이 기본서비스 마인드 아닌가 싶습니다. 재방문은 없을듯합니다",부정적,부정적,부정적,알 수 없음,부정적,부정적
2021-02,맛있고 친절!!,긍정적,긍정적,긍정적,알 수 없음,긍정적,긍정적
2020-11,"맛있는데 엄청난 대식가인 나에게도
中자가 양이 두명에겐 너무 많아서 셋이 가야할듯",긍정적,긍정적,부정적,부정적,긍정적,긍정적
2020-11,"맛있어요, 감자를 많이 넣어주시는데 고기가 좀 더 많았으면 완벽!",긍정적,긍정적,긍정적,부정적,긍정적,긍정적
2020-03,"닭 별로 안좋아하는데.
여기 닭도리탕 정말 맛나요!
후회없는 선택!",긍정적,긍정적,알 수 없음,알 수 없음,긍정적,긍정적
2020-01,신선.깔끔 재방문의사 100%,긍정적,긍정적,긍정적,알 수 없음,긍정적,긍정적
2019-08,닭이 실하고 감자도 맛있고 짱이에요.,긍정적,긍정적,알 수 없음,알 수 없음,긍정적,긍정적
