﻿Date,Review,Final_Sentiment,맛,서비스,양,sentiment,Sentiment2
2024-05,"바삭하니 맛있다.
한끼 식사로 충분한 양. 

근무자 친절.
무인 주문.
포장 위주.
주차 불가.
02-516-1253.
월~금. 10:30~20:30.
일요일. 11:00~20:00.",긍정적,긍정적,긍정적,긍정적,긍정적,긍정적
2024-01,식전 스프와 빵이 나와서 좋았어요. 치즈돈가스 먹었는데 치즈도 많고 맛도 나쁘지 않았지만 개인적으로 치즈 돈가스와 소스가 어울리지 않는 것 같다고 느꼈습니다. 다음에 간다면 기본 등심 돈가스로 먹어보고 싶네요,긍정적,부정적,긍정적,알 수 없음,긍정적,긍정적
2023-09,경양식 돈까스 느낌 나름 괜찮아요,긍정적,긍정적,알 수 없음,알 수 없음,긍정적,긍정적
2023-08,식전빵에 스프까지 코스로 나오네요. 돈까스도 맛있고 밥에 샐러드에 푸짐하네요^^,긍정적,긍정적,긍정적,긍정적,긍정적,긍정적
2023-07,"가격이 조금 비싸고 맛은 나쁘지 않지만 
위생이 약간 아쉬움",긍정적,긍정적,알 수 없음,부정적,부정적,긍정적
