﻿Date,Review,Final_Sentiment,맛,서비스,양,sentiment,Sentiment2
2024-11,맛이 아주 훌륭해요,긍정적,긍정적,알 수 없음,알 수 없음,긍정적,긍정적
2024-02,너무 친절하시고 맛있어요!!,긍정적,긍정적,긍정적,알 수 없음,긍정적,긍정적
2024-02,아주 잘 먹었어요😆,긍정적,긍정적,알 수 없음,알 수 없음,긍정적,긍정적
2022-06,맛있어요,긍정적,긍정적,알 수 없음,알 수 없음,긍정적,긍정적
2021-07,머지포인트 가맹점 . 맛있었어요,긍정적,긍정적,알 수 없음,알 수 없음,긍정적,긍정적
2020-09,맛있고 사장님 정말 친절하셔요,긍정적,긍정적,긍정적,알 수 없음,긍정적,긍정적
