﻿Date,Review,Final_Sentiment,맛,서비스,양,sentiment,Sentiment2
2024-08,"토종 순대국 주문시 피순대를 주시는데 너무 맛있었어요.
찬도 잘 나오고 맛있습니다.",긍정적,긍정적,긍정적,알 수 없음,긍정적,긍정적
2024-05,"저는 개인적으로 순대국보다 삼색순대가
더 맛있었고 순대 주문 시 국물 서비스로 주셔서
잘 먹었네요.",긍정적,긍정적,긍정적,알 수 없음,긍정적,긍정적
2024-04,이전에 참 많이 다닌 곳인데 오랜만에 가보니 그저 그런 집으로 변한건지 내 입맛이 변한건지 그냥 별로였다~~,부정적,부정적,알 수 없음,알 수 없음,부정적,부정적
2024-02,"비계가 너무 많습니다...
가성비도 맛도 좀 부족한 것 같네요",부정적,부정적,알 수 없음,알 수 없음,부정적,부정적
2024-02,"위생을 떠나서 맛이 없었다..
사람들이 맛 변했다는 후기를 보고 다른 곳 갈까 고민하다가 일단 먹어보자 싶었는데... 거의 못 먹고 남겼다..",부정적,부정적,알 수 없음,알 수 없음,부정적,부정적
2023-11,식당 위생이 그렇게 깨끗해보이지는 않음… 글고 맛도 그냥그럼,부정적,부정적,알 수 없음,알 수 없음,부정적,부정적
2023-10,"예전에 비해 많이 아쉽지만, 객관적으로 평타는 합니다.
근처에 있으면 가볼까 싶은 정도는 됨.",부정적,부정적,알 수 없음,알 수 없음,부정적,부정적
2023-09,비계가 너무 많아서 냄새나는거 못먹는 사람은 먹기 좀 힘든 순대국..,부정적,부정적,알 수 없음,알 수 없음,부정적,부정적
2023-09,양 많고 맛있습니다,긍정적,긍정적,알 수 없음,긍정적,긍정적,긍정적
2023-07,"10년전에 자주 오던 곳인데, 오랜 만에 방문하니 많이 바뀌었네요 ㅎㅎ(아마도 주인도 바뀐거겠죠??)",긍정적,알 수 없음,알 수 없음,알 수 없음,긍정적,긍정적
2023-05,"예전 맞은편 건물에서 영업할때는 정말 서울 제일의 순대국이라 해도 될 맛이었는데,  그자리 건물 올리고, 맞은편에 오픈 한 후 부터는 맛이 영 아니다..(소문에는 일하던 아줌마들이 이름을 물려받아 오픈했다고 했는데 사실여부는 모르겠음. 이전 오픈 얼마후 갔을때, 예전 가게에서 입구에서 돈통 놓고 계산받던 그 사장님이 안보이긴 했음.)
최근에 혹시나 싶어 가봤는데, 동네 흔한 순대국집 보다 못하다.",부정적,부정적,부정적,알 수 없음,부정적,부정적
2023-04,다신 안갈 맛,부정적,부정적,알 수 없음,알 수 없음,부정적,부정적
2023-01,순댓국 먹었는데 돼지 냄새 남.,부정적,부정적,알 수 없음,알 수 없음,부정적,부정적
2023-01,"냄새에 예민한 편인데 돼지 냄새 많이 나고 국밥을 이 가격에 먹어야 하는 생각이 드는 집
예전엔 자주 갔었는데 이제는 유명세에 비해 맛도 가격도 아쉽다",부정적,부정적,알 수 없음,부정적,부정적,부정적
2022-07,그냥저냥. 보통 순대국. 비계는 많은 편. 이 가격이라면 안 먹을 맛. 위생은 식당이라면 당연 신경쓰겠지만 보이는 느낌으로는 글쎄…,부정적,부정적,알 수 없음,부정적,부정적,부정적
2021-08,"냄새 많이나는 부위가 많고.
왜 순대국이 9천원이나 하는지 도무지 이해가 안됨.",부정적,부정적,알 수 없음,부정적,부정적,부정적
2021-05,"한때 좋아했던 곳인데, 얼마전 다녀온 후 재방문 없을듯 합니다.. 오후 5시 쯤 한산할때 방문했습니다.

1) 맛: 오래된 수육 고기에서 나는 돼지냄새 많이 났고, 국밥에 고기는 비계가 많았습니다. 두 조각 정도는 그냥 100프로 비계로 나왔구요. 순대도 창자 두꺼운 쪽으로 주시더군요..; 껌같이 매우 질겼습니다;.
2) 위생: 홀과 주방에 계신 두분 모두 마스크 미착용으로 음식을 준비하셨습니다. 제가 간 시간 (5시) 마침 쉬고계신 시간이라 그런것이었나요? 요새같은 때에 마스크도 안쓰시고 음식을 서빙하시면, 손님 입장에선 너무 신경쓰이고 유쾌하진 않습니다...

가끔 애매한 시간(?) 에 혼밥을 자주 먹는데, 그럴 때 식당의 진짜 모습을 주로 봅니다. 그런 점에서 여긴 좀 실망스러웠습니다. 한때 서울 3대 순대국집이란 말도 있었는데... 이젠 안갈듯 합니다.",부정적,부정적,부정적,알 수 없음,부정적,부정적
2021-01,잘먹었습니다,긍정적,긍정적,알 수 없음,알 수 없음,긍정적,긍정적
2021-01,말이 필요 없는 곳,긍정적,긍정적,알 수 없음,알 수 없음,긍정적,긍정적
2020-10,사진에 보이는 만큼 다 남겼습니다. 돈아까워요 편의점에 파는 순대국 먹는게 더 맛있을듯....김치도 맛없음 ㅠㅠ,부정적,부정적,알 수 없음,긍정적,부정적,부정적
2020-10,"순대국을 제일 좋아하는 사람으로서 기대하고 갔건만.,
다 필요없고 맛이 왜이런지 이해불가.
별한개도 아까움. 다신 안갑니다.",부정적,부정적,알 수 없음,알 수 없음,부정적,부정적
2020-09,"순대국 9천원의 가치가 있는집 일까?
당면순대에 설거지할때 쓰는 파란솔이 나왔는데도~",부정적,긍정적,부정적,알 수 없음,부정적,부정적
2020-07,별로에요,부정적,부정적,알 수 없음,알 수 없음,부정적,부정적
2020-07,"0.7점
일반순대국 9천원
입구부터 냄새남 들어가자마자 돼지냄새
설마했는데 국물에서도 냄새남 아무리 조미료넣어도 냄새가 안가심 
분위기 서비스 맛 가격 뭐하나 좋은게없음
나와서도 몸에 돼지냄새가 베어있음",부정적,부정적,부정적,알 수 없음,부정적,부정적
2020-07,문 열자마자 냄새..국밥에서도 냄새나고 ..다시는 9000원이나 주고 절대 사먹고 싶지 않은 곳,부정적,부정적,부정적,알 수 없음,부정적,부정적
2020-05,맛있다. 고기 질도 좋고 잘 삶아냈다. 매장 직원들도 친절하다. 돈을 지불할 가치가 있는 집이다.,긍정적,긍정적,긍정적,알 수 없음,긍정적,긍정적
2020-01,"더 오래다닌 분들도 계시겠지만..
15년차 예전 코너건물 서초순대국 시절부터 다녔네요.
그때 진하고 잡내 없던 국물맛은 밍밍해졌고..

네 맞아요. 밑에분 말씀처럼 사골이 아니라 고기로 국물 내서 원가가 저렴하진 않다는거.

다만 시간이 지나면서 가격 오르는건 어쩔 수 없지만,
(남순남순대국이 순대국가게중에서 천원씩 올리는건 선두주자임..) 고기 양도 적어지고 내장 냄새도 심해지고..

그래도 찾아오는 사람 많으니, 초심으로 돌아갈 생각은 없는거 같아요. 주변에 괜찮은 순대국집도 없기도 하고요.",부정적,부정적,긍정적,부정적,부정적,부정적
2019-12,"오랫동안 다닌집이라...
고기종류도 많고 양도 많고...
아랫분은 어떤근거로 말씀하셨는지는 모르겠으나 남순남순대국은 머릿고기로 육수를 낸다고 하더라고요
사골이 아니라...
그래서 다른걸몰라도 돼지냄새는 절대 못꼈는데...
맛이야 주관적이다보니...",긍정적,긍정적,긍정적,긍정적,긍정적,긍정적
2019-12,"국물에 돼지 냄세 쩔어요.가격은 해마다 올라 9천원에 먹으니 억울한 맛,",부정적,부정적,알 수 없음,부정적,부정적,부정적
2019-12,순대국밥이 9000원. 토종순대국밥 10000원. 청결하지도 않음. 물컵에 고추가루 들어있고...,부정적,알 수 없음,부정적,부정적,부정적,부정적
2019-11,순대국을 가장 잘 하는 곳이라 생각했기에 타지에서 몇 년만에 찾아와서 먹었습니다. 그런데 가격 인상폭이 정말 납득하기 어렵네요. 기억으로는 만원이었던걸로 기억하는데 국밥 값이 만원이 넘어가는 순간 부터 아무리 맛있어도 손님들이 외면할 수 있습니다. 한 번 큰 사례를 본 적이 있거든요. 여전히 맛은 있지만 가격이 이 정도 까지 되어야 하는 이유를 설명할 수 있는 게 아니라면 어느 누구에게도 추천드리고 싶지 않습니다.,부정적,긍정적,부정적,알 수 없음,부정적,부정적
2019-08,"냄새도 심하지 않고 조미료도 그럭저럭 적절하게 사용한 것 같다.
강남이어서 그런지 고기 양도 적고, 순대도 어디서나 보는 저렴한 순대다.
그래서 가격대비 퀄리티는 많이 떨어진다.
역시 비싼 임대료는 음식의 질을 떨어뜨리는 가장 큰 역할을 한다.
그런데  서울 몇대 순대국이니 뭐니 대체 이런건 누가 무슨 기준으로 정하지?
나쁘진 않지만 내 입맛엔 엄청 대단하지는 않아보이는데...",긍정적,부정적,알 수 없음,부정적,긍정적,긍정적
2019-07,"밥 한공기..  이거 실화입니까?
실화입니다..ㅠ",긍정적,긍정적,알 수 없음,긍정적,긍정적,긍정적
2019-06,"나 이십년 넘게 월 일회 이상 먹던 사람임. 주인이 본다면 생각좀 해봐야할 일이다. 
예전 서초순대국 시절 맛의 십분의 일도 못낸다. 
고기 특히 내장에서 냄새난다. 
그리고 푹 익혀 나오는게 아니라(예전엔 정말 골수까지 설설 익혀나오는 느낌) 지금은 냉동 덥혀나오는거 같거나 그거일거다. 
육수의 양도 줄었고 껍데기에 긴 털이 그대로 숭숭 박힌채로 나오는건 자료 손질 안한다는 소리다. 
오늘 후춧가루 도배를 해서 먹다가 남기고 나왔다. 이젠 안가도 될듯하다. 
예전 서초순대국시절 술국 시켜놓고 맛나게 먹던 때가 그립긴 하지만
앞건물로 옮기고 체인점 시작하고 
맛이 변한 대표적인 집이다. 
맛
없
다",부정적,부정적,부정적,부정적,부정적,부정적
2019-03,"(재방문)
점심시간 사람들 많이 받는 것에 급급해 손님들 밀어내고 돈도 주머니에 손넣고 받고 불친절함

----------------
가야는 이유 : 튼실한 순대
안가는 이유 : 배가 부르고 순대만 먹으면 퍽퍽함
재방문 의사 : 있음",부정적,긍정적,부정적,알 수 없음,부정적,부정적
2019-03,오랜만에 먹어 봣는데 맛은 아직 괜찮네요 잘먹고 갑니다,긍정적,긍정적,알 수 없음,알 수 없음,긍정적,긍정적
2018-12,"맛: 강남 양재가 워낙 음식 맛집이 없어서
상대적으로 맛나보이지 걍 조금 외진 곳
일반 순대국 수준임
양: 일반적
가격: 일반적
친절: 최악
분홍조끼입은 아줌마 특히. 
상사랑 가서 그렇지 또래랑 갔으면 나도 승질냅니다

뭐 음식 납품도 하고 잘나가는 것 같은데
이것도 한때니 맛관리 잘 하시고
직원관리는 더욱 잘 하길.",부정적,부정적,부정적,알 수 없음,부정적,부정적
2018-11,"육수 특별하지 않음
꼬릿한 냄새 거슬림
당면순대 넣어주고 8천원은 좀...

최근에 백암농민순대를 자주 갔더니 눈이 높아진  듯",부정적,부정적,알 수 없음,알 수 없음,부정적,부정적
2018-08,"삼색순대가 색다르면서 맛있다.
순대국은 칼칼하면서 맑은 느낌의 맛.",긍정적,긍정적,알 수 없음,알 수 없음,긍정적,긍정적
2018-02,"순대국전문.

순대국 ㅡ 국물이 맛있음. 다만 순대이외에 부속고기중 비계부위 함량이 많이 들어있어 호불호가 갈릴듯. 
순대(접시) ㅡ 일반적인 공장표 당면순대로 맛이 그다지 뛰어나진 않음. 평범한 분식집수준.",긍정적,긍정적,알 수 없음,부정적,긍정적,긍정적
2017-11,방배동 순대국이 더 남. 냄새남,부정적,긍정적,알 수 없음,알 수 없음,부정적,부정적
2017-10,좋다. 술땡기는곳. 이미 다섯번 이상 방문한 순대국집.,긍정적,긍정적,알 수 없음,알 수 없음,긍정적,긍정적
2017-09,"엄청 오랫만에 왔어요
이름도 바뀌고 장소도 맞은 편으로 옮겼네요
맞은 그래로~ ㅎ",긍정적,알 수 없음,긍정적,알 수 없음,긍정적,긍정적
2017-06,맛은 유지되는데 양은 줄고 불친절은 늘고..,부정적,긍정적,부정적,부정적,부정적,부정적
2016-10,느끼하지않은 시원한 국물의 순대국 맛집!,긍정적,긍정적,알 수 없음,알 수 없음,긍정적,긍정적
2016-09,오래전 부터 다니던 순대국밥집이죠 좋아요,긍정적,긍정적,알 수 없음,알 수 없음,긍정적,긍정적
2016-04,순대국 7천원.순대 5천원.수육(소대) 8천~1만5천원.술국 2만원.족발(소대) 3만~3만5천원.미니족발 8천원/10:00~22:00/휴무-일요일/Since 1995년/(구)서초순대국/사골이나 잡뼈를 쓰지 않고 돼지머리로만 삶아 국물을 만듬,긍정적,긍정적,알 수 없음,긍정적,긍정적,긍정적
