﻿Date,Review,Final_Sentiment,맛,서비스,양,sentiment,Sentiment2
2024-11,"✅ 평일점심에 혼밥 가능! (1인석 있어요)
✅ 맛있어요! 재방문의사 1,000%

다만 녹그릇과 식기류특성상
마치 칠판긁는소리가 나요 😭
맛있고 친절하신데, 칠판긁는소리 예민하신 분은 주의하세용
귀고막아파서 노이즈캔슬링이어폰 꽂고 밥비볐어요",긍정적,긍정적,긍정적,알 수 없음,긍정적,긍정적
2024-11,"비빔박자에 맞춰 비벼드세요

오드레기 진짜 쫄깃하고 맛있었어요
함평식(고추장베이스) 영천식(간장베이스)
두그릇 비교해가며 먹어봤는데 또 먹는다면 뭘 먹을지 고민될거같아요 ㅎㅎ 다 맛있음. 한그릇 뚝딱하기 너무 좋은 곳입니다.
공휴일이라 뭉티기를 못먹었는데,
다음엔 꼭 평일 소잡는날 맞춰서방문해보고싶어요",긍정적,긍정적,긍정적,알 수 없음,긍정적,긍정적
2024-10,"뭉티기 존맛!! 
술도 여러종류가 있어서 맛있는술이랑 같이 먹으면 엄청 맛있어요~~",긍정적,긍정적,알 수 없음,알 수 없음,긍정적,긍정적
