﻿Date,Review,Final_Sentiment,맛,서비스,양,sentiment,Sentiment2
2023-08,"쉐프 코스 먹었는데 음식들이 하나하나 특색있고 맛있어요
분위기도 너무 좋고 직원 분이 친절해요",긍정적,긍정적,긍정적,알 수 없음,긍정적,긍정적
2023-05,맛있게 먹었다. 디너로 4인이 갔고 10만원초중반 가격대가 나왔다. 아주 저렴한 것은 아니나 이정도 퀄리티라면 재방문의사가 있다. 맛있었다.,긍정적,긍정적,알 수 없음,알 수 없음,긍정적,긍정적
2022-11,디너만 맛있어요 점심에 싼메뉴는 맛없음 고구마 뇨끼 존맛 ㅠ,긍정적,긍정적,알 수 없음,알 수 없음,긍정적,긍정적
2022-04,늦은시간에 포장해서 먹엇는데 토마토랑 까르보나라 너무 맛있네요 다음에 또 갈게요,긍정적,긍정적,알 수 없음,알 수 없음,긍정적,긍정적
2022-02,"음식이 맛있고 가격도 적당함. 직원들이 친절하고, 코스를 주문할 경우 각 요리에 대해 자세히 설명함. 단, 코스 요리는 이틀 전에 예약해야 주문할 수 있음.",긍정적,긍정적,긍정적,부정적,긍정적,긍정적
2021-08,완전 강추!!!,긍정적,긍정적,알 수 없음,알 수 없음,긍정적,긍정적
2020-04,"함박스테이크.,",긍정적,알 수 없음,알 수 없음,알 수 없음,긍정적,긍정적
2019-08,강추합니다!,긍정적,긍정적,알 수 없음,알 수 없음,긍정적,긍정적
2018-08,"대체적으로 너무 짭니다 샐러드 소스도 너무 짜고
고기양념도 짜요
점심메뉴로 먹어서 이렇게 대충 만들어주신건가 싶은 생각도 들었네요
크림 소스인데도 불구하고..
고기 안에 소금도 통째로 씹힌 적도 있네요
함박 고기 안에 뭔가 많이 들어간 것 같아서 식감은 좋아요.",부정적,부정적,부정적,알 수 없음,부정적,부정적
2018-01,"가야는 이유 : 가격대비해 높은 서비스와 맛
안가는 이유 : 딱히
재방문 의사 : 있음",긍정적,긍정적,긍정적,알 수 없음,긍정적,긍정적
