﻿Date,Review,Final_Sentiment,맛,서비스,양,sentiment,Sentiment2
2024-06,"대게 수율은 좋았고, 신선해서 비린내도 전혀 없었다. 하지만 이정도 가격의 식당을 갈 때 바라는 서비스 적인 부분이 있는데 전혀 충족되지 않아 아쉽다. 음식이 제공되는 간격이 너무 길어, 빈속에 깡소주를 마셨다.",긍정적,긍정적,부정적,알 수 없음,긍정적,긍정적
2023-12,"맛은 좋지만, 불친절과 넘 높은 가격...비추에요",부정적,긍정적,부정적,알 수 없음,부정적,부정적
2023-08,의외로 문어숙회가 만점,긍정적,긍정적,알 수 없음,알 수 없음,긍정적,긍정적
2022-08,맛이야 똑같은 게 맛인데 양에 비해 가격이 과합니다. 달달한 게다리 회가 인상적이었습니다.,부정적,긍정적,알 수 없음,부정적,부정적,부정적
2022-05,네이버 평점이랑 카카오 평점이 너무 갈려서 예약하고도 걱정됐는데… 저는 너무 편하고 좋았어요. B코스로 온가족이 했는데 이건 뭐 더 나와도 더이상 못먹겠을 정도로 양이 많아서요. 가격이야 강남 한복판에서 룸 안에서 편하게 즐겁게 식사할 수 있는 것으로도 만족합니다.,긍정적,긍정적,긍정적,긍정적,긍정적,긍정적
2021-11,가성비는 최악인듯. 인당 20만원인데 차라리 부페 가세요,부정적,알 수 없음,알 수 없음,부정적,부정적,부정적
2021-11,비싸고 양 적고 맛 그럭저럭,부정적,알 수 없음,알 수 없음,부정적,부정적,부정적
2021-07,부모님 모시고 가기 좋습니다,긍정적,알 수 없음,긍정적,알 수 없음,긍정적,긍정적
2021-05,"대게는 나쁘지 않았으나 가격이나 퀄리티 응대 기타 등이 마음에 안들었어요
다른 맛집 많아요ㅜ",부정적,긍정적,부정적,알 수 없음,부정적,부정적
2021-03,예약을 했으면 예약날짜 확실하게 체크해라... 전날에 전화해서 왜 안 왔냐고 ♬♩♪ 하지말고.. 니들은 뇌가 없냐?? 거기있는것들은 ♬♩♪들이냐?? 날짜도 모르냐??,부정적,알 수 없음,부정적,알 수 없음,부정적,부정적
2020-10,짠국물만 있는 대게. 전엔 맛있었는데 실망입니다.,부정적,부정적,알 수 없음,알 수 없음,부정적,부정적
2020-03,돈값 전혀 못함 ~~  에이 시,부정적,부정적,알 수 없음,부정적,부정적,부정적
2019-12,"킹크랩이 이렇게 비싸고  맛없을수가 있나?
뻑뻑하고 완전 엄청짜고...ㅡㅡ
다신 가고싶지않음.",부정적,부정적,알 수 없음,알 수 없음,부정적,부정적
2018-08,가격대비 별로요ㅎ,부정적,알 수 없음,알 수 없음,부정적,부정적,부정적
2018-03,"본점이나 논현점이나
점심식사는 직원응대가 대충대충
하기싫은 표정들이 너무들 티나
저녁에 대게먹으러도 가기싫다",부정적,알 수 없음,부정적,알 수 없음,부정적,부정적
