﻿Date,Review,Final_Sentiment,맛,서비스,양,sentiment,Sentiment2
2023-06,"홈피에 영업시간이 오전10시 를 보고 방문하였는데,
11시라고 합니다.
2~3차례 말씀드렸는데,...  11시라고 합니다.",부정적,알 수 없음,부정적,알 수 없음,부정적,부정적
2022-10,곰탕에 초파리들 빠져 있는걸 먹다가 발견했는데 사과 한 마디 안함,부정적,부정적,부정적,알 수 없음,부정적,부정적
2021-12,"맛있네요
또 오겠습니다^^",긍정적,긍정적,알 수 없음,알 수 없음,긍정적,긍정적
