﻿Date,Review,Final_Sentiment,맛,서비스,양,sentiment,Sentiment2
2024-08,"날도 더운데 내부가 많이더워요
맛은 보통정도였습니다",부정적,알 수 없음,부정적,알 수 없음,부정적,부정적
2024-07,"휴가철도아니고, 3번정도 왓는데 아무이유없이 항상 문이 닫혀잇네요..  하..  왓을때 먹고 평바꿔놓겟습니다..",긍정적,알 수 없음,부정적,알 수 없음,부정적,긍정적
2024-06,역삼동 가게되면 꼭 들를게요!,긍정적,긍정적,알 수 없음,알 수 없음,긍정적,긍정적
2024-06,양이 진짜 많음 기본 기준 1.4만원 다음엔 수육이랑 소주 먹으러갈 예정,긍정적,알 수 없음,알 수 없음,긍정적,긍정적,긍정적
2024-06,여기 써져있는 가격까지 보고 간건데 무슨 3천원씩이나 올랐길래 나가기도 뭐해서 원..,부정적,알 수 없음,부정적,부정적,부정적,부정적
2024-03,"가격이 좀 비싼거 아닌가 싶었는데 안에 내용물 보면 바로 납득했습니다
당연히 맛있구요",긍정적,긍정적,알 수 없음,알 수 없음,긍정적,긍정적
2024-02,그닥 그냥그럼 구라의신인듯..,부정적,부정적,알 수 없음,알 수 없음,부정적,부정적
2024-01,장사의신 맛집 추천,긍정적,알 수 없음,알 수 없음,알 수 없음,긍정적,긍정적
2024-01,솔직히 긴가민가했는데 맛있음,긍정적,긍정적,알 수 없음,알 수 없음,긍정적,긍정적
2024-01,"호불호X 실패 없는 맛! 한국인이면 다 좋아할 거 같은데!! 그만큼 ""대중적인 맛있음""임당!b 먹고나서도 속 편해서 자주 주문하는 할무니 집밥식당 같은? 늘 배달로 먹다가 방금도 주문하고 생각나서 적어요:) 저는 좋았어서 자주 시켜먹거나 너무 별로여서 못참을 때만 카맵에 후기 달아욤! 오늘은 전자~♡
굉장히 깔끔하고 맑아요! 근데 간은 정말 적당~맛있게 짠 그 사이! 다만 저희 가족은 기름을 따로 거둬서 먹다보니 가게서 먹는 거랑 차이가 있을 수 있지맘, 그래도 5번 넘게 주문하고 꾸준히 먹을만큼 맛입니당! 앞으로도 계속 시킬거고요!!
기름을 저희가 직접 거둬서일지도 모르지만 엄무이 소고기무국보다 훨 안느끼하고 진하고 맛있어요:0 덕분에 집에서 소고기무국 안 먹고 여기서 상위호환으로 시켜먹어서 행복해요..^0^)/어머니 일도 줄으시고(?)
심지어 집근처라 좋아요 ㅎㅎ 도보 15분 거리인데 저흰 늘 포장이나 배달로 시켜먹네요..? 아이러니ㅋㅋㅋㅋㅋ 언젠가 가서도 먹어보고 싶은데 집순이..ㅎ
4점 드린 건 배달에게는 강황밥이나 오징어 젓갈을 안 주시는 것 같아서..ㅠ 언제 가서도 먹어볼게요ㅠ
제가 물가를 잘 몰라서 이게 저렴한 편인지 몰랐어요.. 고기도 생각하면 많다고 엄마가 그러셨는데 가격 생각하면 4.5점! 제게 5점은 죽기 전에도 생각나는 집이기에 여기는 그렇다기보다는 속 편하게 맛있고 든든하게 건강한 한 끼 할 수 있어 자주 가는 곳으로서 고민없이 재방문 의사가 가득한 4~4.5점 ㅎㅎ
근데 사실 저희 가족은 만두를 더 좋아해욬ㅋㅋㅋ 만두 5점 만점 만두존맛탱ㅋㅋㅋㅋㅋ 전문점도 아닌데 왜이리 마싯눜ㅋㅋㅋ 맛집 냉면집에 가야 먹을 수 있는 그 만두인데 탕보다 더 생각나욬ㅋㅋㅋㅋ 어제는 셋이 나눠먹으려고 만두만 시켯었는데 6개 중에 저 혼자 4개 먹었..헿",긍정적,긍정적,긍정적,긍정적,긍정적,긍정적
2023-12,"김치도 맛잇고 맛은 잇는데 
고기양이적음
유튜브에선 양 푸짐하디고 기대햇는데
먹고배고플정도
쌀두 좋은거쓰진않는
대파도 덜어먹게 하면좋을듯
기본양이 넘적음",부정적,긍정적,부정적,부정적,부정적,부정적
2023-11,"지난번 왔을때 ○같았던점 다 개선됨
○○○○ 아줌마도 안보이고 고기도 힘줄붙은 야들부위로 나옴
근데 안되는 메뉴들은 좀 지우던가하지",부정적,부정적,긍정적,부정적,부정적,부정적
2023-11,진짜 너무 맛있어요. 저는 국간장으로 간 맞추는거 좋아해서 간도 딱 좋아요. 요즘 최애입니다. 단골 되고있는데 변치 말아주세요!!,긍정적,긍정적,알 수 없음,알 수 없음,긍정적,긍정적
2023-11,"곰탕은 맛있어요. 
국물 짠편이긴한데 그건 다음에올땐 싱겁게 요청해도 될거같고, 고기가 야들야들하고 간이 잘되서 맛있네요.
근데 김치에서 갈아만든배 맛이나요. 깍두기는 익지않은게 아쉽고...
일하시는분들은 후기에도 말이 많이 나오는거같은데, 개선은 필요하겠습니다.
추가주문이 누락된거같아서 들어간거맞나요? 했더니 그제서야 주문 넣고는 배달때문에 늦게나왔다고 거짓말하시더라구요...",긍정적,긍정적,부정적,알 수 없음,긍정적,긍정적
2023-11,유투브 보고 왔었는데요. 한우곰탕 시켰는데 육수가 짜요...고기는 부분적으로 질기고요. 김치도 그닥?,부정적,부정적,알 수 없음,알 수 없음,부정적,부정적
2023-11,그 장사의 신 유튜버가 서비스 지적은 안 해 주던가요? 그 채널 신빙성까지 떨어지네요ㅋ 기분 나쁠 정도로 불친절한 종업원 아줌마가 주문도 누락해서 사람 멍청하게 기다리게 만드네요ㅋ 국물이라도 맛있을 줄 알았는데 맛은 걍 짜기만 해서 더 실망입니다. 저만 이렇게 느낀 것도 아닌 듯한데 다들 최근 후기 보고 방문하길...,부정적,부정적,부정적,알 수 없음,부정적,부정적
2023-10,"와;,  지금 먹고있는데 진짜 양도 푸짐하고 맛있네요  김치는 신경써봐야겠으나  곰탕 국물맛은 진짜 맛있네요 정신없이 먹을정도로 와..

엄마아빠도 대려오고 누나도 데려오고  친구하고도 같이 와보겠습니다.

멀리서 올 가치있네요",긍정적,긍정적,긍정적,긍정적,긍정적,긍정적
2023-10,"장사의 신보고 갔습니다. 곰탕은 맛있으나, 다른 리뷰처럼 김치, 깍두기 맛이 최악입니다. 상한 맛이 나요… 김치깍두기랑 종업원 분들 엄청 건성이고 소통이 안되던데 관리 좀 해주세요. 주문도 메뉴 하나빼고 다 안되고 개선이 시급합니다..",부정적,긍정적,부정적,알 수 없음,부정적,부정적
2023-10,"김치가 최악이에요... 배추김치 깍두기 진짜 심각해요
솔직히 상한건줄 알았습니다.....
국밥집은 김치가 중요한거 아닌가요...?
국밥 고기 부드러운건 인정합니다
그런데 고기양은 정말 적어요 요즘 물가때문에 그렇다면 할 말은 없지만요
그리고 국물이 특별히 맛있는건 정말 모르겠어요...",부정적,부정적,알 수 없음,부정적,부정적,부정적
2023-10,"곰탕자체는 엄청 맛있어요. 후식으로 매실차 있는 것도 좋아요. 깍두기는 맛있는데 김치가 너무 달아서 좀만 개선되면 나을 듯

근데 종업원들이 일을 너무 못해요 진심으로... 되는 메뉴가 뭔지, 하는 말도 제각각이고 실수도 많고 다른 테이블 주문 누락에... 직원 교육은 시급해보입니다.",긍정적,긍정적,부정적,알 수 없음,긍정적,긍정적
2023-10,믿고 드십시오. 싱겁게 드시는 분은 미리 말.,긍정적,긍정적,긍정적,알 수 없음,긍정적,긍정적
2023-10,"가성비 있게 고기도 맛있고 국물도 맛있어요
그런데 너무 짜요
국물에 간을 안하시는게 낫지않을까요?
소금도 있던데",긍정적,긍정적,부정적,알 수 없음,긍정적,긍정적
2023-10,강남역 맛집이라고 하기엔 너무 멀지않나?,부정적,알 수 없음,알 수 없음,알 수 없음,부정적,부정적
2023-09,"진짜 맛있네요.. 15분 걸어온 보람이 있습니다.
심지어 한우곰탕이 11000원이면 엄청 싼거죠
제가 먹어본 것 중 손에 꼽습니다",긍정적,긍정적,알 수 없음,긍정적,긍정적,긍정적
2023-08,"1. 못먹는게있어 파빼고달라했으나 그냥가져오심
어머 파 빼달라했지.. 그러고그냥 들고 계시길래 
일행이있다보니 그냥받음

2. 서비스로 만두가 나옴
김이안나는게 이상했지만 무튼 서비스니까 식은거주겠지 싶었음
두입까지 미지근한건 참고먹었는데 중간은 거의 해동되는중이었음
서빙보는 아지매 왔을때  만두가 안익었다말씀드렸더니
""이거 서비스인데.."" 사과도없고 뎁혀준단 소리도 없고 그냥 
조치해줄거도아니면서 만두뺏어 갈려하길래 그냥먹는다고 받아서 국에 넣어서 뎁혀서 먹음..

3. 강황밥은 그냥 색만입힌느낌에 좀 오래둔건지 어떤덴 물범벅에 어떤덴 말라있었음
그냥 식은밥 쪄서나온느낌들음 밥이너무 물맛..

설렁탕고기는 괜찮았음.. 두툼하고 부드럽고..기름진맛
국물이 좀 맹하긴함..

불친절은 둘째치고 기본적인 찐만두를 냉장 해동 급으로 나온다는건 이해가 되지않음..
찐만두를 정 못하겠으면 전자렌지 3분이라도 돌려서 나오길",부정적,부정적,부정적,긍정적,부정적,부정적
2023-08,"솔직히 5점은 못드리겠습니다

일단 좋은 점
1. 맛이 아주 끝내줍니다, 완전 장인이세요, 네이버 리뷰 이벤트로 만두 2개를 주셨는데 그것도 맛이 끝내줘요
2. 가격이 너무 싸다는 생각이 듭니다 남는게 없으실 것 같아요
3. 깨끗합니다

단점
1. 밥이 수분이 부족한 것 같아요 좀 말라있어요
2. 가게에 가벼운 음악이라도 틀어놓우면 좋을 것 같아요 기분이 쎄합니다
3. 일하시는분들 중에 젊은 사람 한명이라도 있었으면 좋았을 것 같다는 생각을 합니다, 의사소통이 좀 어려워요
4. 종업원분들이 일을 너무 못 하신다는 느낌을 좀 받았습니다

다음에 올 때는 좀 더 개선이 되었으면 좋겠습니다ㅠ",긍정적,긍정적,부정적,알 수 없음,긍정적,긍정적
2023-08,"가성비가 너무좋아요.11000원으로 딴데서 16000원짜리로 한우곰탕을 먹을수 있음.
정말 정성을 담은 맛있는 한우 곰탕입니다.",긍정적,긍정적,알 수 없음,긍정적,긍정적,긍정적
2023-08,"저녁 먹으러 갔는데 대부분 주문도 안돼, 곰탕 주문했는데 20분도 더 걸려.. 술 시켜도 술 안 갔다줘…계산에 문제 있어… 

직원이 딱히 불친절한 건 아닌데 뭔가 서비스가 깔끔하지 않은 느낌",부정적,부정적,부정적,알 수 없음,부정적,부정적
2023-08,"내가 설마설마하다 인테리어나 도로주변이 너무 비슷해서 곰바로 찾아보니 와... 회사바로 뒤에 있는 곰탕집이 여기가 맞네요. 제가 두번 다시는 오지말아야지 하는집이 뱅뱅사거리에서 사장님바뀐 리첸 중국집 그리고 여기에요. 장사의신 애청자라 오죽하면 나온곳이라 리뷰남깁니다.
여기 한우?곰탕집인데 일단 국물 겁내 느끼하구요 당연하겠죠. 한우가 기름이 워낙 많으니. 국밥은 그렇게 기름둥둥 떠 있으면 느끼해서 조금만 식어도 수저도 안가요. 아우 생각만해도... 기름 좀 걸러네요. 수저로 국물퍼도 기름이 한 가득임.
그리고 서초구라 임대료 인건비 다 생각해도 이 가격에 나오는 고기? 몇 점인지ㄷㄷㄷ 그냥 국물에 고기가 묻어나오는 정도입니다. 드셔본 분은 알껄요? 그 고기요? 하찔중에 하찔입니다. 사태? ㄴㄴ  비계 겹쳐진 내가 사진을 첨부하고 싶어도 너무 먹었던 그때 충격이라 사진조차 없네요. 어차피 안올 집이라 판단해서
김치 깍두기 두 번 손대고 싶지 않은 맹맹하고 덜익은 것들이고...
국밥집이죠? 그럼 기본으로 제공되는
공기밥이 중요해요. 내가 백반집 정도의 밥을 바라지도 않아요. 사장님 주변에 있는 건너편 2층 동태탕집 밥 먹어봐요. 거기도 국밥집인데 밥 갓지어서 고슬고슬 정말 잘 하는 곳이거든요. 국밥집이니까
기본적으로 흰쌀밥 쓸거고 국밥이니 찰진밥까진 아니겠지만 고슬밥이라도 된밥이면 충분히 이해가 되것죠. 오전 11시20분에 갔는데 이미 전날에 한 말라비틀어진 밥이 나옵디다. 국밥 반찬 밥 다 기본도 안되어 있고 국물을 간을 하기도 전에 이미 짜고(이건 개인취향) 뭐하나 건질 수 있는게 하나도 없어서 걱정반 화남반 섞어서 말씀드립니다. 이전 식음료 및 자영업 특히 음식에 엄청 관심많고 취미로 하는 아마추어로 직언드립니다. 이런 식으로 음식이 개선 안된다면 그 어떤 기술로도 극복이 안 될 거 같네요. 저 완전 국밥충이고 어지간한 국밥 다 먹어봐도 여긴 안가봤으면 안갔지 두 번 다시는 못 갈 거 같습니다. 여기 뱅뱅사거리 회사 주변이라 남자분들 많으신데 남자들 맛없으면 이런 잔소리 안하고 절대 안옵니다. 잘 알아두셔야해요. 여성분들이야 잔소리고 컴플레인 걸겠지만 남자들은 그런거 안하고 안와요 두 번다시. 그리고 곰탕말고 다른 메뉴 가격 곰탕하고 가격차이가 너무나서 선뜻 고르기 애매합니다. 응? 이건뭐지? 차라리 특 메뉴를 만들어서 고기라도 더 주면 불만이 없을텐데... 중간이 없어요 메뉴선택에. 이럼 무조건 기본 곰탕만 시키지 갑자기 확 금액차이나서 비싼거 안고릅니다. 특으로 추가해서 고기라도 더 준다면 먹겄지만 기본 곰탕에 고기가 더 나온다면 저는 절대안먹겠습니다. 근 2년만에 리뷰다네요. 하필 장사의신 및 회사바로 옆 곰탕집이라 미운정이라도 있어서 댓글 달았습니다. 최소한 주변에 김일도 고깃집 바로옆에 곰작골 나주곰탕 거기정도는 드셔보시고 했음 좋겠네요. 거기도 솥밥이라 비싼데 값어치는 못해서 안갑니다. 너무 그동안 제 맘속에 있던 얘기 다 털어놔서 한편으론 죄송하네요. 그렇지만 저의 한 명의 얘기지만 새겨들으셨으면 좋겠네요. 곰탕은 진짜 아닌거 같아요. 같이간 회사동료를 거기 아무도 안갑니다. 한 번 간 사람은 있어도 두 번 간 사람이 없어요",부정적,부정적,부정적,부정적,부정적,부정적
2023-08,맛있어보이는곳이여서 꼭 방문해보고싶네요 서울가면 바로가봐야지 위치 저장해둡니당,긍정적,알 수 없음,긍정적,알 수 없음,긍정적,긍정적
2023-08,장사의신에 나와 불쌍한척 하는 마케팅같음 가격싸다고 가스라이팅하고 강남에서 맛있는데 안되는데 말이됨?,부정적,부정적,부정적,알 수 없음,부정적,부정적
2023-08,장신 애청자이기도하고 마침 내 최애 곰탕이여서 멀진 않지만 신림에서 찾아갔는데 진짜 뽀얗고 너무 맛있음.. !!!!!사장님! 항상 어깨 펴시고 당당하게 맛있는 음식 오래오래 해주세요!!,긍정적,긍정적,긍정적,알 수 없음,긍정적,긍정적
2023-08,"곰탕 정말 좋아하는데 우연히 지나가다 들린 집이 대박이었음..
사장님 젊으신 거 같던데 우째 이리 수십년 내공이 푹 우러난 맛이 나오지.
곰탕 퀄리티로 이만한 집 찾기 힘듦. 양도 많아 좋음.",긍정적,긍정적,긍정적,긍정적,긍정적,긍정적
2023-07,"음식 너무 맛있고 여자사장님 남자사장님 모두 친절하시고 잘해주시는데, 서빙하는 이모님 세상 불친절
같이 간분들 다 기분상함요",긍정적,긍정적,부정적,알 수 없음,긍정적,긍정적
2023-05,곰탕 먹으러 갈래? 그래,긍정적,긍정적,알 수 없음,알 수 없음,긍정적,긍정적
2023-03,"우연히 발견한 깔끔한 공간입니다.
맛도 좋고, 양도 푸짐하고 좋습니다",긍정적,긍정적,알 수 없음,긍정적,긍정적,긍정적
2023-03,Mashiso… very delicious… and cosy…,긍정적,긍정적,알 수 없음,알 수 없음,긍정적,긍정적
2022-05,다른건 못먹어봤는데 도가니탕맛이 꼬릿꼬릿한 맛과 누린내가 나서 못먹겠음,부정적,부정적,알 수 없음,알 수 없음,부정적,부정적
2022-05,장사의 신 보고왔어요,긍정적,긍정적,알 수 없음,알 수 없음,긍정적,긍정적
2021-07,"보양곰탕.도가니탕 
고기양도 많고  국물 진해서 먹고나면 몸보신 하고난 느낌이예요~~
도가니탕에 도가니도 많이  들어있으며 너무 맛있네요~
자주 가고 싶은집이에요~
담엔 갈비찜이나 수육 먹어바야겠어요~^^",긍정적,긍정적,긍정적,긍정적,긍정적,긍정적
2020-06,맛있어요! 매장도 청결하고 음식도 깔끔해요!,긍정적,긍정적,긍정적,알 수 없음,긍정적,긍정적
