﻿Date,Review,Final_Sentiment,맛,서비스,양,sentiment,Sentiment2
2023-10,점심메뉴가 다 8천원이라 싸고 맛있어서 좋아요~,긍정적,긍정적,알 수 없음,알 수 없음,긍정적,긍정적
2023-07,미친 개대존맛 맛집,긍정적,긍정적,알 수 없음,알 수 없음,긍정적,긍정적
2023-01,ㅜㅜㅜㅜㅜ여기진짜 인생맛집이에여....여러번와도 질리지않는 곳....❣️,긍정적,긍정적,알 수 없음,알 수 없음,긍정적,긍정적
2021-09,정말 예술입니다. 이동네오심 필수 방문해봐요. 더이상 망설이지말고~ 뒷고기 덜미살 못먹고 저세상 가시면 정말 불쌍한사람입니다~,긍정적,긍정적,긍정적,알 수 없음,긍정적,긍정적
