Date,Review,sentiment,Sentiment2
2023-01,한국의 프랜차이즈 햄버거집. 신세계에서 야심차게 만든 브랜드이지만 생각보다 반응이 좋지는 않다. 그래도 메뉴에 고민한 흔적은 보인다. 가장 큰 장점은 미국처럼 무한리필음료정도 랄까.,부정적,긍정적
2024-01,"시그니처 버거 투고 하러 들렸는데
가성비 좋은 노브랜드 답게 감튀,버거 퀄이
나쁘지 않은편이나  번이 퍽퍽해서 아쉬웠음
일하시는분이 나이가 있는편이신데
친절하셔서 기분좋았음",긍정적,긍정적
2022-01,강남에서 점심시간 가성비 좋은 곳 중 한곳으로 햄버거는 개인적으로는 비추이고 다이어트할때나 가볍게 점심먹고 싶을때 시저치킨샐러드세트 음료포함 5100원이라 강추이고 감튀1600원인데 도톰한감자 스타일 퀄리티 좋아서 재구매의향 있어요,긍정적,긍정적
2021-01,"감자튀김이 엄청 눅눅 했다.
정말 눅눅했다.
영업이 잘 안되 마치 어제 저녁에 튀긴걸 다시 준것처럼 눅눅.
여름 장마처럼 눅눅",부정적,부정적
2023-01,"현금은 안되고 키오스크 오더만 됩니다.
노브랜드 버거 가격대비 맛 훌륭하고 식사할 공간도 충분합니다.",긍정적,긍정적
2022-01,"여기 일하시는분들 친절합니다. 직원들이 많지는 않아서 점심시간, 저녁시간에는 서빙이 빠르지는 않아요 그러나 걷다가 들어가 쉬엄쉬엄 간단히 먹고갈만 해요.",긍정적,긍정적
2022-01,"메뉴는 깔끔하게 나옴
냅킨과 음료는 관리가 안됨
음원, 스피커, 공간 중 어느게 문제인지 모르지만
노래가 너무 웅웅 거리며 소리가 커 BGM 느낌보다는 시끄러운 펍 같음
홀 정리하는 직원분이 너무 고객에 대한 배려없이
쾅쾅 거리면서 치우심",부정적,부정적
2023-01,"살사버거 HOT 애용집
맛있어요
브랜드버거집 대비 가격저렴해요",긍정적,긍정적
2022-01,버거가 따뜻한 맛이 아쉽습니다. 빠르게 나오는 것은 마음에 들어요.,부정적,부정적
2022-01,"버거킹과 맥도날드의 중간.
메뉴가 다양해서 좋고 샐러드 추가 좋다.",긍정적,긍정적
2023-01,재료가 신선하고 맛있어요.,긍정적,긍정적
2022-01,체인점을 어떻게 평가해야하지.,부정적,부정적
2022-01,처음 맛을 봤는데 기대 이상으로 매우 맛있었습니다,긍정적,긍정적
2023-01,사람이 많은거 빼고는 괜춘. 가격이 착하다,긍정적,긍정적
2024-07,괜찮아요,긍정적,긍정적
2023-01,nbb오리지널이 맛있어요,긍정적,긍정적
2023-01,혼잡하지 않고 좋음,긍정적,긍정적
2023-01,음식조리가 꽤 늦으신 편,부정적,부정적
2022-01,가성비 최고에요~,긍정적,긍정적
2023-01,맛있네요,긍정적,긍정적
2022-01,나무날곳이 없음,부정적,긍정적
2023-01,좋아요,긍정적,긍정적
2023-01,가성비 떨어졌음.,부정적,부정적
2023-01,금액대비 괜찮음!,긍정적,긍정적
2022-01,노브렌드버거,부정적,부정적
2023-01,"우리는 여기서 먹었습니다. 메뉴는 꽤 괜찮지만, 선택의 폭이 더 많고 가격도 더 저렴한 다른 NoBrand 레스토랑의 메뉴를 더 선호했습니다.
해외카드가 안되어서 현금으로 결제했어요
규칙이 너무 엄격함: 약을 먹기 위해 그 사람에게 빈 잔을 더 달라고 했지만, 그 사람은 내가 이미 음료수를 주문했고 1인분에 한 잔이기 때문에 여분의 빈 잔을 주고 싶어하지 않았습니다. 1잔인데 약의 가루를 섞으려면 안에 액체가 없는 여분의 유리잔이 필요해서 약을 먹을 수가 없었습니다.",부정적,부정적
2024-10,다른 주요 패스트푸드 체인점보다 이 체인점에서 치킨 샌드위치를 먹는 것을 선호합니다! 감자칩도 맛있어요!!,긍정적,긍정적
2024-06,늦은 시간이었지만 경험이었습니다. 시도해야합니다.,긍정적,긍정적
