Date,Review,sentiment,Sentiment2
2024-08,"주변에서 너무 맛있다고 추천을 해서
오게 되었는데  점심에 1인 닭칼국수는 가성비 좋아서 직장인 점심으로는  추천. 저녁에 팀원들과도 가봤지만 맛과 메뉴그리고 사장님에 손님들 대하는 태도등으로 볼때 재방문 의사는 없습니다.",긍정적,긍정적
2023-01,"음식은 괜찮고 양도 많은편입니다. 가격도 나름 괜찮구요~ 맛은 있는데 홀쪽에 있는분이 친절한 느낌이 아닙니다. 닭볶음탕인가 가져오다가 같이간 분한테 빨간 국물이 튀었는데, 뭐 별거 아니라는듯이 걍 가더군요. 퉁명스럽다고 해야할까요? 좀 별로긴 했습니다.",긍정적,긍정적
2021-01,"직원분이 정말 친절하시고 음식이 맛있는곳
다만 닭볶음탕은 정말 아찔함을 느낄 정도로 매워서
매운음식을 즐기는 사람이 아니라면 추천하지 않는다
후식 볶음밥이 아주 지대로 맛있어서 추천",긍정적,긍정적
2021-01,반마리 칼국수 먹었는데 양이 엄청 많아요. 육수도 깔끔하고 맛있게 먹었습니다.,긍정적,긍정적
2023-01,오래된 가게같았고 닭칼국수를 시켰는데 국물이 진하고 닭도 푹 익어서 살이 잘 발리더라구요. 억지로 단점을 찾으라 한다면 칼국수면에서 밀가루 냄새가 조금 나는 정도? 아 그리고 깍두기랑 물김치가 아주 일품입니다.,긍정적,긍정적
2022-01,"강남 바닥에서 저렴한 편이지만 맛있다고 하기는 어렵네요.. 닭칼국수 같은 경우는 닭국물 칼국수라고 보는게 맞아요 고기가 거의 없음
요리보다 김치가 더 맛있습니다;",부정적,부정적
2023-12,닭곰탕 맛있어요~ 생각보다 회전율도 좋아서 웨이팅있어도 빠르게 먹고 나올수있어요,긍정적,긍정적
2021-01,"개운하고 고소한 국물맛의 닭칼국수
가성비도 짱!",긍정적,긍정적
2021-01,"최고 맛집입니다. 2명이 A타입주문
닭 한마리 국물 한방울까지 배속으로 맛이 짱입니다.  69년 닭이 닭한마리이 반했습니다.
물 김치도 또한 직접담은 김치도 짱입니다.
일단 먹어보면 그 맛을 느낄 수 있습니다.
부추소스와 함께  사진흐적이 없습니다.
배속으로 퐁땅 !",긍정적,긍정적
2019-01,"진한 닭곰탕 국물맛이 끝내줍니다. 한 끼 든든하고 건강하게 맛보기에 딱이구요. 매콤한 닭도리탕, 거대한 닭다리가 풍덩 들어간 칼국수도 추천합니다.",긍정적,긍정적
2019-01,전체적으로 모든 메뉴가 깔끔하고 맛있습니다. 닭볶음탕은 꽤 매운편입니다. 점심시간 정시에는 웨이팅이 있습니다.,긍정적,긍정적
2021-01,맛이 좋고 가격도 좋음. 무난한 접객도 좋음. 김치도 맛있음. 아..홀 서빙해쥬시는 분의 매끄러운 고객 응대가 제일 좋음.,긍정적,긍정적
2023-01,저렴한 편이에요. 1인분씩 주문 가능한 닭칼국수 가성비 괜찮은듯요,긍정적,긍정적
2020-01,깔큼하고 맛있습니다. 동대문 원할매보다 낫다고 할수있습니다. 강남에서 유일하게 닭한마리를 맛볼수 잏는 곳입니다.,긍정적,긍정적
2021-01,가성비 좋고 아이유 싸인있는집 입니다,긍정적,긍정적
2023-01,"논산 훈련소 조교가 떠오르는 홀 서빙분의 서비스
그래도 시키는데로 하면 훌륭한 닭한마리가 완성됨",긍정적,긍정적
2022-01,"면발이 수타인데 맛있습니다
김치도 맛있어요",긍정적,긍정적
2019-01,닭도리탕이 겁나게 맵다. 매운거 좋아하시는 분들이라면 대만족 확정.,긍정적,긍정적
2022-01,이집 점심때 타이밍 잘잡아야해요 깍두기 아주맛있습니다,긍정적,긍정적
2023-01,"생각보다 시원 함
물김치가 시원 했으면...
맛남
주차불가",긍정적,긍정적
2023-01,아직 남아있는 저렴하지만 맛있는 음식점,긍정적,긍정적
2018-01,맛있어요 가끔 생각나는 맛이에요,긍정적,긍정적
2023-01,"칼국수 괜찮고 볶음탕은 매워요
평타이상",긍정적,긍정적
2023-01,저렴하고 맛있어요,긍정적,긍정적
2021-01,반마리칼국수...맛있어요,긍정적,긍정적
2024-05,맛남,긍정적,긍정적
2021-01,모든게 참 맛있어요,긍정적,긍정적
2023-01,닭죽 강력 추천합니다.,긍정적,긍정적
2022-01,"맛이 담백하고, 주인이 친절합니다.",긍정적,긍정적
2022-01,"맛있어여,   저렴하고",긍정적,긍정적
2021-01,맛있어요,긍정적,긍정적
2021-01,저렴하고 괜찮습니다,긍정적,긍정적
2021-01,가성비 좋아요,긍정적,긍정적
2022-01,상상한 만큼,긍정적,긍정적
2021-01,넘 최고입니다,긍정적,긍정적
2021-01,칼국수가 끝판왕,긍정적,긍정적
2022-01,저렴한 가격...,긍정적,긍정적
2021-01,나랑은 잘,긍정적,긍정적
2020-01,가성비 닭한마리,긍정적,긍정적
2020-01,아주 맛있어요,긍정적,긍정적
2022-01,좋은!,긍정적,긍정적
