Date,Review,sentiment,Sentiment2
2017-01,"모던하고 깔끔한 커피숍
커피와 맥주를 밸런스 좋게 블렌딩한 특제메뉴 추천!",긍정적,긍정적
2018-01,작은 커피집. 라떼 먹었는데- 굉장히 부드럽고 맛잇엇음. 가격도 저렴한 편임.,긍정적,긍정적
2021-01,커피에 다크초코 향있는 독특한 맛이라 자주 이용합니다,긍정적,긍정적
2021-01,커피에서 초콜릿향이나서 조아!!:),긍정적,긍정적
2019-01,양재역 최고의 카페,긍정적,긍정적
2019-01,커피 괜츈,긍정적,긍정적
