Date,Review,sentiment,Sentiment2
2024-08,"2024.07.19 방문
1,2층 넓고 쾌적한 편입니다
등받이의자가 아니라서 오래 앉기엔 불편할 수 있어요
그래도 직원분이 친절하고 음식이 맛있습니다

손질 전 1kg 59,000원
상차림비 1인 3,000원씩
강남치고는 가격 괜찮습니다
소주, 맥주도 5,000원씩입니다

장어는 거의 다 구워주시고 바쁠 땐 잘라주는 것까지 해주십니다
장어가 탱탱하고 껍질이 쫄깃하니 맛있어요
이곳저곳 많이 먹어봤는데 이 집 참 맛있습니다
장어 상태가 좋아요

성인 3인이 2kg에 미니장어탕 2개, 공기밥 2개
주문해서 배부르게 먹었습니다

식사로 1인이 가볍게 맛보기 좋은 장어탕 2,000원짜리도 있어서 부담없이 먹을 수 있습니다

재방문의사 있습니다",긍정적,긍정적
2024-03,음식에 집중하고 싶으면 가세요. 장어가 싸고 맛있음. 소갈비도 싸고 맛있음. 가성비 최고. 직원이 구워주시는데 바빠서 태우니까 그냥 구워 먹겠다는 생각으로 드세요.,긍정적,긍정적
2023-01,"장어만 드세요. 숯 좋아요.
유일한 흠이라면.. 누가봐도 마늘 상태 안좋음",부정적,부정적
2024-10,장어 맛 굿입니다~~스테미너에 최고,긍정적,긍정적
2023-01,아 여기서 장어정식 장어탕 먹었는데 장어정식의 장어가 마트장어로 추정되네요. 장어탕도 별로였구요. ㅜㅜ 장어구이는 어떨지 모르겠네요 ㅜㅜ. 저는 별로였슴니다.,부정적,부정적
2023-01,장어치곤 저렴하게 장어 맛이 다 비슷하지만 가격이싸서 밑반찬은 큰기대는 하지마시길,부정적,부정적
2023-01,장어가 매우 좋습니다. 장어탕도 좋아요.,긍정적,긍정적
2022-01,장추탕 맛있네요 다음에는 장어정식 먹어봐야 겠어요,긍정적,긍정적
2022-01,직원분들 친절하시구 너무 맛있었어요,긍정적,긍정적
2024-01,그냥저냥 먹을만합니다~~,부정적,긍정적
2023-01,장어 소금구이 맛보세요.,긍정적,긍정적
2023-01,장어가 말라있음,부정적,부정적
2023-01,맛있습니다.,긍정적,긍정적
2024-10,시끄러운 것 빼면 음식 퀄도 훌륭하고 서비스도 좋습니다,긍정적,긍정적
2023-01,훌륭한 구운 장어와 식사와 함께 넉넉한 반찬이 제공됩니다.,긍정적,긍정적
