Date,Review,sentiment,Sentiment2
2024-10,회식으로 다녀왔는데 분위기도 좋고 서비스도 좋았어요,긍정적,긍정적
2023-01,사장님이 너무 잘해주시고 다양한 종류의 술과 음식이 많습니다,긍정적,긍정적
2024-01,자리마다 커튼이 되있어서 키스 갈기기 좋음,긍정적,긍정적
2023-01,"안주다양, 분위기, 화장실 등 생각보다 괜찮음",긍정적,긍정적
2023-01,안주가 다 맛있고 분위기도 매우 좋아요..,긍정적,긍정적
2024-02,사장님 친절하세요,긍정적,긍정적
