Date,Review,sentiment,Sentiment2
2024-09,"갈매기살 대존맛
찌개랑 계란찜 기본으로 나오는데 너무 맛있슴돠",긍정적,긍정적
2023-01,"이 근방에서 제일 좋아하는 돈까스 집이에요. 점심에 항상 대기있지만 회전율 좋고 선주문이라 음식도 금방 나와요.
보통 모듬 카츠를 먹지만 날이 쌀쌀해져 김치치즈나베를 먹었어요.
작년까지만해도 만원이었던 것 같은데 만이천원으로 올랐네요 😭 다시 모듬 카츠 먹어야겠습니다",긍정적,긍정적
2024-07,"점심에 돈가스 먹으러 자주갑니다
상로스 주로 먹는데 같이나온 양배추 너무 맛있어요",긍정적,긍정적
2022-01,"양이 많은데 맛도 있어요
김치나베돈까스 돈까스 큰거한장 우동양도 듬뿍 게다가 공기밥도 줍니다 국물 시원해요^^",긍정적,긍정적
2022-01,"강남에서 최고 맛있는 돈까스 집 입니다.
고기도 두껍고 바삭합니다.
메밀이 메인 돈가스가가 사이드인 메뉴만 있는데.. 돈까스 메인 메밀이 사이드인 메뉴도 추가해 주시면 좋을 것 같아요.",긍정적,긍정적
2022-01,"맛있네요 깔끔하고
직원들이 다 구워주고 먹기 편합니다",긍정적,긍정적
2024-06,소금 히레 카스. 독특한 맛을 느낄수있음 반드시 소금으로 소스는 제품임,긍정적,긍정적
2022-01,"이 식당 처음 오픈할 때부터 먹었는데 지금도 갑니다.
돈까스에서 돼지잡내 안나요.
처음보다 메뉴가 다양해졌고 손님도 엄청 많아졌네요. 늦게가면 줄서야 해서 오늘은 11시 반 전에 갔어요.
음식 훌륭하고 가성비 좋습니다.",긍정적,긍정적
2022-01,"점심 돈까스 먹었는데.. 뱅뱅사거리 부근에서 먹은 돈까스 중에선 훌륭합니다.

찾아와서 먹을정도까진 아니지만 근처에 계신 분들이라면 맛있는 돈까스집!",긍정적,긍정적
2024-09,늘 평균이상은 유지하세요. 씩씩한 젊은이들의 서빙도 좋네요,긍정적,긍정적
2023-01,"저녁 모임으로 다녀온 곳.
고기가 맛없진 않으나, 그렇다고 엄청 기억에 남는 맛은 아닌 곳.
의외였던 것은 생각보다 가게를 빨리 닫는다는 점? (9시 조금 넘으니 닫는 것 같았다.)",부정적,부정적
2023-12,점심 돈까스 굿&친절,긍정적,긍정적
2023-01,고기 질이 좋아요. 반찬도 종류는 적지만 맛있어요.,긍정적,긍정적
2021-01,"고기가 맛있다라는 말이 절로 나오는 곳
그런데 서비스로 나온 김치찌개는 글쎄...
덕분에 고기만 먹고 밥은 안 먹었다는...^^",부정적,긍정적
2021-01,바싹 바싹 하게 잘튀겨진 튀김옷에 안쪽 고기는 촉촉하고 부드럽게 맛있었어요~,긍정적,긍정적
2022-01,"가격 훌륭한데 다만 튀김의 수준은 아쉽다
돈가스 아래면이 육즙으로 젖어있음",부정적,긍정적
2023-01,돈까스도 맛있고 점심엔 대기도 많네요.,긍정적,긍정적
2024-03,외근가서 먹었는데 쏘쏘합니다.,부정적,부정적
2023-01,돈가스 품질이 매우 좋음 맛있음,긍정적,긍정적
2022-01,"삼겹살 맛집입니다.
점심 돈까스 메뉴도 좋구요",긍정적,긍정적
2023-01,빼놓을것 하나 없이 모든 음식이 맛있음,긍정적,긍정적
2022-01,점심 김치나베 맛나요,긍정적,긍정적
2022-01,진짜 맛있고 빠르고 친절해요~,긍정적,긍정적
2022-01,삼겹살이 맛있네요,긍정적,긍정적
2023-01,가성비가 좋은지라면 글쎄요입니다.,부정적,부정적
2021-01,도드람 특유의 육향이 너무 좋습니다,긍정적,긍정적
2023-01,이정도면 최고지요...^^,긍정적,긍정적
2022-01,돈까스 맛있어요~,긍정적,긍정적
2023-01,돈까스와 냉소바가 맛있는 집,긍정적,긍정적
2023-01,돈까스에 들어가는 육고기가 맛없다.,부정적,부정적
2021-01,비싸긴한데 괜차노아요,긍정적,긍정적
2023-01,최대 돈까스집입니다.,긍정적,긍정적
2023-01,동네 맛집입니다,긍정적,긍정적
2023-01,숙성 돈가스 맛집!!,긍정적,긍정적
2022-01,쏘쏘,부정적,부정적
2022-01,나베보단 돈까스,긍정적,긍정적
2022-01,가성비 속촉겉바,긍정적,긍정적
2022-01,돈까스 맛남,긍정적,긍정적
2023-01,비싸요,부정적,부정적
2022-01,돈까스 맛집 ^^,긍정적,긍정적
2022-01,나는 점심 먹으러 거기에 갔다.  품질이 좋고 부분이 많습니다.  점심과 저녁 메뉴가 매우 다릅니다.,긍정적,긍정적
