Date,Review,sentiment,Sentiment2
2022-01,"음 가성비는 없고 맛은 그냥 조미료 맛
주차할곳도  없습니다.
다만 근처에 직장인들 식사 할만한곳이 없다보니 그냥 가볍게 식사하는곳 입니다.
재방문 의사는 없습니다.
단음식 좋아하시거나 궁굼하신분들은 가보셔도 좋지만 책임은 본인몫 입니다.
개인적인 의견입니다.",부정적,부정적
2024-07,닭도리탕 맛있습니다.! 단일메뉴라 조금 아쉽네요!,긍정적,긍정적
2023-01,"맛있어요^^
전도 같이 나와서 막걸리랑 먹기 정말 좋았어요~",긍정적,긍정적
2023-01,맛있게 매운 맛이네요. 닭도리탕 좋아하시는 분들은 좋아할 맛입니다.,긍정적,긍정적
2021-01,자극적이고 맵고 맛있어요. 근데 너무 바쁘셔서 그런지 공기밥을 제일 오래 기다렸어요.. ㅠㅠ 그래도 맛있으니 다음에 또 방문 할게요!,긍정적,긍정적
2023-01,"전반적으로 맛있는 닭도리탕 전문점입니다.
닭고기도 맛있고 감자도 넉넉하고
저한테는 조금 맵지만 일반인 기준으로는 맛있는 매운 맛입니다.",긍정적,긍정적
2023-01,"매콤하고 양도 넉넉함.
깔끔하고 볶음밥도 맛있음",긍정적,긍정적
2024-05,맛있긴한데 약간단듯,부정적,긍정적
2023-01,"양이 엄청 푸짐하고 너무 맛있었어요 고기가 진짜 부드러워요
양념이 맵긴했는데 맛있게 매운맛이라 자꾸 손이 가더라구요
직원분들도 바쁜 와중에 전부 친절하시고 분위기도 깔끔하고 좋았어요",긍정적,긍정적
2022-01,닭도리탕 좋아하는 분이라면 여기는 꼭 가보셔야 함. 진짜 말이 필요없음,긍정적,긍정적
2022-01,"가격대비 양, 퀄, 맛이 정말 뛰어남.
닭도리탕 하나만으로 승부한다는게 납득이가는 곳.
감자 푸짐하게 들어있고 닭도 부드러우며 양념도 매우 진함. 특히 부침개는 일반 전집보다 더 맛있어서 전만 따로 취급해도 충분한 부침개 맛집.
위치가 조금 아쉽지만, 어쩌다 한번 들른다면 후회 없는집. 매장도 크니 자리걱정은 없음.",긍정적,긍정적
2022-01,"닭볶음탕 중에서 단연 1등. 동행한 사람들이 전부 맛있다, 맛있다를 연발하며 나왔다. 닭볶음탕이 정말 난 싫어 라는 사람 빼고는 만족하며 식사가 가능할 듯.…",긍정적,긍정적
2024-03,"친절함 최고
음식은 조금 맵지만 맛있슴
파전도 강추",긍정적,긍정적
2022-01,라면사리를 추가하면 삶아서 나온다. 이거 은근히 손이 가는건데 그만큼 맛있다. 반찬도 맛있다. 기본기가 튼튼한 맛집,긍정적,긍정적
2023-01,"조용하고 좋음
생각보다 내가 좋아하는 자극적인 닭볶음탕맛임
다만 간을 약하게 드시분들에게는 간이 많이쌜수있음
볶음밥은 한개면 충분함",긍정적,긍정적
2022-01,대체로 맛있는데 좀 매콤한 편이라서 매운거 못드시는 분들은 국물이 식을수록 버티기 어렵습니다.,부정적,긍정적
2021-01,"전보다 조금 매콤해짐
맛있음
양이 푸짐해서 2~3인용은 3인이 먹어도 부족하지 않을 것 같음
밥이세트로 나오면 좋을 것 같음",긍정적,긍정적
2020-01,회사가 근방에 있어서 지인이나 손님들 대접하기 좋으며 특히 닭볶음탕에 들어있는 떡이 맛있으며 다먹고난후 볶아주는 볶음밥도 일품입니다,긍정적,긍정적
2021-01,"주문과 동시에 요리 시작으로 시간이 좀걸린다. 매콤하다. 밑반찬으로 빈대떡 나옴. 대,중으로 구성",긍정적,긍정적
2023-01,"맛있어요
빨갖지만 그렇게 맵지않아 좋아요",긍정적,긍정적
2023-01,주변에 비교해볼 닭도리탕집이 별로 없다보니 가게되는 집,긍정적,긍정적
2022-01,닭볶음밥도 맛있고 부추전도 맛있고 시원하고 아주 좋음,긍정적,긍정적
2020-01,"회식하기 좋고 굉장히 맛있어요😀😀
마무리는 볶음밥 최고…",긍정적,긍정적
2022-01,"알싸한 마늘향에 잘익은 감자
가격은많이 비싼듯",긍정적,긍정적
2021-01,맛있네요 감자도 맛나고 양은 충분한듯,긍정적,긍정적
2020-01,괜찮은 닭도리도리탕!! 닭도리든 볶음탕이든 맛만있은좋지아니한가 껄껄,긍정적,긍정적
2021-01,마늘 맛이 좀 강하긴 하지만 그 외에는 괜찮아요.,긍정적,긍정적
2021-01,"기대안햇지만 닭도리탕을 안좋아하는나에게
좋은맛을 선사해주었음",긍정적,긍정적
2020-01,닭복음탕 마지막 볶음밥이 맛있네요.,긍정적,긍정적
2021-01,떡뽁이 느낌의 닭도리탕이라기보가는 찜,긍정적,긍정적
2020-01,싸고 맛있어요 ㅎㅎ,긍정적,긍정적
2020-01,점심에 먹기에는...쫌. 저녁에 소주한잔~~~,긍정적,긍정적
2020-01,엄청 친절하시고 닭이 야들야들했어요,긍정적,긍정적
2023-01,맛있었어요,긍정적,긍정적
2023-01,닭도리탕 맛집,긍정적,긍정적
2020-01,가성비좋아요,긍정적,긍정적
2022-01,신전떡볶이 느낌의 닭도리탕,긍정적,긍정적
2020-01,맛있어요!!!,긍정적,긍정적
2022-01,자리비 3처넌 있음,부정적,부정적
2023-01,닭이 입에서 사르르,긍정적,긍정적
2023-01,닭도리탕을 드셔보세요.,긍정적,긍정적
2022-01,좋아요 조아,긍정적,긍정적
2020-01,가성비 나쁘지 않은 퀄리티,긍정적,긍정적
2022-01,그냥 그럼,부정적,부정적
2022-01,먹을만함,긍정적,긍정적
2020-01,맛나요,긍정적,긍정적
2022-01,맛있음,긍정적,긍정적
2020-01,닭고기도리탕을 맛볼 수 있는 곳입니다. 완전 매워요.  라면을 추가하고 밥도 추가해야합니다. 음식을 너무 많이 주문해서 가점을 삭감(1인당 한도),부정적,부정적
2021-01,"건물 2층에 위치하고 있습니다. 그들은 매우 매운 음식을 제공하며 휴대용 주방 덕분에 접시를 지속적으로 뜨겁게 유지합니다. 닭고기는 조금 질긴 편이지만 소스와 감자의 맛이 아주 좋습니다. 일반적으로 내 취향에는 달콤한 것입니다. 식사하기 전에 전화로 예약을 했더니 이미 음식이 준비되어 있었고, 보통 준비하는 데 15~20분 정도 걸립니다.",긍정적,긍정적
