Date,Review,sentiment,Sentiment2
2024-05,"성수보단 서울숲에서 가기가 더 가깝습니다.
음식이 금방나오고 붐비는 시간만 피하먄 바로 입장가능합니다!!",긍정적,긍정적
2023-01,"제육볶음밥 맛있었음
중화카츠는 같이 나오는 밥이 언제 담아둔건지 모르게 말라있었고 돈가스 위에 같이 올려 나온 중화풍 야채볶음 양이 적은 편이었음
짬뽕국물 맛이 뭔가.. 애매하게 2프로 부족한 맛

그러나 서비스는 좋았고 동행인이 제육볶음밥 맛있었대서 제육봌음밥은 다시 먹을 의향 있음",긍정적,긍정적
2023-01,"서울숲 바로 옆에 위치해있어서 찾기 쉬웠고
음식 가격도 다른데에 비해 적당한데
음식맛도 좋아요
담에 재방문할 예정이예요",긍정적,긍정적
2023-01,"중화풍 돈까스집이지만 짬뽕도팔고있어요.
우선 돈까스 자체맛은 그저그렇지만 위에 얹어져있는 중화소스가 맛있어서 일부러 돈까스에 힘을 안준듯해요.
짬뽕국물도맛있습니다.",부정적,긍정적
2021-01,"다른데에 비해 사람이 좀 적어서 들어가게된 가게

중화가츠, 마파두부덮밥, 멘보샤 시켰는데,
무난하게 맛있음요.

중화가츠는 뭔가했는데 매콤한볶음야채올린 가츠.
멘보샤괜찮은데, 소스가 맛있음.",긍정적,긍정적
2023-01,유린카츠? 란걸 먹었다. 우리가 아는 그 유린기 맛. 위에 고추를 잔뜩 올려놔서 난 매우 맛있게 먹었다.,긍정적,긍정적
2023-12,"여러 메뉴는 한 번에 맛볼 수 있어서 좋았습니다
카츠집이라 돈까스도 맛있었지만 제육 불맛이 장난 아니었습니다🙂",긍정적,긍정적
2022-01,돈까스 중화 조합이 신선하긴한대 맛있는지는 모르겠어요. 짬뽕밥은 먹을만한대 가격을 생각하면 별 3개요.,부정적,부정적
2021-01,중화비빔밥과 유린카츠가 세상... 맛있었어요! 멘보샤도!!! 느끼함이 1도 없네용,긍정적,긍정적
2021-01,카츠도 맛있습니다만 개인적으로 덮밥종류가 더 맛있어서 갑니다. 가격이 좀 더 저렴하면 최고일거 같아요.,긍정적,긍정적
2021-01,돈까스는 바삭하긴 했지만 중화느낌이 났냐라고 물어본다면 단연고 아니었다. 사천카츠를 먹었는데 사천느낌이라기 보다는 그냥 매운 케찹맛 소스를 얹은느낌이랄까.,부정적,부정적
2021-01,"요새자주가는맛집 !
유린카츠가 제일맛잇
그담 칸쇼카츠
중화카츠
크림은 별로",긍정적,긍정적
2023-01,"두툼한 등심 돈카츠에 중식의 소스를 첨가해 새로운 맛을 낸 식당이다.
유린카츠와 레몬크림마요카츠를 주문했다.
유린카츠는 유린기 특유의 새콤달콤한 소스맛이 잘 어우러 졌고, 레몬크림마요카츠는 느끼하지않고 달달하면서 부드러운 맛이었다.
주문도 테이블에서 키오스크로 바로 할수있다.",긍정적,긍정적
2020-01,맛은 있는데 바람이 세는 출입문/창과 홀에서 훤히 보이는 창고 등의 인테리어는 센스 빵점.,부정적,부정적
2021-01,입에서는 맛있는데 깊은 맛은 떨어짐. 예전에 학교다닐때 학교 앞 중국집에서 먹던 김치볶음밥이 떠오름. 잘게 썬 김치에 고추기름넣고 센불에 볶다가 치킨스톡 넣고 전분물 풀어서 걸쭉하게 만든 김치볶음밥. 딱 그 맛임. 아주 가벼운 맛집. 단짠. 젊은애들이 좋아할 맛. 덮밥먹고 집에와서 계속 물 들이켬.,부정적,부정적
2022-01,음식은 맛있는데...주방에 계신분이 사장님인지...메니저인지...손님들 많은데 밖에 직원분들 못 잡아먹어 안달난거 처럼 소리지르는 모습은 너무 불쾌하다! 그 직원분들도 남에집 귀한아들인데 그리고 아무리 잘 못했다 하더라도 영업이 종료되고 따로 얘기하면 될걸....손님도 많은데...불쾌하게 받아들일 손님 생각은 1도 없는 주방아자씨들 때문에 기분나쁜 시간이었음,부정적,부정적
2021-01,"중화덮밥 맛있고 양이 꽤 됨. 사천카츠는 매운맛이 강하므로 순한맛으로 시키는걸 추천함.
감자고로케 2인세트 주문시 6개 준다고 입간판에 써있는데 실제는 4개나옴.  메뉴 수정하는게 좋을듯.",긍정적,긍정적
2024-06,비싸고 맛없어서 놀람,부정적,부정적
2022-01,"중화카츠 맵지만 맛나요.
평일 점심대기 30분정도~
12시 40분 가면 대기없이 먹음 ^^
괜찮아요",긍정적,긍정적
2021-01,"여긴 덮밥류가 맛있음,  단 성인남성 기준 밥이 적게 나오므로 밥 한 공기 추가 필수",긍정적,긍정적
2022-01,너무 기대를 했는지 양념이 너무 강하고 고기가 좋은 지 느낄 수 없었습니다. 멘보샤 추천 드립니다.,부정적,부정적
2022-01,"유린카츠 독특.
짬뽕밥 soso.",긍정적,긍정적
2021-01,맛이 너무 강하고 인공적인 맛이 났어요. 저는 추천 안해요.,부정적,부정적
2021-01,돈까스에 중국식 소스를 올려 먹는 특이한 경험이었습니다.,부정적,부정적
2021-01,"돈까스 잘 튀겼고, 색다른 소스에 맛있음.",긍정적,긍정적
2022-01,매콤한 중화풍 덮밥과 돈까스 전문점.,긍정적,긍정적
2021-01,동네가 너무 좋으네요~♡,긍정적,긍정적
2021-01,맛있어요. 정말 맛있어요,긍정적,긍정적
2021-01,간이 쎄고 가격도 좀 쎄고,부정적,부정적
2021-01,맛있었어요,긍정적,긍정적
2021-01,중국식과 일식의 조화,긍정적,긍정적
2021-01,맛있어요,긍정적,긍정적
2021-01,생각 이상으로 맛남,긍정적,긍정적
2021-01,분위기 짱,긍정적,긍정적
2021-01,"음식은 괜찮았고 조각은 공평했습니다. 다만, 서비스가 별로 좋지는 않았다고 말씀드리고 싶습니다. 우리는 자리에 앉았고(3인용 테이블) 서버가 주문을 받는 데 최소 10분이 걸렸습니다. 서버는 단 1개뿐이었고 사람들이 시차를 두고 들어오는 레스토랑은 많지 않았습니다. 음식은 조금 더 매운 편이었지만 평균보다 맛이 좋았습니다. 우리가 결제하러 떠났을 때 서버는 그 사이에 다른 일을 하고 있었기 때문에 결제를 완료하는 데 5분 정도 걸렸습니다.",부정적,긍정적
