Date,Review,sentiment,Sentiment2
2023-01,"밥은 모자라다고 말씀하시면 더 줍니다.
라면사리는 추가하셔야 하고요.
김치 고기 모두 커팅되서 나오니까 끓여만 드시면 됩니다.
밑반찬이 특이한데 조미 안 된 김이랑 간장이 있습니다.
끓기전에 드시면 별미입니다.
계란말이도 두껍고 맛있습니다.",긍정적,긍정적
2023-01,"미나리삼겹살이 맛있는 집.
김치찌개는 호불호가 갈릴만한 독특한 맛으로 라이트한 국물이 특징.
손님이 갑자기 몰리면 우왕좌왕하실 때도 있음",긍정적,긍정적
2020-01,기대 안하고 갔는데 일요일인데도 불구하고 사람이 많았다. 두루치기와 계란말이를 시켰는데 특히 두루치기에 들어간 김치가 정말 맛있다. 밥 한공기를 시키면 무한리필이어서 계속 먹었다. 사장님도 친절하셔서 다음번에도 갈 예정이다.,긍정적,긍정적
2023-01,점심때 사람많아 기다리면 라면사리 서비스 요청할 수있음. 김치찌개는 신맛이 강함,부정적,부정적
2022-01,맛있는 저녁 한끼~^^♡♡♡,긍정적,긍정적
2023-01,"가서 삼겹살이 아닌 김치찌개를 먹긴하였으나,
사온 것이 아닌 담근 것 마냥 뭔가 그런 맛이었다",부정적,긍정적
2023-01,맛있어요~~미나리랑 같이 먹으니 건강해지는 느낌,긍정적,긍정적
2023-01,와이프 치료 후 같이 맛있게 먹었습니다. 김치찌개 괜찮아요,긍정적,긍정적
2023-01,비싸지만 맛있어요,긍정적,긍정적
2023-01,푸짐하고 가성비 좋은 옛날식당 다녀온 느낌이예요 ^^,긍정적,긍정적
2022-01,미나리의 향과 아삭함이 생삼겹살과 잘 어울렸습니다!,긍정적,긍정적
2023-01,김치찌개랑 계란말이 맛있음.,긍정적,긍정적
2023-01,즐겨찾는 김치찌게집,긍정적,긍정적
2023-01,"미나리 삼겹살, 그럭저럭 먹을만함",부정적,부정적
2019-01,맛있네요 삼겹살,긍정적,긍정적
2023-01,맛있어요,긍정적,긍정적
2019-01,의외로 맛있음,긍정적,긍정적
2022-01,좋은!!,긍정적,긍정적
