Date,Review,sentiment,Sentiment2
2023-01,"오늘의 점심!!!
오늘은 고민을 하다가 돈까스를 먹으러 갔네요. 맛있다 만족스럽다 이런 것보단 한끼 먹는 느낌인것 같아요. 워낙 유명한 프렌차이즈니 다들 아실것 같지만 저는 빵이 나오고 스프가 나오는게 마음에 듭니다. 저는 사실 두툼한 돈까스는 느끼해서 싫어하는 편이라 이런 돈까스가 더 좋은거 같아요~~~ 모두들 오늘도 맛있는 점심되셔요!!♡",긍정적,긍정적
2022-01,"적당한 가격에 합리적인 맛
식전 빵과 스프도 생각보다 괜찮아요",긍정적,긍정적
2023-01,옛날돈까스느낌으로 맛있게 먹었습니다. 직장인들에게 인기많은곳,긍정적,긍정적
2023-01,양도 많이 주시고 음악도 좋아요 매장이 아담합니다,긍정적,긍정적
2023-01,"프차이니깐 맛은 평범한 돈까스지만 각 테이블이 더럽고
사장님이 어수선함",부정적,부정적
2022-01,고퀄리티는 아니지만 뻔해서 오히려 좋은맛,긍정적,긍정적
2023-01,훌륭한 서비스와 음식 품질로 항상 분주합니다.  그것을 시도해야합니다.,긍정적,긍정적
