Date,Review,sentiment,Sentiment2
2019-01,"막국수가 유명한 집이라는데 얼큰 수제비 먹음.
메뉴 나오기 전에 보리밥 조금 나옴.
막국수는 다른 곳에 비해 메뉴 나오는 속도가 다소 느린편.
양은 무지 많지만 수제는 별로 없고 콩나물이 60퍼.
고춧가루가 너무 많아서 텁텁함.",부정적,부정적
2023-01,"간만에 별 5개.
메인음식전에 주는 약간의 보리밥과 시래기 된장찌개 너무 맛있네요
메인으로 먹은 메밀비빔국수는 말할것도 없고요",긍정적,긍정적
2024-10,"메밀 파전
메밀 국수
맛있게 먹었어요.
기본 반찬 계란 장조림 👍…",긍정적,긍정적
2019-01,"회사에서 가끔 점심 먹으러 들리고 있어요~ 날씨에 따라 아무래도 겨울에는 주로 수제비를 먹고 여름에는 막국수를 먹게 되네요. 가끔 좀 가다리는 겅우는 있는데 점심시간이 빠듯하지 않다면 기다리고 먹을만 하다고 생각합니다 😋 다만, 방향제 같은 냄새가 심할 때가 있어요.…",긍정적,긍정적
2020-01,"뱅뱅 사거리 근방 언덕에 있는 집! 메밀류 좋아하면 가길 추천
메밀 수제비 뿐만 아니라 메밀 냉면 등 다양하게 있고, 가격은 좀 쎈편이나 주인분의 마음에 따라 서비스도 많이 주심. 오랜 단골도 많고 꾸준한 집임…",긍정적,긍정적
2021-01,"아주 특별한 맛은 아니지만 사이드와 나오는 밥, 된장찌개와 반찬이 좋음 든든하게 점심 먹을 수 있는 곳인데 너무 정신이 없음
세상에 이런 혼란스러운 식당은 난생 처음 봄 일단 주문 받는 분과 주방에서 커뮤니케이션이 항상 안되고 자기들끼리 이건 어디 테이블껀데 왜 저기다 가져다 줬냐는 말이 꼭 들림...식당 중간에서 음식 들고 이거 어디꺼냐고 소리지르면서 얘기함...  막국수 1, 매운 수제비1, 들깨 수제비 1 이렇게 시켰는데 이렇게 시키면 우리가 힘들어서 어떻게 만드냐고 메뉴 통일하라고 하심...후덜덜 ..  맛은 괜찮지만 너무 저세상 서비스여서 다시는 안갈것 같음",부정적,부정적
2021-01,서비스로 나오는 보리밥과 된장찌게는 정말 맛있네요. 비빔메밀막국수 또한 맛있습니다.,긍정적,긍정적
2022-01,"점심으로 물막국수도 맛있지만 저녁으로 수육, 파전이 아주 기가 막힌곳!!",긍정적,긍정적
2019-01,"메밀시키면, 보리밥+강된장+매운장조림+시래기(?)을 먼저주는데..먼저 그걸 다먹으면 메밀국수가 맛없게 느껴지니 먼저 먹지 말것!",부정적,긍정적
2023-01,"음식이 주문즉시 만들어지느라 살짝늦는거 말곤 맛있고 양도 많아요 반찬도 잘나옵니다.
다만 조미료맛을 좋아하는 분에게는 비추 자연스러운맛이 좋습니다(얼큰수제비만은 반전으로 엄청 매운편)",긍정적,긍정적
2020-01,"위생 bad
맛 good
직원이 쟁반에 안받치고 손으로 그냥 가져옴…",부정적,긍정적
2023-01,"메밀 들어간 차도 주시고 시래기국이랑 보리밥 조금 먹다보면 배불러서 메인 음식을 못먹어요. 꼭 음식 먼저 드시고 국이랑 밥 드세요.
음식들 다 맛있어요",긍정적,긍정적
2024-04,"역삼동 서초동 왔는데 여기 안 오면 후회할 것임
엄마 데리고 오고 싶은 몇 안되는 음식점
회막국수 들깨 수제비 꼭드세요",긍정적,긍정적
2019-01,메밀막국수 주문하면 맛배기 보리밥이랑 우거지된장찌게가 제공된다,긍정적,긍정적
2023-01,"2인 방문시 보리밥과 비빔국수 추천
보리밥에 된장과 청국장 중간쯤의 찌개제공
평범하지 않은 고급스러운 비빔장
1인 방문시 수제비도 매우 강추",긍정적,긍정적
2020-01,"메밀비빔국수 맵지않고 담백합니다. 국수 나오기 전에 약간의 보리밥과 반찬으로 묵무침 장조림 시레기강된장이 나오는데 이것도 맛있어요. 가격은 9000웜입니다. 다른 메뉴도 있는데, 점심에 가끔 가고 메밀비빔국수만 먹어봤어요. 주전자에 나오는 물도 메밀차라 구수하고 좋아요.",긍정적,긍정적
2020-01,"음식은 맛있습니다.
메인 나오기 전에 주시는 보리밥과 찌개도 맛있습니다!
근데 주문이 너무 오래걸립니다 ㅜㅜ.
아무리 못기다려도 주문하고 15분~20분 기다려야해요.
기다릴 수 도 있어요! 근데 갈때마다 음식이 잘못나와요...
주문했는데 한참이따가 와서 뭐 주문했냐고 물어봐요..ㅜㅜ
음식 서빙 나오고 나서도 이거 맞냐고 물어봐요.
물어볼때 맞으면 다행인데 다른음식을 갖고오세요..ㅜ ...
서빙 해주시는 분들만 주문 잘받고 잘 갖다주시면 좋을 것 같은데
아쉬워서 몇 자 적어봅니당..!!",부정적,부정적
2019-01,메밀막국수 비빔이랑 물이랑 다맛있음. 저녁에 해물파전이랑 수육먹었었는데 맛있었음. 수육에 메밀새싹으로 샐러드도 나와서 좋았음. 근데 점심때는 안가는거 추천함 음식나오는 속도가 느림 좀 많이,긍정적,긍정적
2022-01,라면맛을 느꼈다ㅎㅎ된장국이나 막국수가 낫다.,부정적,부정적
2023-01,"무난한 막국수, 메밀 음식점
단 테이블이 제대로 안 닦여있거나
음식이 나올때 지저분하게 나오거나 함",부정적,부정적
2022-01,깔끔하고 정갈하다. 양도 많다. 이 부근에서 이가격에 이정도는 찾을 수가 없다. 뭐 하나 빠지는 메뉴가 없음,긍정적,긍정적
2019-01,점심에는 바빠서 메밀국수나 간단한 메뉴만 주문이 가능하네요. 맛도 보통정도입니다.,부정적,부정적
2020-01,정직하고 맛있는 반찬들과 풍성한 인심으로 자주 가고 싶은 곳입니다. 막국수에 장조림 주는 가성비 좋은 식당입니다,긍정적,긍정적
2019-01,"메밀 막국수, 부추전, 전병 모두 맛있습니다.",긍정적,긍정적
2021-01,"코다리가 들어간 비빔매밀면이 맛있긴한데 서빙해주시는 분이 바쁘셔서 조금 툴툴되는
경향이 있어요 ㅋㅋㅋ 그래도 수제비도 맛있고 음식은
인정",긍정적,긍정적
2019-01,"주문하고 나서 면을 뽑아 대기시간은 있지만,
양도 많고 퀄리티도 좋음!!
애피타이저가 특히 맛있음^^",긍정적,긍정적
2021-01,음식도 집밥처럼 정성가득한 너무나 맛있고 친절하셔서  너무 행복했습니다. 자주가고 싶고  꼭 가보시라고  추천드립니다,긍정적,긍정적
2023-01,맛있는 것과 별로인 것이 공존..역에서 너무 멀어요.,부정적,부정적
2019-01,고딩 동기녀석들과 역삼동에서 저녁모임을 가졌는데 토속적인 분위기에 전통음식의 그윽한 맛이 일품인 명가맛집이다.,긍정적,긍정적
2021-01,메밀국수도 맛있고 먹기전에 된장찌개랑 밥도 주는데 든든하니 맛있습니다,긍정적,긍정적
2023-01,양도 많고 맛보기 보리밥도 맛있어요,긍정적,긍정적
2020-01,들깨수제비가 맛있습니다. 기본으로주는 보리밥과 반찬이 좋습니다. 불친절은 덤,긍정적,긍정적
2020-01,메밀싹 고명이 이색적입니다,긍정적,긍정적
2021-01,"기본부터 맛있는, 비빔먹다 물넣어서 물냉먹다 하면 됨, 들깨수제비가 짱임",긍정적,긍정적
2023-01,맛도 맛이지만 사장님의 푸짐한 인심이돋보이는 곳입니다.,긍정적,긍정적
2023-01,기본찬만으로도 술안주로 좋습니다,긍정적,긍정적
2021-01,"막국수 맛이 좋음, 된장 보리밥과 들깨 수제비도 맛 좋음",긍정적,긍정적
2020-01,점심에 메밀국수를 주문하니 보리밥과 된장국을 같이주셔서 든든하게 먹었습니다.,긍정적,긍정적
2022-01,"메밀보리밥 +우거지된장
건강하고 특별한 맛. 꼭 먹어봐야할 맛.",긍정적,긍정적
2019-01,국수 먹 기전에 보리밥도 나와서 식사후 생각보다 든든합니다,긍정적,긍정적
2023-01,"회사근처 메밀집, 뱅뱅막국수 보다 낫다고 생각",긍정적,긍정적
2022-01,적당한분위기 적당항맛 도보15분이내에있으면 추천함,긍정적,긍정적
2023-12,풍성하고 맛있어요,긍정적,긍정적
2019-01,요즘 주방에있던 아들 여행중이라 주문 원할하지 않네요,부정적,부정적
2019-01,막국수가 주력인데 소바도 잘 나가는 것 같습니다.,긍정적,긍정적
2023-01,여름에 특히 별미예요,긍정적,긍정적
2019-01,맛있고 자리가 깨끗해서 좋아요,긍정적,긍정적
2023-01,일허시는분 더 필요할듯 너무 느려요,부정적,부정적
2019-01,메밀막국수계의 대왕왕대박 열라맛있고 완전 맛있음,긍정적,긍정적
2020-01,조리시간 걸림 맛은 좋아요,긍정적,긍정적
2019-01,재방문의사 있습니다. 밑반찬 매우좋고여,긍정적,긍정적
2019-01,착한 기격에 맛있드라고요.🙇‍♂️😍🤗😘🙏…,긍정적,긍정적
2022-01,맛잇고 친절하고 그정도면 됫어유,긍정적,긍정적
2019-01,언제나 봉평착한메밀은 옳다. 맛있다,긍정적,긍정적
2019-01,반찬이 모두 가정식 정성이 가득,긍정적,긍정적
2020-01,좋아요 맛도 있고요,긍정적,긍정적
2020-01,정갈함..  영감님들 즐찾맛집,긍정적,긍정적
2021-01,만두전골 최고입니다.,긍정적,긍정적
2019-01,냉막국수가 시원합니다.,긍정적,긍정적
2019-01,"막국수,들깨 수제비 맛집~",긍정적,긍정적
2023-01,막국수 맛이 있음,긍정적,긍정적
2019-01,맛있어요,긍정적,긍정적
2020-01,"가격, 맛 고만고만",부정적,부정적
2019-01,맛집,긍정적,긍정적
2021-01,군만두가 맛있다,긍정적,긍정적
2019-01,강성비 짱 입니다.,긍정적,긍정적
2019-01,가격이 비쌈,부정적,부정적
2019-01,그냥 나쁘지 않음,부정적,긍정적
2019-01,수제비가 맛나용,긍정적,긍정적
2024-07,직원들은 매우 정중합니다. 메뉴는 한국어로 되어있습니다. 음식은 매우 맛있습니다. 부분이 좋습니다. 레스토랑 외부 주차장 ñ.,긍정적,긍정적
2017-01,정말 좋은 곳!,긍정적,긍정적
