Date,Review,sentiment,Sentiment2
2022-01,"돼지갈비는 역시 쵝오죠!
원래 본점이 방이동으로 알고 있었는데…양재점이 생기며 간판에 본점이라 한거 보니깐 본점이 이전을 했나봅니다.
돼지갈비를 먹으려 하면 늘 봉피양입니다. 심하게 달지 않은 양념에 숙련된 서비스로 타지 않게 잘 구워줍니다.
육회가 고추장 양념이라 좀 별로지만 그래도 괜찮은 편입니다.
평냉은 유명 전문점에 비해 살짝 덜하지만 이 또한 훌륭한 벨런스를 유지합니다.
메뉴가 다양해 졌더군요. 도미회에다가 갈치 조림까지…….이것저것 섞인 식당을 별로 선호하지 않지만 음식을 대하는 태도 때문인지 회도 좋았습니다. 특히 2차 3차 옮기지 않고 즐길 수 있다는 부분은 나쁘지 않았습니다.

또 당연히 갈겁니다.",긍정적,긍정적
2022-01,평냉으로 유명한 봉피양 본점입니다 제주도 고기국수처럼 평냉역시 업체에 따라 호불호가 심하게 갈리는 편인데 제 스타일은 아닌것같습니다 다만 만두와 고기에 정성이 많이 들어가있는것같아요 정성에 높은 점수를 드리고싶습니다 유산균김치 유료4천원과 일반 김치 무료가 있는데 제입에는 되려 일반 무료김치가 맛있었습니다 평냉 무난 수육무난 비오는날 소주한병 운치있게 까고왔네요,부정적,긍정적
2023-01,"점심 양념갈비세트 먹었습니다.
조금 늦은 점심에 가니 룸으로 안내되어 조용히 식사할 수 있어서 좋았습니다.

회사근처라 종종 갑니다.
가성비가 뛰어나진 않지만 서비스는 좋은편입니다.",긍정적,긍정적
2023-01,"면이 메밀의 구수한 맛을 느끼기 힘들고 불어있는 느낌,
유기그릇에서 거북한 쇠맛이 나 육수의 육향이 반감됨,
메밀전은 맛있었으나 접시에 기름이 흥건할 정도여서 매우 느끼함,
한우사태수육은 부드럽고 맛있었음,
전용 주차장인데 주차비 3천원 따로 받음,

재방문 의사 없음.",부정적,부정적
2024-09,봉피양 도곡점보다는 여유가 있는편이며 맛있는 돼지갈비를 즐길수있는 또다른 좋은 선택임. 회메뉴도 있으나 비추!,긍정적,긍정적
2024-10,"평양냉면 먹으러 갔다가 국밥을 먹었는데 가격만큼이나 훌륭했어요
무게감있는 분과 가벼운 점심식사에 딱인 장소입니다",긍정적,긍정적
2023-01,"뱅뱅사거리 양재 대로변이라 찾기 쉬워요.점심시간에 직장인들로 만석 점심회식을 많이 하는 듯 합니다.
화요일 세명이서 11시 45분 도착 10분 기다렸다가 2층에 자리가나서 평냉과 메밀전 먹었습니다.가격대비 평냉은 다 아는 맛 이고 양이 적지 않습니다.양재점은 메밀전 맛있네요",긍정적,긍정적
2022-01,초심자가 입문하기 좋은 평양냉면. 질 좋은 고기를 베이스로 맛있는 밑반찬들과 각종 탕. Good :),긍정적,긍정적
2024-10,"봉피양 평냉은 필수죠. 울밀대와 비교해봤을때 저한테는 울밀대가 좀 더 나았어요.
평냉 전문가가 아니라 호불호가 나뉠거 같아요",부정적,긍정적
2024-08,"정말 맛있습니다!
대신 조금 비쌉니다..",긍정적,긍정적
2020-01,메밀 베이스인 면과 자극적이지 않은 육수의 평양냉면. 나쁘지 않은 퀄리티이지만 나쁘지 않은 정도에서 그친다. 봉피양의 냉면은 식사로서의 역할을 하기에 모자람이 없지만 정찬으로서의 역할을 하기엔 맛의 밸런스가 부족하다. 부담없는 평양냉면 단지 그 뿐.,부정적,부정적
2021-01,"이름은 여러번 들어봤는데 시간이 안 나서 방문을 못 하다가 이번에 드디어 방문한 집.
약간 이른 시간(5시 근처)에 3인으로 방문하였는데 이야기 나누기 좋은 룸으로 안내해주셨다.
생각보다 다양한 메뉴가 많아서 우리는 석쇠불고기 2인분에 평양냉면 2개를 주문하였다.
비싼만큼 서비스 측면에서는 아주 훌륭하였다. 석쇠불고기는 크게 기대하지 않았지만 일단 빛깔부터 아주 고왔고 맛도 양념갈비 같은 느낌으로 필자가 좋아하는 맛이었다.
평양냉면은 평양냉면이라는 말이 걸맞게 슴슴한 맛이었다. 하지만 을밀대의 평양냉면만큼 지나고 생각나는 그런 맛은 아니었다.
전반적으로 만족스러운 식사이긴 했으나 가격대가 꽤 있기 때문에 아주 좋은 점수를 주기는 어려운 것 같다.",긍정적,긍정적
2022-01,"가리-냉면이 주지만 다른 음식도 정갈하게 잘 나옵니다. 다만 가격대는 좀 있는편.
건물 뒤쪽으로 주차 가능합니다.",긍정적,긍정적
2023-01,음식이 깔끔하고 직원들도 친절합니다.,긍정적,긍정적
2020-01,양재에 새로 오픈한 봉피양 양재점. 프랜차이즈라 맛이나 서비스는 기본은 한다. 지난번 서초저에서는 샐러드에서 벌레가 나왔지만 이번엔 괜찮음 ㅋ 주차는 발렛 3000원-,긍정적,긍정적
2022-01,"동치미 국물이 30 ~ 40 프로 첨가 된 거 같아요. 근처에 일이 있고 여름이니 (겨울이여도) 들렸는데.
사태수육은 그냥 먹어도 맛있네요.
한우우거지국밥 먹은 친구는 괜찮다고 칭찬하는데 담에 우거지나 곰탕을 맛 봐야겠어요",긍정적,긍정적
2022-01,평냉으로 유명한 집이긴 하지만 퀄리티가 가장 떨어지고 메인 스트림도 아닙니다. 썩 맛나지도 않아서 조금 많이 실망했어요.,부정적,부정적
2023-01,묵직하면서도 개운하고 구수한 육수가 주기적으로 생각나는 평양냉면입니다. 1인 식사도 친절히 응대해주십니다.,긍정적,긍정적
2021-01,"주말점심엔 가지 않는걸 추천.  근처 예식장에서 예식마치고 식사를 여기서 제공하는 경우가 종종 있는데. 시끄러워서 식사 하기가 어려울 정도임. 우리 테이블 바로 옆에서 여섯일곱명이 서서 인사나누고, 혼주가 돌아다니며서 손님들이랑 큰 소리로 대화하는데.. 돛대기 시장이 따로 없음. 이럴거면 식탁별로 칸막이 해놓는건 무슨 의미가 있음?",부정적,부정적
2019-01,"담백한 메밀 맛의 면과 삼삼한듯 감칠맛있는 육수가 자꾸만 입맛을 당기는 평양냉면집! 14,000원 비싼게 흠. 육개장은... 다른데 가서 먹자!",긍정적,긍정적
2023-01,"자주 가는 곳.
돼지갈비+평냉+ 양곰탕만 먹다가
처음으로 양념구이 먹어봤는데 넘 맛있어서 놀람.
이모님들 대부분 친절하심",긍정적,긍정적
2024-04,양념 돼지갈비랑 평냉 먹으러 주기적으로 가는 곳! 구워주시는 이모님에 따라 맛의 퀄리티가 좀 달라질 수 있는데 ㅎㅎㅎ 가끔은 진짜 아주 맛있다! 저염 김치도 굿! 꽤 다양한 식사 메뉴도 있어서 언제든 가도 좋은 곳이다.,긍정적,긍정적
2023-01,언제부턴가 직접 잡았음을 강조하며 해산물 promotion에 더 열심인듯하여 다소 의아함. 고기맛은 아직 변함 없는 듯 하지만…,부정적,부정적
2023-01,"맛은좋으나 가격이 비싼게 좀 부담스럽구.
점심때 식사 끝나면 바로 상을 치워버리니 자리를 일어설수 밖에 없는 대략난감한 상황을 경험할거임",부정적,부정적
2023-01,제 입맛엔 봉피양 평냉이 평냉 중 제일 맛난거 같아요,긍정적,긍정적
2022-01,불고기도 맛있고 평냉도 맛있고 육개장도 맛있고 친절하시고 깔끔하니 좋아요 🥰…,긍정적,긍정적
2019-01,"맛 있어요! 어느 곳보다도 담백한 것 같습니다.
간 많이 안되어있고 고기육수를 원한다면 봉피양으로 오세요",긍정적,긍정적
2023-01,"두말이 필요 없는 곳. 한우, 한돈 돼지갈비 하이엔드급 고퀄!!! 다만 가격이 좀 많이...지갑 털릴 작정하고 먹을 것. 그러나 지갑 열만한 맛 보장. 한우 등심 100g, 5,9만원, 양념돼지갈비 3.8만원(250g 뼈 포함). 물냉면은 평양냉면 스타일. 슴슴한 육수가 은근하게 감칠맛을 제공해 줌. 도미밥 추천. 도미살을 넣고 같이 밥을 지음. 도미밥 단품 8.8천원. 김치 외엔 아무 것도 안나오지만 추천. 정식도 있음",긍정적,긍정적
2021-01,"안창살도 맛있고 돼지갈비 간도 적당하고 맛있어요 야채도 신선하고
우거지탕도 담백하니 맛있어요",긍정적,긍정적
2018-01,맛있는 평양냉면.. 가격이 너무 비싸지만 조미료 맛이 아닌 아주 담백한 맛에 한우와 국내산 재료만 사용하는 깨끗한 집,긍정적,긍정적
2020-01,"평양냉면을 여기서 3번 째 먹었더니 정말 다시 먹고 싶어졌습니다.
고기도 맛있어요 ㅎㅎ",긍정적,긍정적
2021-01,깔끔하고 이모님들 천절하신 봉피양 체인점 중에 하나입니다.,긍정적,긍정적
2023-01,전에는 편하고 음식도 맛있었는데 요즘은 사람이 많아져서 그런지 편하지도 음식이 그렇게 맛있지도 않네요. 가격은 좀 있는편입니다. 돼지갈비가 맛있었었는데 오늘은 좀 별루였어요.,부정적,부정적
2022-01,"정갈한 평양냉면의 맛, 부드러운 수육도 필수",긍정적,긍정적
2021-01,냉면과 갈비 맛집 .. 추천합니다,긍정적,긍정적
2023-01,"아침에 제주도에서 공수된 갈치 구이 라고해서7만원을 주고 주문했습니다.
작은 갈치 3 토막이 나왔는데 뜨겁지도 않고 말라서 왔습니다.
말로는 새로 굽는데 25분 이상 걸린다고 하더니 10 분 만에 나와서 의아했는데 구워놨던거 덥혀 나온거 같더군요.
2만원 받으면 딱 맞을거 같습니다
절대 시키지 마세요.
같이 시킨 도미밥도 미지근하게.
절대 드시지 마세요",부정적,부정적
2021-01,평양냉면/갈비구이 모두 만족합니다.,긍정적,긍정적
2021-01,"역시 레전드는 레전드네요 ㅎㅎ
맛있습니다!
냉면 양이 엄청나요!",긍정적,긍정적
2024-05,그냥 그런 평양냉면. 고기 안먹으니까 눈치를 많이 주네.,부정적,부정적
2023-01,"봉피양 다른 지점들 좋아했는데 여긴 오늘 이후로 안갈 듯... 들어갔는데 안내해주는 사람이 아무도 없어서 기다리다가 2층 올라갔더니 1층에서 안내 받고 올라와야하니까 다시 내려가라고 1층에 안내할 사람 있다고 내려보냄, 근데 또 다시 부르더니 아무 자리나 앉힘. 그럴거면 무전은 왜 끼고 일하시는지. 여튼 주문하고 소주 병 딱 열었는데 갑자기 30분만에 먹고 나가라고 함 예약 있다고. 그럼 앉히거나 음식 내기 전에 미리 말을 해줘야죠? 어이없는 표정으로 쳐다보니까 그럼 30분 먹다가 다른 데로 자리 옮겨야 한다고 함 ㅋㅋㅋ 이런 집 처음 봤네요. 그러고도 미안하단 말 한 마디 없고 기분 완전 나빠서 빨리 먹고 일어났더니 계산할 때 되어서야 미안하다고 하고. 진짜 이 정도로 기본 안 된 식당 오랜만이었습니다.",부정적,부정적
2021-01,기본적 평양냉면의 육수 맛이지요~~,긍정적,긍정적
2024-06,"고기 완전 맛있었어요 ~~ 진짜 짱이었습니다. 최고었어요. 육즙이 적어서 너무 느끼하지 않았으며, 갈치 완전 맛있었어요.",긍정적,긍정적
2022-01,"맛은 다 좋습니다. 간도 세지 않아서 자극적이지 않습니다.
고기, 냉면, 사이드 , 탕, 도미회까지..... 음식들은 정말 추천합니다. 숙성도미회는 정말 수준급입니다. 두 판 시켰어요. 갈때마다  고깃집이라 엄청 고민하다가 오늘 드디어 시켰는데 맛이 특급호텔수준입니다.
갈비탕은 별로였는데 오늘 갔더니 없어졌더라구요. 잘 했네요 이거는.. 옆집이 버드나무집이라 경쟁이 안됐나봐요.ㅎ
청결과 서빙교육에 조금 더 신경쓰면 좋겠네요.",긍정적,긍정적
2018-01,함흥만 먹다가 평양을 처음 먹었는데 원래 이런맛인지... 제 입에는 그냥 밍밍하네요...,부정적,부정적
2023-01,"4년전 리뷰입니다)

벽제갈비의 서브브랜드인 봉피양의 분점인데 대단히 작다.

고기는 안먹어봐서 모르겠고 냉면 한정해서는 맛도 본점과 차이가 크고 심지어 편차가 좀 있다. 본점 홈페이지에 나와 있긴 한데 과연 이 집이 본점의 관리 하에 있는 것인지 궁금할 정도.

가격을 생각한다면 추천하지 않는다.",부정적,부정적
2023-01,"2023년 시작은 봉피양에서.
언제나 냉면과 돼지갈비는 진리인듯.",긍정적,긍정적
2022-01,"예전엔 되게 비싸다고 생각했는데, 요샌 다른데도 다 비싸져서;; 가격이 봉피양의 단점이란 생각이 많이 지워졌습니다. 깔끔한 강남스타일 고기집이어요. 맛이야 기본이상은 하고요~ 창고43과 비교하면 고기집냄새(?)는 덜나서 좋고, 가격은 쪼오끔 더 비싸서 아쉽고 뭐 그런 정도입니다.",긍정적,긍정적
2021-01,맛이 좋고 특히 양념갈비가 짜지도 달지도 않고 균형이 잘 맞아 순삭입니다. 평양냉면은 말할것도 없고요. 친절합니다. 그러나 비쌉니다ㅠ,긍정적,긍정적
2020-01,"손님들에게 접대하기 좋은 음식점이랄까
맛이 있고, 특히 평냉의 경우 여름철에 줄서서 먹어야 할 정도이다.
다만, 가격이 사악하기 때문에 가끔 손님이 왔을 때 가는 정도랄까
평범하게 직장인이 점심으로 이용하기에는 부담되는 가격인
점을 고려하여 평점을 매겼다.
하지만 맛은 기본 이상이니 손님 대접을 하고 싶다면,
가보는 것도 추천한다.",긍정적,긍정적
2023-01,"두번째방문, 처음 방문때 갈비와 냉면을 먹었는데 너무 맛있어서 재방문함. 이번에는 냉면과 육회비빔밥 먹었는데 매우 만족함",긍정적,긍정적
2021-01,직원분들 친절하시고 식당깨끗한데 고기가 질긴 느낌은 왜일까요? 알아서 구워주시는거 너무 편하고 좋은데 다 구워 놓으니 빨리 식어버리더라고요. 식으니까 퍽퍽함이... 소문만큼은 아닌거 같아요.,긍정적,긍정적
2022-01,"쫄깃한 도미회와 항상 훌륭한 평냉
후회할 일은 없는 곳",긍정적,긍정적
2020-01,"고기 양념이 오락가락하는 듯 하다.. 추가 주문한 고기는 양념이 너무 쎄서 혀를 쏘는 정도였다 고기 질도 좋아보이는데 굳이 양념 간이 쎌 필요가 있나 싶었다 고기 자체는 부드럽고 맛있었는데 말이다
냉면은 원래 평냉 맛인 듯 하지만 입문자인 나로서는 못먹겠다..",부정적,부정적
2021-01,"워낙 유명해서  가봤는데  일단 안내한  자리가 불편함 ,  아무리 코로나라지만  통행로 같은데 자리늘  만들어서  사람들이 계속 지니다녀 불편

평양내면 맛은 그냥 일반적인 메밀면에  슴슴한 육수 그냥 먹었을땐 그럭저럭 먹을만 했으나  겨자 식초를 넣으니 일반 육수와 다르게 맛이 엉망이됨

가격은 너무 비싸고  추가사리는 더더욱 비쌈
양은 보통수준

가성비 기준 나쁨
순수 맛은 그냥 보통",부정적,부정적
2018-01,냉면이랑 양곰탕에 만두반접시(3알) 시켜서 먹었습니다. 냉면은 매우 건강한 맛이라 새톰달콤한거 생각하시면 피하시는게 좋을거같아요 ㅎㅎ 양곰탕은 빨간양념을 한 곰탕이라서 양곰탕이라는데 소 곱창부터 다른 부위 고기까지 많이 들어가있고 감칠맛이 좋아서 국밥좋하시면 거의 호불호없이 맛있을거 같아요. 다만 사장님이랑 직원이 매우 까칠합니다 ㅋㅋㅋㅋ 시간이 붕떠서 저녁 때우려고 들어간거라 먹었지만 일부러 찾아가서 먹고싶지는 않네요 ㅋㅋㅋ,긍정적,긍정적
2021-01,"은은하게 구워주는 돼지갈비 맛있습니다
적은 인원도 예약하면 방에서 따로 먹을 수 있습니다 직원분들 친절하시고 반찬 리필도 바로바로 해주셔서 좋았습니다",긍정적,긍정적
2019-01,"주말에 대치점 사람 많대서 이쪽으로 왔는데
상대적으로 자리 여유있었음
맛은 비슷. 실내 깨끗  차분함.
발레비 3천원. 점심 메뉴 별도로 없음",긍정적,긍정적
2018-01,"평양냉면 좋아해서 봉피양 네임밸류 때문에 들려봄.
면 식감 하, 육수 하, 겨자 하, 식초 하, 만두 중.위치 상, 가격 최하.
육수에 있는 동치미 건더기의  감칠 맛이 좋은데 반하여 육수와 면이 부족한 걸 보아하니 관리부족 아니면 냉동.
혹시 몰라서 만두에 부수로 오는 작은 사이즈 7000원짜리 평양냉면도 시켰는데 맛 수준 하.
탕이나 고기류에 집중한 듯한 메뉴와 맛, 여기 평양냉면 맛있다는 사람은 그냥 편의점 냉면 사드세요
32000원 쓰고 개 아깝네요",부정적,부정적
2019-01,"음식은 4점, 실내 점수는 2점.
음식은 예상했던대로 맛있습니다-갈비도 맛있었고, 구워주십니다.
냉면도 맛있었으나, 만두는 잘 이해가 가지 않네요. 한알에 2000원. 그렇다고 왕만두도 아닙니다. 돈 아까워요 만두는 너무 비싸요 인간적으로

평일 점심시간에 갔는데, 다 애기들 이었습니다. 2층은 열어주지 않았으며, 1층에 앉아서 먹었는데 애기들 우는 소리에 정신 없어서 코로 들어가는지 입으로 들어가는지 몰랐습니다. 물론 어쩔 수 없는 것이지만, 밥먹는데 있어서는 좀 불편했네요.",알 수 없음,알 수 없음
2022-01,봉피양의 평양냉면은 육향깊은 육수로 다른 곳보다 더 중독성이 강한듯. 돼지갈비가 있는 몇 안되는 봉피양 체인중 하나.,긍정적,긍정적
2022-01,"돼지갈비 맛집으로 기본반찬도 훌륭하고 고기도 먹기좋게 구워주는 곳으로 콜키지는 병당 만원..
단점은 아저씨들 수다로 좀 시끄럽다는 것..",긍정적,긍정적
2021-01,친절한 서비스. 청결. 좋은 품질. 담백한 평양 냉면.,긍정적,긍정적
2023-01,가족모임하기 좋아요,긍정적,긍정적
2018-01,맛은 괜찮다. 가격은 비싸다.,긍정적,긍정적
2021-01,"음식맛은 괜찮지만 가격대비로는 보통수준임
다른 고기집보다 1인분양이 적음 1인분100그램",부정적,부정적
2024-01,지인들 모임을 했는데 따로 룸을 마련해 주셔서 즐겁게 식사하고 왔습니다.,긍정적,긍정적
2019-01,점심특선이 깔끔하고 맛있어요,긍정적,긍정적
2024-01,담백하고 정갈한 맛. 친절한 서비스. 조금 비싼 편이지만 값어치를 합니다.,긍정적,긍정적
2023-01,늘 맛있습니다. 음식도 빨리나오고 평양냉면 전문점으로 추천해요,긍정적,긍정적
2019-01,"평양냉면 14000원
무난한맛 면은 그닥 육수는 괜춘함
만두 6알 12000원
맛은 있으나 가격은 눈탱이
배추김치가 맛있었음

맛 : 3.5
가성비는 따질가게가 아니라서 패스
재방문의사 있음",긍정적,긍정적
2022-01,"주차요원, 홀서빙 직원 등 직원들이 하나같이 다 불친절합니다. 다른 음식점보다 두배 가격을 내고 왜 이런 서비스를 받아야 하는지 모르겠습니다.",부정적,부정적
2022-01,"돼지갈비와 평양냉면 먹었습니다.
돼지갈비 맛있습니다, 그러나 1인분 29천원 내고 다시 먹고 싶지는 않네요.",긍정적,긍정적
2021-01,"도미밥은 정말 드시지 마세요
내용물이 너무 부실하네요..
가성비 너무 안좋습니다.",부정적,부정적
2021-01,훌륭한 돼지갈비와 평냉을 파는 집. 분위기도 좋고 친절하다. 무슨 말이 더 필요할까. 평냉이 전문점 못지 않게 훌륭하더라.,긍정적,긍정적
2020-01,맛있었어요 김치 맛집♡,긍정적,긍정적
2019-01,비싸고 맛은 그저그래요.,부정적,부정적
2020-01,가격대비 고기 맛은 쫌.  평양냉면 무슨맛인지 도저히   모르겠음 ㅋ. 고기구워주는여자분 친절.,부정적,부정적
2020-01,가격을 고려하지 않는다면 인생 소고기 집 입니다,긍정적,긍정적
2020-01,냉면 맛있습니다. 평양냉면 특유의 밍밍한 국물입니다. 녹두전도 바삭하고 맛있습니다. 다만 비쌉니다.,긍정적,긍정적
2024-02,위치도 좋아서 귀한분과 식사하기 좋은곳,긍정적,긍정적
2023-01,"세미나후 오찬을 했는데 분위기도 나쁘지않고
음식 맛과 구성이 좋습니다.",긍정적,긍정적
2018-01,개인적으로 평양냉면 3대맛집... 하지만 가격은 제일 비쌉니다. 가격으로 별 2개 빼려다가... 그놈의 육수 맛에...,부정적,부정적
2019-01,"애들 데리고 가서 먹기도 좋고.. 무엇보다 쌀을 좋은거 써 밥이 맛있어요~
2층의 뷰(??)도 괜찮고.",긍정적,긍정적
2018-01,양념 돼지고기를 숯불에 타지않게 구워주는곳. 탁자에서 돼지갈비 안주로 술한잔하기 좋은곳입니다,긍정적,긍정적
2022-01,가격은 있지만 고기가 맛있고 정갈해서 점심 회식으로 가끔 갑니다.,긍정적,긍정적
2024-05,우래옥 vs .. 에서 세번째쯤 언급되는곳;,부정적,긍정적
2018-01,실내가 좁고 비싸지만 맛과 서비스는 만족스럽다. 조금은 단 맛이 도는 평양냉면도 훌륭.,긍정적,긍정적
2018-01,김치찌개가... 너무너무 많이 셔요..ㅠㅠ 산도가 엄청나네요..ㅠ 청미 김치찌개였나.. 다른 메뉴를 추천해요,부정적,긍정적
2020-01,특별함은 못 느끼는 와중에 우거지 국밥은 꼭 추천드립니다. 육수가 달라요.,부정적,부정적
2021-01,"돼지갈비, 비빔냉명.. 모두 맛있어요.. 가족 외식하기 장소도 좋고 강추입니다..^^))",긍정적,긍정적
2018-01,다른지점에 비하면 맛이 차이남,부정적,부정적
2021-01,20만원어치 식사하고도 주차요금이나 마찬가자안 발레비 3천원은 좀 그렇네요.,부정적,부정적
2020-01,맛있습니다. 여름엔 구워서 가져다 주시니 더 먹기 좋네요. 친절하고 좋았습니다.,긍정적,긍정적
2020-01,맛이가 매우 좋군요,긍정적,긍정적
2022-01,"이사간후 처음방문
뜬금없는 회와 고기 뭔조화인지
돼지갈비노 별로 나오던 반찬도 안나오고
디저트도 별로  다시 갈마음 없음",부정적,부정적
2019-01,주방장이 바뀐건지 맛이 바뀌었어요. 발렛으로 바뀌었는데 주차장에 차가 한대도 없는데 발렛돈 내고 왔어요,부정적,부정적
2022-01,봉피앙 평냉육수 맛  최고,긍정적,긍정적
2020-01,양념갈비 5인분 맛있게 먹었습니다 고기가 부드러웠어요,긍정적,긍정적
2021-01,"강남점 대신 방문했는데, 깔끔하고 맛났습니다.
고기도 평양냉면도 만족입니다7",긍정적,긍정적
2019-01,사장님께서 많은  호의를 해주셔서 정말 감사했습니다,긍정적,긍정적
2023-01,"언제가도 맛은 보장되는 봉피양
다만 가격은 만만치 않다는점...",긍정적,긍정적
2021-01,"가격에비해 반찬이 넘 부실하고
고기구워주는속도도 다른테이블과
겹쳐서 먹다가 쉬고
기름도 너무많이붙어있어서 별로",부정적,부정적
2019-01,맛과 품질을 떠나서 재료와 음식에 비해 가격이 비싼 것 같네요,부정적,부정적
2020-01,"깨끗하고 역시 돼지갈비와 평양냉면~ 다소 역에서 멀어 이동이 좀 불편하나, 1~2층으로 깨끗",긍정적,긍정적
2020-01,돼지고기 맛이 끝내줍니다. 직원분이 고기 구워주셔서 먹기만 하면 되요,긍정적,긍정적
2019-01,자리가 2층까지 확장됐네요~ 냉면은 항상 맛있어요,긍정적,긍정적
2022-01,"개별룸 깔끔하게 서비스. 맛도 다 좋았습니다.
재방문 할껍니다 ㅎㅎ",긍정적,긍정적
2024-01,양념갈비 + 평양냉면의 조합!,긍정적,긍정적
2022-01,2층에 개별룸이 있어서 이용하기 편리합니다.,긍정적,긍정적
2021-01,"돼지갈비와 평양냉면 맛집..
좋은분을 모실때 가기 좋은 음식점",긍정적,긍정적
2019-01,비쌈. 평양냉면 별로. 고기존맛. 서비스좋음. 깔끔,부정적,긍정적
2022-01,점심시간은 대기를 해야될 정도로 많이 붐빕니다.,부정적,부정적
2021-01,친절하고 고기도 먹을 순서대로 구워주셔서 먹기 좋았습니다.,긍정적,긍정적
2019-01,비싸지만 맛있는 고기집 고기후 후식 맛보기 냉면은 비추,긍정적,긍정적
2021-01,가격은 좀 비싸지만 양곰탕은 개인적으로 강추입니다.,긍정적,긍정적
2023-01,맛은 있는데 역시나 가격대가 쎔,부정적,부정적
2018-01,솔직히 난 이 돈내고 이걸먹을 의사가 그리 크지 않다. 그럼에도 유명해서 접대용으로 근근 가는곳,부정적,부정적
2021-01,물냉은 맛있는데 비싸다 14000원까지 할정도는 아닌듯..,부정적,긍정적
2020-01,"맛은 있으나 가격이 비쌈, 장소는 깨끗함",부정적,부정적
2018-01,돼지갈비편하게 먹을 수 있습니다. 양재점은 좀 좁아요,긍정적,긍정적
2018-01,"진차 메밀로 해주는 냉면,  가격14000원이 비싼듯하지만 많이준다",부정적,부정적
2023-01,"맛, 분위기 좋지만 가성비는 좋지 않습니다",부정적,부정적
2019-01,봉피양의양념돼지갈비는 언제먹어요 맛나요!!,긍정적,긍정적
2021-01,간단한 모임과 회식에 아주 적합해요,긍정적,긍정적
2018-01,"심심한 육수를 좋아하시는준들께 추천.
가격은 비쌈.",긍정적,긍정적
2018-01,돼지갈비와 평양냉면 조합은 사랑 입니다♡,긍정적,긍정적
2020-01,분위기 및 친절도는 좋으나 냉면 맛은 평범함,부정적,부정적
2019-01,가볍게 양념갈비 평양냉면먹기엔 최고,긍정적,긍정적
2020-01,조금 비싸지만 맛있는 집이네요,긍정적,긍정적
2018-01,냉면과 갈비의 조화가  굳 ~~   근데 비싸다 ~  냉면 임팩트가 좀 약하다,긍정적,긍정적
2019-01,개인적으로 평양냉면을 싫어해서.. 곰탕먹엇는데 진짜 맛잇엇음,긍정적,긍정적
2020-01,서비스 최고. 양념갈비랑 평냉은 역시 진리,긍정적,긍정적
2020-01,음식 깔끔하고 깨끗합니다. 직원들도 친절합니다.,긍정적,긍정적
2022-01,말해 뭐합니까. 이미 유명한 맛집인데,긍정적,긍정적
2022-01,맛있는 냉면,긍정적,긍정적
2020-01,고기 가격은 좀 있지만 값어치는 하는 곳인 듯.,긍정적,긍정적
2019-01,"오랜만에 다시가보니 2층으로 확장.발렛서비스.
자주가고픈곳~~",긍정적,긍정적
2019-01,강남인데 아주 비싸지않고  맛도 적당,긍정적,긍정적
2020-01,서비스좋고 깔끔하고 고기맛있는집,긍정적,긍정적
2021-01,평양냉면 중독성 강함. 밍밍한듯하지만 꼬숩,긍정적,긍정적
2018-01,"돼지갈비는 야들야들 맛있고, 평양 물냉면 맛있습니다!!",긍정적,긍정적
2021-01,가격대비 맛은 별루네요.,부정적,부정적
2019-01,깔끔한 평양냉면을 파는 좋은 식당.,긍정적,긍정적
2020-01,"밥먹는데 예약손님 왔다고 아직 다안먹었냐고...
그럴꺼면 손님 왜받았는지...",부정적,부정적
2021-01,개인적으로 서초점보다 여기가 더 나은듯,긍정적,긍정적
2022-01,오늘의 고기요리 훌륭했어요,긍정적,긍정적
2021-01,"여름에 봉피양 냉면과 만두, 녹두전이면 초고죠.",긍정적,긍정적
2020-01,"가격만큼 맛, 분위기, 서비스 괜찮습니다.",긍정적,긍정적
2019-01,비빔 냉면 맛나요 수육은 양이 좀 작아서 ㅋ,긍정적,긍정적
2021-01,내 입맛에 평냉은 봉피양이 최고,긍정적,긍정적
2019-01,평냉 너무 맛있음!! 그만큼 비쌈 ㅜㅜ,긍정적,긍정적
2019-01,개인적으로 저는 냉면은 얇은 면을 선호해요.,긍정적,긍정적
2018-01,음식맛은 보통 직원들 태도가 무례함,부정적,부정적
2020-01,물냉면보다는 비빔냉면이 더 맛있음,긍정적,긍정적
2019-01,적절,긍정적,긍정적
2019-01,맛있으나 본점만큼은 아님,부정적,부정적
2021-01,맛있고 친절해요,긍정적,긍정적
2022-01,가격있음 서비스 좋음,긍정적,긍정적
2022-01,비쌈.. 진짜 비쌈..,부정적,부정적
2020-01,갈비도 냉면도 굿 입니다.,긍정적,긍정적
2021-01,맛있어요 언제나,긍정적,긍정적
2019-01,양곰탕은 사랑입니다  발렛가능,긍정적,긍정적
2021-01,봉피양 맛있어~ 비싸~^^;,긍정적,긍정적
2020-01,가격 빼고는 다 착함,긍정적,긍정적
2019-01,적당히 맛있는 고기집,긍정적,긍정적
2020-01,너무맛있어요,긍정적,긍정적
2021-01,비싸고 맛있는집,부정적,긍정적
2019-01,맛있어요.,긍정적,긍정적
2018-01,맜있어요,긍정적,긍정적
2022-01,고기 좋음,긍정적,긍정적
2018-01,너무비싸요,부정적,부정적
2019-01,가성비 극악 존맛탱,부정적,부정적
2019-01,보통의맛,부정적,부정적
2023-01,"최고의 구운 돼지갈비를 맛볼 수 있습니다. 완전 달콤하고 상큼해요. 고기와 지방의 비율이 정말 환상적이에요! 입에서 녹는다. 그들이 제공하는 구운 돼지 갈비의 품질은 동급 최고입니다 !! 역시 냉면은 최고! 을밀대, 필동면옥, 봉피양 냉면과 함께 제가 제일 좋아하는 맛이에요!",긍정적,긍정적
2023-01,"「봉피양 양재점」「봉피양 양재(양제)점」

어제는 집에 병원에 태국에서 참관을 하러 온 의사의 마지막 날이었으므로, 체표원장과 다른 원장과의 술자리가 있었습니다.

그래서 이번에 방문한 가게는
양념돼지갈비와 평양냉면이 유명한 '봉피양 양재점' '봉피양 양재(양제)점'입니다.
2018년에 미쉐린자 플레이트로 선정된 적이 있는 가게입니다.

돼지목심본갈비(양념돼지갈비)를 주문했습니다.
어쩐지 숙성 도미의 회를 팔고 있습니다만, 주문은 하고 있지 않습니다.

우선은 내보내기에서 일부 반찬과 산추의 얕은 절임이 나옵니다.
숯불에 불이 붙으면 직원이 돼지갈비를 직접 구워줍니다.
철판으로 연기를 빨고 있기 때문에, 가게 안에 연기가없는 곳이 좋습니다.
단점이라면 가격이 상당히 높습니다.

갓 구운 돼지 갈비는 돼지고기라고는 생각되지 않을 정도로 부드럽고 맛이 강하지 않기 때문에 맛이 있습니다.

여기서 조임으로 평양냉면을 주문.
평양냉면은 보통 냉면과 달리 자극적이지 않고 깔끔한 맛이 특징입니다.
냉면에 갈비를 얹어 먹으면 맛이 2배 이상이 됩니다.
이번에도 잔치 같았습니다.

---------------------------
추천 메뉴
★돼지목심본갈비 (양념돼지갈비)
★평양냉면 (평양냉면)
---------------------------
283, Gangnam-daero, Seocho-gu, Seoul, Republic of Korea

이번에 방문한 가게는 「봉피양 양재점」
돼지갈비랑 평양냉면이 유명한 가게입니다.
2018년에 미쉐린 더 테이블에 선정된 적 있는 가게입니다.
부드럽고 입에서 녹고 달지 않은 돼지갈비
마찬가지로 자극적이지 않고 깔끔한 육수가 일품인 평양냉면이 맛있는 가게.",긍정적,긍정적
2024-05,구운 돼지갈비와 냉면은 필수입니다. 그런데 사시미가 너무 맛있나 봐요.,긍정적,긍정적
2024-10,"호텔 근처에 위치한 봉피양양재를 우연히 발견하고 2023년 미쉐린 빕 구르망 레스토랑이라는 사실에 깜짝 놀랐습니다. 대부분의 손님들은 전문인 듯 바비큐를 주문하고 있었지만 우리는 입맛이 덜해서 좀 더 가벼운 메뉴인 해물 비빔밥과 냉면을 선택했습니다.

해물비빔밥은 신선한 재료와 맛의 균형이 잘 잡혀 있어서 괜찮았습니다. 다만, 냉면은 제가 평소 이 요리에서 기대하는 깊이와 시원한 맛이 부족하여 약간 실망스러웠습니다.

이곳의 하이라이트인 바비큐를 저희는 시도해보지 않았지만, 방문하신다면 꼭 가보시길 권하고 싶습니다. 전반적으로 그 경험은 여전히 즐거웠지만, 다시 돌아온다면 모두가 즐기고 있는 것 같은 완전한 경험을 얻기 위해 반드시 BBQ를 시도할 것입니다.",긍정적,긍정적
2022-01,"그리 나쁘지 않은 경험이며, 외관과 내부가 잘 관리되어 있으며 테이블간 거리도 유지되고 있다고 볼 수 있습니다. 냉면을 먹어볼 기회가 있었는데 제 입맛에는 짜지 않았어요. 양이 딱 적당해서 냉면 한 그릇이면 배부르지 않을 것 같아요.",긍정적,긍정적
2022-01,내가 이상적으로 생각하는 평양냉면. 국물의 그 전형적인 부드러움… 정말 아름답게 완성되었습니다. 녹두전도 환상적이었습니다. Ribeye는 비싸지 만 맛이 좋았습니다.,긍정적,긍정적
2020-01,대한민국 군침이 도는 돼지갈비 전설의 또 다른 갈래. 플러스 요인은 서버가 이 지점에서 바베큐를 요리한다는 것입니다.,긍정적,긍정적
2018-01,평양면을 좋아한다면 괜찮은데 솔직히 왜 이렇게 비싼지 모르겠어요.,부정적,부정적
2023-01,우리가 경험한 최고의 고기!!! 이 경험을 절대 잊지 마세요.,긍정적,긍정적
2020-01,가격이 비싸고 자격이 부족함,부정적,부정적
2021-01,한국식 바비큐를 즐길 수 있는 멋진 곳,긍정적,긍정적
2022-01,"평온한 존맛
너무 맛있습니다.
JMT",긍정적,긍정적
2019-01,식사비 결제할 때 마스터카드로 돈을 두 번 가져가세요(,부정적,부정적
2020-01,훌륭한 한국 요리,긍정적,긍정적
2018-01,좋은 곳이지만 가격이 너무 비싸요,부정적,부정적
2022-01,앞으로는 절대 방문하지 마세요,부정적,부정적
2018-01,너무 비싸요,부정적,부정적
