Date,Review,sentiment,Sentiment2
2024-08,"휴일 낮술 모임으로 방문 했습니다. 한판 메뉴 실속 있으며, 다양한 밑반찬, 소스도 좋았습니다. 이모님께서 직접 고기를 구워 주시는 서비스 너무 좋네요. 다음에 또 방문 할게요~~",긍정적,긍정적
2022-01,"점심에 고기 굽는 집!
구워주셔서 맛있고 편안하게 먹을수있다는점이 특장점.
숙성고깃집중 제일 맛있어요.후식 누룽지탕 특히 내서타일♡",긍정적,긍정적
2023-01,"회식으로 간 장소
사람 많아도 앉을 자리는 있다.
그러나 고기를 대부분 덜 익혀준다.
먹을땐 맛있었지만 덜익어서 그런지 다음날 속이 안좋았다. 먹을때 턱이 아플때까지 먹어서 그런 것 일수도 있다. 회식이라 하여간 많이먹었다.
30명 정도가 100만원 정도 나왔다고 한다.",부정적,부정적
2023-01,"맛 서비스 좋았습니다.
고기종류 및 먹는 방법까지 세세히 설명해줌. 김치찌개 서비스! 물론 구워주는 서비스까지!
회식장소로 좋을 듯.
데이트 하긴 시끄러운 분위기라 분위기 점수는 좀 낮췄습니다.",긍정적,긍정적
2023-01,돼지고기&소세지 맛있었어요^^,긍정적,긍정적
2022-01,가게 내부가 깨끗하고 일단 고기맛이 아주 좋네요. 직원분들이 직접 구워주면서 먹는 방법에 대해서도 자세히 알려주네요.,긍정적,긍정적
2022-01,고기 맛있어요,긍정적,긍정적
2024-03,꼭 예약하세요 대기가 깁니다,긍정적,긍정적
2023-01,"맛있고
가성비 괜찮아요",긍정적,긍정적
2023-01,직접 맛있게 구워줌,긍정적,긍정적
2022-01,청국장 이 제일 맛난....,긍정적,긍정적
2022-01,"예전부터 가보고 싶었던 돼지고기 프랜차이즈 중 하나인데 가볼만한 가치가 있었어요!
독특한 돼지고기 그릴 장소!",긍정적,긍정적
2024-04,완벽한 음식,긍정적,긍정적
