Date,Review,sentiment,Sentiment2
2022-01,"역삼에서 이만큼 하는데가 없네요
요즘 백반집 많지 않은데 너무좋다 가격도 착하고",긍정적,긍정적
2021-01,"맛3 가격5 양4 위치4 (총점5)
우리가 생각하는 그 맛
지하에 생각못하게 많은자리
남여노소 생각없이 맛있다",긍정적,긍정적
2023-01,"백반집이구요 오전에 일찍 시작하셔서 아침 먹기 좋았어요
물론 맛도 굿입니다 강남갈일있음 아침은 여기서 해결하려구요",긍정적,긍정적
2022-01,매일 메뉴가 바뀌고 모든 반찬(김치포함)을 직접 만드는게 너무너무너무 좋아요~! 식당 근처 직장인인데 매주 3번 이상은 갑니다! 꼭 오래 영업해주세요! 가성비 최고 입니다 ♡,긍정적,긍정적
2023-01,점심에도 저녁에도 백반먹기 좋습니다. 돈까스나 다른식사도 있고요,긍정적,긍정적
2023-01,점심 한식뷔페 추천합니다! 직장인들에게 최고에요,긍정적,긍정적
2023-01,백반8천원 맛은좀있는데 서빙하는 아들이 삭아지가 없음,부정적,부정적
2023-01,"가정식 백반.
가격, 맛 모두 만족입니다",긍정적,긍정적
2018-01,집밥보다 맛있는 푸짐한 한상 다음번에도 방문할 예정,긍정적,긍정적
2023-01,백반집 별로 없는데 맛집임,부정적,긍정적
