Date,Review,sentiment,Sentiment2
2023-12,"●접근성
뱅뱅사거리 버스정류장에서 3분 이내

●주차
건물 지하 이용
진입로는 넓어서 좋음
지하 2층에서 3층 사이 통로에 차량 다수 주차 되어있음

주차장이 넓은 편이나 차량이 너무 많음

●분위기
주차장에서 엘리베이터 타고 주 출입구로 나와서 오른쪽에 위치
맥도널드 바로 옆

깔끔하고 인테리어가 깨끗함
매장 내 식사하도록 몇 테이블 있음
1인 테이블도 위치

●음식
DP가 깨끗함
스시는 대부분 연어 위주로 구성
롤도 많음
샐러드도 관찮음

●",긍정적,긍정적
2023-01,"SNOW FOX(feat.장문녀)

롤이 땡긴다싶어서 롤전문점을 찾아보다가 알게된 곳인데 내부도 깔끔하고 인테리어에서 화사함이 묻어나는 화이트톤이 독보적이더라구요. 신경도 많이 쓰신 것같고요. 제가 시킨 건 스파이시 연어롤이랑 간장새우 니기리, 캘리포니아롤, 연어니기리였는데 초밥도 예쁘게 모양좋게 잘 만들어져있었고, 너무 짜지도 달지도 않아서 괜찮았어요! 생선 상태도 꽤 좋은 편이었습니다. 한 번쯤은 시도해도 좋을?그런 퀄리티였어요. 시킨 것중에서 제 입맛에 잘 맞았던 건 스파이시 연어롤이었고, 치즈나 느끼한 거 안좋아하시는 분들은 캘리포니아롤을 추천드리지 않습니당...🥲(전 느끼한 것과 치즈덩어리를 안좋아하는데 캘리포니아롤에는 아보카도와 치즈가 들어있었습니다. 그래서 약간 제 입맛엔 맞지않았죠. 치즈큐브와 아보카도의 비중이 꽤 커요) 전 약간 매콤하고 달달한 거 좋아해서 스파이시 연어롤이 맛있었나봅니다.☺ 연어니기리는 무난하고 평범했고, 무리하지않으면서 쉽게 시도할 수 있는 맛이었고, 간장새우니기리는 새우 좋아하시는 분들이라면 분명 입이 잘 맞으실거예요!! 스파이시 연어롤같이 소스가 첨가되어있는 것들은 거의 간이 되어있고, 딴짠 또는 약간 매콤을 위주로 하기때문에 심플하고 담백하면서 깔끔한 맛을 선호하시는 분들은 연어초밥피스나 소스가 첨가되지 않은 것들을 드시는 게 좋을 거라고 생각이 되네요. 왜냐면 스파이시 연어롤을 예로 들자면 연어롤에 소스를 메인으로 해서 음식에 특색을 입힌 것이라 ,간 쎈거 안좋아하시는 분들에게는 차라리 필연세트(소스가 있긴하지만 무난해요, 애들 먹기에도 좋고요)나 연어초밥 피스(piece)를 사시는 걸 추천드립니다. 장어니기리도 마찬가지로 간이 쎈 편에 속합니다.
본인 취향을 잘 고려해서 사셔야 한계효용에 맞는 쇼핑을 하는 법이지요ㅎㅎ.. 부디 제 리뷰가 도움되셨길 바라면서 좋은 식사하시고 취향에 맞는 선택으로 여우의 맛을 느껴보시면 좋을것같네요🥰🥰
오늘의 리뷰는 여기까지였습니다♡",긍정적,긍정적
2018-01,"진작에 여기 평점을 봤어야 됬는데..

맛 자체는 나쁘지 않다. 깔끔하고 도시락치고 맛이 있다.

문제는 정신나간 가격
밑에 연어초밥 4피스에 롤 조금이 11900원이다. 가격을 압도하는 맛이 있음 모를까 이정도에 이 가격 받을 정도는 아니다. 그냥 좀 괜찮은 퓨전 일식 집에서 맛볼수 있을 정도?

롤의 맛은 정말 괜찮지만 밥 양이 부실하고 연어초밥은 연어 퀄리티는 그럭저럭 괜찮지만 그럭저럭 수준이 되면 안된다. 또 초밥 밥 양은 많은 편.

전반적으로 창렬하지만 바쁜 직장인 많은 임대료 비싼 부자 동네에 이 정도 인테리어면 아주 이해 안 되는 것도 아니다.",부정적,부정적
2019-01,깔끔하고 괜찮아요. 도시락치곤 가격 좀 센데 재료 궐리티가 높다고 하니 가끔 먹기엔 부담없어요. 밥은 딱딱해지는 단점,긍정적,긍정적
2019-01,"가격이 좀 비싸지만 혼밥하기 좋은 밥집이에요
건강한 메뉴들로 먹고 싶을때 자주 먹습니다
완전 건강식이라고 하기엔 간이 좀 세지만, 외식하는데 마땅히 먹을게 없을 따 먹게되네요",긍정적,긍정적
2019-01,"가격은 어느 근사한 음식점만큼 비싸다. 하지만 청결한 매장에서 신선한 식재료로 조리된 정갈한 도시락을 언제든지 구입할 수 있다. 음료수가 다양하게 준비되어있다. 퓨전, 전통 요리와 샐러드 그리고 스시까지 판매한다. 만약 당신이 채식주의자라면 방문하기를 추천한다.

단점: 늘 비싸다고 생각한다.
장점: 혼자서 식사 할 때 편한공간이다.",긍정적,긍정적
2018-01,가격은 좀 나가지만 맛은 좋아요. 혼자 와서 간단히 샐러드나 롤 먹고 가기 좋을 듯해요.,긍정적,긍정적
2021-01,가격이 살짝 비싼면이 있고 맛은 그냥 보통의 맛임 소스가 부족했음! 매운돼지김치어쩌구 있는데 그것도 별로...,부정적,부정적
2018-01,"깔끔하고 맛있는 롤 도시락.
다 맛있어 보여서 고르는데 어려웠는데
맛이 다 비슷해서 놀람
장어롤 위의 장어는 포를 뜨듯 얇게 올라가있었지만 그래도 맛있게 먹었다.",긍정적,긍정적
2019-01,"깨끗하고 위생적이고, 간편하게 먹고 싶을 때 테이크아웃& 혼밥먹기 딱좋다! 다만 늦게가면 먹고싶은 메뉴가 없을 수 있다",긍정적,긍정적
2017-01,깔끔한 도시락이에요. 캐쥬얼 일식같은 롤 덮밥등 간단히 먹기 좋아요.,긍정적,긍정적
2023-01,여기 닭갈비 덮밥 성분 속이는 것 같음 홈페이지 표기 단백질 49g 나올 수가 없을 정도로 적음 너구리다고같은 유튜버가 한번 성분 의뢰 맡겨봤으면 함,부정적,부정적
2022-01,알바 불친절(메뉴옆에 적혀진 문구를 자세히 못보는 바람에 잠깐 질문 좀 했는데 표정썩음+한숨 쉬면서 대답도없이 고개만 까딱)&가격에 비해 맛은 그닥. 주변에 딱히 눈에 띄는 음식점이 없어서 다 질려서 진짜 먹을거 없을때 가는데 갈때마다 돈 아깝단 생각오짐,부정적,부정적
2016-01,"가성비 낮고 초반에는 음식 퀄리티가 괜찮았으나 요새는 음식 재료도 점점 나빠지는 듯....sfc 임대료가 비싸긴 한데 , 이정도 양과 퀄리티에 가격대가 너무 높은 듯..... 특히 참치김밥을 fancy하게 이름 바꿔놓고 7천원이었나....에 파는데 사먹고 나서 후회함....

The price may be reasonable for a downtown shop in US, but it's quite expensive for this quantity and quality of food. I give 2 stars because it used to have decent quality for a grab n go place, but they seem to have some trouble keeping the ingredients fresh these days.",부정적,부정적
2021-01,"밥이 차갑지만 연어가 있으니까...연어랑 아보 같이 들어있는 롤이 먹을만하다
김 맛이 좀 특이했다
비싼데 메뉴가 더 다양했으면",부정적,긍정적
2022-01,자주이용. 오래전에 잎사귀에서 초록벌레나왔지만 지금은 괜찮은듯. ㅎ 너무 친환경적인가봐요,긍정적,긍정적
2016-01,"체인점이라 맛은 거기서 거기고 가성비는 떨어지는 편입니다.
연어초밥 5개에 7500원이네요.",부정적,부정적
2020-01,강남권에서 질 좋은 연어초밥 대기시간 없이 배부르고 빠르게 먹기 좋은 곳 깔끔하고 아주 친절하다 재방문 의사 100,긍정적,긍정적
2018-01,비싸지만 간편하게 먹기 좋고 맛도 좋아요.,긍정적,긍정적
2022-01,채식 혼밥 좋아하시는 분이라면 나쁘지 않다,긍정적,긍정적
2021-01,"합리적인 가격,양질의 초밥
만족합니다",긍정적,긍정적
2019-01,가격이 좀 비싸나... 음식은 깔끔하면서,부정적,긍정적
2017-01,"혼밥하기에는 괜찮은곳
샌드위치와 패스트푸드 질렸다면 이쪽으로",긍정적,긍정적
2019-01,뭐 딱히 먹고싶은거 없을때 점심 떼우기에 딱좋음,긍정적,긍정적
2017-01,다른 스노우 폭스도 그렇듯 깔끔하고 혼자 간단히 밥 먹기 좋다,긍정적,긍정적
2019-01,약간 비싼 감이 있지만 한 끼 때우기에 좋음,부정적,긍정적
2019-01,가격도 괜찮고 맛있어요!,긍정적,긍정적
2019-01,빠르고 간단하게 샐러드를 즐길수있는곳,긍정적,긍정적
2021-01,"깔끔
커피는 별루
디자인은 좋음",긍정적,긍정적
2021-01,깔끔하고 맛있고 간편한 한 끼 식사,긍정적,긍정적
2021-01,혼밥하기좋았어요,긍정적,긍정적
2019-01,퀄리티는 최고. 가격은 비쌈,긍정적,긍정적
2019-01,몸에는 부담 없지만 지갑에는 부하가 걸림,부정적,부정적
2019-01,가보시면 아시겠지만 돈이아깝지않을거에요,긍정적,긍정적
2021-01,꽃이 시들시들판아이들이많았오...ㅠ,부정적,부정적
2016-01,혼밥하기 좋아요~^^,긍정적,긍정적
2022-01,캘리포니아 롤 중심의 메뉴 구성.,긍정적,긍정적
2020-01,간단히 식사하기 좋은곳,긍정적,긍정적
2021-01,스노우폭스는 실패하지 않는다,긍정적,긍정적
2019-01,깔끔 단백 맛있음!!,긍정적,긍정적
2019-01,쵝오입니다♡♡,긍정적,긍정적
2021-01,😋…,긍정적,긍정적
2021-01,별하나도 아깝..,부정적,부정적
2019-01,프리미엄 도시락,긍정적,긍정적
2020-01,그냥평벙,부정적,부정적
2019-01,가성비...,부정적,부정적
2021-01,동료들과 함께 점심을 놓치고 혼자 간단한 식사가 필요한 경우. 이것이 완벽한 장소입니다. 저는 주로 스시앤롤을 먹습니다.,긍정적,긍정적
2016-01,"모던한 스타일의 도시락. 보석상처럼 보이지만 안에는 스시, 캘리포니아롤, 각종 샐러드가 있어요.",긍정적,긍정적
2019-01,저는 인천공항에 있는데 초밥 세트를 많이 샀는데도 물을 공짜로 주지 않더군요.,부정적,부정적
2023-01,엄청 맛있었어요 🤤,긍정적,긍정적
2022-01,음식이 충분히 따뜻하지 않았습니다,부정적,부정적
2019-01,아주 좋은 분위기!,긍정적,긍정적
2019-01,아아아아아아 비싸다,부정적,부정적
2023-01,점점 더 악화,부정적,부정적
