Date,Review,sentiment,Sentiment2
2023-01,"뽀얀 색을 띄는 시원칼칼한 대구탕으로
땀뻘뻘 흘리면서 전날의 숙취해소 뚝딱
올라간 빨간 고추가 마지막까지 기침유발…",부정적,긍정적
2022-01,시원하고 개운한 대구탕.. 오만대(오뎅+만두+대구)를 추천합니다. 대구는 생대구가 아닌 냉동대구를 쓰지만 국물은 예술이네요.,긍정적,긍정적
2021-01,"대구탕 지리 담백하고 시원한 국물에 칼칼한 청양고추, 깔끔한 반찬
대구뽈탕도 맛있고 대구탕도 맛있어요",긍정적,긍정적
2019-01,인생 맛집 중 하나에요~ 근처 회사 다닐 때 진짜 자주 와서 먹었는데 이제 회사가 이전해서 가끔만 와서 먹는데 너무 아쉬움 ㅠ 대구도 쫄깃하고 밑반찬도 하나하나 다 맛있음 :),긍정적,긍정적
2021-01,깔끔한 맛. 뽈탕 특 추천 합니다.,긍정적,긍정적
2019-01,오만대(오뎅 만두 대구탕) 메뉴 강추 9천원,긍정적,긍정적
2022-01,오만대 드셔 보세요. 꼭이요.,긍정적,긍정적
2019-01,아주 나뿜,긍정적,긍정적
