Date,Review,sentiment,Sentiment2
2021-01,"생긴지 얼마 안 된 것 같은 깨끗하고 상큼한 카페네요:) 지나가다가 좋아 보여서 들어갔는데 완전 만족했어요!!! 커피도 맛있고, 계절 한정 특선 음료인 밤 블렌디드도 넘 맛있었어요!!! 가게 분위기가 너무 깨끗하고 예뻐서 사진도 잘 나올 것 같아요 사무 보시는 분들을 위해서 콘센트도 넉넉하게 있네요!!",긍정적,긍정적
2022-01,"매장이 깨끗해요~음료맛은 그럭저럭이고요
오시는 분들은 젊은층이 많아요~
근데
옆좌석에 앉으신중년의 아줌마,아저씨들은 큰소리로 대화하셔서 귀를막고 숙제했어요
나 말고도 다른 데이블도 공부하던데....",긍정적,긍정적
2022-01,"카페넓고 좋아요.
디저트 이름 뭔지 모르겠는데, 못봤던거라 시켰는데 괜찮았어요.",긍정적,긍정적
2022-01,"뱅사 푸르덴셜 타워 골목 사이에 있는 카페. Blue가 기본 컨셉트. 2종류의 블렌딩 커피 원두를 골라 아메리카노에 투척해줌. 주변회사 사원증 할인이 되고, 커피값은 기본적으로 비싼편.",긍정적,긍정적
2022-01,"쾌적한 공간, 다양한 메뉴, 괜찮은 맛",긍정적,긍정적
2021-01,"커피도맛있지만 스콘도 맛있는집
스콘 진짜 맛있어요",긍정적,긍정적
2022-01,모든게좋음,긍정적,긍정적
2022-01,파라노이드 라떼 맛있어요,긍정적,긍정적
2023-01,괜찮아요,긍정적,긍정적
2023-01,밀크티 맛인 [아이스크림 마운틴]을 맛보러 왔어요. 저희는 밀크티맛 2개와 딸기맛 1개를 주문했어요. 딸기를 먹어본 사람은 딸기잼(시럽 아님)이고 너무 달다(톡 쏘는 맛 없음)라고 하더군요.…,긍정적,긍정적
2023-01,저는 이 카페의 블루 터치가 가미된 미니멀리스트 스타일을 좋아합니다. 그들은 좋은 술 메뉴를 가지고 있으며 유럽 스타일의 바삭한 디저트를 더 많이 발견하게 되어 정말 감사했습니다.,긍정적,긍정적
