Date,Review,sentiment,Sentiment2
2022-01,"뱅뱅사거리 푸르덴셜 타워 옆이고 대로변에 위치하고있어 접근성이 좋고, 매장이1층만있고 크지는 않으나, 킬링타임하기 무난한곳. 화장실도 건물1층에 가까이 있어 편리했음",긍정적,긍정적
2023-01,"직원이 너무 서둘러서
주문하는중에 자꾸 결제카드 달라고 ㅎㅎ",부정적,긍정적
2021-01,"빵 케잌 종류 다양하고 샌드위치가 넉넉해요
직원분들도 친절하시고 앉아서 먹을수도 있어요.
스마트기기 충전도 가능합니다",긍정적,긍정적
2024-09,계산 포스기가 한대뿐이어서...ㅠㅠ 사람 많을때는 방문이 힘들것 같아요..,부정적,긍정적
2022-01,친절함 아늑함 케잌종류많음 테이블깨끗함,긍정적,긍정적
2020-01,"푸르덴셜 본사 사옥 옆에있는 파리바게트!
지인분과 잠시 미팅하러 들어갔네요^^
생각보다 손님들이 별로 없어서 자리잡고 커피ㆍ빵을 구입후 천천히 먹으면서 많은 이야기를 나눴습니다!
조용해서 좋았습니다!!!",긍정적,긍정적
2021-01,아침 바쁜시간에 기프티콘 사용했는데 친절하게 응해주셔서 감사했어요♡,긍정적,긍정적
2019-01,무난하게 빵 다양한 곳입니다. 접근성이 좋아서 종종 이용해요. 빠리바게트에 대해서 막 길게 리뷰를 쓸 말은....없고... 아 빠리바게트 맛있는 빵 추천이나 해볼까... 소위 '낙엽빵'이라고도 불리는 소세지가 든 빵이 맛있어요. 그리고 케이크 가루가 주변에 발려져 있는 케잌 꽈배기 도넛 존맛탱.,긍정적,긍정적
2021-01,"요기 깔끔하고 사장님이 엄청 친절하시구 좋으세요:)
빵도 항상 깔끔하게 위생상태 좋구요!
매주 주말아침마다 애용합니다~~",긍정적,긍정적
2022-01,"밀키트로 된 음식먹었는데 별로예요~매장안분위기는 깨끗해요~좀 작기도하고요,직원분은 업무적으로 대하고요",부정적,부정적
2019-01,일반적 카페인데 인근 앉아서 먹을수 있는 카페형은 좋아요. 그런데 접객 하시는 분들은 편하지 않았습니다.,긍정적,긍정적
2024-09,빙수 맛있어요,긍정적,긍정적
2022-01,조용하고 좋아요,긍정적,긍정적
2020-01,빵 종류가 많고 특히 샌드위치랑 샐러드 즐깁니다. 친절하구요,긍정적,긍정적
2022-01,편하게 커피도 마시고 맛있는 빵도 먹고 파리바게뜨 좋아요.,긍정적,긍정적
2019-01,"출근시간에는 사람이 많아 기다림이 조금 길어집니다.
뭔가 크게 나쁘점이 없지만 그다지 편안하지도 않습니다.",부정적,부정적
2019-01,카페식으로 먹을수밌는 공간이 예쁘게 꾸여져있어요,긍정적,긍정적
2017-01,직원분들이 친절하고 장소가 넓어 간단한 미팅장소로 좋습니다.,긍정적,긍정적
2019-01,새로운 인테리어가 적용된 점포라 깔금하고 깨끗해서 좋음,긍정적,긍정적
2019-01,가격은 다른 파바보다 좀 비싸지만 빵은 맛있어요,긍정적,긍정적
2020-01,매장내 공간도 넓고 맛있어요,긍정적,긍정적
2020-01,꿀토스트 식빵이 저녁까지 살아있는 몇안되는 빠바,긍정적,긍정적
2020-01,커피구독 한달에20잔  한잔당 990원   개꿀,긍정적,긍정적
2018-01,빵 종류도 다양하고 커피도 문안합니다. 조금 싱거울지도...,긍정적,긍정적
2019-01,매장이 깔끔하고 테이블 배치가 좋습니다.,긍정적,긍정적
2021-01,조용하고 쾌적함이 아주 좋았어요,긍정적,긍정적
2019-01,친절하고 맛있어요 굿,긍정적,긍정적
2019-01,유니온센터 1층에 새로 생겼네요!!,긍정적,긍정적
2019-01,공간이 넓어서 좋아요.,긍정적,긍정적
2021-01,당근하러잠시들어감 의자편함,긍정적,긍정적
2019-01,내부장식이 아담하고 깨끗한 곳,긍정적,긍정적
2019-01,서비스 안좋아요,부정적,부정적
2019-01,전형적인 파리바겟트입니다.,긍정적,긍정적
2019-01,맛있는 빵이 있는 곳,긍정적,긍정적
2019-01,샐러드 좋아요,긍정적,긍정적
2023-01,알바가 친절,긍정적,긍정적
2019-01,여자친구 기다리는곳,긍정적,긍정적
2020-01,샌드위치 너무 단맛위주,부정적,부정적
2019-01,일반적인 파리바게트,부정적,부정적
2019-01,친절하지 않음,부정적,부정적
2018-01,친절해요,긍정적,긍정적
2018-01,좋음,긍정적,긍정적
2021-01,갠츈,부정적,긍정적
2019-01,빵집,긍정적,긍정적
2021-01,강남 프랜차이즈,알 수 없음,알 수 없음
2022-01,의자 지저분함,부정적,부정적
2022-01,평범한 파리바게트,부정적,부정적
2022-01,ㅇ숴ㆍㄴ,부정적,부정적
2018-01,조식별로..,부정적,부정적
2019-01,음료쓰레기,부정적,부정적
2019-01,붐벼요,긍정적,긍정적
2019-01,가성비꽝,부정적,부정적
2023-01,화장실만 있으면 일도 하고 밥도 먹을 수 있는 곳이겠는데…,긍정적,긍정적
2018-01,그냥 평범한 체인 베이커리/카페입니다.,부정적,부정적
2018-01,평범한 아침 뷔페,부정적,부정적
2022-01,멋진,긍정적,긍정적
2019-01,좋은 커피,긍정적,긍정적
2018-01,좋은 아침 식사,긍정적,긍정적
2019-01,나쁜 서비스,부정적,부정적
