Date,Review,sentiment,Sentiment2
2020-01,"2층 흡연공간, 강남역 대로변보다 조용해서 미팅, 공부 그리고 휴식하기 좋습니다!!",긍정적,긍정적
2022-01,"좁은 감이 있지만, 그래서 대화집중이 잘 되는 곳! 흡연실도 따로 있음!",긍정적,긍정적
2024-02,이층 흡연실 좋아요^^,긍정적,긍정적
2022-01,직원분이 언제나 친절하게 응대해주셔서 편안한 곳 입니다.,긍정적,긍정적
2019-01,강남에서 주차무료인 커피숍이란!!,긍정적,긍정적
2021-01,좋음,긍정적,긍정적
2023-01,강남 지역의 멋진 카페 가게,긍정적,긍정적
