Date,Review,sentiment,Sentiment2
2023-01,"한우 암소집, 모듬구이와 육회 시켰는데 살치 등심 갈비살등이 아주 맛있었다 양도 그정도면 관찮았다 된장찌개 누릉지도 흠잡을데 없었다 기본적으로 밑반찬 다 맛있고  좋은데 상이좀 좁고 기본반찬 가짓수가 조금 적은편이 유일한 흠이다 주차는 두대정도 무료가능",긍정적,긍정적
2020-01,"추천메뉴: 새우살

- 국내산 암소, 한우인데도 가격대가 좋은편
- 주인아주머니 음식솜씨가 좋으심, 우거지국 간이 알맞고 고소하다
- 육사시미도 처음 먹어보는데 맛있음!",긍정적,긍정적
2023-12,양재 소재 육회비빔밥파는 집 중에 제일 괜춘함,긍정적,긍정적
2022-01,새우살 짱 입니다. 광주무등산 재료의 가치,긍정적,긍정적
2024-09,가성비가 끝내줍니다!,긍정적,긍정적
2023-01,너무맛있습니다,긍정적,긍정적
2020-01,고기맛있고 사장님 친철하시고 사모님 음식솜씨가 좋아요,긍정적,긍정적
2020-01,주차공간도 부족하고 음식 내용물이 부실해요...ㅠ.ㅠ,부정적,부정적
2020-01,고기가 너무 맛있어서 또  가고십네요,긍정적,긍정적
2020-01,고기랑 밑반찬 모두 맛있는 식당입니다,긍정적,긍정적
2023-01,갈비탕이 맛있어요,긍정적,긍정적
2020-01,생고기부터 육사시미까지 좋아요,긍정적,긍정적
2024-01,기성비 좋은 점심식사,긍정적,긍정적
2021-01,친절하고 넘 맛있어요,긍정적,긍정적
2021-01,고기좋고 맛있어요,긍정적,긍정적
2021-01,장소는 좀 협소하지만 맛집입니다.,긍정적,긍정적
2021-01,따님이 정말 친절하심,긍정적,긍정적
2023-01,사장님이 건물주인듯,긍정적,긍정적
2021-01,맛도 서비스도 최고,긍정적,긍정적
2023-01,점심식사 맛있습니다.,긍정적,긍정적
2020-01,와... 고기가... 정말 맛있음,긍정적,긍정적
2021-01,점심메뉴로 괜찮다.,긍정적,긍정적
2020-01,한우최고 맛나다,긍정적,긍정적
2023-01,맛있는 식당,긍정적,긍정적
2022-01,가성비...,부정적,부정적
