Date,Review,sentiment,Sentiment2
2021-01,"맛은 괜찮은 편이나 위생이 불량하다.
저 식판과 물통에 낀 곰팡이 때문에 식사 시작 전부터 기분이 별로였다.
곰팡이 사진도 찍었지만 혐오스러우므로 패스.",부정적,부정적
2021-01,"최고에요.
반찬 하나하나 다 맛있어요.
저렴하구요~ 재방문 의사 100%에요.
양재역근처 보쌈정식보다 훨씬 나아요.",긍정적,긍정적
2024-07,먹고나면 불편함이 없고 속이 편해요,긍정적,긍정적
2022-01,맛있고 건강해요......맨날 가고싶음,긍정적,긍정적
2019-01,곤드레밥 등 가격도 착하고 맛도 좋아요,긍정적,긍정적
2021-01,So so. 특별히 맛있다는 인상은 못받았음.그렇다고 맛없다고도 아니고 그냥 저냥 배고플때 한끼 때우기 정도. 재방문 의사 없음.,부정적,부정적
2023-01,"건강식 좋아하시면 추천요, 곤드레밥, 낙지볶음 맛있습니다~ ^^",긍정적,긍정적
2021-01,반찬 종류 많고 깔끔하고 맛있어요 진짜 두메산골 맛이에요. 자주 가려고요,긍정적,긍정적
2022-01,"서울강남에서 11,000원
맛도 양도 괜찮아요",긍정적,긍정적
2022-01,낙지부터 반찬까지 너무 맛있네요. 숨은 맛집,긍정적,긍정적
2022-01,뱅뱅사거리 한식 맛집 정갈하고 음식 맛있어요,긍정적,긍정적
2022-01,자극적이지 않아요. 음식이 정갈하로 담백합니다. 가격이 합리적입니다.,긍정적,긍정적
2020-01,진짜 깔끔하고 맛있네요. 이런 숨겨진 맛집이 있을줄은,긍정적,긍정적
2022-01,낙지 덮밥에 낙지많아서 맛있는 식사였딘,긍정적,긍정적
2022-01,불친절하고 생각보다 맛도 그냥 그래요,부정적,부정적
2021-01,깔끔한 실내 깔끔 담백한음식이 인상이남았다,긍정적,긍정적
2020-01,나물을 나무랄수 없는 ... 곤드레 잠자리 건강을 회복시켜주는 음식!,긍정적,긍정적
2022-01,반찬 많고 맛있어요,긍정적,긍정적
2022-01,나물과 단백한 안주가 맛납니다.,긍정적,긍정적
2022-01,밥이 먹고 싶을때.  맛있음,긍정적,긍정적
2023-01,건강식,긍정적,긍정적
2019-01,"한국 음식, 반찬이 많이 포함된 매우 맛있는 고기. 2인 기준 가격은 꽤 합리적이다.",긍정적,긍정적
2021-01,점심으로 문어 세트 메뉴를 먹었습니다. 그리고 감자 팬케이크. 문어는 괜찮았어요... 최고는 아니었어요. 감자 팬케이크는 굉장했습니다. 다음에는 저녁에 술 한잔하러 다시 오겠습니다.,긍정적,긍정적
