Date,Review,sentiment,Sentiment2
2024-10,예약 안해도 테이블이 여유가있어서 쾌적하고 환기도 잘되는 집입니다.고기질도 매우 좋고 서비스도 훌륭합니다.여자분들 오시기에 좋아요.무엇보다 저는 요식업의 기본이 화장실의 청결함부터 보는 편인데 너무 깨끗합니다.당연히 맛있는 메뉴들이 많아야겠죠.만족합니다,긍정적,긍정적
2024-10,"고기가 맛있슴
짜빠게티도 사이드 메뉴로
김치말이국수도 추천받음",긍정적,긍정적
