Date,Review,sentiment,Sentiment2
2024-05,"2층에 위치해 있고 테라스에서 야장 즐길 수 있는 곳임.
통닭이 바삭하게 튀겨져 맥주와는 완전 궁합이 제대로인 치킨 맛집임.
하지만 주인이 불러도 오지도 않고 손 덜가는 삼겹살 조금 시키고 통닭 많이 시켰다고 진심으로 타박하는 곳임. 저녁 시간대에도 주방 포함 2명이 일하다 보니 제대로 돌아가지 않음. 굉장히 불친절하고 주인 편한대로 장사하는 곳이라 재방문은 절대하지 않을 곳임.",부정적,부정적
2024-06,"아래 평점 1점 평 중 그나마 통닭이 제대로 튀겨져있다는 평도 동의 못하겠는 집. 최악은 접객 차악은 맛이라 그럴까요?
업장이 저지른 실수를 컴플레인 걸면 나는 직원이라 모른다(본인이 주문받음) 시전 후 사장이 호다다 뛰어나와 서비스 (튀김 2조각)회유 딜 후, 성사 불가 시 그렇게 배부르면 추가로 주문은 왜 했냐 타박;
계산 시에는 주문한 메뉴대로 돈 받고자하기에 잘못 나와서 실제로 먹은 메뉴로 계산하겠다 하니 바빠죽겠는데 다시 계산시킨다며 온갖 성화를 내며 현금을 거슬러 주시네요. 감사합니다.",부정적,부정적
2024-09,"욕쓰러 왔는데 이미 평점이 1점이더라. 말 안해도 알지?
순살시켰는데 닭에서 삭힌 두부 냄새남 ㅋㅋㅋㅋ",부정적,부정적
2024-07,진짜 사장님 서비스마인드가 쓰레기!  나머지가 다 좋다,부정적,부정적
