Date,Review,sentiment,Sentiment2
2023-01,"매장이 중간정도 넓은편이구요:4좌석테이블9자리~직원분 친절하세요(미소는없지만...)빵맛은 거의 비슷해요,30분 앉아있었는데 손님은 꽤있어요~",긍정적,긍정적
2019-01,뚜레주르 뱅뱅사거리점은 꽤나 많은 갓구은 빵과 케익류가 있다. 다른 지점보다 종류가 많고 내가 좋아하는 모카생크림빵은 심지어 크기도 더 크다. 주인 아줌마가 오랫동안 한자리에서 하시고 계서  자주 이용한다.,긍정적,긍정적
2023-01,브랜드가 꺾이고 있어 최근 많이 없어졌고 저도 그와중 겨우찾아간곳입니다 경쟁사보다 케잌은 더 맛난데 마케팅을 경쟁력있게 하는것 같지는 않네요 이점이 문제일수도 있겠네요,부정적,부정적
2021-01,"위치는 좋으나.. 빵 종류 몇 개 없음. 케이크와 샌드위치 위주로 판매.
큰 에스프레소기계가 있으나 그 옆에 작은 커피기계로 추출하여 라떼를 만들어 주는데 세 입 먹고 안먹음.
커피는 먹지 마세요.",부정적,부정적
2018-01,"뜨레쥬르는 빵 가격이 점포마다 틀리다고 합니다.
여기는 조금 더 비싼 편이네요.
녹차롤케잌이 권장가가 12천원이고 인터넷으로는 더 싸게 뜨는데 여긴 13천원 받아요..",부정적,부정적
2019-01,맑은 공기.  청결한 시설. 다양한 캠핑체험,긍정적,긍정적
2023-01,맛있는 빵과 케익이 많이많이있어요~~~,긍정적,긍정적
2021-01,"결제하는데 손으로 재촉하고, 안녕히 계세요 인사하는데 대꾸도 없이 다음 손님 결제하고 최악입니다.",부정적,부정적
2019-01,"평소 자주 찾는 제과점.
언제나 다양하고 신선한 제품으로 방문할때 마다 만족하는 빵집",긍정적,긍정적
2020-01,"친절하고 다양한 샌드위치가
맛나고 신선하고  든든합니다. 굿~굿~^^",긍정적,긍정적
2022-01,"친구집 방문을 위해 케이크와 빵 구매
다른 매장과 비슷비슷하죠",긍정적,긍정적
2023-01,위치가 좋고 접근성이 좋습니다,긍정적,긍정적
2022-01,커피 마시기 딱 좋습니다.,긍정적,긍정적
2019-01,파리바게트보다 더 맛있는데 집에서 멀어서 아쉬워요,긍정적,긍정적
2022-01,먹을게 많고 skt할인도 해줌,긍정적,긍정적
2019-01,커피 메뉴는 쏘쏘했음,부정적,부정적
2020-01,넓고 조용함 파바보다 나음,긍정적,긍정적
2019-01,샌드위치빵이 너무 두꺼움!,부정적,부정적
2019-01,밖에서 담배필수있음,부정적,부정적
2021-01,맛있어요~,긍정적,긍정적
2022-01,보통,부정적,부정적
2022-01,좋아요,긍정적,긍정적
2019-01,무난~~~합니다.,부정적,부정적
2021-01,친절하게,긍정적,긍정적
2019-01,맛없어,부정적,부정적
2019-01,좋은,긍정적,긍정적
