Date,Review,sentiment,Sentiment2
2024-05,"제 기준에서는 무난합니다. 프라이빗 룸 좋음
참고로 1.9키로 좀 안되는 킹크랩으로 시겼는데
제기준에서는 수족관의 큰 킹크랩과
종류가 다른건지 색이다른건지 맛이 차이가 있는 느낌.
직원분의 설명이 없어서 아쉬웠음",긍정적,긍정적
2024-01,"강남 뱅뱅사거리에 위치해서 접근이 용이합니다. 개별룸으로 되어있어, 모임하기 괜찮습니다. 가격대가 있지만 나오는 퀄리티와 서비스의 친절함이 좋았습니다. 연말이나 신년에 모임을 가지기 좋은 곳입니다.",긍정적,긍정적
2023-12,"점심식사로 게살비빔밥을 먹었습니다.
처음 방문했는데 기본 예약제인듯 하더라구요.
모두 룸으로 구성되어있습니다. (파티션식이라 합칠수도 있음)
기본 밑반찬이 괜찮습니다.
메인인 게살비빔밥도 담백하니 좋았구요!
게장도 충분히 많이 줘서 만족했습니다.",긍정적,긍정적
2023-01,"가족끼리, 친구들끼리 데이트/회식장소로도 프라이빗룸이 있어서 좋음!!👍👍
생일이라서 기념겸 방문!!
음식은 맛있는데 생각보다 예쁘게 플레이닝이 안되어서 아쉬웠음..! 그래도 직원분들 다 친절하고 음식맛있고 조용히 식사가능해서 좋았음😍",긍정적,긍정적
2024-05,"킹크랩 코스 1인 24만원.
음식 맛 좋아요.",긍정적,긍정적
2023-01,"프라이빗한 룸에서 좋은 서비스를 받을 수 있습니다.

대게와 킹크랩, 랍스타가 주요 메뉴인데,
여러 사람이 가면 적적히 섞어서 먹을 수 있습니다.

전채 요리가 다양하게 나오고, 술과 음료수도 다양하게 구비되어 있고, 메인요리의 완성도도 좋습니다.

다 먹고 나면 내장과 게살들을 발라서 밥과 찌개가 나오는데 그것도 예술입니다.

귀한분들 모시고 가기에 아주 좋습니다.",긍정적,긍정적
2022-01,"주차가 편해서 좋았고.
주말런치 스페셜과 대게 튀김. 대게탕. 볶음밥 주문했어요.
가족점심식사로 룸이 마련되서 좋았는데
오더할게 있어서 벨을 눌러도 바로 바로 서빙이 되지는 못하더라고요.
그래도 친절하게 잘 응대해주시고 게는 역시 맛있네요^^",긍정적,긍정적
2021-01,3명이서 3kg킹크랩 먹었는데 배가 터질거같아요~ 양도 아주딱 적절하게 나오고 맛있었어요^^ 평일 저녁 7시 넘어서 갔는데 음식 나오는 속도도 너무 느리지도 않고 너무 빠르게 나오지도 않아서 적당히 소화시킬 시간있어서 괜찮았어요 1시간 30분정도안에 다 먹은거 같네요~^^ 음식 준비해주신 직원분도 친절하셔서 잘 대접해주셨답니다☺,긍정적,긍정적
2021-01,"2021.03 주말가족특선코스 59,000원
1인당 59,000원에 밥은 별도계산이다

밥은 게딱지에 비벼주는게 1인당 3천원..
꽃게탕은 8천원...

일단 모든 요리는 너무 짜거나 너무 맵거나 그런 자극적인게 없이 부드럽다

그리고 게살이 단맛이 나는게 싱싱하다

그렇지만 의문스러운건 대게라고 하기엔 몸통이 많이 작아보이고 게다리도 .....

즉 기본적인 코스요리만 먹으면 딱히 너무 맛있다 싶은 요리는 없고 코스 끝까지 다 먹어도 배가 별로 부르지 않다

주차장은 세네자리쯤이 딱 눈에 보이는데 음식물쓰레기통이 쭈루륵 세워져있어서 음? 하게 되지만 곧 발렛 아저씨가 오셔서 주차를 해주신다

발렛비용은 3천원이다",부정적,부정적
2024-04,"코스요리로 정갈하고 깔끔하게 손질되어 나왔어요.
친절하게 서빙해주시고 맛도 좋았습니다 ^^",긍정적,긍정적
2024-02,"설명할 필요가 있습니까?
몇명이 가든 전 좌석 룸으로 구성되어 편안한 분위기. 맛과 서비스야 너무 유명한 곳.
다만 입구에 수조가 있어서 출입할때 살짝 비린내 있다.",긍정적,긍정적
2021-01,역사와 전통의 게 전문 일식집. 원래 있던 건물을 다시 올리는지 지금 뱅뱅사거리에 이사왔어요. 가격은 좀 쎈데 참 맛있네요.,긍정적,긍정적
2021-01,1인 12만원 가격값하는 대게집. VIP A코스를 먹었는데 회랑 다양한 대게요리가 푸짐하게 잘 나온다.,긍정적,긍정적
2023-12,"맛은 좋지만, 가격과 불친절로 비추에요",부정적,부정적
2021-01,"고급스러운 분위기에 룸으로 되어있고 코스요리가 괜찮은 게요리집 :) 근데 가격이 비싸고 양이 적음ㅠㅠ 죽이 맛있어서 세 그릇이나 먹었다,,ㅋㅋ",긍정적,긍정적
2022-01,"킹크랩 드실분은 꼭 읽어봐주세요!!!!!!!
수요미식회에 나왔다고하고 고급지고 맛있는집이라고해서
방문하였는데...
냉동 킹크랩을 쓰는건지 아님 미리 쪄놓고 나중에주는건지?
게딱지에있는 내장에 살을 찍어먹는걸 조아하는데..
게딱지 내장이 냉장고에서 바로 막 나온것처럼
차가웠어요. 활 킹크랩을 바로 스팀해서 주는걸로 알고있는데..
몸통살도 미지근했고요..
살도 퍽퍽하고 수분기도 없고요..
직원분을 불러서 게딱지가 차갑다고했더니..
밥볶을거라며.. 게가 너무커서 다  안들어가서 따로 쪘다며..
이게 말이 되는말인지.. 후다닥 게닦지를 들고 사라졌습니다.
다시는 절대로 가지않을겁니다. 외국인친구들만 없었다면
불러서 더 따지려했는데..  즐거운자리인만큼 참았습니다.
참고 집에와서 생각하니 너무 어이가 없네요.
크랩류를 너무 조아하는 저에겐 엄청 실망했습니다.
별한게도 아깝습니다.",부정적,부정적
2022-01,가격도 구성도 분위기도 모두 좋지만 가장 퀄리티가 좋았어야 할 게의 퀄리티가 별로입니다.,부정적,부정적
2021-01,"특별한날 가족들과 함께 보내기 좋은곳. 직원들도 친절하고, 맛도 당연히 좋다.",긍정적,긍정적
2023-01,나쁘지는 않지만 특별하지도 않았음. 지하라 그런지 환기가 잘 안되는 기분....,부정적,부정적
2022-01,대게에서 단 맛이 나요. 대박 맛있었던 기억에 침대에 누워 조용히 한 줄기 눈물을 흘려보냈습니다.,긍정적,긍정적
2021-01,"대게 퀄리티도 서비스도 좋음
다만 가격대비 조금만 양을 더 했으면",긍정적,긍정적
2021-01,"분명히 맛은 있어요.
다만, 메인을 위한 여정이 너무 길었어요",부정적,부정적
2024-04,간만에 찾은무화잠 발렛해주시는분 부터 너무 친절하시고 카운터 계시는분들 서빙하시는분들 모두 친절하십니디. 톡히 음식이 굿 . 대게 먹고 왔는데 돈이 안 아깝네요.,긍정적,긍정적
2022-01,"가격은 비싼 편이지만 맛있게 먹었습니다.
서비스가 친철하진 않고 무난한 편입니다.",긍정적,긍정적
2022-01,"가격대비 좋은곳
보리굴비와 간장게장을 먹었는데 너무
잘나오녀요 ㆍ",긍정적,긍정적
2024-05,"가족 모임으로 다녀왔는데, 직원분들 너무 친절하셔서 기분 좋게 먹고 갔습니다.",긍정적,긍정적
2024-04,대게 코스 요리가 매우 맛있었습니다..가격은 조금 나갈거에요,긍정적,긍정적
2023-01,대게 비싼만큼 넘 맛있었어요. 주차장도 바로 옆에 있고 발렛되구요. 입구는 엄청난 대게 수족관의 행렬이. 룸도 많아서 조용하게 대화하기 좋아요!,긍정적,긍정적
2021-01,친절하고 맛있었어요,긍정적,긍정적
2024-02,조용하고 서비스가 편안하고 음식맛도 자극적이지 않아서 손님 모시기에 좋을 것 같습니다.,긍정적,긍정적
2023-01,진짜 구라 안치고 옛날에 친구랑 성공해서 여기서 먹자고 했는데 둘 다 어느정도 목표 이루고 여기서 먹게 됐어요. 진심 너무 기뻤습니다. 그래서 그런지 너무 좋았고요.,긍정적,긍정적
2021-01,모두 룸으로 되어 있어 다른 손님들과 마주칠일이 없어서 좋습니다. 가격은 비싸지만 맛은 좋네요. 점심 메뉴도 별도로 있습니다.,긍정적,긍정적
2022-01,"남동생이 살고 있는 서울에 도착하자마자
배가고파 간곳인데 평소 맛집을 잘가는 남동생이 추천
완전 고급스럽고 맛깔나게 잘 나오더라구요
매니저님도 넘 친절하시고 정말 맛있게 잘먹었습니다
좋은  추억으로 남을듯요~^^",긍정적,긍정적
2021-01,킹크랩코스 결코 싸지 않은 요리입니다 함께 나오는 음식들도 간결하면서 특색을 갖추려고 노력한 느낌입니다 그런데 모든 재료가 좋고 노력한 흔적을 갖고 있지만 가격대비  2% 부족한 느낌이 있습니다 킹크랩이 맛있습니다,긍정적,긍정적
2021-01,"유명하다길래 갔는데, 짜고 기분 나쁜 짠맛이 났어요ㅜ 게다가 촉촉하기는 커녕 게살들이 메말라서 껍질에 붙고 막 부서져요. 그리고 게 자체가 작은 게입니다. 코스요리들도 나오는 데에 시간이 너무 오래 걸려 다음요리 기다리다가 그냥 나왔습니다. 벨을 눌러도 바쁘신지 잘 안오시더라구요.. 아무튼 가성비 정말 별로였습니다.",부정적,부정적
2021-01,가격은 비싸지만 그만큼 값어치는 합니다,긍정적,긍정적
2022-01,"대게가 맛있음
돌문어는 별로였어요.",긍정적,긍정적
2021-01,"주차는발렛되니편리하고,
모두 룸으로 돼있는것 좋구
음식은 킹크랩.대게 가 싱싱하고 깔끔한데, 가성비를따지자면 너무 비싸다는것.? 일년에 한번정도가는집이예요.",긍정적,긍정적
2023-01,"점심에 최고 좋ㅈ은 곳
3만 굴비정식도 가성비 좋음
삿뽀로 생맥주 굿",긍정적,긍정적
2021-01,정말 퀄리티 좋은 대게찜과 신선한 해산물들. 코로나 시대에 전체 격실이라 안심. 다만 호텔 음식점에 비해서 당연하긴 하지만 서비스 질이 떨어지고 가격이 사악한 편이라 별 하나 감점,긍정적,긍정적
2022-01,꽉찬대게살을 너무 편하고 맛있게 먹을 수 있어서 좋아요! 코스메뉴들이 모두 신선하고 맛있습니다.,긍정적,긍정적
2021-01,여기 회식하기 진짜 좋습니다!,긍정적,긍정적
2021-01,"- 원래 있던 자리에서(1층 + 2층)  옆쪽 지하로 옮겼음.
- 고급 스러운 분위기. all room 임.
- 자극적이지 않고  순하면서 맛있음.
- 비쌈.   싸면서 푸짐하다~~~ 라는 것과는 전혀 관계없는 가격.
- 비싸지만 신선하면서 맛있고, 고급스러워서 좋음.",긍정적,긍정적
2022-01,"성인남자가 가면 나올때 허기집니다....
음식은 양으로 먹는게 아니라지만 적어요
누가 사주면 잘먹겠지만 내 지갑을 열어야할 상황이라면 다른 선택지를 택할거같습니다",부정적,부정적
2023-01,"아주 좋았습니다~!
맛도 좋고 매니져님 서비스도 휼륭하고
입구 분위기는 좀 그렇지만 매장 안에 들어와서는
아주 깔끔하고 좋았습니다!",긍정적,긍정적
2024-04,"맛난 대게~~
담엔 랍스터, 킹스랩도..ㅎ",긍정적,긍정적
2021-01,가격은 있지만 맛은 좋아요. 다만 지하로 옮긴후에 실내가 시끄러워요. 그전처럼 조용한 분위기가 아닌 옆방소리가 들려요.,긍정적,긍정적
2021-01,코스 괜찮네요~^^,긍정적,긍정적
2022-01,"세번 방문했는데  음식은 점심메뉴
간장게장 사이드메뉴도 좋았는데
카운터에 계신분 친절하지가
않아요   두 번 느꼈어요",부정적,긍정적
2023-01,"회사 회식
가격이 엄청나게 비싸지만 수율 90 이상 퀄리티를 유지하는곳 그만큼 가격이 있는곳 입니다.",긍정적,긍정적
2021-01,"인테리어는 최상급이라 분위기는 좋습니다.
스테프분들도 친절하고 ......
근데 가성비는 조금 떨어지는것 같습니다.",긍정적,긍정적
2022-01,강남쪽이다 보니 가격이 비쌀수밖에 없겠지만 가성비가 생각나는 곳이네요. 서비스는 좋습니다.,긍정적,긍정적
2021-01,음식은 그럭저럭 맛있는데 서버분들이 손님한테 은근히 반말하고 친절하지 않네요.,부정적,부정적
2021-01,VIP코스 대게로 경험할 수  있는 맛을 다 할 수 있는곳입니다 비싸다는 생각이들지 않을정도로,긍정적,긍정적
2021-01,가족과 함께 신선하고 큼지막한 대 게 🦀 맛에 푹 빠졌어요 비빔밥에 대 게 를 넣어 두그릇 순삭😄😄😄 맛있는 식사 했습니다…,긍정적,긍정적
2024-01,사장님께서 너무 친절하게 안내해주셨습니다.,긍정적,긍정적
2021-01,괜찮습니다. 방이 나뉘어져 있어서 좋습니다. 가성비는 약간 낮은편입니다,긍정적,긍정적
2022-01,킹크랩정식 넘 맛났어요. 마지막 볶음밥이 좀 질어서 감칠맛이 떨어진거 빼믄 다 좋았어요,긍정적,긍정적
2021-01,가격대비 별로임..맛이야 찜은 같으니..고객 응대도 별로,부정적,부정적
2021-01,친절 청결 맛 다 갖춘 곳!!  요즘같은 시국에 룸이라서 더 좋아요,긍정적,긍정적
2022-01,여기 방문 전 주에 가락시장 갔었는데요 그냥 무화잠 가는게 가성비 최고에요,긍정적,긍정적
2021-01,대게코스맛있게먹었습니다 강남점은 옮겼네요 확인후 방문하세요,긍정적,긍정적
2022-01,맛있어요 서비스도 좋고♡아주좋아요♡,긍정적,긍정적
2022-01,아주 맛남 세트로 나오는 회와 반찬들도 깔끔 맛집인정,긍정적,긍정적
2023-12,대게 코스가 맛있어요.,긍정적,긍정적
2022-01,"맛있는 게요리, 모임식사로 추천합니다",긍정적,긍정적
2022-01,점심코스 먹었는데 가격대비 쏘쏘,부정적,부정적
2021-01,매우 만족함,긍정적,긍정적
2021-01,"다양한  게요리가 일품이었습니다
너무 맛있었습니다 ^^",긍정적,긍정적
2021-01,"두번째 무화잠 방문
항상 정갈하고 맛있는 반찬과  대게정식 으로 둔둔합니다.",긍정적,긍정적
2022-01,음... 맛은 있음. 친절하기도 함,긍정적,긍정적
2022-01,맛도 양도 전부 실망 ... 이돈이면 ㅠㅜ,부정적,부정적
2022-01,음식도맛있고 친절하고 다괜찮음,긍정적,긍정적
2022-01,킹크랩으로 먹었는데 코스중 나오는 내용이나 메인이나 다 괜찮았음,긍정적,긍정적
2022-01,"싱싱한 대게는 많은데, 가격이 너무 비싼 듯^^",부정적,부정적
2022-01,게요리와 킹크랩이 맛있어요,긍정적,긍정적
2022-01,게코스요리가 특별했어요.,긍정적,긍정적
2021-01,"맛은 있는데, 내 돈 주고는 글쎄요...",부정적,부정적
2022-01,게요리 배불리 먹을 수 있는데 가격이 좀 됩니다.,부정적,부정적
2023-01,맛좋고서비스좋아요,긍정적,긍정적
2021-01,음식이 정갈하고 맛있어요,긍정적,긍정적
2022-01,맛있어요. 비싸긴하지만..^^;,긍정적,긍정적
2023-01,룸에 모기가 있었습니다.,부정적,부정적
2022-01,대게 맛있게 먹었어요,긍정적,긍정적
2022-01,뭐든굿굿굿,긍정적,긍정적
2022-01,대게를 맛나게 먹었네요.,긍정적,긍정적
2022-01,가격대비는 아닌듯,부정적,부정적
2021-01,대게 킹크랩 넘좋아요,긍정적,긍정적
2021-01,게 전문점인데 비싸요.,부정적,부정적
2021-01,굳이 이 가격에...,부정적,부정적
2021-01,"지하 1층 프라이버시 존중
정갈한 음식",긍정적,긍정적
2022-01,가격은 비쌈,부정적,부정적
2023-01,비싼데 맛있음,긍정적,긍정적
2021-01,비싸지만 맛남,긍정적,긍정적
2021-01,그냥 그러네요~~,부정적,부정적
2021-01,보통입니다.,부정적,부정적
2021-01,굳,긍정적,긍정적
2021-01,룸,긍정적,긍정적
2022-01,맛있고 깨긋함,긍정적,긍정적
2022-01,별로,부정적,부정적
2022-01,분위기 좋음,긍정적,긍정적
2021-01,정갈한 반찬,긍정적,긍정적
2023-01,맛난데비쌈,긍정적,긍정적
2021-01,👍 👍 👍 👍 👍 👍 👍 👍 👍…,긍정적,긍정적
2022-01,"훌륭한 서비스와 좋은 음식. 가격은 조금 비싸지만, 양도 괜찮고 전반적으로 음식에 만족했습니다.
서비스도 좋고, 웨이트리스가 둘 다 친절했어요(저는 두 번 갔어요).",긍정적,긍정적
2022-01,훌륭한 신선한 음식과 훌륭한 서비스 👌,긍정적,긍정적
2022-01,"아내와 나는 점심 식사를 위해 오후 2시에 나타났습니다. 약간의 망설임 끝에 직원들은 오후 3시에 쉬기 위해 문을 닫는다고 해서 우리를 받아주었습니다.
우리는 VIP 코스 C를 9만원에 선택했습니다.
스타터는 팥죽과 회였습니다. 멍게라는 특별한 아이템이 있었는데, 낯설지만 정말 신선하고 부드러웠어요.
메인 요리는 대게였는데 소스가 필요 없을 정도로 신선하고 맛있었습니다. 준비도 잘 되어있어서 고기 꺼내기도 쉬웠어요.
직원분이 게알을 밥과 함께 끓여준다고 하더군요. 20분정도 걸렸는데 돌아온 것은 작은 돌그릇에 밥이 바삭바삭하게 지은 밥이었습니다. 알이 밥알 하나하나에 고르게 흡수되어 그릇을 깨끗하게 비웠어요!
훌륭한 요리 경험이었으며 킹크랩을 먹으러 다시 돌아올 수 있기를 바랍니다😋",긍정적,긍정적
2024-10,아주 맛있어요,긍정적,긍정적
2023-01,게를 맛볼 수 있는 환상적인 장소....꼭 먹어봐야 할 곳,긍정적,긍정적
2022-01,프리미엄 크랩 레스토랑 아울렛입니다. 감당할 수 있는지 확인하세요,부정적,부정적
2022-01,좋은!,긍정적,긍정적
