Date,Review,sentiment,Sentiment2
2024-10,가성비 따지지 않고 맛있는 고깃집을 원한다면  이곳. 접대로 오기 좋지만 개인적으로는 글쎄? 점심 한정 갈비탕은 일찍 품절되니 서둘러야 함.,긍정적,긍정적
2024-03,버드나무 서초본점에 다녀왔어요.오랜된 건물에 1층부터 3층으로 운영되었고 룸.단체룸 다양하게 있어요.홀에서 편하게 식사할 수 있는 자리에서 먹었어요.곁들어져 나오는 찬들이 깔끔정갈하였어요.여기는 한우갈비탕이 유명하지만 32000원 상당히 비싸요.그외 다른고기류도 가격이 매우 비싼편이에요.,긍정적,긍정적
2024-05,"이 집 갈비탕은 먹을 때마다
휴~~겨우 다먹었군
할정도로 갈비 양이 많다
대신 손으로 들고 뜯어야하기 때문에 호불호는 갈릴듯
비빔냉면도 아주 맛남
대신 가격대는 좀 높은편",긍정적,긍정적
2023-01,"5년만에 찾아본 버드나무집,
역쉬 옛 명성  그대로 소갈비맛은 예술입니다.
친절한 직원들과 외국인 손님들도 많이 보입니다~~~기본반찬도 좋고 비쥬얼좋고 가족동반 손님접대 외국인접대하기 아주좋은 훌륭한 식당 이었습니다~~~^^",긍정적,긍정적
2023-01,"버드나무집 서초본점.
점심메뉴도 좋지만, 역시 버드나무집은 저녁에 생갈비를 먹으러 가야함.

룸으로 예약하면 단촐하게 좋은 서비스 속에서 여류롭게 식사할 수 있음.
생갈비도 양념갈비도 맛있고,
냉면도 함흥냉면 스타일이라서 좋았음.

밑반찬이 많이 나오고 특히나 동치미가 일품인 곳.",긍정적,긍정적
2023-01,너무 유명한 곳이죠. 서울 맛집 중 하나인데요. 한식 요리 중 소고기국밥의 진수가 여기 있습니다. 서울 강남에 가신다면 이곳을 추천합니다~ 고기 듬뿍 완전 맛집!! 강추합니다~,긍정적,긍정적
2024-08,"양념갈비 맛있게 먹었습니다. 밑반찬도 맛있었고요.
가격은 맛에 비해 지나치게 비싸다는 느낌.
후식 물냉면은 최악의 수준. 제가 냉면 맛을 모른다고 생각하실 수도 있지만, 글쎄요...
서비스는 행동과 말 뿐이 아니라, 표정과 말투가 좋아야 합니다.",긍정적,긍정적
2023-12,"생갈비 한대 120,000원
양념갈비 한대 85,000원
사진이 한대임.
가성비는 완전 떨어짐.
갈비 한대 구워주실때마다 불판교체.
숯상태보고 일인분 추가해도 숯통교체.
돈 많으신분들은 가서 드실만함.
평일저녁이었는데 부자처럼 보이는 노신사분들과
여사님들 오셔서 식사함.",부정적,부정적
2023-01,"하루 한정200그릇판매라 그런지 예전부터 아침겸 점심으로 먹곤 했던 갈비탕!!! 이곳 갈비탕 먹다 다른집 갈비탕은 성에 안차는데.... 점점 가격은 올라서 사악한 갈비탕!!
그러나 가끔 사치를 부려보는 맛!!",긍정적,긍정적
2023-01,"오랜만에 갔는데 갈비탕이 가격이 더 올랐네요.
여전히 고기는 수북했습니다.
점심에 먹기는 좀 너무 헤비한 느낌입니다.
차라리 금액좀 줄이고 양도 좀 줄이면 어떨까 하는
생각입니다. 그래도 맛있게는 먹었습니다.
이따금 한번씩 별미라 생각합니다!",부정적,부정적
2022-01,"점심 갈비탕은 100그릇 한정이라 11시 오픈시간에 가지 않으면 먹기 힘들어요. 소고기국밥 국물 진하고, 야들야들한 소고기가 큼직하게 듬뿍 들어있어 만족도가 높아요. 가격대는 비싸지만 맛있어요. 주차 가능. 발렛시 발렛비용 발생.",긍정적,긍정적
2023-01,"미슐랭 훔 뭐지... 가치가... 3.5갈비탕 예약 안하면 품절.. 맛있고 서비스 좋고...
이정도 가격이면 어딜가든....",부정적,부정적
2023-01,"양념갈비 보단 주물럭이 더 맛있는거 같아요.
평냉 맛있어요. 비냉은 양념이 쎄요
밑반찬은 정말 맛있어요 🤟🏻
점심에 파는 갈비탕은 최고",긍정적,긍정적
2022-01,"오랜시간 다녀왔지만 메뉴는 변함이 없다.
갈비 맛있는데 뭐럴까 가격은 자꾸 올리고
퀄리티는 그대로고 이젠 그만 갈때가 온것같다.",부정적,부정적
2020-01,"이집 쇠고기. 좋지만..
솔직히 고기 먹기 부담되죠..ㅋ
(특별한날 아니면 ㅋ)

쇠고기 국밥이 리얼 진땡 최고급 입니다.
(이화수 육개장, 그런거와는 또 다른 ㅋ)

향과 맛,  입맛 없을때 가끔 가는데
최고라 봅니다 (15년 넘게 다님)

그러나,  냉면은 좀 아닌듯 비추요",긍정적,긍정적
2023-01,"갈비탕 1그릇이 2인분됩니다
가격이 비싼게 납득
고기와의 싸움입니다 고기 진짜 많고
반찬은 말 안해도 수시로 리필해주세요
반찬도 맛있네요",긍정적,긍정적
2018-01,"9월 24일 방문

넷이서 주물럭 4인분과 비냉 2 오곡밥 2 된장찌개를 먹음.

주물럭은 130g에 68,000원이었는데, 매우 실망했다. 뱅뱅사거리에 오래된 가게라는데, 명성에 비해 소고기 품질이 평범했다. 잘 찾으면 3만원이면 충분히 먹을 수 있는 맛.

더 저렴한 가격에 비슷한 분위기를 가진 홍릉갈비에 비하면 많이 떨어지는 식감이었다.

반면 밑반찬들은 공울 많이 들인 것 같았다. 쌈장도 재료들의 맛이 살아있고 된장찌개도 풍미가 깊었다. 기본 찬으로 나온 양념게장조차 맛있었다.

냉면은 면이 질겨서 먹을 수 있는 수준이 아니었고, 오곡밥은 맛있었지만 평범했다.

가격을 생각하면, 추억 보정 제외하면 유지되기 힘들어 보임.",부정적,부정적
2023-01,"비싸긴 한데, 비싼값을 하네요,
갈비탕 양도 많거니와 맛과 분위기 서비스가 일반 갈비탕집보다 차원이 다릅니다.
귀한분과  식사하기 좋을듯 싶어요,
이집 갈비가 좋다고 합니다.",긍정적,긍정적
2022-01,"한우 갈비탕
솔직히 한우 마구리탕이 맞는 음식명이다.
마구리 양이 많아서 한우로 배 채울수도 있다..
간이 잘 배게 부드럽게 잘 삶은 마구리에 좀 짜지만 금방 익숙해져버리니 괜찮은 국물..
한번쯤은 드셔보시길 추천..

소고기국밥
구이용 고기를 손질하다 남은 잡육들을 모아 끓여낸 국밥..
그렇기에 고기도 적지않게 들어있고, 시원한 맛을 위해 콩나물이 들었다.
누구나 즐길 맛이다.",긍정적,긍정적
2024-05,"호주에서 와서 리뷰 보고 찾아갔는데 와우~ 갈비탕 최고로 맛있게 먹었어요. 그동안 기름기 동동 떠서 선호하던 음식이 아니었는데 옆 테이블에서 시키신거 보고 그 비주얼에 놀라 시켜 봤는데 양도 어마 어마 하고 기름기도 없고, 고기가 부드럽고 소스에 찍어 먹으니 정말 입안에서 녹는 다는 말이 무슨 뜻인지 알겠더라고요. 정말 맛있었구요, 스텝들의 친절함에 기분이 좋았는데 나오는 길에 아이스크림과 커피 사탕까지 … 참, 화장실엔 가글 할수 있는 가글 용품도..
세심한 배려에 기부니가 좋았어여~ 최고 5점 주고 갑니다.",긍정적,긍정적
2024-01,소고기 국밥 먹었는데 졸라비쌈 한그릇에 1.5만원인데 먹다보니 이해가 됩니다 다른 국밥집에서는 먹다보면 고기가 먼저 사라지는데 여긴 고기가 오지게 많이 들어있어요,긍정적,긍정적
2022-01,점심시간 조금 지난 1시 방문에도 불구하고 갈비탕은 매진. 웨이팅 약 20분. 식당이 매우 바빠서 뭐 하나 나오는데 오래걸림. 소고기국밥 맛은 그냥 그럭저럭.,부정적,부정적
2019-01,"아침11시에 문열면  땡하고  들어가야  먹을  수  있는  갈비탕~ 갈비를  아주  원없이  먹을수  있다.  국물도  맛있으나  조금  짠가  싶기도  하지만  밥이랑  먹으면  간이  맞다.  양념갈비도  맛있고  등심 ,안심  ,소고기국밥등  두루두루 맛있는  집이지만 요즈음의 난  요 갈비탕이  제일  땡긴다.",긍정적,긍정적
2023-01,"갠적으로본점 보다 우면점이 더 맛나요... 우면점이 좀더 매콤해 보이고 반찬 오이지도 나오고.. 본점은 soso

*음식값도 비싼데... 발레파킹 무료로 해줘야지... 유료로 완전 강매임.. 발렛파킹 없애주세요... 발렛때문에 항상 기분 나쁨.",긍정적,긍정적
2020-01,"주차관리해주시는 분들이 있어 주차도 용이하고, 인테리어 등등 편안하고 깨끗한 분위기에서 식사를 할 수 있습니다. 한우로 만든 갈비탕은 11시 오픈되자마자 금방 매진된다고 하네요. 하지만 푸짐하고 깔끔한 갈비탕도 충분히 맛있더군요.",긍정적,긍정적
2020-01,양이 많다. 싫어하는 사람들도 있으나 가격 빼곤 훌륭하다 느꼈다. 솔직히 가격도 주차까지 고려하면 비싼편도 아난편이나 많이 기름지다. Korean beef soup. Worth to taste,긍정적,긍정적
2022-01,"점심만 기준으로 말합니다. 국밥 1.3만, 비빔밥 1.5만 정도로 구성됩니다. 우선 가격대만 보면 상당히 높은편이구요. 맛은 괜찮습니다. 사실 비빔밥은 대부분 맛있겠으나, 나쁘지 않았습니다. 콩나물국도 주고요. 미쉐린 등록 음식점 이라는데 맛 자체는 나쁘지 않았고 가격대만 높다. 라고 생각하면 될듯하네요. 고기류는 상당히 비싼 가격대 입니다. 직원분들은 많아서 음식은 빠르게 나오네요~",부정적,부정적
2023-01,도대체 갈비탕은. 언제 먹을 수 있을까.  비슷한 가격대 육회비빔밥으로. 다시 갈비탕 시도해야지,부정적,부정적
2020-01,"일요일 낮 12시에 딱 들어갔는데
2층으로 안내 받았고 자리는 꽉 차있긴 했지만
정신없을 정도는 아니였어요

한우갈비탕은 품절이라
미국산으로 먹었는데 가격을 모르고 시켰더니
22,000원이네요 ㅎㄷㄷ
근데 고기가 진짜 진짜 많이 들어있어서
나름 합리적 가격이라고 생각 들 정도였어요!

한우국밥은 12,000원인데 진짜 완전 추천이요 ㅜㅜ
고기도 많이 들어있고 콩나물도 맛있고
무엇보다 국물이 전혀 짜지 않고 깊은 맛인데
맘 같아선 밥 한 공기 더 시켜서 말아먹고 싶을 정도였어요!

한우국밥 먹으러 또 갈 것 같아요~
다음엔 갈비도 구워먹어야지!!!!",긍정적,긍정적
2024-03,"언제나 만족할만한 식사를 할 수 있는 곳
고기의 품질 뿐만 아니라 밑반찬도 간이 적당하고 정갈한 맛이다
물냉면은 개인적으로 국내 베스트5안에 들어간다고 생각한다
유일한 단점은 가격대가 좀 높다는 것 뿐",긍정적,긍정적
2019-01,"전 점심 국밥만 먹어봐서 국밥만 평가하겠습니다.
일단 맛있어요. 가격은 둘째치고 맛이 일단 있고요.
육개장 베이스같은 국물인데 진해서 해장에 딱일것 같네요.
고기도 많이 들어있어서 밥만 건져먹는 불상사는 일어나지 않더라고요. 갈비탕은 열한시 반 전에 가야지만 먹을 수 있다 그래서 어쩔수 없이 국밥을 선택한거지만 상당히 맛있어서 만족스러웠습니다.
논외로 여기 갈비탕도 양을 많이 준다고 들었는데 기본 사이즈가 저런 그릇에 뼈를 고봉으로 채워서 준다고 하더라고요. 다음에 기회가 되면 꼭 가서 먹어보려고 합니다.
버드나무집을 고기 구우러만 가봤는데 점심 메뉴도 괜찮았습니다. 강남 양재 일대에서 업무하시면 점심메뉴로 추천드립니다.(주말에도 점심 한대요)",긍정적,긍정적
2023-01,국밥은 맛있었다. 아삭한 콩나물과 그릇을 가득 채운 고깃살이 밥알과 잘 섞인다. 딸기맛 소프트 아이스크림이 무료로 제공된다.,긍정적,긍정적
2023-01,"개맛집 고기 살살녹아 반찬도 정갈하이 진짜맛있음
오리가 예술 뭔놈에 고기들이 다 입에서 샤랄라녹음
육회도 도른자 역시 맛집인 이유가잇음 직원분들도 다들친절",긍정적,긍정적
2023-01,고기가 신선하고 매장이 넓어서 가족식사에 좋습니다,긍정적,긍정적
2024-05,"비싼만큼 맛있는 집
소문난 갈비탕을 드뎌 먹어봤다",긍정적,긍정적
2022-01,한식 한우 요리 전문점. 동네 직장인들이 시니어나 직급이 있으신 분들과 먹기 좋은 한식집.,긍정적,긍정적
2022-01,갈비탕에 갈비가 없고 잡뼈가 가득했다. 고기는 양이 많았지만 기름기도 만만치않아 느끼함. 같이 간 아내는 2/3를 남김. 갈비 팔고 남은 뼈다기 모아 끓인 듯한데 먹는 내내 기분 더러움. 갑부님들은 비싼 갈비 드시고 서민은 잡뼈 국물이라도 맛보라는 쥔장의 배려. 음식이름 이라도 제대로 잡뼈로 알려주던가. 그리고 주차는 내가해도 되는데 굳이 차키 뺏어가서 2000원 발렛비는 왜 받는거야?,부정적,부정적
2018-01,맛자체는 좋앗어요. 가성비를 따질꺼라면 믿고 걸러주시고 금액대에 알맞은 정도 인것 같아요,긍정적,긍정적
2024-08,한정식 같은 훌륭한 식사,긍정적,긍정적
2019-01,"비싸기로 그리고 맛 좋기로 유명한 고기집 중 한 곳입니다. 30년 이상 단골(?)입니다.
이 집의 시그니쳐 메뉴는 한우양념갈비  입니다.
물론 생갈비와 등심, 주물럭도 맛있습니다만 가격이 너무 사악합니다.
격식이 필요한 자리라면 외국인거래처와 식사하러 가기 좋습니다.
인원수가 되신다면 혹은 중요한 자리라면 예약을 추천합니다.
여행자들에게도 추천하는 곳입니다.

□주차가능
Valet 입니다.
출차시 대로 진입이므로 안전에 유의하시는게 좋습니다.

□내부
건물이 오래되긴 했으나 비싼 집 답게 깔끔합니다.
1층 실내 의자가 있는 테이블 좌석 (고기써는 곳과 주방이 있는 곳)
룸 좌석으로 이루어져 있습니다.

□음식
각종 다양한 반찬들 부터 식사류까지 다 맛있습니다.
그리고 가격이 가격인 만큼 처음부터 끝까지 구워주시니 매우 편합니다.

°한우양념갈비 -  시그니처 메뉴답게 양념이 너무 달지 않고 진하지도 않고 고기도 부드럽습니다.  느낌함도 적어서 끊임없이 흡입 가능합니다.
°생갈비 - 한우만 있습니다. 매우 비쌉니다. 입구 옆에서 고기 손질하시는 거보면 인건비 인정. 좋은 부위만 따로 생갈비로 준비하기 때문에 입 안에서 녹으면서도 고소한 맛을 느낄 수 있습니다. 생고기 잘 드시는 분에게 식사 대접시 비추입니다.
°주물럭 - 이것도 맛있습니다. 양념갈비와는 도다른 매력이 있습니다. 육향이 조금 더 느껴진다고 표현하면 맞을 듯 싶습니다.
°등심 - 맛있습니다만 이왕 생고기 먹을거면 생갈비 추천합니다.
°안창살 - 많이 먹어보진 못했지만 항상 좋은 고기여서 후회는 없습니다. 고기 특유의 육향이 매력적인 부위라 호불호가 있습니다.
°후식식사류 - 냉면류도 맛이 괜찮고 누룽지, 찰밥, 오곡밥도 맛있습니다. 된장찌개는 너무 자극적이지 않으면서 맛이 좋습니다.

□직원
모든 직원분들 매우매우 친절하십니다.

□가격
가격은 높은 편 입니다. 고기 잘 드시는 분들은 마음의 준비하시고 방문하심을 추천드립니다.",긍정적,긍정적
2022-01,갈비탕 이라기 보다는 마구리탕이라고 보는게 맞을듯.. 그렇다보니 고기살 바르기가 쉽지않음. 그리고 가격이 후덜덜… 그래도 한우라는 점이 매력적이고 평타 이상의 맛을 맛 볼 수 있는 곳!!,부정적,긍정적
2024-09,갈수록 불친절. 추억의 맛 때문에 가는데.. 갈 때마다 실망감이다. 진짜 최악의 서비스,부정적,부정적
2022-01,명성에 맞는 정갈한 반찬과 좋은 품질의 고기. 실망시키지 않는곳.,긍정적,긍정적
2022-01,역사가 말해주는 버드나무집 서초본점  갈때 마다 갈비는 먹지는 못해도 얼큰하고 잘 끓여낸 국밥 만큼은 오래된 친구들만큼 구수하고 진한 육수와 넉넉한 사태와 갈비살이 한 끼 식사로 든든하다,긍정적,긍정적
2019-01,점심 때 먹을 수 있는 국밥은 저의 소울푸드입니다. 같이 나오는 겉절이 반찬도 넘나 맛있어요. 고기는 너무 비싸서 먹어본지 좀 오래 됐네요.,긍정적,긍정적
2022-01,"강남 한복판에서 오랜 세월 버텨온 맛집. 고층 건물숲 속에 위치한 아담한 건물이 어떤 때는 초라해 보이기도 하지만 건물 앞뒤로 주차장과 입구가 있고 테이블들이 잘 분리되서 격리주간에 딱 알맞습니다. 갈비 정식을 시키면 된장찌개와 게장, 그리고 가지요리를 맛볼 수 있습니다.",긍정적,긍정적
2024-01,맛은 있는데 이제 너무 비싸고 오래 되었음,부정적,부정적
2021-01,비싼거에 비해 고기가 특별히 맛있지도 않음ㅠ 씨래기국 줬는데 맛도 없고 다 식어빠진걸 왜 줬는지 모르겠슴. 난방도 안해서 추운걸 참다가 말했더니 그제사 틀어줌. 육회도 맛없고 양념게장도 다 맛없슴. 버드나무집 왜 유명한지 모르겠다ㅜ,부정적,부정적
2019-01,"최고의 맛이지만 가격이 조금 비싸요.
그러나 고기맛과 반찬들이 다 맛있어서 돈이 아깝지 않아요.
그러나 갈비2~3인분 시키면 첫번째 갈비는 맛있고 두번째 세번째 갈비는 항상 첫번째 구워주는 갈비보다 맛이 약간 떨어짐.
여쭤보니 소에 갈비도 그런 맛있는 갈비는 몇대 안된다고 함.
20년 이상 다녔는데 갈비양념맛과 반찬 식사 모든 것이 맛이 방문 할때마다 백프로 일관됨.
그래도 이만한 양념 갈비맛은 없는듯 합니다.
제입에는 최고의 갈비맛집입니다.",긍정적,긍정적
2023-01,"미쉐린 가이드 2023 !!
신라스테이 서초에서 숙박하게 되었고
오랜 친구들과의 식사라 길건너에 있는
“버드나무집 서초본점“에 가게 되었다.
남자 셋이서 생갈비 3 양념갈비2 화요41 두병…
60만원 넘게 나옴. 역시 고가의 고깃집이네.ㅋㅋ
고기맛은 수준급. 물론 전국에 이정도 지불하면 충분히 많은 고깃집 찾을 수 있겠으나…
위치적인 가치도 있을거고..
암튼 좋은 경험이었어.",긍정적,긍정적
2019-01,"100그릇한정, 28,000원 소주가 엄청땡기는.
술을 안마셔 결국 조금 냉김. 가격을 조금 낮추고 고기양도 조금 줄이면 반주없는 최고의 점심이 될듯",긍정적,긍정적
2024-01,"갈비탕 먹으러 갔는데 재료소진으로 정식 먹었습니다. 갈비탕이 유명하다고 해서 갔는데 아쉽게 못 먹었네요.
가격이 좀 비싼거 빼고는 맛도 좋고 주차하기 편하고 좋네요",부정적,긍정적
2023-12,"100인 한정 갈비탕 먹었습니다.
11시 갔는데 11시30분정도 떨어졌다는 얘기가 들리더군요.
갈비탕 무난했으나 먹기힘든 뼈도 있고 가격 대비 굳이 오픈런 해서 먹을 맛과 질은 아닌거 같습니다.
제대로된 갈비는 2점 정도고 자트리 먹기힘든 부위가 대부분입니다.
재방의사 없습니다.
참고로 후식 딸기아이스크림도 그냥 그렇네요.",부정적,부정적
2022-01,질 좋은 고기를 아낌없이 팍팍 넣은 끝내주는 국물!,긍정적,긍정적
2019-01,"가격은 많이 비싸지만, 고급진 맛에 잘 먹고 갑니다💖…",긍정적,긍정적
2020-01,항상 몸에 좋은 음식을 찾는다면 더말할것도 없이 버드나무집~ 몸이 보양되는 느낌이 최고입니다.,긍정적,긍정적
2019-01,점심특선 메뉴들 좋은편입니다. 맛있고 깔끔하고 직원 친절합니다.,긍정적,긍정적
2024-05,"갈비탕과 냉면은 점심때만 판매해요
저녁에 간편하게 먹고싶은 분은 가시지 마세요
정식 46000원짜리만 가능하더라구요",부정적,부정적
2018-01,"갈비 먹고난 후에 물냉면을 맛있게 먹어서, 물냉면만 시켜서 먹었는데 그냥 그렇네요.  역시 냉면은 우래옥이나 평양면옥이 맛있다.",긍정적,긍정적
2020-01,"육회비빔밥 맛있어요
갈비탕은 한우가 품절이라 미국산으로 주문했는데 뭐,,평범합니다",긍정적,긍정적
2024-05,식사는 대체로 만족하였으나 발렛파킹 하시는 직원분 너무 불친절하고 가족들 모두 직원분의 불친절한 태도로 기분이 굉장히 안좋았음.,부정적,부정적
2019-01,"맛있지만 비싼 가격
한우갈비탕은 일찍가지 않으면 만나기가 힘들어 오늘도 미국산 갈비탕을 먹습니다
같이 나오는 반찬도 맛있어서 데스크 옆에 판매하는 반찬이 있어서 구매해 집에서 먹습니다
발렛비 2000원",긍정적,긍정적
2023-01,갈비탕 뼈가 진짜 많네요. 맛있고 잘먹은 한끼느낌입니다. 고기도 부들부들하고요. 3.2만원이고 평일기준 12시 이전에 오셔야 먹을 수 있어요. 그리고 현장에 인원만 시킬수 잇어서 미리는 못시켜놓습니다,긍정적,긍정적
2023-01,갈비탕 진짜 맛나요~,긍정적,긍정적
2024-01,"글쎄요??
강남이라 땅값이 비싸서 그렇다고 하지만 너무너무 비싼데 맛이라도 남다르게 맛 있었으면 했는데 별 차이가 없고 차라리 수원에서 먹는게 훨씬 맛있고 보다 저렴하게 먹을 수 있겠네요!",부정적,부정적
2023-01,고기는 나쁘진 않으나 좋은지 모르겠음 거기에 비하면 고기값은 비쌈..요새 다른곳 가면 이정도 고기질은 흔한듯..반찬은 양도 많고 집반찬처럼 msg안썼지만 맛은 그런데로 괜찮음 그렇지만 매우 맛있음은 아닌듯..서비스는 좋고 친절함.,부정적,부정적
2022-01,"갈비탕에 갈비는 없고
전부 마구리에, 살도없고.
서운하네요",부정적,부정적
2021-01,뱅뱅사거리에서 든든한 점심 식사하기 좋은 한식당.,긍정적,긍정적
2024-02,어르신들이 많이 오는 가게에요. 비싸기만하고 진짜 내 입맛에는..좀.. 가끔가는데 다 먹고나면 또 와야지가아니고 이제 안와야겠단 생각들다가..이 기억이 사라질즈음 다시 또 가서 먹고 후회하는 가게에요. 이정도가격이면 다른 고깃집가는게 낫구요. 특히 서빙하는 아주머니들부터 카운터계산하는 아주머니 불친절해요. 고깃집 비쌀수록 더 친절해야하는데...백화점 명품점가면 지들이 명품인줄아는 직원들처럼요.,부정적,부정적
2023-01,"갈비탕 먹으러 12시에 도착했는데 품절이라네요ㅠㅠ
대신 육회비빔밥 먹었는데 나오는데 다소 오래걸렸지만 맛은 있었어요!
묵(?)같은 것도 있어 좀 놀랬지만 맛있어요!",부정적,긍정적
2021-01,"비싼만큼 그 맛에 대햐 보답은 하는듯

가격과 점심시간 대기때문에 자주 갈 마음은 안 들지만 1년에 한번은 꼭 갈 마음이 드는집",긍정적,긍정적
2020-01,"가격은 비싸지만 맛은 최고~~
특히 간장게장이 다른 간장게장전문점 보다 맛남~~",긍정적,긍정적
2021-01,"과거에 비해 반찬의 질이 많이 떨어진 느낌.
아쉬움.",부정적,부정적
2024-06,"서비스가 친절
음식은 저염식이고 고오급",긍정적,긍정적
2020-01,갈비탕 먹었는데 고기도 부드럽고 국물도 맛있네요. 가격이 조금 부담스럽지만 맛있게 잘 먹었습니다,긍정적,긍정적
2023-01,"갈비탕 먹으러 왔는데 11시30분 이미 매진이네요
육비 먹을만 하네요",부정적,긍정적
2024-04,값어치를 하는 고깃집입니다. 고기를 굽고 난 뒤 서비스로 제공하는 오징어 구이도 맛있습니다.,긍정적,긍정적
2023-01,비싸긴하지만 맛있어요,긍정적,긍정적
2022-01,"갈비탕이라 쓰고 마구리탕을 먹는....
갈비는 1대만 있었고 나머진 마구리...가격은 32000원. 비싸다, 싸다 언급하지는 않겠습니다. 그래도 손질은 잘 되어 있어있고, 서비스도 좋았습니다....오! 하고 주문했다가, 와?하고 감탄하고. 음~~ 하며 먹었네요.다음에는 다른 메뉴 도전..",긍정적,긍정적
2022-01,"갈비탕 먹고 왔는데 뼈다귀만 들었네요  고기는 거의 붙어있지 얂은 하얀 물렁뼈만 잔뜩 붙어있는...
전에는 안그랬는데 재료비가 올라서 인지 형편없다 느꼈어요  가격은 한그릇에 26,000원이나 하면서 너무하다는 생각이 들어요 다만 국물은 시원하고 맛 있어요  솔직히 별은 두개반 정도 주고 싶었어요",부정적,부정적
2022-01,"오래되고 유명한 집~  점심 저녁 고기 다 먹어봤지만,  난 여기 국밥만 이용하기 좋은집임~ 갈비탕 먹어봤지만 가격대비 별로...저녁에 고기도 먹어봤지만 가격대비 별로...   이돈 주고 갈비탕, 고기 먹을바엔 서비스 좋은 맛집이 널려있음~ 그냥 국밥만 먹으로 가는집 현재 국밥도 1.5만이라 저렴한건 아님",부정적,부정적
2024-02,일하다보면 음식점이라서 그릇은 깰수있음. 바로옆에서 밥먹다가 놀랬는데도 그 누구하나 그릇 깬것에 대한 반응이나 응대가 없음. 늘 일어나는 일인것처럼. 서비스개선에 대한 교육이 필요할 듯 합니다.,부정적,부정적
2023-01,"하와이 지점 버드나무집에서 항상 맛있는 음식 즐겨 먹었는데 문 닫으셔서 그동안 많이 아쉬웠어요. 그런데 오늘 서초본점에서 부모님과 함께 점심을 먹으며 예전의 추억을 떠올렸습니다! 3년만의 방문이었는데 반찬도 하나하나 다 맛나고 아직도 배가 불러서 저녁을 못 먹을 정도네요. 사장님께서 신경도 많이 써주신 덕분에 감사히 잘 먹고 왔습니다~!
하와이 지점 부사장님 보고 싶어요~",긍정적,긍정적
2024-01,입  앗이 변한 것인지 음식이 변한 것인지 예전에 맛있게 먹었던 기억과 차이가 나네.  가격이 착하지 많은 것은 여전,부정적,부정적
2019-01,점심시간에 먹는 소고기국밥은 오후에 열심히 일할수있는 힘을 준다,긍정적,긍정적
2023-01,좋았습니다. 갈비가 맛있고 좋았어요,긍정적,긍정적
2021-01,"일단 비쌈
맛은 좋음
다양한 야채 풍성하고 서비스는 좋음",긍정적,긍정적
2023-01,오랜만에 갔었는데...역시 버드나무집 주물럭 and 양념갈비로구나! 근데 확실히 가격대는 있어 당연한것같기도하다가도 사이드 메뉴나 직원 친절함에 감동했습니다!,긍정적,긍정적
2021-01,"옛날 명성만큼은 아니예요. 예전에 정말 좋은곳이었는데. 요즘 워낙 좋고 괜찮은곳이 많이 생기기도 했는데 여기는 가격은 올리고 고기질은 다운그레이드가 됐네요.
주물럭은 한우 1급..좋아봤자1플 정도 쓴거같은데 120그람에 59000원 ㅋㅋㅋㅋㅋㅋ 다시는 안갈거 같아요",부정적,부정적
2022-01,"한수갈비탕 그릇도 뚝배기로 바뀌고 맛, 고기도 조금씩 변한듯.. 안좋아진쪽으로..이젠 국밥 먹어얄듯",부정적,부정적
2023-01,"갈비탕이 아님. 갈비찜 수준으로 고기를 많이 줌. 반찬도 맛나고, 서비스도 좋았음. 다만 오래된 식당답게 인테리어는 노후함",긍정적,긍정적
2021-01,가격은 좀 비싸지만 맛도 좋고 푸짐합니다,긍정적,긍정적
2020-01,"점심메뉴로 갈비탕은 한정판매라 좀 일찍가야 맛볼수 있고 소고기 국밥은 고기양이 푸짐하고 맛있습니다.
갈비정식도 맛있습니다.
고기 맛은 좋은데 가격이 안착해요~",긍정적,긍정적
2019-01,소고기 국밥 맛있어요. 육계장비슷하면서 깔끔하고 고기도 맛있어요. 육회비빔밥은 2만원이란 가격이 부담스럽긴 했지만 참기름향 진하고 고소하고 맛있게 먹었어요. 점심11시반쯤가서 먹고 나오는데 대기하는 분들많으시네요. 가격이 좀 비싼편이지만 맛은 괜찮았어요,긍정적,긍정적
2022-01,"소고기 정식이 가성비 좋습니다.
이곳의 소고기는 부드럽고 맛있어요
발레를 해줘서 주차가 편해요
가격이 조금 비싼것이 아쉽지만 만족하는 맛집입니다",긍정적,긍정적
2023-01,"서비스 문제 있어요.
3층 직원들..
음식배달도 우왕좌왕..
고객들 신경도 안 쓰네요.
숨어 있어요..
추가반찬도 인색.. 허얼
1층관 완전 다르네요..",부정적,부정적
2021-01,"3.7이요.
한우마구리탕.
가격은 6년전이랑 비교해서 많이 저렴해졌어요. 양도 많고.
옆에 봉피양도 갈비탕 파는데 거기보다 여기 마구리탕이 더 진해요. 가격도 비슷하고.
맛있긴 한데 뭔가 아쉬워서 별 쩜3 뺌",긍정적,긍정적
2022-01,"20년 넘게 다니지만 여전히 잘만든 갈비탕(마구리탕) 입니다.

아 근데 가격이 언제 29000원으로 올랐데요?ㅋㅋ 한22달러 정도니까 막 비싸다 정도는 아님",긍정적,긍정적
2022-01,"점심에는 회전율이 좋아서 언제가든 대기없이 식사가능
한정수량으로 판매하는 갈비탕 추천
갈비탕 소진 시 육개장으로 대체할수있는데
건더기도 충분하고 국물도 진하긴한데 전반적으로 살짝 심심한편

저녁회식으로 방문해도 좋고 주차는 발렛",긍정적,긍정적
2020-01,"이집 비싸다고 그렇지만 고기질이 좋습니다.
점심으로 나오는 특 갈비탕 고기양이 넉넉하고 맛있네요. 단 수량 한정 메뉴입니다.",긍정적,긍정적
2018-01,"버드나무집의 갈비탕은 한번은 먹어봐야 하죠.
한정된 양만 공급되기 때문에 최소 11시30분 까지는 오셔야 맛을 볼 수 있습니다.

맛은 있지만 좋은 부분의 갈비가 아니라 치아가 좋지 않은 분은 먹기 쉽지 않습니다. 고기보다 뼈가 더 많죠.

갈비탕도 좋지만 육계장도 추천합니다. 고기가 넉넉히 들어가 있어 생각 보다 푸짐합니다.",긍정적,긍정적
2020-01,"갈비탕 맛집이긴 한데..
그리고 갈비가 진짜 맛있기도 한데..
갈비탕 고기 먹기가 너무 힘들고
생소한 식감의 갈비이다 보니
호불호가 갈릴듯..
가격대비 만족도는 조금 떨어짐..
그러나 국물만큼은 참 훌륭하다
직원분들은 조금 더 친절하면 좋을듯..",긍정적,긍정적
2021-01,친절하고 분위기도 고깃집치곤  괜찮아요  점심에  100그릇  갈비탕 먹었는데  맛도  양도 푸짐한데  진정  갈비보다  잡뼈가  많네요 26000  이란  가격이면  갈비가  제대로  들어가 있었으면.....,긍정적,긍정적
2019-01,가격대비 맛 최악. 이돈이면 그냥 5만원대 소고기 먹을듯,부정적,부정적
2019-01,서버들이 다소 분주한 감은 있지만 서비스도 좋고 고기도 먹을만 합니다,긍정적,긍정적
2021-01,"다시는 가고 싶지 않은 곳입니다
별 하나도 아까워요

갈비탕 안에
한 두개 섞어있는 게 아니고 장말로 반이상의 갈비대에 고기살이 없고 힘줄막이 붙어있네요
비싼 돈 주고  힘줄만 할터먹고 온 기분입니다
같이 온 일행의 갈비탕 역시 같은 상황이었어요
맛있는 곳이라고 해서 일부러 찾아간 곳인데 일행분께 너무 죄송했어요

다시는 가고 싶지 않은 곳입니다",부정적,부정적
2022-01,"그냥 저냥 먹을만함..
깍두기 상추 겆저리등 밑 반찬 추가 잘해줌
주차  편리함. 발렛비 2천원
갈비탕은 맛은 있는데 비주얼과
가성비 떨어짐.
서울 도심에서는 이정도면 준수..",부정적,부정적
2024-02,오랜만에 버드나무집 한우소고기국밥으로 점심.,긍정적,긍정적
2020-01,"주차: 전용주차장 발레주차.
역사 및 개요: 서초 본점-우면산점-역삼점이 같은 계열. 30-40년 전의 가부좌식 방들이 의자식으로 개조됨.
특징: 주물럭으로 유명한 식당인데, 다른 소고기 부위도 제공됨. 100그릇 한정으로 점심에 제공되는 갈비탕을 점심-저녁 더 충분히 제공하였으면...",긍정적,긍정적
2019-01,"주물럭 너무 맛있어요. 제 개인적으로는.안창살보단 주물럭 입니다.
와인 코르크차지는 병당 2만원 입니다.
서비스도 반찬도 고기도 모두 좋아요.
단, 가격은 사악합니다. ㅠ.ㅠ",긍정적,긍정적
2023-01,갈비탕이 점심엔 무난한데 비싸요..  3.2만원...더욱이 순갈비도 아니고요..근데 한번씩 생각나요..1.8만원 먹던 시절땜시..,부정적,부정적
2018-01,백개한정 갈비탕 추천  배가 부름에 주의,긍정적,긍정적
2018-01,점심 갈비탕 먹으러 갔다가 모시고 간 손님께 민망해 혼났네요. 예전엔 한정수량으로 판매해 유명했다는데 지금은 뜯어먹기도 힘들고 먹을것도 없는 잡뼈만 한가득...가격이나 적당하면 모를까...점심에 갈비탕이 이러면 고기는 볼 것도 없다는 생각이 드네요. 다시는 방문하고 싶지 않은집 별 하나도 아깝네요,부정적,부정적
2020-01,인근에 괜찮은 식당이 워낙 없어서 가격이 비싸지만 추천할 수밖에 없는 곳. 갈비탕이 유명하지만 가격이 부담스러워 국밥을 먹어봤는데 국밥도 괜찮네요,긍정적,긍정적
2019-01,"매일 점심 한정판매인 한우갈비탕. 양은 엄청 많아요 밥 안먹어도 배부름. 적게드시는 분은 다 못먹는 사람도 있어요
그러나 가격이 28,000원 ㅡㅡ 버드나무집 가격비싼건 누구나 아시겠죠
그런데 예전보다 맛도 좀 떨어지내요 고기에 기름부분이 많이 껴있고.
고기도 가격이... 배채우러는 비싸서 못가요 한점 먹으면 1만원 ㅎㅎ",부정적,부정적
2022-01,오랜 전통에 고기질이 좋고 반찬도 정결합니다 서비스를 하는 분들의 마인드도 꽤나 좋습니다 다만 그런 음식과 접대접을 받는만큼 가격도 그에 맞게 지불해야 합니다,긍정적,긍정적
2019-01,"오래되고 전통이있는 고깃집.
개인적으로 생갈비가 가장 맛있다. 지금까지 가본 고깃집중에 top3안에 들 정도로 맛있음
가격이 너무비싼게 단점이지만, 가서 고기 맛 때문에 후회한적은없음",긍정적,긍정적
2018-01,"갈비탕.
해외로 거주지를 옮기는 바람에 8년만에 갈비탕 먹으러  가봤는데...
실망햇어요. 양줄고 고기질 나빠지고 가격 오르고.
가격이야 물가상승률이 있으니 그렇다 치더라고
고기가 너무 잡부위 같더라구요
기름도 많고
왜 다들 자꾸 변하는지 ㅜㅜ
왠지 주말 오전에 좀 늦었다 싶게 갔는데도 갈비탕을 주더라니...

그래도 국물은 맛났어요.
이건 안변한게... 미원맛인가..",부정적,부정적
2018-01,"갈비탕 먹었는데 비싸고 짰습니다.
직원들도  친절하지않고
다시는 방문 안하려구요.
고기양은 많아요..
갈비탕23000원이면 비쌉니다.미국산인데",부정적,부정적
2020-01,"게장은 맛있었으나 발렛파킹 담당하시는 분이나 직원분들 서비스는 별로였어요. 주문하라고 푸쉬하는 것처럼 계속 옆에 계시고 잠깐 이야기 좀 하겠다고 하는데도 계속 계시면서 주문 뭘로 해드릴까요 하고 물어보시더라구요.
메뉴 고르면서 주문 압박 받기는 처음이였어요
가격 대비 음식은 괜찮았으나 그만한 서비스는 못따라오는 것 같네요",부정적,부정적
2018-01,점심 시간 1시간 전쯤 가야 먹을 수 있는 갈비탕 강추. 늦어서 매진이라면 국밥이나 비빔밥도 닭 대신 꿩이 될 수도 있음. 지갑이 두둑하다면 물론 갈비가 최고. 조리대서 구워다 주는게 더 맛있음,긍정적,긍정적
2020-01,"한우갈비탕은 금방 매진으로...미국산 갈비탕시켰는데 생각보다 그닥인것같고,양은 많습니다 그리고 육회비빔밥은 괜찮습니다~
다들 한우국밥을 많이 드시네요~다음에 한우국밥을....",부정적,부정적
2019-01,"점수가 낮은 것은 맛이없어서라기 보단 너무 가격이 비싸서이다...글쎄 한우고기가 그 정돈 한다고 하면 할말은 없지만, 그래도 가격은 낮추려는 노력은 1도 안 보이는...차라리 밑반찬등을 좀 더 다양하게 제공하면 어떨까 싶기도...수원 가보정같은 갈비집도 가격은 있지만 밑반찬이 많아 오히려 밑반찬때문에 고기먹으로 가는 상황도 발생...버드나무집은 그런면에선...글쎄요이다...가성비 완전 후지다...",부정적,부정적
2021-01,가격이 좀 사악하지만 갈비조금 당면이 메인인 일반 갈비탕이랑은 차원이 다름. 고기도 정말 맛있고 푸짐하고 무엇보다 밑반찬들이 엄청 맛남 오이지 무침. 상추겉절이. 오징어젓갈이면 밥 두공기 가능 11시 오픈하자마자 사람들 정말 많음. 오늘은 40분 까지 아직 품절은 아니었음. 저번엔 열두시에 가니 이미 품절. 갈비탕중에서는 끝판왕 느낌,긍정적,긍정적
2024-02,"말해뭐합니까
맛도 정갈하고 소가 그득그득
대신 내 지갑도 가벼워짐",긍정적,긍정적
2019-01,국밥이 1만원대 갈비탕은 2만원이 훌쩍 주물럭이 유명하죠 비싸요 국밥은 고기손질시 나오는 자투리 고기를 많이 넣어 실한데요 국밥국물은 그때그때 달라요,부정적,부정적
2020-01,"갈비탕이 한그릇에 26,000원으로 또 올 랐다.  예전보다 量도 적다.  따끈한 국물이 일품였는데 미지근한 국물이 처음부터 실망스럽다.",부정적,부정적
2020-01,솔직히 개인적인 의견으론 두번다시 안갈듯... 비싼 값어치를 못합니다. 정육식당보다 고기가 육질도 별로라고 느껴지고 가격대비 장점이 뭔지 전혀 모르겠어요,부정적,부정적
2023-01,"점심 한우갈비탕 먹었는데 고기만 건져먹어도 배터지는줄..밥은결국 두숟가락 먹고 남김.
양이 어마어마함..그렇지만 점심에 수량 제한이 있는듯하네요.",부정적,긍정적
2018-01,"가격이 조금 비싸다는 것이 흠이지만, 엄청나게 많은 종류의 반찬과 함께 훌륭한 고기 구이를 먹을 수 있습니다. 갈비탕은 추천하지 않아요.",긍정적,긍정적
2021-01,"갈비탕이 25,000원...근데도 한정판매라  좀만 늦게 가면 못먹어요.개인적으로 국밥이 젤 맛났어요.",부정적,긍정적
2021-01,"가격은 비싸지만 돈값은 충분히한다. 갈비고기가 엄청 맛잇고 국물맛 간이 적절하다.
갈비창으로 끝판왕",긍정적,긍정적
2018-01,"자주는 아니지만 어른들 생신때나 한번씩 오게되는
오래된장소.
발렛 가능하며, 1층에서 신선한 고기를 바로 손질하여
믿을 수 있습니다.
된장찌게 게장 맛 좋습니다.",긍정적,긍정적
2020-01,"가까운 지인의 소개로 방문, 분석대상임. 분명 손님은 많았음. 정말 이해하고싶은데...
두가지측면 모두 이해안됨
첫째)서비스, 종업원은 주문해도 대답만하고 서빙은 누락됨, 답답해서 내가 직접 챙겨옴.  한마디로 분주하기만하고 체계없음. 손님앞에서 혼내는 매니저등...
둘째) 맛, 갈비탕에 잡뼈 너무 많이 씹힘, 끓일때 위에 나오는 부유물을 제대로 안걷어낸듯한 최고 느끼함,  뼈에 붙은고기는 무슨 오돌뼈같은것만 많음. 살고기 20% 잡고기80%,
한마디로 주인이 제대로 관리하는건가? 너무 실망했음.",부정적,부정적
2022-01,맛은 보장! 가격은 무지 비싸요,부정적,부정적
2019-01,"2년전 즈음 회식을 하러갔었습니다. 회식인니라 가격은 신경쓰지않았고, 맛은 상당히 맛있었습니다. 기본 찬들도 맛있었고. 계산을 하기 전까지는 정말 만족스러웠는데 문제는 계산을 할 때 발생했습니다. 20여명이 가서 3백만원이 넘는 금액이 발생하였고 이를 계산하려고 하니 10프로의 서비스 금액을 주셔야 한다는 것이었습니다. 너무 어이가 없어서 쏘아 붙이려는데 부서장께서 그냥 돈주고 말라고 해서 330넘는 돈 계산하고 오긴 했는데 단체 손님 서비스를 줄 망정 이런식으러 돈을 뜯어가는 것은 처음이엇습니다. 그리고 저는 이 때 이후로 예약할 때 회사명으러 하지않고 개인명으로 예약을 합니다.",부정적,부정적
2023-01,"음식, 서비스는 부족함이 없음
술 먹는 아저씨들의 시끄러운 대화가
짜증나게 함. 자리 배정에 신경쓰기 바람.",부정적,긍정적
2022-01,"뜨내기와 근처 직장인 회식비 식사가 대부분.
돈좀 벌었는지 11시반에 픽업하겠다고 11시에 미리 방문해도 안된다고 11시반에 다시 오라는 배짱장사를 보고선 동네라도 다신 안감.",부정적,부정적
2023-01,유명한집인줄도 몰랐는데...갈비탕 진짜 최고네요. 가족과 꼭 와야징♡,긍정적,긍정적
2020-01,"한우국밥 맛있어요.
추가 공기밥은 안받으시네요.
직원분들 친철하고 너무 좋네요.
주차비는 2천원있으니 유념하세요.",긍정적,긍정적
2023-01,여긴 고기보다 식사류가 맛있습니다. 육회비빔밥과 국밥은 정말 최고입니다.,긍정적,긍정적
2021-01,갈비정식 식사 시 요청하면 고기를 따로 구워서 서빙함. 냄새걱정 없이 만족스러운 식사 가능. 룸 예약 가능,긍정적,긍정적
2022-01,"역시 맛좋고.서비스좋고.친절하고
나무랄데없는식당입니다.
가격이좀 쎄~ 다는것빼고는",긍정적,긍정적
2019-01,"옛 추억에 가는 집이지만 식사냐 고기냐 에 따라 입구부터 대우가 달라지는 게 보기 좋지 않음
20년전 항상 반기는 주인장을 회상하며 찰밥을 섭취했으나 이 또한 옛느낌이 안남 아마 첫입장부터 맘이 상한 탓인듯  그래도 옛정으로 4개 스탬질",부정적,부정적
2023-01,갈비탕이 일품입니다. 비싸기는 하지만 매일 먹는 것은 아니니 :),긍정적,긍정적
2019-01,"점점 가격이 올라도 심하다 싶을정도로 올림
가족과 저녁식사인데 고기뿐 아니라 주문한 식사까지 한방에 나와서 편한 시간은 아니었음
그나마 고기가 나쁘지않아 별 셋!!",부정적,부정적
2021-01,갈비탕은 잘 찾아먹진 않지만 이건 꼭 먹어봐야겠다 싶었습니다. 조기 품절되니 점심시간에 일찍 서두르는게 좋습니다.,긍정적,긍정적
2020-01,반찬이 많지않아도 맛있다 간단히 먹고싶을때는 국밥이나 갈비정식을 즐기고 한우갈비로 거하게먹을수도 있다,긍정적,긍정적
2023-01,"가성비 도루묵^
뭐가 잘알려져서 가는 곳인지 모름
인근에 먹을곳이 없어 어쩔수 없이 가는 곳인가 보다!!",부정적,부정적
2020-01,15년 전부터 가끔 방문.. 갈수록 가성비 최악.. 한우 갈비탕 2.6만원.. 미국산갈비탕 2.4만원.. 발레파킹 2천원,부정적,부정적
2019-01,갈비탕이 좋습니다. 한우 갈비탕은 조기 매진 될 수 있으나 수입 갈비탕은 종종 늦게까지 남아 있어요.,긍정적,긍정적
2022-01,29000원 갈비탕 제값을 합니다.,긍정적,긍정적
2022-01,"가장기본적인 소고기국밥은 정말 최곱니다.
고객과 부담스럽지 않게 식사하기 좋은곳.",긍정적,긍정적
2021-01,똑같은 소고기이지만 이집만의 고유한 맛이있어요 반찬도정갈하고 정말맛있습니다..,긍정적,긍정적
2023-01,갈비탕 맛집. 가격이 사악해서 지갑 사정 넉넉할때만 방문해요,부정적,부정적
2018-01,"갈비구이 장식, 갈비탕, 육회비빔밥 맛나게 먹었습니다. 개인적으로 육회비빔밥 강추~ 아~ 밑반찬 과하지도 부족하지도않게 딱 좋아요^^",긍정적,긍정적
2019-01,갈비탕 한정수량이라 꼭 아침에 가서 꼭 한우 갈비탕 드셔보세요 양과질 실망하지 않아요~~♡,긍정적,긍정적
2018-01,"갈비가 숯불의 스모키한 수준을 넘어 완전 탄맛만 나서 말을하니 원래 그런거라고 아니 고기를 원투데이 먹어보나 그런식으로 장사해서 얼마나 버틸까 싶었습니다 후식으로 파인애플을 줬는데 다 갈변한 말라 비트러지는 상태였구요
아니나 다를까 점심시간에도 몇테이블 없더라구요
가실거면 갈비탕 같은 식사만 하시고 바베큐는 하지 마세요",부정적,부정적
2019-01,회사 창립기념일때 가끔 간다. 사장님의 마음에는 감사의 별 5개를 하고 싶지만 공정하게 맛으로는 별 3개를 남긴다.,부정적,부정적
2020-01,고기의 질은 수준급이며 나오는 사이드디쉬는 신선도가 좋으며 서비스의 품질은 여타 식당이 못따라온다 만족스러웟으나 가격이 1인 정식이 34천원인걸 감안하면 좀더 고기의 양을 좀 더 늘려주셔도 되지않을까싶음,긍정적,긍정적
2022-01,예전에소고기국밥 맛있게 먹은 기억으로 갔는데 갈비정식 가격대비 최악이네요,부정적,부정적
2020-01,갈비양념 맛나요 한우갈비탕 양 많고 국물이 아주 좋아요 전반적으로 가성비는 많이 떨어져요,긍정적,긍정적
2019-01,갈비보다는 반찬이 더 맛있네요....후식으로는 누룽지와 냉면 추천합니다.,긍정적,긍정적
2019-01,"정말 맛있습니다. 음식도 아주 고급스럽고요, 최고 품질의 식재료를 쓰는것 같아요.",긍정적,긍정적
2019-01,서비스 이모님이 너무 허둥 지둥 정신 없었어요. 가격이 비싸요. 물냉면은 맛있었어요.,부정적,부정적
2020-01,"점심 메뉴로 갈비탕과 국밥은 추천합니다.
찾아가서 먹을만 합니다.",긍정적,긍정적
2023-01,친절한 식당에서 점심을 가장 맛있게 먹고 왔습니다,긍정적,긍정적
2022-01,고기 품질 좋으나 양껏 먹기엔 예산 부담이 될 듯 하네요,부정적,부정적
2021-01,"옛날맛이 아니고 값도 한그릇에 26,000원이나 해요.. 갈비탕이 미쳤죠?",부정적,부정적
2019-01,고기도 맛있고 분위기도 고풍스러워 좋다. 단 가격은 매우 비싸다,긍정적,긍정적
2018-01,갈비와 등심이 맛있습니다. 2층에 별도 룸이 있어 단체모임에 좋네요.,긍정적,긍정적
2018-01,점심때 한정판 한우갈비탕은 무시무시한 양을 자랑함 다만 한그릇에 24000원,부정적,부정적
2024-04,조금만 늦어도 갈비탕 없음,부정적,긍정적
2019-01,"그냥 최고.
비싸서 자주 못 먹을 뿐인데 돈 값 하는 퀄리티.",긍정적,긍정적
2020-01,11시에 입장해서 한우갈비탕은 여전히 최고입니다,긍정적,긍정적
2021-01,"지인분들과 함께한 국밥...
매콤하지만 자극적이지 않은 국물내 입맛에는 딱...",긍정적,긍정적
2021-01,11시부터 착석해야 먹을수있는 한우 갈비탕..너무비싸요,부정적,부정적
2020-01,"한우고기 최고의맛집
넘 비싸서 자주못감",긍정적,긍정적
2023-01,가격 대비 고기가..ㅠㅠ,부정적,부정적
2018-01,"갈비탕 최악~~~28,000원  넘하네~~
뼈만  잔뜩~~욕나와요~~",부정적,부정적
2024-08,"뼈있는 갈비, 맛있는 갈비, 해물 모두 맛있었습니다. 먹을 수 없을 정도로 여러 가지 나오므로 배가 가득했습니다. 한국은 소주 스트레이트 마시기 때문에 따로 뜨거운 물을 냄비 받았습니다(^o^)",긍정적,긍정적
2023-01,우리는 BBQ 쇠고기 갈비와 갈비탕이 포함된 점심 세트를 주문했는데 둘 다 훌륭했습니다. 인기 만점인 냉게발을 비롯해 반찬도 다양하다.  나중에 기회가 된다면 쇠고기 바베큐를 먹어보고 싶습니다.,긍정적,긍정적
2024-10,"나는 수년 동안 이곳에서 세 번이나 식사를 했는데 고기의 품질과 서비스는 항상 훌륭하여 미슐랭 지위를 입증합니다. 분위기는 정통 한국식 바비큐 시설의 분위기입니다. 너무 화려하지는 않지만 효율적이고 매력적입니다. 제가 한국을 방문할 때마다 ""꼭 방문해야 할"" 목록에 있는 곳 중 하나입니다.",긍정적,긍정적
2023-01,"훌륭한 쇠고기와 반찬. 직원들의 매우 세심하고 친절한 서비스. 직원들은 영어로 의사소통이 잘 되어 매우 도움이 되었습니다.

가격은 일반 식당에 비해 꽤 높지만 이곳은 다년간 미쉐린을 받았으니 괜찮은 것 같아요.",긍정적,긍정적
2024-10,내가 먹어본 최고의 한국식 바베큐!  음식은 전반적으로 훌륭했습니다!  서비스 훌륭합니다!  화려하거나 고급스러운 곳은 아니지만 그냥 훌륭한 정통 한식 레스토랑입니다. 적극 추천합니다!,긍정적,긍정적
2023-01,"서울 서초 지역에 있는 아주 좋은 한국식 바비큐 레스토랑입니다. 우리는 맛있는 점심을 즐기고 등심(신선한 립아이), 평양냉면, 비빔냉면 2인분을 주문했습니다.

문어, 물김치, 각종 나물 등 맛있는 밑반찬도 많이 있었어요. 서비스는 매우 좋았으며 립아이를 최고 품질의 고기로 완벽하게 요리했습니다. 우리는 한 입 한 입씩 즐겼습니다.

평양냉면은 비빔냉면보다 훨씬 맛있었고, 국수도 너무 맛있었어요. 가격이 조금 비싼 편이지만 맥주를 주문하면 총 201,000원이 나오는데, 이는 최고 품질의 음식과 서비스에 괜찮습니다.",긍정적,긍정적
2023-01,"아주 좋은 쇠고기는 물론이고 1+ 한우처럼 보이는 마블링이 좋은 선택입니다. 상큼한 갈비와 얇은 스커트를 추천드리며, 먹기 전 소금에 살짝 찍어 먹는 것도 잊지 마세요. 반찬은 매우 좋으며 게와 양상추를 좋아했습니다. 저녁을 먹으러 왔는데 갈비탕은 먹어보지 못했습니다. 서비스가 좋습니다. 그러나 가격은 꺼졌습니다.",긍정적,긍정적
2023-01,정말 놀라운 경험이었습니다. 서울에서 먹어본 음식 중 단연 최고였습니다. 우리는 지난 주 동안 모든 것을 시도해 보았습니다. 직원들은 매우 친절하고 음식은 훌륭합니다. 매우 감사합니다!,긍정적,긍정적
2024-08,"2명으로, 카스 1개, 고기 2종➕유케, 텐장치게로 261000원으로 받았습니다. 별로 먹지 않았고, 고기의 질도 서비스의 퀄리티도 가격에 맞지 않고, 엉망이라 생각했습니다. 품목도 받지 않고, 분명히 말해 사기입니다. 일본 인기를 얻으십시오.",부정적,부정적
2024-10,"나는 항상 프리미엄 한식을 경험하고 싶었고, 버드나무집은 기대 이상이었습니다. 레스토랑은 정말 고급스러운 분위기를 갖고 있으며, 2인 식사 가격은 8,000NTD가 넘습니다. 하이라이트 중 하나는 제가 오랫동안 먹어보고 싶었던 한우(한우)였습니다. 확실히 식사에서 가장 비싼 부분입니다. 솔직히 맛은 다른 고급 쇠고기와 별반 차이가 없지만, 와규에 비하면 기름기가 적어서 좋았습니다. 높은 비용을 고려하여 우리는 경외심을 가지고 접근했습니다.

우리는 또한 내가 가장 좋아하는 요리인 간장게장을 주문했습니다. 믿을 수 없을만큼 달콤하고 맛이 좋았습니다. 진짜 대접이었습니다. 이 식당의 반찬도 눈에 띄는 특징이다. 그들은 이 작은 요리를 다양하게 제공하며, 각 요리는 이전 것보다 더 맛있기 때문에 식사 내내 우리가 맛볼 수 있는 것이 많습니다.

버드나무집은 2018년부터 4년 연속 미슐랭 가이드 추천을 받았는데, 그 이유를 쉽게 알 수 있다. 고품질의 재료, 우수한 서비스, 세련된 분위기가 결합되어 최고의 한식을 맛보고 싶은 모든 사람에게 특별한 장소입니다.",긍정적,긍정적
2023-01,"메뉴가 저녁 식사 몇 가지로만 제한되어 있어서 실망했습니다. 저녁에는 소갈비탕이 제공되지 않았고, 우리가 원하는 냉면을 주문하려면 고가의 바비큐 쇠고기를 각각 1인분씩 주문해야 했습니다. 쇠고기는 기껏해야 받아 들일 수 있었고 나에게는 너무 질겼습니다. 냉메밀국수는 정말 실망스러웠습니다. 기본적으로 맛도 없고 집에서 즉석으로 만들어 먹는 게 더 좋을 것 같아요. 미쉐린 레스토랑에서는 냉메밀국수 같은 간단한 요리도 제대로 못 만들어서 깜짝 놀랐어요. 서비스는 괜찮았지만 다시는 가고 싶지 않습니다.",부정적,부정적
2024-05,정말 훌륭하고 음식과 서비스. 적극 권장됩니다.,긍정적,긍정적
2020-01,리뷰를 보고 직접 확인해보기로 결정했습니다. 내 호텔에서 불과 몇 블록 떨어진 곳에 있다는 것이 정말 운이 좋았습니다. 제가 갔을 땐 한우갈비탕이 다 팔렸어요. 대신 미국산 쇠고기 갈비 수프를 먹었습니다. 맛은 맛있고 편안했어요. 쇠고기 갈비는 육즙이 많고 부드럽도록 완벽하게 조리되었습니다.,긍정적,긍정적
2020-01,"아주 간단하고 영혼을 만족시키는 쇠고기 수프 한 그릇. 한우탕은 일찍 동나는데(오픈 시간에 맞춰 와야함) 미국산 쇠고기는 전혀 부족하지 않은 것 같아요.
밑반찬도 맛이 좋았고, 쇠고기 수프와 잘 어울렸습니다. 서비스도 매우 친절합니다.",긍정적,긍정적
2022-01,"가장 맛있는 갈비탕과 한국식 바베큐 고기를 곁들인 최고의 반찬은 매우 부드럽고 너무 달지도 짜지도 않고 딱 알맞게 양념되어 있습니다! 우리가 오전 11시에 갔는데 이미 식사하는 테이블이 몇 개 있었는데, 이제 왜 그런지 알겠어요 :)",긍정적,긍정적
2023-01,"야키니쿠, 한국 요리, 와인, 술
폭넓게 요리를 즐길 수 있었습니다.
한국의 지금의 유행인지, 와인이 많이 있어, 재미있다고 생각했습니다.",긍정적,긍정적
2023-01,모든 한우 쇠고기를 제공하며 점심 시간에는 이곳에서 갈비탕을 먹습니다. 가격이 너무 비싸요. 맛은 보통이에요,부정적,부정적
2018-01,확실히 개인적으로 좋아하는 것 중 하나입니다.  갈비탕은 굉장합니다.  하지만 장사가 너무 좋아서 한국 갈비는 대개 일찍 매진되지만 미국 갈비는 여전히 훌륭합니다.  육회도 좋습니다.  양념갈비 바베큐는 괜찮습니다.,긍정적,긍정적
2022-01,포만하지만 먹을 수있는 맛,긍정적,긍정적
2022-01,최고의 갈비탕.   꼭 해봐.  여기만큼 갈비탕을 제공하는 곳은 없습니다.  점심시간에만 60명.  11시 30분까지 도착해야 함,긍정적,긍정적
2023-01,나는 보통 Google에 레스토랑 리뷰를 게시하지 않지만 말 그대로 서울 여행 전체에서 먹어본 최고의 식사 중 하나를 먹었습니다. 나는 약간을 갈망하고 있었기 때문에 립아이를 먹었고 이것이 공원 밖으로 공을 쳤습니다. 공원 밖으로 나가세요. 서울에 오신다면 한 번쯤은 이곳에 와보셔야 할 것 같습니다. 아마도 내가 서울에서 가장 좋아하는 레스토랑일 것이다.,긍정적,긍정적
2024-06,음식(갈비)은 훌륭했지만 훌륭하지는 않았습니다. 웨이트리스는 친절하고 친절했습니다.,부정적,부정적
2019-01,놀라운 음식이지만 미슐랭 스타 보유자이기 때문에 비쌌습니다. 반찬은 모두 다른 한국식 바베큐 레스토랑보다 한 단계 높았습니다.,긍정적,긍정적
2024-06,놀라운 KBBQ!,긍정적,긍정적
2023-01,음식 부분은 가격에 비해 거의 없었습니다.,부정적,부정적
2024-05,"훌륭한 갈비(비절임 및 양념), 반찬 및 된장찌개",긍정적,긍정적
2023-01,레스토랑은 괜찮은 음식을 제공하지만 직원들에게 팁을 요구하는 외국인을 이용합니다. 제가 가본 한식당 중 팁을 요구하는 유일한 한식당이 바로 이곳이었습니다. 레스토랑이 유명해지고 다음으로 그들이 할 수 있다는 것을 깨닫고 사람들을 이용하기 시작하면 매우 실망스럽습니다.,부정적,부정적
2024-07,나쁘지는 않은데 가격이 너무 높네요,부정적,부정적
2023-01,맛있고 매우 친절해요! 메뉴를 영어로 설명하고 일반 김치를 추가로 제공했습니다(보통 무김치를 제공합니다). 빨리 돌아오고 싶어요!,긍정적,긍정적
2022-01,나는 가족과 함께 이곳을 방문했습니다. 쇠고기는 매우 좋았습니다. 그리고 다른 반찬들도 너무 맛있었어요. 점원들은 친절했습니다. 깨끗하고 가격도 적당했어요.,긍정적,긍정적
2022-01,우리는 그곳에서 단체 저녁 식사를 했는데 그들은 우리를 매우 잘 보살펴주었습니다. 고기 질이 매우 좋은 것 같았고 측면도 매우 좋았습니다.,긍정적,긍정적
2020-01,"이곳은 외국인에 대한 차별이 심한 곳입니다.

저는 한국 출신 친구와 함께 왔습니다. 웨이터가 우리를 우리 테이블로 안내하고 내가 물건을 내려놓은 후, 친구와 영어로 대화하는 순간 웨이터가 우리에게 다른 테이블로 이동해야 한다고 말했습니다. 그녀는 직원들이 점심시간을 보내는 테이블보다 훨씬 더 숨겨져 있는 뒤쪽 구석에 있는 테이블로 우리를 안내했습니다.

나는 무슨 일이 일어나고 있는지 몰랐지만 내 친구는 웨이터에게 우리가 왜 감동받았는지 물었습니다. 웨이터는 내가 외국인이기 때문에 코로나브리우스 편집증이 계속되는 가운데 조심해야 한다고 말했습니다. 내 친구는 웨이터에게 내가 미국 출신이라고 말했지만 그것은 중요하지 않았습니다.

나는 지금 무슨 일이 일어나고 있는지 몰랐습니다. 그렇지 않았다면 즉시 이 가게를 떠났을 것입니다. 나는 대만계이기 때문에 아마도 그들에게는 중국인으로 보일 것이고 따라서 잠재적인 위험으로 보일 것입니다. 식당이 오염 위험을 최소화하고 싶어한다는 것은 이해하지만, 원산지를 묻지 않고 즉시 가정했다는 사실은 믿을 수 없을 만큼 차별적이며 부적절했습니다.

우리는 결국 식당에 머물면서 미국산 쇠고기를 곁들인 글라비탕과 매운 수프를 주문했습니다. 그만한 가치가 있다고 생각하면 음식이 정말 맛있었습니다. 하지만 용납할 수 없는 차별 관행 때문에 이곳을 추천하거나 다시는 방문하지 않을 것입니다.",부정적,부정적
2019-01,"바베큐 양념 고기로 유명한 전통 한식당입니다. 가격은 갈비 100g에 5만원까지 비싼 편이지만, 노년층과 부유층 사이에서 여전히 인기가 높다. 많은 돈을 쓸 의향이 없다면 더 저렴한 대안인 갈비탕(고기 수프)이나 냉문(한국 국수)을 먹어볼 수도 있습니다.",부정적,부정적
2020-01,훌륭한 한국식 바베큐! 최고의 갈비는 가격이 조금 비싸지만 그만한 가치가 있습니다. 캐주얼한 분위기지만 음식은 훌륭합니다.,긍정적,긍정적
2020-01,"점심에 카르비탄, 쿠퍼 등 먹을 수 있습니다. 카르비탄은 한우는 수량 한정으로, 없어지면 미국산이 됩니다.",긍정적,긍정적
2020-01,"버드나무집 (budnamujip)
미쉐린 가이드 셀렉션.
1977년부터 시작된 한우 전문 쇠고기 구이입니다.
점심에만 갈비탕, 소고기국밥을 추천합니다.
갈비탕 - 쇠고기 갈비탕과 밥.
소고기국밥 - 야채를 넣은 매콤한 소고기국에 밥을 곁들인 요리입니다.",긍정적,긍정적
2021-01,시그니처 메뉴인 한우칼비탕을 맛보려면 일찍 점심을 먹으러 가세요! 그것은 제한되어 있습니다. 최고입니다!,긍정적,긍정적
2024-03,맛있는 한국 전통 고기 수프.,긍정적,긍정적
2019-01,아주 오래된 한식 전문점 갈비입니다. 맛은 변함없으나 특별한 것은 없고 가격이 더 비쌉니다.,부정적,부정적
2019-01,서울에서 전통 한식당으로 유명해요. 요리는 정말 맛있지만 가격이 너무 비싸요.,부정적,부정적
2019-01,서울에서 가장 오래되고 최고의 갈비 전문점 중 하나입니다. 하지만 여기에 올 때 두꺼운 지갑을 가지고 있는지 확인하십시오.,긍정적,긍정적
2023-01,훌륭한 한국 음식. 서비스는 완벽했습니다.,긍정적,긍정적
2019-01,"서울 최고의 한우바비큐 레스토랑..
갈비는 훌륭합니다 .. 서울에있을 때 꼭 방문해야합니다",긍정적,긍정적
2021-01,저는 이곳이 하루에 한정된 횟수로 제공되는 갈비탕을 좋아합니다.  11시 30분까지 도착하는 것을 추천합니다.,긍정적,긍정적
2019-01,돈에 여유가 있을 때 갈 수 있는 가게입니다.,긍정적,긍정적
2021-01,어렸을 때 이곳에 전통 한국식 바비큐를 먹으러 가곤 했어요. 여전히 매우 인기가 있습니다.,긍정적,긍정적
2023-01,"사골국 최고, 수량 한정, 사골국이 아주 맛있어요",긍정적,긍정적
2022-01,너무 비싸요. 그 맛과 서비스는 완전히 과대평가되었습니다.,부정적,부정적
2020-01,최고의 서비스. 음식과 맛은 훌륭하지만 휠체어 여성은 위층 화장실이 불편함,긍정적,긍정적
2022-01,정말 멋진 한우(한우) 및 기타 수프.,긍정적,긍정적
2020-01,"품질과 맛이 좋고, 가격이 높으며, 주차 대행 서비스는 $2입니다.",긍정적,긍정적
2022-01,음식의 품질은 최고이지만 가격이 너무 비쌉니다.,부정적,부정적
2022-01,훌륭한 음식. 바베큐는 필수입니다.,긍정적,긍정적
2019-01,최고의 품질. 최고의 서비스. 하지만 조금 비싸요.,긍정적,긍정적
2020-01,더 이상 특별한 것은 없지만 여전히 비용이 듭니다.,부정적,부정적
2018-01,훌륭한 한국식 바베큐! 훌륭한 고기.,긍정적,긍정적
2024-07,아주 멋진!!!,긍정적,긍정적
2019-01,당신이 지불하는 것은 고기의 품질이 아닙니다.,부정적,부정적
2022-01,맛있는. 값비싼,긍정적,긍정적
2020-01,전설의 한우바비큐,긍정적,긍정적
2018-01,지금까지 먹어본 갈비탕 중 최고!,긍정적,긍정적
2020-01,좋은 맛에는 의심의 여지가 없습니다.,긍정적,긍정적
2023-01,역대 최고,긍정적,긍정적
2022-01,비싸지 만 공명,부정적,부정적
2023-01,최고입니다.,긍정적,긍정적
2018-01,"신선한 쇠고기, 친절한 서비스",긍정적,긍정적
2021-01,비싸지만 그만한 가치가 있는,긍정적,긍정적
2018-01,서울 최고의 쇠고기,긍정적,긍정적
2019-01,좋아~!,긍정적,긍정적
2020-01,그래서 그렇습니다.,알 수 없음,알 수 없음
2018-01,매우 즐거운 식사,긍정적,긍정적
2019-01,좋은,긍정적,긍정적
2019-01,좋은 쇠고기!,긍정적,긍정적
2020-01,좋은 맛,긍정적,긍정적
2018-01,아직도 1위!,긍정적,긍정적
