Date,Review,sentiment,Sentiment2
2022-01,양이 진짜 적네요. 이게 3만원이랍니다. 열어서 보자마자 잘못 가져온게 아닌가 전화까지 해봤네요. 맞다네요. 그럼 다음부턴 안사먹겠습니다... 그리고 완전 질겨요.,부정적,부정적
2021-01,"먹을때마다 느껴요
곰작골 나주곰탕  정말 시원하고 맛있어요",긍정적,긍정적
2022-01,"기존에는 나주곰탕에 단순 공기밥이었는데 이제는 누룽지가 포함된 솥밥을 제공합니다. 전보다 더 나아진 것 같아요.

솥밥에는 물 대신에 곰탕 국물을 넣었더니 고기맛나는 누룽지가 되어서 짭쪼름하고 맛있었습니다. 설거지 하시는 분한테 등짝맞을 짓 같기도 하네요... 솥밥을 제공하지먼 밑반찬이 약간 애매해서 정식메뉴로 유도하는 느낌이 좀 있습니다.

기존에 없던 정식 메뉴들도 생겼고 한데 약간의 가격부담이 되는 것이 사실입니다. 최근에 동네 물가 전체가 올라가고 있다는 느낌을 지울수가 없네요.",긍정적,긍정적
2023-01,곰탕과 함께.나오는 솥밥이 괜찮네요,긍정적,긍정적
2023-01,김치 너무맛있구여 수육곰탕도 맛있게 먹었습니다. 밥은 솥밥을 주십니다.,긍정적,긍정적
2021-01,"근처직장러들의배를뜨끈한육수로채워준다 곰탕생각나면가봐 근데 소면사리없는건좀아쉽다 설렁탕에만소면주란법있남?;,,;",긍정적,긍정적
2022-01,국물이 시원함. 가격은 비싼편이지만 주문과 동시에 돌솥밥이 만들어지고 밥이 맛있음.,긍정적,긍정적
2021-01,"돌솥밥과 곁들여져서 좋아요
오랜만에 숭늉을 먹으니 속도 따뜻하고 좋네요",긍정적,긍정적
2021-01,프렌차이즈 식당이라 메뉴가 다양함,긍정적,긍정적
2019-01,갈만탕 먹으러 간간히 가고 있어요 🙃…,긍정적,긍정적
