﻿Date,Review,Final_Sentiment,맛,서비스,양,sentiment,Sentiment2
2024-10,"귀여운 소품이 한가득 있는 카린지 린가네 스낵바💕💕 제가 감탄을 하며 사진찍으니 여사장님께서 본인도 넘 좋아하셔서 귀여운것들 전시했다해요ㅎㅎ #양재데이트장소 로도 넘 추천이고! 친구들끼리 간술, 혹은 혼술도 좋을 것 같더라구요.
안주는 양은 적지만 그만큼 가상비도 최고!!!
부담없이 여러개 주문해도되서 좋드라구용ㅎㅎ
가게앞에서 포토존으로 사진찍어도 좋을듯ㅎㅎ #양재술집 으로 추천합니다~~~~~",긍정적,긍정적,긍정적,부정적,긍정적,긍정적
2024-10,"정말 오랜만에 마음에 드는 일본식 술집을 발견했어요! 안주가 전체적으로 저렴한 편이라 처음엔 큰 기대 안했는데, 모든 메뉴가 다 맛있네요. 인테리어도 정말 예쁘게 해놓으시고 브금도 좋아서 일본 느낌 가득 ㅎㅎ~ 사장님도 친절하시구 강아지가 너무너무 예뻐서 힐링하구 가요. 다음에 또 놀러갈게요 :)",긍정적,긍정적,긍정적,알 수 없음,긍정적,긍정적
2024-10,"#양재데이트 왔다가 #양재역이자카야 찾아 온 곳이에요. 아 인테리어가 넘모 귀여워요 ㅠ 취향저격~~~🤍 아담하지만 그안에 볼거리•귀여운게 가득찬 곳으로 데이트코스로 좋은곳이에요💕

점심에는 카린지 , 저녁에는 린가네 로 운영중이에요 ㅋㅋㅋ 첨에는 이름을 두글자씩 끊어읽었는데ㅋㅋㅋ

암튼! 메뉴도 부담스럽지않게 1-2인분으로 가격도 저렴해요✨ 다양하게 주문할 수 있어서 좋고 남기지않아도되서 더욱 좋았던 곳이에요!!!!! #양재역데이트 코스 찾으신다면 추천추천~😆😆😆",긍정적,긍정적,긍정적,긍정적,긍정적,긍정적
2024-10,"저녁식사 겸 들러본 곳인데, 점심엔 카린지(카레&카츠), 저녁엔 린가네 스낵바로 운영해서 이름이 린가네카린지스낵바 입니다. 완전 일본 현지 스낵바에서 먹는 그 맛... 맛도 놀랍지만 귀여운 강아지와 저렴한 가격에 두번 더 놀랐습니다. 친구, 연인 누구든 좋은 사람과 기분좋게 한잔하려면 여기 강추합니다! 특히 나폴리탄, 테바사키, 감자고로케 강추!!",긍정적,긍정적,긍정적,긍정적,긍정적,긍정적
2024-10,메뉴 가격과 양이 가벼워서 이것저것 여러 가지 시켜 먹을 수 있는 게 넘 좋았어요~ 분위기도 정말 좋고 안주도 맛있습니다! 특히 카츠샌드가 맛있었어요~ 도톰한 돈까스가 들어가는데 고기가 질기지도 않고 와사비 소스가 들어 있어서 느끼하지 않아 좋았습니다!,긍정적,긍정적,긍정적,긍정적,긍정적,긍정적
2024-10,일본 여행온듯한 느낌이에요 ㅎㅎ 가성비 좋은 다양한 안주들이 많아서 더 좋았어요!! 둘이 안주 5개에 하이볼 5잔인데 이 가격이라니 *_* 점심에 돈카츠 메뉴를 판매해서 그런지 카츠산도도 맛있었어요~ 팝콘도 제 스타일,긍정적,긍정적,긍정적,긍정적,긍정적,긍정적
2024-10,"어제 저녁에 간술하러 갔다가 너무 즐겁게 있다 왔습니다 ㅎㅎ 2차로 가기 좋은 술집이고 이야기 나누기 딱 좋아요!! 술도 사와, 하이볼, 맥주 등 다양해서 굿입니다🤤👏😆",긍정적,긍정적,긍정적,알 수 없음,긍정적,긍정적
2024-10,불금에 방문했는데 분위기가 좋아서 기분이 좋았어요! 안주랑 술 종류도 다양하고 음식이 다 맛있어 배터지게 먹고 왔어요👍,긍정적,긍정적,알 수 없음,긍정적,긍정적,긍정적
2024-10,"좁은줄 알았는데 엄청 넓더라구용?!
처음갔는데두 서비스 주시구..🩷
소주가 없는 줄 알았는뎅
글라스 소주라두 있어서 소주러버는 넘 좋았어요!
메뉴들이 하나하나 전부 맛도리인데,
여긴 튀김맛집, 돈까스 맛집인가봐용🤤❤️
완전 추천해요!!",긍정적,긍정적,긍정적,알 수 없음,긍정적,긍정적
2024-10,"메뉴명과 나오는 음식이 정확한집입니다
튀김을 기대한다면 기대하던 튀김
신선한 오이를 기대한다면 신선한 오이
특히나 오이무침이 고추기름 마라 목이버섯
지짜 너무 맛있어요
너무나 맛있는 밤을 보내게 해주셔서 감사했습니다
정말 정말 너무 잘먹고 갑니다
평소에 세상 제일 귀요미 흰둥이가 출근하니
지짜 북실북실 흰둥이 좋아하는 분이라면
강남에서 술집은 여깁니다 !
가루야 사랑해",긍정적,긍정적,긍정적,알 수 없음,긍정적,긍정적
2024-10,튀김과 안주가 맛있어 술이 술술들어가는 가게 마스코트 강아지가 너무귀여워요!,긍정적,긍정적,알 수 없음,알 수 없음,긍정적,긍정적
2024-09,"강아지가 친절하고 안주가 맛있어요.
배는 부르지만, 이것 저것 집어먹어보고 싶을 때.
2차 장소로 제격.",긍정적,긍정적,긍정적,부정적,긍정적,긍정적
2024-09,"일본 갬성 분위기도 좋고 안주들이 가성비가 좋아요!!
야끼소바 김치카츠나베 다 맛있었어요😊👍🏻
기린생맥주랑 하이볼 존맛 ㅠㅠㅠ",긍정적,긍정적,알 수 없음,알 수 없음,긍정적,긍정적
2024-08,일하시는 분들 모두 매우 친절하십니다. 음식들도 하나같이 맛있고 대화하기 아주 좋은 분위기가 만들어져 있는 곳입니다. 일본 술을 팔지만 술을 꼭 마시지 않아도 즐겁게 식사하고 갈 수 있습니다.,긍정적,긍정적,긍정적,알 수 없음,긍정적,긍정적
2024-08,"회사 근처라 가끔 가는데
점심으로 먹기엔 가격대가 있어서
주로 월급날 가서 먹음 ~^~^.
음식도 맛있음^^",긍정적,긍정적,알 수 없음,부정적,긍정적,긍정적
2024-06,"핫한 곳에만 있는 카린지가 양재쪽에 오픈한거 보면 이제 양재도 핫한 곳이 아닌가 하는 생각이 들게됨

종종 다른 지역에서 카린지 방문했는데, 안주가격이 그렇게 비싼 편이 아니라서 그 점이 너무 좋아서 먹고 싶은 메뉴 이것저것 시킬 수 있었음 그리고 2차로 오기에도 가격대비 안주 양이 꽤 있음

양재역이 아닌 뱅뱅사거리쪽에 위치하고 있어서 웨이팅 없이 쉽게 자리 앉을 수 있어서 좋은데, 약간 대화 하기에는 목소리를 높여야하는 점이 조금 아쉬웠음

소주보단 맥주랑 하이볼 위주의 주류 판매라 소주는 신기하게 글라스로 파는데, 4,000원 가격에 거의 소주 반병? 정도 얼음에 담아서 주심

여기는 옥수수 팝콘을 무조건 먹어야하는 곳임 진짜 미친 중독성이 있음!!!!",긍정적,긍정적,부정적,긍정적,긍정적,긍정적
2024-10,"김치나베 맛집..
회사근처에도 김치나베집이 있는데 카린지가 더 맛있다고 들어서 더 멀리떨어진 곳으로 왔는데 후회없어요 정말 맛있더라구요 ! 국물러버는 국물을 계속 떠먹었답니다 !
직원분들도 친절하고 매장도 깔끔하고 맛있어요 ~
나중엔 저녁에 방문해보려구요 ㅎㅎ
점심시간엔 사람이 많으니 빠르게 방문하셔야해요!!",긍정적,긍정적,긍정적,알 수 없음,긍정적,긍정적
2024-08,"점보유린카츠, 가쓰오 떡볶이 다 맛잇어요
가격도 괜찮고 하이볼도 맛있어요
매장 시원하고, 일본느낌 풀풀
순딩이 강쥐도있어서 행복 두배입니다🥹💕",긍정적,긍정적,긍정적,알 수 없음,긍정적,긍정적
2024-07,"떡볶이 추천해요! 마라맛나고 맛있어요,,",긍정적,긍정적,알 수 없음,알 수 없음,긍정적,긍정적
2024-04,"지나가는 길에 인테리어가 너무 독특해서 들렸어요!
안에 일본처럼 너무 귀염뽀짝하게 되어있어더라고요
낮에는 점심메뉴 저녁에는 술집으로 운영되는 것 처럼 보였어요!
음식도 너무 맛있네요😏👍🏻",긍정적,긍정적,알 수 없음,알 수 없음,긍정적,긍정적
2024-11,무난무난,긍정적,알 수 없음,알 수 없음,알 수 없음,부정적,긍정적
2024-08,"사장님도 너무 친절하시고 맛도 너무 훌룡해요!

다음에도 올께요!",긍정적,긍정적,긍정적,알 수 없음,긍정적,긍정적
2024-04,하이볼 사케 맥주 다양하게 맛볼 수 있어 좋아요! 맥주 존맛… 김치카츠나베도 매콤한게 맛있구요! 사진엔 없지만 린가네 팝콘도 계속 들어갑니다!! 가볍게 드실 분 추천합니다!!👍,긍정적,긍정적,긍정적,긍정적,긍정적,긍정적
2024-06,"친구랑 담소나누며 맛있는 한잔 했어요
분위기 넘나 좋았어요
벌써 또 가고 싶네요",긍정적,긍정적,긍정적,알 수 없음,긍정적,긍정적
2024-05,주문한 메뉴 전부 맛있었어요! 하이볼이랑 사와도 맛있구요 분위기도 좋고 인테리어도 귀여워요 자주 올 것 같아요~,긍정적,긍정적,긍정적,알 수 없음,긍정적,긍정적
2024-05,역삼 최고의 맛집 친구가 최애라고 소개해줘서왔는데 안주도 맛있고 술도다양ㅎ해용 양도 많아요,긍정적,긍정적,긍정적,긍정적,긍정적,긍정적
2024-09,런치 한정,긍정적,알 수 없음,긍정적,알 수 없음,긍정적,긍정적
2024-08,"맛있게 잘먹었어요
맛좋은 카린지",긍정적,긍정적,알 수 없음,알 수 없음,긍정적,긍정적
2024-05,함박스테이크 플레이팅 넘 예쁘고 맛있게 먹었어요 유자에이드도 맛있었습니당,긍정적,긍정적,알 수 없음,알 수 없음,긍정적,긍정적
2024-04,너무 맛있어요!! 제가 살면서 먹어본 생맥 중에서 가장 맛있었어요.. ❤️,긍정적,긍정적,알 수 없음,알 수 없음,긍정적,긍정적
2024-01,"점심시간에 식사하고왔는데 돈까스도
맛있고 카레도 맛있고
간단하게 먹기 딱 좋더라고요
아이데리고갔는데 세트메뉴에 우동도있어
아이가 아쥬맛나게먹었어요~
담번엔 술한잔하러가려고요😁",긍정적,긍정적,긍정적,긍정적,긍정적,긍정적
2024-05,메뉴도 부담없이 맛있고 하이볼 정말 시원하고 맛있네요,긍정적,긍정적,알 수 없음,알 수 없음,긍정적,긍정적
2023-12,"하이볼러버 여기 눕습니다!
매장에 들어갔는데 진짜 여기가 일본인가 싶더라니까요 ㅎㅎㅎㅎ
그 감성 느끼면서 먹기 딱입니다
안주들도 저가라서 부담없이 다양한 종류 주문해먹기 좋답니다:)
하이볼도 맛있어서…. 술만 7만원어치 넘게 먹었네요 ㅋㅋㅋ
너무 분위기 좋고 가볍게 술한잔 하기 딱 좋은 곳입니다~!",긍정적,긍정적,긍정적,긍정적,긍정적,긍정적
2024-02,안주들이 다 너무 맛있어요! 정말 안주 맛집입니다ㅎㅎ 주류 종류도 많고 모임하기도 너무좋고요. 야끼소바. 이케다시도후. 린가네팝콘 추천해용,긍정적,긍정적,긍정적,알 수 없음,긍정적,긍정적
2024-01,"+아니 영수증리뷰 서비스 있길래 직원호출하고 사와 하나가격 뺀 영수증받아서 작성했습니다 . 결제하려니까 영수증리뷰는 영수증을 받은후 추가주문이 있어야 할인을 해준다네요? 사전고지도 없었고 이벤트에도 그런글 없었습니다. 너무 맛있게 먹어서 기분좋게 리뷰 다쓰고 사진도 올렸는데 ㅡㅡ 생각해버니 열받아요


매장너무 진짜 이쁘고 음식도 너무 맛있어요 !!! 야끼소바랑 치즈돈까스 정말 강츄입니당 일본현지에서 먹은거랑 비슷해요~일본갬성느끼고 왓는데 대만족입니다♡ ㅎㅎ사와는 술맛하나두안나는 음료맛이에요 ! !",긍정적,긍정적,부정적,알 수 없음,부정적,긍정적
2024-06,분위기도 좋고 강남에서 친구들과 얘기하면서 술한잔 하기 좋아요👍 ㅎㅎ,긍정적,알 수 없음,긍정적,알 수 없음,긍정적,긍정적
2024-05,2차 3차로 간단히 한잔먹기 좋네요,긍정적,긍정적,알 수 없음,알 수 없음,긍정적,긍정적
2024-02,분위기도 아기자기 귀여운 일본 선술집 느낌인데 안주와 술 가격도 좋아요. 조그만 안주 여러개 시키기 좋고 원래 점심에 돈까스와 카레 팔아서 코돈부르가 특히 맛있음.,긍정적,긍정적,알 수 없음,긍정적,긍정적,긍정적
2024-04,"맛있습니다 소스가 남달라요~
매장이 조금 작아서 타이밍 안맞으면 웨이팅 좀 길긴 한데
음식도 빠르게 나오고 괜찮아요",긍정적,긍정적,부정적,알 수 없음,긍정적,긍정적
2023-12,"매장분위기도 일본 현지 그자체에요💘
취향 저격!!!
맛있고 가성비 좋고 분위기까지 좋을수있나용
목요일 오후에 방문했는데도
사람도 많고 데이트하기 좋았어요!!
단골 될거에요
양재역 이자카야 찾고 계신분들은 꼭 방문하세요 ❤️",긍정적,긍정적,긍정적,알 수 없음,긍정적,긍정적
2024-04,"야끼소바, 후추후추테바사키, 기린생맥, 매실사와",긍정적,긍정적,알 수 없음,알 수 없음,긍정적,긍정적
2024-07,여기 단골이에요 린가네팝콘 너무 좋아요 중독이엥ㅎ,긍정적,긍정적,알 수 없음,알 수 없음,긍정적,긍정적
2024-03,가게 예쁘고 분위기 좋아요!,긍정적,알 수 없음,긍정적,알 수 없음,긍정적,긍정적
2024-02,"가성비 좋은 식당이에요.
양도 푸짐하고 치즈돈까스 찐 맛집
소스도 제 취향이였어요.
일본스러운 인테리어에 분위기도 좋아요.",긍정적,긍정적,알 수 없음,긍정적,긍정적,긍정적
2024-04,인테리어가 너무 예쁘고 야끼소바가 맛있었어요!,긍정적,긍정적,알 수 없음,알 수 없음,긍정적,긍정적
2023-12,"재방문했는데 역시나 너모너모 맛잇게먹엇어욤!! 사와도 진짜 맛있구 가성비가 진짜 좋은거같아요ㅎㅎ
데이트하기 좋은 분위기고 가볍게 퇴근하고 한잔하기 즇아요!
양재역오면 무조건 또 들릴거에요 :)",긍정적,긍정적,긍정적,긍정적,긍정적,긍정적
2023-12,점심엔 카린지 저녁엔 린가네 🫶 저는 린가네일때 방문했네요 ㅋㅋㅋ 청포도사와와 유자사와에 맛난 안주들 잔뜩 시켜서 금요일 퇴근 후 기분좋은 시간 보내구 왔어요 ㅎㅎㅎ 🥰 모든 메뉴가 가성비 가심비 무쳤지만 신메뉴 나가사끼짬뽕 야끼소바 가츠산도 꼭 다 드셔보세요 !!,긍정적,긍정적,긍정적,긍정적,긍정적,긍정적
2023-12,"너무 분위기 좋아요!! 👍🏻
간만에 맘에드는 이자카야를 찾은 것 같아요
직원들도 친절하시고 음식도 빨리빨리 나와서 다같이 한번에 먹을 수 있었어요.
주류 종류도 많아서 골라먹기 좋았어요~~^^❤️",긍정적,긍정적,긍정적,긍정적,긍정적,긍정적
2024-03,"친구랑 둘이 방문했습니다! 이전에 성수점에서 점심 먹었었는데, 하이볼이 마시고 싶어서 친구랑 양재점 방문했습니다!
장점 : 음악이 일본에서 최신으로 유행하는 JPOP임. 하이볼 종류가 다양한편이고 요리 사진이 잘 나오는 편.
단점은 의자가 너무너무너무 불편해요…. 성수점은 괜찮았던 것 같은데…. 등받이 없고, 의자 뚜껑 열어서 물건 넣어야하는데 뚜껑 무겁고요…
등받이 없으니까 허리아파요ㅠㅠㅠ
옆에 오신 다른 커플은 공기밥 찾으시던데 없다고…. 저녁엔 밥집 아닌건 알지만 다 튀긴요리라서 너무너무 느끼하고 빨리 집가서 밥 먹고 싶었어요ㅠ 간단히 한잔하긴 좋은 것 같습니다…
완전 멍멍이 친구된 남자분들 와서 대화소리 하나도 안들리고, 많이 취하셨는지 친구한테 사자후로 이야기해도 눈치도 안보고 결국 뒤로 자빠짐ㅎ",긍정적,긍정적,부정적,부정적,긍정적,긍정적
2023-12,인테리어가 귀엽고 음식이 맛있어요. 김치카츠나베를 먹었는데 국물이 부드럽고 깊은 맛이 나요. 양배추도 들어가서 중간에 달큰한 맛이 은은하게 나고 카츠가 두껍고 엄청 부드러워요. 점심에 혼자 먹었는데 저녁에 데이트하러 또 오려구요!,긍정적,긍정적,알 수 없음,긍정적,긍정적,긍정적
2023-12,"돈카츠 맛도리 집💜
점심엔 카린지, 저녁엔 린가네
일본여행 온 듯한 힙한감성의 인테리어에 두가지 컨셉의 색다른 메뉴가 즐거워요!!
전 카린지시간을 즐겼는데 도톰한데 부드럽기까지하는 돈카츠에 깜짝 놀람!! 너무 맛있어요💜
가격도 착해서 가성비있는 양재역 이자카야 찾을때
저녁 린가네타임도 방문해볼게요!",긍정적,긍정적,긍정적,긍정적,긍정적,긍정적
2024-07,맛있어용!,긍정적,긍정적,알 수 없음,알 수 없음,긍정적,긍정적
2023-10,"칼몬드 파스타 + 카츠샌드 + 후추후추테바사키 +김치카츠나베 + 린가네하이볼(x2) + 린가네드라이하이볼 + 레몬사와 + 기린쇼맥 + 기린생맥주 먹었어요!
대체적으로 안주 간이 센편이라서 술이랑 잘 어울려요
음식 다 맛있었지만 김치카츠나베 강추!!!
칼몬드 파스타가 오일파스타라 다소 느끼할 수 있는데 그 느끼함을 김치카츠나베의 칼칼함이 깔끔하게 잡아주더라구요",긍정적,긍정적,알 수 없음,긍정적,긍정적,긍정적
2024-01,저녁에는 스낵바로 변하는 매력있는 카린지린가네스낵바를 방문했습니다 🌟 안주 메뉴들이 하나같이 다 맛있고 매장 인테리어가 일본풍 낭낭해서 일본에 온 줄 알았어요 ㅎㅎ 👍🏻👍🏻 맛있게 잘 먹고 갑니다 😊,긍정적,긍정적,긍정적,알 수 없음,긍정적,긍정적
2024-04,집 근처에 요래 맛진 곳이 있었다니! 맛도 좋고 분위기도 좋고 깔끔하고 편히가기 좋아요 😶 번창하세요,긍정적,긍정적,긍정적,알 수 없음,긍정적,긍정적
2024-06,완전맛있어요ㅎㅎㅎ 두번째 방문인데 잘먹고 갑니당 ㅎㅎ,긍정적,긍정적,긍정적,알 수 없음,긍정적,긍정적
2024-02,맨날웨이팅있어서 기다렸는데 오늘은 바로들어왔어요! 가성비 너무 좋고 2차로 오기 너무좋아요💛,긍정적,긍정적,긍정적,알 수 없음,긍정적,긍정적
2024-02,가성비 최고!! 분위기도 넘 좋아요 꼭 가세용❤️❤️,긍정적,알 수 없음,긍정적,알 수 없음,긍정적,긍정적
2023-12,"추운겨울 따뜻한 사케를 찾아 우연히 들어간집
레트로한 일본감성이 맞이해주었습니다.
오뎅 모리와세와 따뜻한사케에 몸도 따뜻해지고 친철한 사장님에 마음까지 따뜻해졌습니다. 음식과 감성 모두 좋은집 추천합니다",긍정적,긍정적,긍정적,알 수 없음,긍정적,긍정적
2024-02,"2차로 간단히 마시기 좋은 곳이에요
안주들도 작게작게 다양하고 괜찮네용 !
(화장실은 별루..)",긍정적,긍정적,알 수 없음,알 수 없음,긍정적,긍정적
2024-02,귀여운 강아지가 있어요♡ 너무 귀여워요♡ 음식도 맛있어요~~! 2차 하기 딱입니다!!,긍정적,긍정적,알 수 없음,알 수 없음,긍정적,긍정적
2024-02,"분위기좋아요 근데 대부분예약석이라
예약하시고 방문추천해요.",긍정적,알 수 없음,긍정적,알 수 없음,긍정적,긍정적
2023-11,"맛있는 메뉴가 많아서 무엇부터 먹을지 고민이 많았네요.
음식도 빨리 나오고 무엇보다 너무나 맛있었네요.
인테리어도 아기자기하게 잘 꾸며있어서 볼거리도 많았답니다. 추운날씨에 김포에서 뱅뱅사거리까지 간 보람이 있었네요. 맛있게 잘 먹었습니다.",긍정적,긍정적,긍정적,알 수 없음,긍정적,긍정적
2023-11,친구랑 점심 때 방문한 카린지린🥰❤️ 점심때 직장인분들 많으시더라구요 맛집으로 이미 소문난듯 개인적으로 시그니처 메뉴소스카츠동 꽤 맛있었어요. 🫶🏻돈카츠 고기 자체가 수준급🙌🏻🙌🏻 저녁에 술한잔하기에도 좋아보였서 다음에는 저녁에 방문해보려구요😊😊,긍정적,긍정적,긍정적,알 수 없음,긍정적,긍정적
2023-12,"조금 늦게 갔더니 먹고 싶던 음식들이 재료 소진되서 남아있는 메뉴로 골랐는데 맛있었어요!!^^

경양식돈가스세트 추천♡
맛있게 잘먹었습니당~~",긍정적,긍정적,부정적,알 수 없음,긍정적,긍정적
2024-04,양은 좀 적지만 맛있음.,긍정적,긍정적,알 수 없음,부정적,긍정적,긍정적
2024-01,일본 느낌도 제대로 나고 음식도 하나하나 진실의 미간이 나올정도로 맛있어서 칭구랑 흥분하면서 먹었습니당 가성비도 지대로에용,긍정적,긍정적,긍정적,긍정적,긍정적,긍정적
2024-06,굳굳,긍정적,긍정적,알 수 없음,알 수 없음,긍정적,긍정적
2024-04,맛있는데 양이 넘 적어여........ ㅜ,긍정적,긍정적,알 수 없음,부정적,부정적,긍정적
2023-11,"점심메뉴 먹어보고 저녁도 궁금해서 와봤는데 쵝오👍👍👍
여러가지 메뉴 시켜먹을수 있어서 너무 좋네요
카츠샌드 안에 돈까스 예술이네요
야끼소바 파는곳이 많지 않은데 팔아줘서 감사합니다 ㅎㅎㅎㅎ
사장님하구 직원분들도 너무 친절하시구
자주올게요 사장님~",긍정적,긍정적,긍정적,긍정적,긍정적,긍정적
2023-12,"두번째 방문인데 메뉴가 다 맛있어요!!!
개인적으로는 김치카츠나베 취향 저격 탕탕탕 ⁎ᵕᴗᵕ⁎

토마토카레도 너무 맛있고 카츠샌드도 맛있고!!!
안 맛있는게 뭔가요? 있긴 한가요? ㅠㅠㅠ 엉엉
집만 가까우면 맨날 오고 싶어요
일본 감성 뿜뿜이에요!",긍정적,긍정적,알 수 없음,알 수 없음,긍정적,긍정적
2024-02,"https://m.blog.naver.com/helloworld1203/223341724606

일본식 감성도 나고 그래서 힙하고 분위기 좋은 이자카야에서
음식을 먹었는데 저는 일본음식 첨이라 가쓰오떡볶이는 향신료가 들어있고 약간 매콤해요 !! 술이랑 더 잘 어울리고 짱구 초코비도 있더라구요 ㅎㅎ 추억의 그런 일본식당이에용 ㅎㅎ",긍정적,긍정적,긍정적,알 수 없음,긍정적,긍정적
2024-03,자리가 너무 좁아서 그런지 의자도 그렇고 자꾸 옆테이블과 부딪혀서 불편했어요. 음식은 맛있었고 주류도 괜찮았어요. 다만 단가도 너무 비싸서 2차로 먹는 맥주의 값이 7-8만원은 기본이네요 ㅠ,부정적,긍정적,부정적,부정적,부정적,부정적
2023-08,일본풍 감성의 위트있고 이색적인 인테리어가 돋보이는 캐주얼한 선술집 일식당으로 낮에는 돈카츠와 카레를 메인으로 하는 카린지 식사 메뉴를 판매하고 밤에는 주류와 안주 위주의 린가네 주점 메뉴를 판매한다. 친절하신 젊은 여사장님이 오픈하신지 2주 밖에 안된 뱅뱅사거리 뒷골목 신상 맛집. 하이볼과 맥주 가성비가 좋고 음식도 다 맛있는 편. 가볍게 한잔하기 좋아서 여기는 나중에 또 재방문하려고 한다. 네이버에 ‘블라초블로그’ 검색,긍정적,긍정적,긍정적,알 수 없음,긍정적,긍정적
2024-01,"점심 저녁 하는 메뉴가 다르고, 안주 종류가 많아서 좋아요.

린가네 하이볼은 제가 먹어본 하이볼중 제일
맛있는것 같아요",긍정적,긍정적,알 수 없음,알 수 없음,긍정적,긍정적
2024-01,일본식 분위기의 술집으로 아기자기하고 대화나누기 좋고 시그니처 메뉴인 오뎅모리 칼몬드 파스타 맛이 좋고 새 메뉴 골뱅레무침은 매콤새콤 비벼먹는 재미가 좋아요,긍정적,긍정적,긍정적,알 수 없음,긍정적,긍정적
2024-01,음식도 너무 맛있고 분위기도 좋아요!!,긍정적,긍정적,알 수 없음,알 수 없음,긍정적,긍정적
2023-12,사무실 앞이라 와보고싶었는데 가성비도 좋고 음식도 너무 맛있었어요!,긍정적,긍정적,알 수 없음,알 수 없음,긍정적,긍정적
2023-11,"분위기도 인스타 갬성으로 힙하고~ 하이볼 등 메뉴와 주류가 다양하더라구요 ~ 오뎅모리와 카츠샌드, 치즈 돈까스 주문해서 먹었는데, 겉바속촉의 고소한 돈까스를 맛볼 수 있고, 오뎅도 정말 다양하게 구성되어 있어 술안주로도 꿀조합이었어요 ~ 다른 이자카야에 비해 가성비 좋은 메뉴들을 만날 수 있어 만족스러웠어요",긍정적,긍정적,긍정적,긍정적,긍정적,긍정적
2024-03,"하이볼 넘넘 맛있고 사와도 맛있어요 ㅎㅎ
음식도 골고루 시킬수 있고 맛있게 잘먹었어요
분위기 좋은 이자카야 추천합니당 ㅎㅎㅎ",긍정적,긍정적,알 수 없음,알 수 없음,긍정적,긍정적
2023-11,간단하게 술 한잔하기 딱 좋네요. 일본식선술집답게. 분위기와 인테리어가 너무 멋지네요.,긍정적,알 수 없음,긍정적,알 수 없음,긍정적,긍정적
2024-03,음식도 맛있고 분위기도 좋아요! 귀여운 강아지도 있어요☺️,긍정적,긍정적,알 수 없음,알 수 없음,긍정적,긍정적
2024-02,하이볼이 맛있어요 술맛 하나도 안남!! 팝콘.. 맛있음!!!!,긍정적,긍정적,알 수 없음,알 수 없음,긍정적,긍정적
2023-11,음식들이 대체적으로 다 맛있어요 분위기도 좋아서 사람이 진짜 꽉차있더라구요ㅎㅎ,긍정적,긍정적,알 수 없음,알 수 없음,긍정적,긍정적
2023-12,"친구랑 같이 다녀왔어요.
카츠산도 빵이 전혀 안 퍽퍽하고 고기도 촉촉하니 맛있어요
김치카츠나베 한국인이라면 다 좋아할 맛,,
토마토카레도 꾸덕하고 진해요
반찬으로 나온 궁채무침도 맛있어요",긍정적,긍정적,알 수 없음,알 수 없음,긍정적,긍정적
2024-05,맛있어요~~!,긍정적,긍정적,알 수 없음,알 수 없음,긍정적,긍정적
2024-01,"카린지린 와보고시펏는데 드디어 와봤따
카츠산도 존맛탱이라 이거야",긍정적,긍정적,알 수 없음,알 수 없음,긍정적,긍정적
2024-01,매장분위기도 안주맛도 맘에들어용 ㅎㅅㅎ 술이 술술 들어가용👀❤️,긍정적,긍정적,알 수 없음,알 수 없음,긍정적,긍정적
2023-09,"[일본현지에 온것같은 카린지린가네스! 🍣]
성수의 핫플이 뱅뱅에도 왔네요 👍
일단 성수느낌이 납니다! 강남같지않아서 만족
경양식 돈까스가 있대서 가서 먹었는데 생각보다
옛날 우리가 먹던 그 경양식 느낌은 아니예요!
그래도 고기가 도톰하고 냄새 안납니다 🍖
곧 웨이팅이 길어질것같은 맛집이라 웨이팅 없을때 얼른 가세요!!!
(지금 하이볼 3+1 이벤트중)
**주의** 점심 저녁 파는 메뉴가 다릅니다
저녁이 좀 더 안주류에 맛난게 많은듯해요
저녁함 달려야겠어요
**웨이팅** 12시경 가득 찬 정도 아직 초반이라 그런가 기다리진 았음
**혼밥** 혼밥존이 있어서 혼밥도 쌉가능!",긍정적,부정적,긍정적,알 수 없음,긍정적,긍정적
2023-11,"카린지린가네 드디어!!! 입성~~~
뱅뱅사거리점이 집에서 가까워 친구에게 술사준다고 꾀어 갔는데
건물 코너의 외관도 멋졌지만, 매장안에 인테리어로 놓은 소품들과 각 케릭터들에게 눈과 마음을 빼앗겨
주문한 음식 사진은 못 찍음 ㅠㅠ
여사장님께서 개인적으로 모으신 소품들이라는데
매장 분위기와 음식과 술과 음악과 너무 잘 어울리는거야~ 우와!! 내가 좋아하는 토이스토리의 우디도 있었다. 우디의 눈빛에 건배~~~~~
칼몬드 파스타의 불향 가득한 짭조름한 맛이 자꾸 감칠맛이 돌아 맥주 한잔은 그냥 사라지고.... 친구가 시킨 살얼음사케 요고요고 눈오는 겨울밤에 자꾸 생각날듯. 오뎅모리도 귀엽고 맛있었다.
초저녁에 방문해서 두세시간이 금새 갈 정도로 멋진 이야기~멋진 장소!",긍정적,긍정적,긍정적,알 수 없음,긍정적,긍정적
2023-11,"소스가
정말 맛있어요

술을부르는
술맛나는
이자카야

직원분들의
미소와 친절은
완전
짱입니다😊",긍정적,긍정적,긍정적,알 수 없음,긍정적,긍정적
2023-09,"김치카츠나베는 약간 짠데 카츠가 도톰하니 맛있었어요.
아게다시도후는 두부 튀김인데 고소하고 간단한 안주로 좋았어요.
소주는 안파는 데 술도 비싸고 양도 적어서,,
그치만 분위기는 괜찮아서 데이트 하기 좋은 장소인 것 같아요~🙂",긍정적,긍정적,부정적,부정적,긍정적,긍정적
2023-12,"분위기도 좋고 2,3차로 오기 좋아요!",긍정적,알 수 없음,알 수 없음,긍정적,긍정적,긍정적
2023-12,"점심에는 식사, 저녁에는 🍺 이 가능한 곳이에요.
점심에 경양식 돈까스 먹었는데 맛있네요",긍정적,긍정적,알 수 없음,알 수 없음,긍정적,긍정적
2023-10,"메뉴판부터 시선강탈 ㅜㅜ 그림체가 너무 귀여워요! 그리고 사와 2잔 시켰는데 처음 먹어봤는데 맛있네요

직원분들도 친절하시고
음식도 아기자기하고 맛있었습니다
재방문해서 다른 메뉴도 도전해보겠습니다
감사합니다",긍정적,긍정적,긍정적,알 수 없음,긍정적,긍정적
2024-01,아주 맛있어요 듈이와서 네개시켰네융,긍정적,긍정적,알 수 없음,긍정적,긍정적,긍정적
2023-09,"두 번째 방문하고 있는 카린지린가네스 스낵바에요! 매번 저녁 간술 목적으로 방문하고 있는데 낮에만
나오는 카레 점심도 먹고 싶어요 ㅠㅠ! ㅎㅎㅎ일단 술이 종류 별로 다양해서 너무 좋구여! 매실 사와가 완전 맛있어요!🩷그냥 매실이 아녜요🎀",긍정적,긍정적,긍정적,알 수 없음,긍정적,긍정적
2024-03,맛있는 안주가 많아요!,긍정적,긍정적,알 수 없음,알 수 없음,긍정적,긍정적
2024-03,음식도 맛있고 분위기가 좋아요!,긍정적,긍정적,알 수 없음,알 수 없음,긍정적,긍정적
2023-12,오뎅머리에 다양한 어묵과 곤약이 있어서 너무 맛있어요!! 김치나베도 진하고 맛있어요 음악도 좋고 분위기도 좋아요 사와도 짱맛 😊,긍정적,긍정적,긍정적,알 수 없음,긍정적,긍정적
2023-12,일본에 온것같은 인테리어도 좋고 음악도 신나고 메뉴도 다양해서 눈도 귀도 즐거웠어요! 친절하게 응대해주셔서 더욱 좋았습니다. 또와서 다른메뉴도 먹어보고싶어요!,긍정적,긍정적,긍정적,알 수 없음,긍정적,긍정적
2024-02,음식 딱 깔끔하고 맛있어요~ 가게 내부 인테리어도 제 취향이구요!! 다음엔 저녁에 한번 더 가보고 싶어용,긍정적,긍정적,알 수 없음,알 수 없음,긍정적,긍정적
2024-02,매장 인테리어도 마음에 들고 음식도 맛있어요! 혼밥하러 갔는데 너무 맛있게 잘 먹고 왔어요,긍정적,긍정적,알 수 없음,알 수 없음,긍정적,긍정적
2023-11,가볍게 안주하기좋고 쪼끔쪼끔 여러개 먹기 너무좋아요!!!! 하나하나 다너무맛있어요 ㅠㅠ 카츠샌드랑 사진에없지만 김치카츠나베도맛있구 하이볼이랑 맥주도 대박맛있어요... 집앞이라 자주올거에요!!!!!!!,긍정적,긍정적,긍정적,알 수 없음,긍정적,긍정적
2024-01,맛있습니다. 아주 겐춘해요,긍정적,긍정적,알 수 없음,알 수 없음,긍정적,긍정적
2023-11,처음와봤는데 분위기도 좋고 안주도 맛있어요!!,긍정적,긍정적,알 수 없음,알 수 없음,긍정적,긍정적
2023-12,"일본에 온듯한 분위기라
일본여행 추억하며 즐겼어요~",긍정적,긍정적,알 수 없음,알 수 없음,긍정적,긍정적
2023-12,분위기가 너무 좋아요!! 음식도 너무 맛있어요!!,긍정적,긍정적,알 수 없음,알 수 없음,긍정적,긍정적
2023-12,친구랑 둘이 방문했는데 너무 맛있어요 친절하고 좋습니다,긍정적,긍정적,긍정적,알 수 없음,긍정적,긍정적
2024-01,"여러가지 음식을 종류별로 시켜먹기 좋아서, 지점이 있는 동네에 가게되면 꼭 들러요!!
맛도 너무너무 좋아요!!🥹🥹 특히 햄카츠랑 김치나베가 맛나용
추천합니다~!!!💘",긍정적,긍정적,알 수 없음,알 수 없음,긍정적,긍정적
2023-11,"방금 먹고 나왔어요
맛있어서 일부러 영수증 받고 담에 리뷰서비스 받겠다고 말씀드렸어요!
카츠가 빈틈없이 맛있고 토마토카레는 한국에서는 아무데서나 만날 수 없는 일본만의 느낌으로 맛있습니다^^
담에는 밥양 조금만 더 달라구 해야징~
사진 잘 못찍어서 죄송합니다",긍정적,긍정적,긍정적,부정적,긍정적,긍정적
2023-10,분위기도 좋고 음식도 맛있고 술도 다양해서 퇴근 후 한 잔 하기 최고입니다!,긍정적,긍정적,알 수 없음,알 수 없음,긍정적,긍정적
2023-10,"간단하게 한잔 하기 좋은 곳 같아요~ 안주 종류도 나름 다양한 편입니다 :)
김치나베 원래 안좋아하는데 맛있어서 긁어 먹었습니다",긍정적,긍정적,알 수 없음,알 수 없음,긍정적,긍정적
2023-08,"카린지 애정하는 1인입니당 💝💝💝
회사 동기들이랑 방문했어요오!
역시나 돈카츠 맛집이네요..♡
갠적으로는 경양식돈까스가 1등이에요
아 글고 양이 더 많아진 걱 같아서 좋았어여 ㅋㅋㅋㅋ
뱅사점은 특히 구석구석 귀여워서 또 올것 같아요 ㅎㅅㅎ",긍정적,긍정적,긍정적,긍정적,긍정적,긍정적
2024-03,맛있어요:),긍정적,긍정적,알 수 없음,알 수 없음,긍정적,긍정적
2023-11,"성수에서 카린지 자주 갔는데 근처에 생겨서 좋아요! 안주도 맛있고 맥주, 하이볼도 좋습니다 ㅎㅎ",긍정적,긍정적,알 수 없음,알 수 없음,긍정적,긍정적
2023-09,"체인점이지만 일본 레트로풍 인테리어나 소품 등 분위기가 매우 좋아서,하이볼 마시고픈 분위기에요
점심으로 왔기에,경양식돈까스 (11900)와 김치카츠나베 (12900)먹었는데. 고기퀄리티 좋구요.나베 국물이 전골에 나오진 않지만 야채도 많고 칼칼한 국물맛 좋았어요.주문은 테이블에 태블릿으로 하시면 되구요. 저녁에 와서 술과 다양한 안주 먹고 싶어지는 곳입니다.",긍정적,긍정적,긍정적,긍정적,긍정적,긍정적
2023-10,"레트로 느낌나고, 조명도 분위기 너무 좋고 여자친구랑 좋은 시간 보내다가 가요!!
물론 음식도 되게 깔끔하니 맛있게 먹었어요 😆",긍정적,긍정적,긍정적,알 수 없음,긍정적,긍정적
2023-10,"진짜 너무너무 좋아요!
제가 일본술집을 너무 좋아하는데 분위기도 너무 좋고 그리고 기린쇼맥 꼭 먹어야돼요 진짜 세번 네번 드세요 완전 강추입니다!",긍정적,긍정적,긍정적,알 수 없음,긍정적,긍정적
2023-10,"안주가 다 너무 맛있어요 😋😋
분위기도 좋고 술 종류도 다양해서 좋아요!
간단하게 한 잔 하기 좋은 곳이에요🤩",긍정적,긍정적,긍정적,알 수 없음,긍정적,긍정적
2023-10,"뱅뱅사거리에 새로 생긴 일본식 스낵바

저녁에 방문했고 시그니처 메뉴인
파스타와 튜나햄카츠 테바사키 김치나베 먹음

양이 많진 않지만 가볍고 다양하게 메뉴
고른 후 술 먹기 좋음 (간도 술먹기에 적절)

인테리어도 예쁘고 접객도 친절",긍정적,긍정적,긍정적,부정적,긍정적,긍정적
2023-10,"간단하게 한 잔 하기 딱 좋은 곳이에요.
선릉점과 다른게 패드로 주문 넣을 수 있었고 내부는 조금더 작았어요.
화장실은 돌아나가 끝에 있는데 조금 무서웠어요.
음식들은 다 맛있는데,,저 황도 저건 맛이 없어서 다 남겼네요ㅎㅎ개인 취향이니!
분위기도 엄청 좋아요ㅎㅎ",긍정적,부정적,긍정적,알 수 없음,긍정적,긍정적
2023-11,"요리 너무 귀엽고 이쁘게 생겼어요! 맛도 너무 좋구 최고네요…
재방문 의사 150% 있습니다",긍정적,긍정적,알 수 없음,알 수 없음,긍정적,긍정적
2023-11,메뉴도 다양하고 진짜 맛있어요! 자주 올 것 같아요☺️,긍정적,긍정적,알 수 없음,알 수 없음,긍정적,긍정적
2023-11,"혼밥존이 있다는 리뷰 보고 갔는데, 저녁에 혼밥하기엔 별로입니다. 사람들이 많고 시끄러운편이에요. 그리고 사와 및 에이드 무료증정 이벤트 한다고 해서 , 주문했는데, 사장님이 2잔 이상이어야 가능하다고 하시네요. 이벤트 공지글에 ‘2잔 이상 시켰을시’ 무료라고 명시 해주시면 좋겠습니다. 김치나베는 돈까스가 두툼하니 맛있지만 양이 아쉬워요.",부정적,긍정적,부정적,부정적,부정적,부정적
2023-11,"맛있어요!

가볍게 이차로 먹기도 좋구~

요리로 먹을 메뉴도 많아요~

집 근처에 생겨서 즐거워요 ⭐️",긍정적,긍정적,알 수 없음,알 수 없음,긍정적,긍정적
2023-10,"분위기가 좋아요.
금요일이라 사람이 많아요.",긍정적,알 수 없음,긍정적,부정적,긍정적,긍정적
2024-01,안주도 다양하고 너무 맛있어요! 특히 생맥주 진짜 ㅜㅜ 너무 부드러워요! 인테리어도 독특하고 분위기 좋아요~,긍정적,긍정적,알 수 없음,알 수 없음,긍정적,긍정적
2023-11,인테리어 너무 멋져서 일본 여행 온거 같아요 안주도 다양하고 술 종류도 많아서 최고! 강추합니당,긍정적,긍정적,알 수 없음,알 수 없음,긍정적,긍정적
2023-10,시그니처 메뉴는 다 기본 이상 하는 것 같아요 ! 하이볼이랑 카츠샌드 먹었는데 넘 맛있어요 ! 새로 오픈한 곳이고 ! 한전아트센터 근처라서 공연보고 한 잔 하기 좋아요 : ) ~~~~~,긍정적,긍정적,긍정적,알 수 없음,긍정적,긍정적
2023-08,"메뉴 하나하나 다 맛있네요! 특히 카츠 샌드 제 취향저격🔫🔫두부튀김도 맛있었어요~!!생긴지 얼마 안되서 매장 관리도 잘되있고, 기린 생맥주는 진짜 일본에서 먹던 맛 그대로여서 넘 좋았어요~~",긍정적,긍정적,긍정적,알 수 없음,긍정적,긍정적
2023-08,점심엔 카린지 저녁에는 린가네라고하네요 너무너무 맛있고 안에 인테리어도 예뻐서 일본온거같아용~~! 일본여행 안가도 될거같아요 🥰,긍정적,긍정적,긍정적,알 수 없음,긍정적,긍정적
2023-10,"음식이 깔끔하고 맛있어요!
음식 양이 많지는 않은데 여러개 먹기 좋아요~",긍정적,긍정적,알 수 없음,부정적,긍정적,긍정적
2023-10,"신선한 느낌이네요~
맛있고 친절해요~",긍정적,긍정적,긍정적,알 수 없음,긍정적,긍정적
2023-10,"서울 양재에 이렇게 일본 분위기를 내는 곳이 있다니.. 사장님도 친절하시고 음식도 맛난 곳

술도 종류가 다앙하고 가성비있는 금액대라 자주 오고 싶은 곳",긍정적,긍정적,긍정적,긍정적,긍정적,긍정적
2023-12,"우연히 가게가 예뻐서 들렸는데
일단!!!!! 술이 개마시쏘요 여러분!!!!!
ㅋㄷ
저는 포테이토사라다? 너무너무맛나서 강추입니당🖤🖤🖤",긍정적,긍정적,알 수 없음,알 수 없음,긍정적,긍정적
2023-11,일본을 여행하고 있는 듯한 느낌의 인테리어가 인상적이었고 양은 적지만 대신 부담없는 가격에 다양한 메뉴들을 먹어볼 수있어서 좋았어요,긍정적,긍정적,알 수 없음,부정적,긍정적,긍정적
2023-09,뱅뱅사거리 인근 특이한 감성을 가진집이라 방문했습니다. 하이볼 종류가 많았고 음식도 맛있었어요~,긍정적,긍정적,알 수 없음,알 수 없음,긍정적,긍정적
2023-09,안주가 재미있네요. 야키소비와 테바야키 괜찮습니다. 비좁고 의자가 불편해 오래 앉아있을 순 없습니다.,긍정적,긍정적,부정적,부정적,긍정적,긍정적
2023-10,"음식 너무 맛있네요.
배고파서 음식 다양하게 시켜봤는데 다 맛있어요.
서비스도 주시고~~
재방문 의사 300%입니다~!!",긍정적,긍정적,긍정적,알 수 없음,긍정적,긍정적
2023-11,테이블도 있고 좋아요😍😍 분위기 최고! 다음엔 점심에 올게요><,긍정적,알 수 없음,긍정적,알 수 없음,긍정적,긍정적
2023-10,"점심에 왔을때 맛있어서 저녁에 와보고 싶었는데 오길 잘했어요!!
메뉴도 다 맛있고~ 분위기도 좋아요!!
잘 먹고 갑니다!!

기린맥주 부드럽고 쵝오!!!!",긍정적,긍정적,긍정적,알 수 없음,긍정적,긍정적
2023-12,라스트오더 시간에 간신히 맞춰서 들어왔는데 안왔으면 어쩔뻔 ㅠㅠㅠ 분위기 너무 좋고 메뉴도 독특하고 넘 맛있어요ㅠㅠㅠㅠ 강추합니다👍👍,긍정적,긍정적,부정적,알 수 없음,긍정적,긍정적
2023-10,"양재역 근처 아담하고 조명이 예쁜 이자카야, 11시까지 영업하고 라스트오더는 10시까지라 합니다.
들어오자마자 전에 즐겨듣던 키린지 노래가 나와 기분이 좋았네요ㅎㅎ
메뉴 구성도 알차고 다른 이자카야에서 잘 판매하지 않는 야끼소바도 안주 메뉴에 들어있어서 좋았어요. 점심에는 카레 먹으러 다시 방문할듯 합니다",긍정적,긍정적,긍정적,긍정적,긍정적,긍정적
2023-08,"회사 근처에 새로 생겨서 가봤는데 안주 존맛
강남치고 가성비도 괜찮아서 가볍게 술 한잔 마시기 딱 좋아요! 다음엔 점심에 와서 밥 먹어보려고요ㅎㅎ",긍정적,긍정적,알 수 없음,알 수 없음,긍정적,긍정적
2023-11,"일본 여행 와있는것 같아요 💚💕

음식 모두 신선하고 맛나요 ㅎㅎ

시원한 하이볼과 아게다시도후 💙🥹",긍정적,긍정적,알 수 없음,알 수 없음,긍정적,긍정적
2023-09,"메뉴도 다양하고 분위기도 좋고 음식이 너무 맛있어요ㅠㅠ 김치카츠나베 특히 존맛탱입니다,, 다음에 또 친구데리고 와야댈거같아요!! 강추합니다😉",긍정적,긍정적,알 수 없음,알 수 없음,긍정적,긍정적
2023-10,인테리어가 일본 캐주얼 이자카야 느낌이라 좋아요. 점심에는 가츠동 카레도 있어서 점심에도 와보고 싶네요!,긍정적,긍정적,알 수 없음,알 수 없음,긍정적,긍정적
2023-10,"올때마다 더 맛있어지는 카린지..!
경양식돈까스 양 적을줄 알았는데 너무 배불러여 돈까스가 왕 두툼",긍정적,긍정적,알 수 없음,긍정적,긍정적,긍정적
2023-11,안주 다 맛있어요 +__+ 저렴한 가격에 과하지 않은 양으로 나와서 좋아요 👍,긍정적,긍정적,알 수 없음,긍정적,긍정적,긍정적
2023-11,인테리어 너무이쁘고 좋아요,긍정적,알 수 없음,알 수 없음,알 수 없음,긍정적,긍정적
2023-09,"분위기도 좋고 안주도 맛있어요!
1차로 와서 요리메뉴 먹어도 좋을 것 같아요",긍정적,긍정적,알 수 없음,알 수 없음,긍정적,긍정적
2023-09,"소스카츠동, 토마토카츠카레 주문했어요. 리뷰이벤트로 매실에이드도 받았습니다.
맛있게 잘 먹었어요, 살짝 간이 센 편이라 밥을 많이 같이 먹는게 좋을 것 같습니다. 밥 추가가 무료거든요!
인테리어는 일본풍으로 꾸며져있었어요.
일본 노래가 흘러나오고 곳곳에 일본포스터, 일본 기차표 같은게 붙어있었어요",긍정적,긍정적,긍정적,알 수 없음,긍정적,긍정적
2023-10,좋아요 ㅎㅎ 아기자기 합니다! 한잔하기 좋아용,긍정적,알 수 없음,긍정적,알 수 없음,긍정적,긍정적
2023-08,드라이하이볼이 맛있고 생맥주도 맛있어요 안주도 맛있어요,긍정적,긍정적,알 수 없음,알 수 없음,긍정적,긍정적
2023-09,음식도 맛있고 분위기도 너무 좋아요!! 최애!!!,긍정적,긍정적,알 수 없음,알 수 없음,긍정적,긍정적
2023-10,카린지 외않와... 저녁에 퇴근하고 사와 한 잔 하이볼 한 잔 싹 - 마시면 그 날 피로가 다 풀리는 기분을 느끼실 수 있습니다!!!!! 메뉴도 다 맛있어요!!!!!!,긍정적,긍정적,알 수 없음,알 수 없음,긍정적,긍정적
2023-10,"새로 오픈한 맛집이라고 와서 찾아왔는데
역시 리뷰가 좋은 곳은 이유가 있네요 !!
맛있는 안주에 하이볼 한잔 최곱니다 ㅎㅎㅎ",긍정적,긍정적,알 수 없음,알 수 없음,긍정적,긍정적
2023-11,"컨셉에 충실한 메뉴!
주류 종류도 다양합니다",긍정적,긍정적,알 수 없음,알 수 없음,긍정적,긍정적
2023-11,성수동에서 처음 접하곤 신선했는데 동네에 생겨서 좋아요 ✨ 모든 메뉴가 맛있고 재밌어요 :-),긍정적,긍정적,알 수 없음,알 수 없음,긍정적,긍정적
2023-12,기린 생맥주 정말 맛있음,긍정적,긍정적,알 수 없음,알 수 없음,긍정적,긍정적
2023-10,"음식이 빠르게 나오고, 맛있어요!
가성비도 좋고, 조금씩 여러개 주문하기 아주 좋아요!",긍정적,긍정적,긍정적,알 수 없음,긍정적,긍정적
2023-09,분위기 너무 좋고 진짜 예뻐요! 하이볼도 시원상큼하고 있는 내내 너무 좋았어요!! 사장님 번창하세요:),긍정적,긍정적,긍정적,알 수 없음,긍정적,긍정적
2023-09,음식도 맛있고 친절하십니다!! 혼술하기에도 너무 좋네요ㅎㅎ,긍정적,긍정적,긍정적,알 수 없음,긍정적,긍정적
2023-09,너무 예쁜 이자카야? 집을 발견했어용 음식도 맛있고 강추합니다 👍🏻👍🏻,긍정적,긍정적,긍정적,알 수 없음,긍정적,긍정적
2023-10,"평소에 많이 먹던 칼몬드, 파스타로 만나니 특이하고 맛있네요~! 치돈이랑 가라아게도 맛있어요
술이 다양해서 여러가지 많이 마셔보고싶네요 ㅎㅎ",긍정적,긍정적,알 수 없음,알 수 없음,긍정적,긍정적
2023-08,"근처에서 늘 가던곳만 가다가 새로 생겨서 들렸는데
이젠 단골집이 되어 버렸네요
음식도 맛있고 술도 맛있고 기분이 좋습니다 하하
오래오래 하셔서 자주 방문 할께요",긍정적,긍정적,긍정적,알 수 없음,긍정적,긍정적
2023-10,"지나가다 우연히 들어왔는데 너무 맛있어요
린가네하이볼 강추입니다!",긍정적,긍정적,알 수 없음,알 수 없음,긍정적,긍정적
2023-08,지금까지 먹은 모든 메뉴가 맛있어요!! 점심에도 왔었는데 저녁 메뉴도 맛있네요. 근처에 이런 곳이 생겨서 좋아요. 술 종류도 많아요,긍정적,긍정적,알 수 없음,알 수 없음,긍정적,긍정적
2023-11,너무 친절하시구 가격도 착해요!!! 하이볼 요즘 너무 좋은데 집 앞에 좋은 가게가 생겨서 기쁩니다..💗,긍정적,알 수 없음,긍정적,알 수 없음,긍정적,긍정적
2023-12,가격이 저렴하고 맛있어요! 주류 종류도 다양하고 가성비 좋습니다. 추천해용!,긍정적,긍정적,알 수 없음,긍정적,긍정적,긍정적
2023-10,일본에서 먹던 맥주맛입니다,긍정적,긍정적,알 수 없음,알 수 없음,긍정적,긍정적
2023-08,집 앞에 이런 곳 생겨서 너무 좋아요! 기대하고 왔는데 너무 분위기도 즐겁고 재밌어요! 안주 하나하나 맛도 엄청나구요. 단골 예약입니다아아아,긍정적,긍정적,긍정적,알 수 없음,긍정적,긍정적
2023-10,분위기도 좋고 맛있어요🫶🏻 팝콘 진짜 추천합니당’_<,긍정적,긍정적,알 수 없음,알 수 없음,긍정적,긍정적
2023-10,"새로생겨서 가봤는데 오우 김치나베 매콤하네요
안에들은 돈까스도 통통함
그릇이 작아서 양이 작은줄알았는데 양이 꽤 됩니다 혼밥하기에도 좋은곳! 잘 먹고가여",긍정적,긍정적,알 수 없음,긍정적,긍정적,긍정적
2023-09,"진짜 일본처럼 꾸며놓으셔서 데이트하기에도 좋아용
음식도 맛있고 친절하셔서 맛있게 먹고갑니다!",긍정적,긍정적,긍정적,알 수 없음,긍정적,긍정적
2023-11,팝콘 너무 맛있어요 분위기 좋고 술도 맛있어요 시나몬하이볼도 얼른 다시 나왔으면 좋겠어요ㅠㅠ,긍정적,긍정적,알 수 없음,알 수 없음,긍정적,긍정적
2023-10,"맛있는 음식과 한 잔 가볍게 먹기 딱 좋습니다.
벌써 5번째 방문이네요.
추천합니다.",긍정적,긍정적,알 수 없음,알 수 없음,긍정적,긍정적
2023-10,가성비 최고!!! 하이볼이랑 안주 진짜 맛있어요 ᐧ༚̮ᐧ,긍정적,긍정적,알 수 없음,알 수 없음,긍정적,긍정적
2023-09,"안그래도 일본가고싶었는데 여기정말 일본인줄
음식들도 개성있는 플레이팅에 맛까지있어용
사와종류들도 많아서좋구
전체적으로 완-벽",긍정적,긍정적,긍정적,알 수 없음,긍정적,긍정적
2023-10,음식이 빨리나오고 정말 맛있어요! 간단히 한 잔 하러 들어왔는데 기대이상입니다~! 집 근처에 생겨서 행복하네요😄,긍정적,긍정적,긍정적,알 수 없음,긍정적,긍정적
2023-11,"카츠샌드 한 입 먹자마자 눈이 번쩍!!!!!
겁나 맛있어요",긍정적,긍정적,알 수 없음,알 수 없음,긍정적,긍정적
2023-11,"음식은 만들어논 돈가스 렌지에 데워나오는 느낌이라 별로였어요
좌석간 거리도 좁고 소리가 울리니 집기 떨어뜨리며 정리하는 것 좀 자제해 주세요 너무 시끄럽고 한두번이 아니라 식사와 시간을 보내는데 너무 불편했어요",부정적,부정적,부정적,알 수 없음,부정적,부정적
2023-09,"분위기가 너무 좋고, 안주도 맛있어요!!
점심에 카츠동 먹으러 또 오려구요!!
하이볼 맛집 입니다~
완전 추천 드려요!!❤️",긍정적,긍정적,알 수 없음,알 수 없음,긍정적,긍정적
2023-09,요리도 맛있고 분위기도 좋고 좋아요 회사 근처에 있어서 자주 올 것 같아요ㅋㅋ,긍정적,긍정적,알 수 없음,알 수 없음,긍정적,긍정적
2023-11,"사와 ㅎㅎ
하이볼 ㅎㅎ

황도크림치즈' 카츠샌드 안주와
최고궁합

양재동 가성비 짱 스낵바",긍정적,긍정적,알 수 없음,긍정적,긍정적,긍정적
2023-08,"남편이랑 동네 마실나왔는데 여기 은근 분위기 있고 맛집이네요~ 린가네팝콘, 이까게소(오징어튀김) 무조건 드세요!! 하이볼 가볍게 마시기 좋고, 기린쇼맥도 부드러워서 호로록 넘어감!",긍정적,긍정적,긍정적,알 수 없음,긍정적,긍정적
2023-08,"첨 와봤는데 너무 좋아요!!
저녁근무만아니면 오래 있다가고싶은데ㅜㅠ",긍정적,긍정적,긍정적,알 수 없음,긍정적,긍정적
2023-12,"단품 안주류와 간단한 한잔하기
좋으네요
하이볼도 좋아요",긍정적,긍정적,알 수 없음,알 수 없음,긍정적,긍정적
2023-08,"지나가다 새로 생겼길래 들어왔는데 분위기가 너무 좋네요 음식도 종류별로 시키기 좋구 안주도 맛나고 인테리어 너무 귀여워요 😍 😍
다음에 지인들 모시구 또올게요",긍정적,긍정적,긍정적,알 수 없음,긍정적,긍정적
2023-08,"가게가 너무 이뻐요 귀여운 피규어랑 사진으로 꾸며서 사진 찍기도 넘모 좋아요 ><
직원분들도 음식설명 친절하게 해주셧어요 사와처음 먹어보는데 너무 맛있고 하이볼도 맛있어요!! 무엇보다 음식 맛있어서 종종 밥먹으러도 올것같아요 가끔 한잔하러 오기 좋은 곳같아요 감사합니다 또오겠습니다^^",긍정적,긍정적,긍정적,알 수 없음,긍정적,긍정적
2023-09,분위기가 너무 좋고 안주가 진짜 맛있어요 집 가까운 곳에 좋은 술집이 생겨서 좋네요 다들 오세요 ㅎㅎ,긍정적,긍정적,알 수 없음,알 수 없음,긍정적,긍정적
2023-10,이색적인 이자카야! 분위기 갑! 맛있게 마셨습니다~ 술종류가 다양해서 신난단,긍정적,긍정적,알 수 없음,알 수 없음,긍정적,긍정적
2023-11,집주변에 이런곳이 생기다니 너무 행복합니다. 혼술하기에도 너무 좋을 것 같습니다! 일본 이자카야 온 느낌이에요! 안주도 가볍고 타파스느낌이라 가볍게 먹기에 너무 좋습니다!,긍정적,긍정적,긍정적,긍정적,긍정적,긍정적
2023-10,"동네에 생겨서 와봤네요 간단히
한잔 하기 좋아요",긍정적,알 수 없음,긍정적,알 수 없음,긍정적,긍정적
2023-09,"시킨 음식이 다 맛있었어요.
하이볼도 종류별로 있어서 다음에 또 마시러 올께요!",긍정적,긍정적,긍정적,알 수 없음,긍정적,긍정적
2023-08,동네에 드디어 생겼습니다!!! 카린지 맛있는거 다들 아시죠?!! 김치카츠나베 야끼소바 미쳐씁니다>.<,긍정적,긍정적,알 수 없음,알 수 없음,긍정적,긍정적
2024-02,굿,긍정적,긍정적,알 수 없음,알 수 없음,긍정적,긍정적
2023-09,"사진을 찍은줄 알았는데 배가 너무 고팠나봐요
양이 적어보였으나 실제로 먹으면 배불러요
돈까스소스가 고소해요
앞에 대기손님이 있어서 오래 기다릴까 했는데 금방 들어가서 주문하면 음식도 금방 나와요
우연히 들른 식당이었는데 맛있었습니다",긍정적,긍정적,긍정적,부정적,긍정적,긍정적
2023-08,"넘 맛있어염,,, 팝콘 걍 시켜봤는데 존맛,,,☺️
하이볼 사와 쇼맥 다 마싯슴",긍정적,긍정적,알 수 없음,알 수 없음,긍정적,긍정적
2023-10,"자주 올꺼 같아요 직원분들도 친절하시구
음식도 너무 맛있습니다😆",긍정적,긍정적,긍정적,알 수 없음,긍정적,긍정적
2023-09,인테리어가 너무 이쁘고 음식도 맛있어요 👍,긍정적,긍정적,알 수 없음,알 수 없음,긍정적,긍정적
2023-08,동네에 새로 생겨서 처음 와봤는데 분위기 너무 좋거 음식도 맛있어요! 혼술하기도 좋아서 앞으로 자주 오게 될 것 같아요.,긍정적,긍정적,긍정적,알 수 없음,긍정적,긍정적
2023-10,일본 현지에 온 듯한 감성이 느껴지는 선술집입니다. 안주류 구성도 다양하고 가격도 강남에 있는 선술집이라기에는 매우 합리적입니다. 특히 사와는 처음 먹어봤는데 너무 맛있어요,긍정적,긍정적,알 수 없음,긍정적,긍정적,긍정적
2024-02,맛있어요,긍정적,긍정적,알 수 없음,알 수 없음,긍정적,긍정적
2023-10,칼몬두파스타 독특해요ㅋㅋㅋㅋㅋㅋ식당너무이쁘고 아기자기해용ㅎㅎㅎ,긍정적,긍정적,긍정적,알 수 없음,긍정적,긍정적
2024-02,맛있어요😋,긍정적,긍정적,알 수 없음,알 수 없음,긍정적,긍정적
2023-09,모든 미뉴가 진짜 맛있었고 특히 칼몬드 파스타 최고!! 매장도 쾌적하고 깔끔해서 좋았어요. 사장님도 너무 친절하심! 자주 올게요 :-),긍정적,긍정적,긍정적,알 수 없음,긍정적,긍정적
2023-09,오이무침 맛있어요 굿ദ്ദി( ◠‿◠ ),긍정적,긍정적,알 수 없음,알 수 없음,긍정적,긍정적
2023-09,"우와 회사 근처에 이런곳이 있다니!!
너무너무 예쁘고 분위기 쩔어요",긍정적,알 수 없음,긍정적,알 수 없음,긍정적,긍정적
2023-09,"서울숲점 갔었다가 너무 좋았는데, 양재역 근처에도 생겨서 달려왔어요! 맛, 분위기 역시 최고에요....🎵👍👍👍",긍정적,긍정적,알 수 없음,알 수 없음,긍정적,긍정적
2023-10,일본느낌나요!!,긍정적,긍정적,알 수 없음,알 수 없음,긍정적,긍정적
2023-09,우연히 찾다가 알게 된 집인데 진짜 맛있어요😭😭😭 김치나베가 얼큰하고 야끼소바가 고소해용,긍정적,긍정적,알 수 없음,알 수 없음,긍정적,긍정적
2023-11,"린가네 팝콘,아끼소바 최애😍
분위기 너무 좋고…다음에 또 와야지~~",긍정적,긍정적,긍정적,알 수 없음,긍정적,긍정적
2023-10,"분위기도 좋고 음식이 맛있어요!!
코돈부르가 정말 맛있네요!",긍정적,긍정적,알 수 없음,알 수 없음,긍정적,긍정적
2023-09,분위기도 좋고 안주도 맛있고 술맛도 좋아서 시간가는줄 몰랐어요!! 뱅뱅사거리에 이런 술집이 있다니 ~! 다음에 또올게여,긍정적,긍정적,긍정적,알 수 없음,긍정적,긍정적
2023-08,정작 중요한 음식사진은 못 찍었지만..혼자 가서 먹기에도 너무 좋았습니다👍 사장님 친절하시고 너무 맛있었어요!,긍정적,긍정적,긍정적,알 수 없음,긍정적,긍정적
2023-10,정말 맛있어요:) 일본 이자카야 분위기 낭낭해서 여행 온 느낌이라 너무 좋답니다:),긍정적,긍정적,긍정적,알 수 없음,긍정적,긍정적
2023-11,가게도 아기자기 귀엽고 맛있네요~ 간단히 술 한잔 하기 좋아요!!,긍정적,긍정적,알 수 없음,알 수 없음,긍정적,긍정적
2023-10,메뉴도 다양하고 맛있어요,긍정적,긍정적,알 수 없음,알 수 없음,긍정적,긍정적
2023-10,soso 간단히 얘기하기에 좋어요,긍정적,알 수 없음,긍정적,알 수 없음,긍정적,긍정적
2023-10,"남자직원분은 친잘하시고
카운터 사장님은 좀 그랬음.
동네근처라 새로생겨서 와봤는데 나랑은 안멎는 건지 음식도 그렇고 분위기도 조금은 암울해서 두번은 안올것 .별로",부정적,부정적,알 수 없음,알 수 없음,부정적,부정적
2023-09,맛있는ㄷㅔ 양 작아서 남자분들은 부족할거같아요. 메뉴금방나오고 좋어요,긍정적,긍정적,긍정적,부정적,부정적,긍정적
2023-09,너무 맛있고 분위기도 좋아요❤️‍🔥❤️‍🔥❤️‍🔥,긍정적,긍정적,알 수 없음,알 수 없음,긍정적,긍정적
2023-10,모든 메뉴가 다 맛있어요 종류 많아서 좋음 가볍게 먹기 굿굿,긍정적,긍정적,알 수 없음,알 수 없음,긍정적,긍정적
2023-11,여기가 일본입니다 비행기 타고 갈 필요가 없어요 미친맛❤️대존맛💕,긍정적,긍정적,알 수 없음,알 수 없음,긍정적,긍정적
2023-08,음식 넘 맛있구 술도 맛있어요💙 강남에서 급 일본 여행 온 기분이에요🥹,긍정적,긍정적,알 수 없음,알 수 없음,긍정적,긍정적
2023-11,사장님들 너무 친절하시구 분위기도 너무 좋아요!!,긍정적,알 수 없음,긍정적,알 수 없음,긍정적,긍정적
2023-08,"너무 친절하시고 맛있게 잘먹었습니다
가게 분위기도 일본 분위기 나게끔 신경 많이쓰신것 느낄수 있었어요!!",긍정적,긍정적,긍정적,알 수 없음,긍정적,긍정적
2023-09,"가성비 미쳤고.
시원하고.
음식 존맛이고
하이볼 존맛임
남자 둘이서 안주 엄청 시켰음.
꼭 오셈",긍정적,긍정적,알 수 없음,긍정적,긍정적,긍정적
2023-08,새로 오픈한 가게인데 음식도 맛있고 인테리어가 독특해서 분위기가 좋습니다!! 한잔하면서 식사하기 좋아요 재방문의사 200%,긍정적,긍정적,긍정적,알 수 없음,긍정적,긍정적
2023-08,시킨 메뉴들 다 너무 맛있구 노래도 좋구 술도 맛있어요 !!!!!! 🥺🥺 잠시나마 일본에 왔다간 느낌을 느꼈숩니다 🍲🍲 다음에 또 올 거에요 !!!!,긍정적,긍정적,알 수 없음,알 수 없음,긍정적,긍정적
2023-09,맛과 멋 모두 잡은 식당! 친절하시기도 하네요!!,긍정적,긍정적,긍정적,알 수 없음,긍정적,긍정적
2023-08,"퇴근 후 잔잔하게 먹기 좋은 곳
새로 오픈해서 방문했는데 좋아요🖤",긍정적,긍정적,알 수 없음,알 수 없음,긍정적,긍정적
2023-08,돈까스 완전 바삭하구 카츠샌드에 겨자소스? 들어가있어서 1도 안느끼하고 존맛이에염,긍정적,긍정적,알 수 없음,알 수 없음,긍정적,긍정적
2023-08,"일본에 온 것같아요ㅎㅎ
안주들과 각종 술들 2차로 가볍게 먹기좋아요
린가네하이볼 극추!!",긍정적,긍정적,알 수 없음,알 수 없음,긍정적,긍정적
2023-08,분위기도 좋고 맛도 좋습니다,긍정적,긍정적,알 수 없음,알 수 없음,긍정적,긍정적
2023-08,집근처에 새로생겨서 와봤는데 분위기도 너무좋고 주변에 비해 가격도 합리적이네요!,긍정적,알 수 없음,긍정적,긍정적,긍정적,긍정적
2023-09,분위기가 좋고 음식이 맛있어여 퇴근하구 술 한잔 하기 딱 이에요,긍정적,긍정적,알 수 없음,알 수 없음,긍정적,긍정적
2023-08,하이볼이랑 야끼소바 둘다 맛있어요!,긍정적,긍정적,알 수 없음,알 수 없음,긍정적,긍정적
2023-08,"냉우동은 가츠오부시가 엄청진하고 마싯고여
돈가스 도톰하고 소스도맛있는데
가츠동은 너무 짜다는 의견이있었어요.
양이 적은편이라.. 남자분들 괜찮을까모르겠어요🤣",긍정적,긍정적,알 수 없음,부정적,긍정적,긍정적
2023-09,"여기 너무 맛있어요!!!! 분위기도 너무 독특하고 예쁩니다!!
메뉴 네개 전부 다 맛있어요~~",긍정적,긍정적,알 수 없음,알 수 없음,긍정적,긍정적
2023-08,"집근처에 제가 좋아하는 가게가생겨서
넘좋아요😍
사장님과 직원분들 모두 친절하셔서
기분좋게 맛있게 잘 먹고왔어요
나오자마자 먹느라
먹다중간에 찍은사진밖에없어서 ㅜ
이번주중에 또가서
예쁜사진찍을게요
자주갈게요 🤩",긍정적,긍정적,긍정적,알 수 없음,긍정적,긍정적
2023-12,맛돌이네,긍정적,긍정적,긍정적,알 수 없음,긍정적,긍정적
2023-09,"아기자기한 메뉴가 여자들이 너무 좋아할 스타일입니다!
물론 음식도 맛있네요.",긍정적,긍정적,알 수 없음,알 수 없음,긍정적,긍정적
2023-09,완전 일본분위기에 안주 하이볼 다 맛있어요~~!! 단골예약이에요,긍정적,긍정적,긍정적,알 수 없음,긍정적,긍정적
2023-11,비교적 가격이 저렴한 일본식 식당. 소주를 글라스로 판다. 어묵과 골뱅이 함박스테이크를 안주로 소주 각 2병. 음식 맛도 괜찮다,긍정적,긍정적,알 수 없음,긍정적,긍정적,긍정적
2023-10,인테리어가 아기자기해요~귀여워요!다음에 또 올게요~,긍정적,알 수 없음,긍정적,알 수 없음,긍정적,긍정적
2023-10,맛있습니다. 가게 디자인이 매력있습니다.,긍정적,긍정적,알 수 없음,알 수 없음,긍정적,긍정적
2023-10,음식도 맛있고 알바하시는 분이 너무 친절해요,긍정적,긍정적,긍정적,알 수 없음,긍정적,긍정적
2023-10,분위기 넘 좋아요!!! 혼술각 담에 또 올래요.,긍정적,알 수 없음,긍정적,알 수 없음,긍정적,긍정적
2023-10,"린가네 모든 안주가 너무 맛있어요!!
점심 저녁 둘다 만족!",긍정적,긍정적,알 수 없음,알 수 없음,긍정적,긍정적
2023-11,"드디어 왔네요!
코로나 이후로 일본을 못가고 있는데,
여기가 일본이네요 ㅋㅋㅋㅋ
양이 조금 적은 감이 있긴 하지만, 맛은 있습니다!
또 올게요~~",긍정적,긍정적,알 수 없음,부정적,긍정적,긍정적
2023-09,간단히 먹기 좋아요,긍정적,긍정적,알 수 없음,알 수 없음,긍정적,긍정적
2023-08,"낮에는 밥집, 밤에는 이자카야로 운영되는 일본갬성 물씬 나는 가게에요!!
분위기도 너무 좋고 낮과 밤이 다른 브랜드인게 넘 매력적이에여ㅎㅎ
점심에 돈까스 먹으러 다녀왔는데 엄청 두툼해서 맛있었어요! 다음에는 저녁에 하이볼 먹으러 가보려고요",긍정적,긍정적,알 수 없음,긍정적,긍정적,긍정적
2023-10,혼술하기 좋고 맛있어요 다음엔 또 다른 메뉴 먹으러 가야지,긍정적,긍정적,알 수 없음,알 수 없음,긍정적,긍정적
2023-10,"분위기도 좋고 맛있어요.
다음에도 또 올께요",긍정적,긍정적,알 수 없음,알 수 없음,긍정적,긍정적
2023-08,음식이 너무 맛있어요~~! 분위기도 일본에 온것 같아요 추천합니다 짱짱 !!!,긍정적,긍정적,알 수 없음,알 수 없음,긍정적,긍정적
2023-08,집앞에 새로생겨서 왔는데 간단하게 술이랑 먹기도 좋고 분위기도 너무 좋아요~! 자주자주 올게요👍🏼,긍정적,긍정적,긍정적,알 수 없음,긍정적,긍정적
2023-10,너무 맛있게 먹느라 사진은 못찍어서 아쉽지만 진짜진짜 간술하기 좋은곳!!!!,긍정적,긍정적,알 수 없음,알 수 없음,긍정적,긍정적
2023-10,"맛있고 분위기 좋아요
점심에 왔는데 저녁에도 와보려구요",긍정적,긍정적,알 수 없음,알 수 없음,긍정적,긍정적
2023-09,처음왔는데 일본 풍 느낌의 노래도 틀어주시고 완전 일본에 온도 같은 느낌이예오 음식도 너무 맛있네요~!!,긍정적,긍정적,긍정적,알 수 없음,긍정적,긍정적
2023-09,"특색있는집이네요~ 성수에 핫플이라던데 도곡동에도 생겼네요 직장인 점심으로 먹기에는 턱없는 양입니다ㅋㅋ 즐기시러 가시는분들은 추천, 든든한점심원한다면 차라리~~~~~",긍정적,긍정적,알 수 없음,긍정적,긍정적,긍정적
2023-08,"혼술 하기도 너무 좋을것 같은 아늑한 분위기!!
맛이며 양이며 모두 만족스럽습니다!! 재방문 의사 100%!!!!",긍정적,긍정적,알 수 없음,긍정적,긍정적,긍정적
2023-10,완전 맛있고 분위기도 좋아요!!,긍정적,긍정적,알 수 없음,알 수 없음,긍정적,긍정적
2023-08,새롭고 맛있습니다~,긍정적,긍정적,알 수 없음,알 수 없음,긍정적,긍정적
2023-08,"일본에 온거 같아요
가게 분위기도 음식도 ㅋㅋ
직원분들도 친절하고 좋아요👍",긍정적,긍정적,긍정적,알 수 없음,긍정적,긍정적
2023-09,아기자기한 이자카야입니다! 조용하고 단란한 분위기 좋아하시면 추천! 술은 살얼음 사케가 맛있었어요~,긍정적,긍정적,알 수 없음,알 수 없음,긍정적,긍정적
2023-08,분위기도 좋고 메뉴도 알차서 좋아요 !,긍정적,긍정적,알 수 없음,알 수 없음,긍정적,긍정적
2023-08,"일 끝나고 술마시기 좋네욤
친구랑 간만에 만나서 시간 잘 보냈어요~
음식도 맛있고 분위기도 좋고 다음에 또 올듯",긍정적,긍정적,긍정적,알 수 없음,긍정적,긍정적
2023-08,새로생겨서 와봤는데 너무 맛있어요~ 또올게요,긍정적,긍정적,알 수 없음,알 수 없음,긍정적,긍정적
2023-08,동네에 예쁜 술집 생겨서 들어와봤는데 시그니챠 오뎅탕도 너무맛있고 2차로 도란도란 오기 좋았어요 또 오게 될 것 같아요!!,긍정적,긍정적,긍정적,알 수 없음,긍정적,긍정적
2023-09,"성수에서 너무좋았던 경험
양재에서 이어가봅니다~~",긍정적,긍정적,알 수 없음,알 수 없음,긍정적,긍정적
2023-09,분위기도 너무 좋구 너무 친절하세요!!,긍정적,알 수 없음,긍정적,알 수 없음,긍정적,긍정적
2023-08,새로 생겨서 와봤는데 분위기 귀엽고 좋아용,긍정적,알 수 없음,긍정적,알 수 없음,긍정적,긍정적
2023-09,인테리어랑 분위기 좋고 음식도 맛있어요!!>_<,긍정적,긍정적,알 수 없음,알 수 없음,긍정적,긍정적
2023-09,혼밥이랑 혼술하기 좋은 곳이에요! 분위기도 넘 좋고 한국에서 우메슈 파는 곳 찾기 어려운데 있어서 넘 좋아요 🥹🤍,긍정적,긍정적,알 수 없음,알 수 없음,긍정적,긍정적
2023-09,맛있어요호☺️☺️,긍정적,긍정적,알 수 없음,알 수 없음,긍정적,긍정적
2023-09,처음 왔는데 맛있습니다! 혼술하기 좋아요!!!,긍정적,긍정적,알 수 없음,알 수 없음,긍정적,긍정적
2023-09,이색적인 인테리어에 끌려 들어왔는데 분위기도 너무 좋고 직원분들도 정말 친절하세요💓,긍정적,알 수 없음,긍정적,알 수 없음,긍정적,긍정적
2023-08,동네에 이런곳이 있는지 처음 알았어요!!,긍정적,긍정적,알 수 없음,알 수 없음,긍정적,긍정적
2023-09,여기는 하이볼찐맛집입니다. 꼭 와서 마셔보세요 맛있는 안주들 덕분에 하이볼이랑 좋은 페어링이 됐어요 ^^,긍정적,긍정적,긍정적,알 수 없음,긍정적,긍정적
2023-09,처음 방문해 봤는데 예상보다 너무 깔끔하고 음식도 맛있어서 진짜 강추합니당 ㅠㅠㅠ 사장님 사랑해요~ 많이 팔으세요!!!!,긍정적,긍정적,긍정적,알 수 없음,긍정적,긍정적
2023-08,"새로 오픈한 곳이라 깔끔하고 메뉴도 맛있어요 ! 분위기도 좋고, 친구들이랑 맛있는 메뉴에 술 마시기 딱 좋은 곳입니다 ㅎㅎ 시킨 안주들이 전부 취향저격 .. 하이볼 맛있었어용 🫶🏻",긍정적,긍정적,알 수 없음,알 수 없음,긍정적,긍정적
2023-09,일본갬성나고 술과 안주가 맛있어요~,긍정적,긍정적,알 수 없음,알 수 없음,긍정적,긍정적
2023-09,음식 넘 맛있고 분위기 너무 좋아요 🫶,긍정적,긍정적,알 수 없음,알 수 없음,긍정적,긍정적
2023-08,"새로 생겼다 해서 방문했어요
가볍게 2차로 먹기 너무 좋았어요
점심도 하신다고하니 꼭 방문해봐야겠어요
사장님 너무 친절하시고 매장도 넘 이뻐요
번창 하세요~~",긍정적,긍정적,긍정적,알 수 없음,긍정적,긍정적
2023-10,잇츠굿입니다,긍정적,긍정적,알 수 없음,알 수 없음,긍정적,긍정적
2023-08,"저녁에 왔는데 술음식 둘다 맛있고 공간이 이뻐요
너무너무좋아요 !! 런치에 다른메뉴 있는것도 먹으러와볼것 같아요. 김치나베미쳐요",긍정적,긍정적,알 수 없음,알 수 없음,긍정적,긍정적
2023-09,"메뉴 다 맛있어요!
대신 양이 넉넉한 편은 아니예요~ 참고하세요!",긍정적,긍정적,알 수 없음,부정적,긍정적,긍정적
2023-08,너무맛있게 잘먹었어요 하이볼이 입에서 살살 녹아요~꼭 이쪽주변사시는분들한번씩와주세요 부탁드립니다 제발요ㅜ,긍정적,긍정적,긍정적,알 수 없음,긍정적,긍정적
2023-09,여기 꼭 한번 가세요 음식 맛과 퀄리티 보장합니다 ㅎㅎ,긍정적,긍정적,알 수 없음,알 수 없음,긍정적,긍정적
2023-08,"사장님도 직원분들도 친절 하시고 음식도 맛있습니다.
자주 오고 싶습니다 !",긍정적,긍정적,긍정적,알 수 없음,긍정적,긍정적
2023-08,진짜… 맛있어요… 최고에요… 너무 친절함… 메뉴 하나하나가 다 너무 맛있습니다… 또 가야지,긍정적,긍정적,긍정적,알 수 없음,긍정적,긍정적
2023-08,"너무너무 맛있고 분위기 정말 좋습니다..
일본을 왜 갑니까 .... 여기 오면 되지.. 🥹
팝콘은
무조건 같이 시키세여",긍정적,긍정적,알 수 없음,알 수 없음,긍정적,긍정적
2023-08,"새로 생긴 곳이라 방문해보았습니다.
인테리어가 깔끔하고 좋습니다.",긍정적,알 수 없음,알 수 없음,알 수 없음,긍정적,긍정적
2023-08,오픈날만 기다렸어요💕 퇴근하고 간단하게 하이볼 마시러왔어요~~음식도 맛있고 건물자체가 청결해요!! 앞으로 자주올게욥!,긍정적,긍정적,긍정적,알 수 없음,긍정적,긍정적
2023-08,"분위기 짱 좋아용 ^^
음식 다 맛있고, 하이볼 짱 맛!!

재방문의사 있음",긍정적,긍정적,알 수 없음,알 수 없음,긍정적,긍정적
2023-08,"사장님
너무 친절하세요 ^^
음식들 맛있는건 말해뭐해요
매일 가고싶어요",긍정적,긍정적,긍정적,알 수 없음,긍정적,긍정적
2023-08,분위기도 좋고 너무 맛있어요👍🏻✌🏻,긍정적,긍정적,알 수 없음,알 수 없음,긍정적,긍정적
2023-08,귀엽고 기분 좋은 곳 재방문의사 있습니다🫶,긍정적,알 수 없음,긍정적,알 수 없음,긍정적,긍정적
2023-09,분위기좋고 맛있어요🙂 가성비도 좋아요~!,긍정적,긍정적,알 수 없음,알 수 없음,긍정적,긍정적
2023-08,새로 생긴 곳인데 분위기도 너무 좋고 메뉴도 신기한거 많고 맛있어요!,긍정적,긍정적,알 수 없음,알 수 없음,긍정적,긍정적
2023-08,"아주 맛있고 가성비도 좋아요
또 찾아갈꺼예요 🫢",긍정적,긍정적,알 수 없음,알 수 없음,긍정적,긍정적
2023-08,친절하고 맛있어요!!!,긍정적,긍정적,긍정적,알 수 없음,긍정적,긍정적
2023-08,가격대비 너무 좋네여 재방문의사 200%,긍정적,긍정적,알 수 없음,알 수 없음,긍정적,긍정적
2023-08,분위기 너무 좋고 맛있어서 재방문할거같아요!,긍정적,긍정적,알 수 없음,알 수 없음,긍정적,긍정적
2023-09,일본느낌나고 맛있어요~~~!,긍정적,긍정적,알 수 없음,알 수 없음,긍정적,긍정적
2023-09,생맥주 너무 맛있어요~~,긍정적,긍정적,알 수 없음,알 수 없음,긍정적,긍정적
2023-10,맛있어요,긍정적,긍정적,알 수 없음,알 수 없음,긍정적,긍정적
2023-08,쏘쏘합니다,부정적,알 수 없음,알 수 없음,알 수 없음,부정적,부정적
2023-09,ㅁ맛있엉어요,긍정적,긍정적,알 수 없음,알 수 없음,긍정적,긍정적
2023-08,힙해요! 최고~,긍정적,긍정적,알 수 없음,알 수 없음,긍정적,긍정적
