﻿Date,Review,Final_Sentiment,맛,서비스,양,sentiment,Sentiment2
2024-07,이곳은 기본적인 반찬이 매우 훌륭하게 나오는 좋은 식당입니다. 점심저녁 다 좋은데 특히 저녁 삼겹살의 맛과 파/콩나물 무침은 너무 훌륭합니다. 특히 오이소박이도 요즘 빼놓을 수 없는 반찬이네요. 사장님 너무 친절하시고 안에서 음식 조리해주시는 어머님도 손맛 그대로 느껴집니다. 무조건 추천!!!,긍정적,긍정적,긍정적,알 수 없음,긍정적,긍정적
2024-06,저녁에 먹는 삼겹살의 맛이 너무 좋아요. 같이 나오는 반찬이 어머니의 반찬같이 익숙해요~~ㅋ 고소하고 짠맛도 맛있어요 ㅎㅎ,긍정적,긍정적,알 수 없음,알 수 없음,긍정적,긍정적
2024-10,"음식이 정말 맛있고, 반찬도 잘 나옵니다.",긍정적,긍정적,알 수 없음,알 수 없음,긍정적,긍정적
2024-09,맛있어요,긍정적,긍정적,알 수 없음,알 수 없음,긍정적,긍정적
2024-05,점심밥도 너무 좋아요ㅋㅋ 집밥 먹은것처럼 든든합니다~~~,긍정적,긍정적,알 수 없음,긍정적,긍정적,긍정적
2024-05,언제나 맛있는 낙여삼입니다. 반찬. 메인메뉴 빼놓을게 없네요~!!!,긍정적,긍정적,알 수 없음,긍정적,긍정적,긍정적
2024-08,오랫만 방문,긍정적,알 수 없음,긍정적,알 수 없음,긍정적,긍정적
2024-01,사장님은 언제나 친절하시고 점심/저녁 전부 맛있어요. 점심은 반찬도 잘나오고 매일 다른 구성으로 메뉴가 나옵니다. ㅎ,긍정적,긍정적,긍정적,알 수 없음,긍정적,긍정적
2023-09,이곳은 점심밥도 맛있고 저녁 삼겹살도 완전히 로컬맛입니다. 반찬구성도 좋고 점심메뉴도 끝내줍니다. 1만원의 메뉴로 구성되어있는데 비싼느낌보다는 든든히 잘먹었다 생각이 드는 밥집입니다!!,긍정적,긍정적,알 수 없음,긍정적,긍정적,긍정적
2023-09,돌솥비빔밥에 낙지 볶음이 토핑으로. 진짜 숨겨진 맛집. 반찬들은 하나같이 집밥 느낌. 추천.,긍정적,긍정적,알 수 없음,알 수 없음,긍정적,긍정적
2024-02,좋아요,긍정적,알 수 없음,알 수 없음,알 수 없음,긍정적,긍정적
2023-08,점심 먹으러 가는데 반찬이 정말 잘 나오고 맛있어요! 가격도 적당하구요! 앞으로도 자주 갈 의향 매우 있습니다,긍정적,긍정적,긍정적,알 수 없음,긍정적,긍정적
2023-07,맛잇어영 ㅎㅎ,긍정적,긍정적,알 수 없음,알 수 없음,긍정적,긍정적
2023-08,굿,긍정적,긍정적,알 수 없음,알 수 없음,긍정적,긍정적
2023-03,음식도 빨리나오고 맛있어요~,긍정적,긍정적,긍정적,알 수 없음,긍정적,긍정적
2023-04,좋앙ᆢㄷ,긍정적,알 수 없음,알 수 없음,알 수 없음,긍정적,긍정적
2023-01,맛있어요,긍정적,긍정적,알 수 없음,알 수 없음,긍정적,긍정적
2022-11,다소 청결이 조금 아쉽지만 맛있어요~,긍정적,긍정적,알 수 없음,알 수 없음,부정적,긍정적
2022-09,낙지돌솥먹었어요 양이많고 밑반찬두 넘 많이주셔서 좋았어요,긍정적,긍정적,긍정적,긍정적,긍정적,긍정적
2022-12,반찬도 맛난 낙여삼,긍정적,긍정적,알 수 없음,알 수 없음,긍정적,긍정적
2022-11,음식이 맛나요,긍정적,긍정적,알 수 없음,알 수 없음,긍정적,긍정적
2022-11,굿,긍정적,긍정적,알 수 없음,알 수 없음,긍정적,긍정적
2022-12,좋아요,긍정적,알 수 없음,알 수 없음,알 수 없음,긍정적,긍정적
2022-12,좋아요,긍정적,알 수 없음,알 수 없음,알 수 없음,긍정적,긍정적
2022-10,굿,긍정적,긍정적,알 수 없음,알 수 없음,긍정적,긍정적
2022-12,아주 아주 조항요,긍정적,긍정적,알 수 없음,알 수 없음,긍정적,긍정적
2022-10,굿,긍정적,긍정적,알 수 없음,알 수 없음,긍정적,긍정적
2022-11,맛있어요~,긍정적,긍정적,알 수 없음,알 수 없음,긍정적,긍정적
2022-10,굿,긍정적,긍정적,알 수 없음,알 수 없음,긍정적,긍정적
2022-09,굿,긍정적,긍정적,알 수 없음,알 수 없음,긍정적,긍정적
2022-09,굿,긍정적,긍정적,알 수 없음,알 수 없음,긍정적,긍정적
2022-09,맛있어요~~,긍정적,긍정적,알 수 없음,알 수 없음,긍정적,긍정적
2022-09,좋아요,긍정적,알 수 없음,알 수 없음,알 수 없음,긍정적,긍정적
2022-09,😀,긍정적,알 수 없음,알 수 없음,알 수 없음,긍정적,긍정적
2022-07,굿 ㅎ,긍정적,긍정적,알 수 없음,알 수 없음,긍정적,긍정적
2022-08,친절해요,긍정적,알 수 없음,긍정적,알 수 없음,긍정적,긍정적
2022-07,ㅏ,부정적,알 수 없음,알 수 없음,알 수 없음,부정적,부정적
2022-08,굿,긍정적,긍정적,알 수 없음,알 수 없음,긍정적,긍정적
2022-07,친절해요,긍정적,알 수 없음,긍정적,알 수 없음,긍정적,긍정적
2022-06,굿,긍정적,긍정적,알 수 없음,알 수 없음,긍정적,긍정적
2022-05,ㅏ,부정적,알 수 없음,알 수 없음,알 수 없음,부정적,부정적
2021-12,포장해서왔는데 넘 맛있고 비쥬얼도 굿이에요~~~,긍정적,긍정적,알 수 없음,알 수 없음,긍정적,긍정적
2022-03,ㅏ,부정적,알 수 없음,알 수 없음,알 수 없음,부정적,부정적
2022-03,ㅏ,부정적,알 수 없음,알 수 없음,알 수 없음,부정적,부정적
2022-02,ㅏ,부정적,알 수 없음,알 수 없음,알 수 없음,부정적,부정적
2022-06,굿,긍정적,긍정적,알 수 없음,알 수 없음,긍정적,긍정적
2022-01,ㅏ,부정적,알 수 없음,알 수 없음,알 수 없음,부정적,부정적
2021-11,"산낙지 좋아해서 갔는데
탕탕이 너무 신선하지않아 속상 아쉬웠어요",부정적,부정적,알 수 없음,알 수 없음,부정적,부정적
2021-10,맛있슴,긍정적,긍정적,알 수 없음,알 수 없음,긍정적,긍정적
2021-11,맛있어요ㅎ,긍정적,긍정적,알 수 없음,알 수 없음,긍정적,긍정적
2021-10,좋아요,긍정적,알 수 없음,알 수 없음,알 수 없음,긍정적,긍정적
2021-06,밑반찬이 정성가득 맛있어요,긍정적,긍정적,알 수 없음,알 수 없음,긍정적,긍정적
2021-04,제육볶음 먹었어요.,긍정적,긍정적,알 수 없음,알 수 없음,긍정적,긍정적
2021-04,맛있네요,긍정적,긍정적,알 수 없음,알 수 없음,긍정적,긍정적
2020-12,해물파전 끝내줘요~~~!!,긍정적,긍정적,알 수 없음,알 수 없음,긍정적,긍정적
2021-03,굳,긍정적,알 수 없음,알 수 없음,알 수 없음,긍정적,긍정적
2021-03,좋아요,긍정적,알 수 없음,알 수 없음,알 수 없음,긍정적,긍정적
2021-01,좋아요,긍정적,알 수 없음,알 수 없음,알 수 없음,긍정적,긍정적
2020-07,음식은 맛있어요,긍정적,긍정적,알 수 없음,알 수 없음,긍정적,긍정적
2020-10,돌솥,긍정적,알 수 없음,알 수 없음,알 수 없음,긍정적,긍정적
2019-10,좋아요,긍정적,알 수 없음,알 수 없음,알 수 없음,긍정적,긍정적
