﻿Date,Review,Final_Sentiment,맛,서비스,양,sentiment,Sentiment2
2024-08,"2000개이상의 리뷰를 쓴 솔직블로거로써
여기 시그니처 버거 는 프랜버거중
가장 맛난거같아요.

빵빵한 중간온도의 빵,
수제버거같은 패티,
찐 사각치즈..

이제 맥날 롯리 양산형버거중
여기 시그니처버거 최고..

다른곳도 시그니처버거같은거 나오길..",긍정적,긍정적,알 수 없음,알 수 없음,긍정적,긍정적
2024-10,노브랜드 홍대에 19년에 처음 열었을 때 가고 두 번째인데 음료가 리필되어서 좋네요.,긍정적,알 수 없음,긍정적,알 수 없음,긍정적,긍정적
2024-10,요즘 버거 중에 제일 맛있게 먹고 있는 버거예요. 수제버거 느낌 나고 아주 맛있는 것.,긍정적,긍정적,알 수 없음,알 수 없음,긍정적,긍정적
2024-10,통신사 할인받아서 싸게먹었어요,긍정적,알 수 없음,긍정적,알 수 없음,긍정적,긍정적
2024-10,개인적으로 버거킹버거보다 내입맛에 노브랜드 버거가 더 좋습니다 햄버거를 좋아하는지라 일주일에 한번은 구입을 하는데 주로 버거킹을 구입했는데 이제부터는 노브랜드로 갈것같네요 가성비를 생각한다면 적극 추천합니다,긍정적,긍정적,알 수 없음,알 수 없음,긍정적,긍정적
2024-08,"2000개이상의 맛집리뷰를 썼어요
시그니처 버거가 넘 맛잇어서
이틀연속왓네요.",긍정적,긍정적,알 수 없음,알 수 없음,긍정적,긍정적
2024-08,배가 고파서 맥도날드 가려다가 더워서 가까운 노브랜드버거로ㅋㅋㅋ잘 몰라서 베러치즈 시그니처 세트로 주문..결론은 배불리 잘 먹었음ㅋㅋ,긍정적,긍정적,알 수 없음,긍정적,긍정적,긍정적
2024-08,샐러드는 가성비 좋으나 커피는 진짜 니맛도 내맛도 아닌맛이라 많이 아쉽네요,부정적,부정적,알 수 없음,알 수 없음,부정적,부정적
2024-09,베이컨 먹고싶어서 일부러 베이컨버거 시켰는데 베이컨이 하나도 없어요ㅋㅋㅋㅋㅋㅋㅋㅋ 포장이라 집가서 보니까 베이컨 없는 햄버거네요..;;,부정적,부정적,부정적,부정적,부정적,부정적
2024-10,잘먹었습니당,긍정적,긍정적,알 수 없음,알 수 없음,긍정적,긍정적
2024-05,"페퍼로니피자치킨은 너무 짜서 못쓰것음.
새우버거는 쫠깃통통해서 좋았고. 신메뉴는 좀 혼나야함. 빨리먹고 자리를 떠야 하시는 분은 주문하지 마시고, 수제버거 마냥 포크와 나이프로 먹어야합니다. 피자+치킨+버거 다 드시고 싶은 분에게는 매우 추천.",부정적,부정적,부정적,긍정적,부정적,부정적
2024-06,"지점은 깨끗하고 좋아요.
제일 싼 버거라 그런가 걍 먹을만 해요.",긍정적,긍정적,알 수 없음,긍정적,긍정적,긍정적
2024-10,굳,긍정적,알 수 없음,알 수 없음,알 수 없음,긍정적,긍정적
2024-04,"포장도 꼼꼼히 해주시구 먼가 갈때마다 좋은 매장👍
상하이포크 샐러드 채소는 아주 신선하고 포크튀김은 따뜻하게 잘 먹었습니다^^",긍정적,긍정적,긍정적,긍정적,긍정적,긍정적
2024-09,맛있어요!,긍정적,긍정적,알 수 없음,알 수 없음,긍정적,긍정적
2024-08,너겟 3조각 비싼 것 빼고는 주차도 되고 좋아요!,긍정적,알 수 없음,긍정적,부정적,긍정적,긍정적
2024-09,베리굿,긍정적,긍정적,알 수 없음,알 수 없음,긍정적,긍정적
2024-01,"1700개의 리뷰를 써온 솔직블로거로써
노브버버 맛있어요 진짜.

오리지날버거 감추.
티멤버쉽 이벤트할때마다
사먹는데 참 수제버거맛집느낌의
클라식하지만 신선한야채를
있는그대로 쓰는 느낌.

주방쉐프님이 무뚝뚝해서
아쉬운? 점이 있지만
그래도 오리지널버버는 맛잇어요.

음료는 셀프바로 먹울수있어서
좋고

포장시 캔으로줘요.

노브버거흥하길",긍정적,긍정적,부정적,알 수 없음,긍정적,긍정적
2024-05,"노브랜드 버거 종종 먹는데요, 양상추에서 냄새가 너무 심해요. 사이드로 시킨 샐러드는 물론 버거에 들어가있는 양상추도 냄새가 너무 나서 다 빼고 먹었습니다. 본사에 얘기하셔야할거 같아요",부정적,부정적,알 수 없음,부정적,부정적,부정적
2024-09,그냥그래요,부정적,알 수 없음,알 수 없음,부정적,부정적,부정적
2024-08,.,알 수 없음,알 수 없음,알 수 없음,알 수 없음,알 수 없음,알 수 없음
2024-08,좋아요,긍정적,알 수 없음,알 수 없음,알 수 없음,긍정적,긍정적
2024-08,좋아요,긍정적,알 수 없음,알 수 없음,알 수 없음,긍정적,긍정적
2024-08,좋아요,긍정적,알 수 없음,알 수 없음,알 수 없음,긍정적,긍정적
2024-09,가성비 조습니다,긍정적,알 수 없음,알 수 없음,긍정적,긍정적,긍정적
2024-08,맛있어요!,긍정적,긍정적,알 수 없음,알 수 없음,긍정적,긍정적
2024-09,불고기버거가 젤맛있어요,긍정적,긍정적,알 수 없음,알 수 없음,긍정적,긍정적
2024-04,"처음 방문해본 노브랜드버거🍔🍟
점심으로 그릴드불고기+감자튀김 테이크아웃해왔어요:)",긍정적,긍정적,알 수 없음,긍정적,긍정적,긍정적
2024-08,베리굿,긍정적,긍정적,알 수 없음,알 수 없음,긍정적,긍정적
2024-08,굳,긍정적,알 수 없음,알 수 없음,알 수 없음,긍정적,긍정적
2024-06,노브랜드버거뱅뱅사거리점 좋아요 추천!,긍정적,긍정적,알 수 없음,알 수 없음,긍정적,긍정적
2024-10,굿굿 맛잇어요 램버거,긍정적,긍정적,알 수 없음,알 수 없음,긍정적,긍정적
2024-04,오리지날 새우버거 맛있어요!,긍정적,긍정적,알 수 없음,알 수 없음,긍정적,긍정적
2024-07,좋아요,긍정적,알 수 없음,알 수 없음,알 수 없음,긍정적,긍정적
2024-07,베리베리 굿,긍정적,긍정적,알 수 없음,알 수 없음,긍정적,긍정적
2024-07,좋아요!!,긍정적,알 수 없음,긍정적,알 수 없음,긍정적,긍정적
2024-07,맛있어요,긍정적,긍정적,알 수 없음,알 수 없음,긍정적,긍정적
2024-08,굿,긍정적,긍정적,알 수 없음,알 수 없음,긍정적,긍정적
2024-03,샐러드도 따로 팔고 앉을 자리도 많아요 종류도 다양합니다 키오스크 두대라 편안해요,긍정적,긍정적,긍정적,알 수 없음,긍정적,긍정적
2024-07,좋아요!!,긍정적,알 수 없음,알 수 없음,알 수 없음,긍정적,긍정적
2024-04,만만하게 간단히 먹기 좋아요,긍정적,긍정적,알 수 없음,알 수 없음,긍정적,긍정적
2023-12,"-자리 많고 혼밥하기 좋음
-키오스크 2대
-음식 나오는 속도는 보통
-버거 퀄리티는 그닥이지만 가격이 저렴해서 가성비로 한끼 먹기 좋았음",긍정적,부정적,긍정적,긍정적,긍정적,긍정적
2024-06,굳,긍정적,알 수 없음,알 수 없음,알 수 없음,긍정적,긍정적
2024-05,가성비,긍정적,알 수 없음,알 수 없음,알 수 없음,긍정적,긍정적
2024-04,점심때 사람 많아요,긍정적,알 수 없음,긍정적,부정적,부정적,긍정적
2024-10,맛나요,긍정적,긍정적,알 수 없음,알 수 없음,긍정적,긍정적
2024-04,물티슈는 이야기 안해도 주셨으면ㅠ햄버거는 손을닦구먹어야 하니깐,부정적,알 수 없음,부정적,긍정적,부정적,부정적
2024-06,굳,긍정적,알 수 없음,알 수 없음,알 수 없음,긍정적,긍정적
2024-08,굿,긍정적,긍정적,알 수 없음,알 수 없음,긍정적,긍정적
2024-07,노브랜드 햄버거는 처음먹어봤는데 제일 싼 햄버거라 그런지 누린내가ㅠㅠ 조금 실망,부정적,부정적,알 수 없음,알 수 없음,부정적,부정적
2024-04,사장님도 친절하시고 맛도good,긍정적,긍정적,긍정적,알 수 없음,긍정적,긍정적
2024-06,구,긍정적,알 수 없음,알 수 없음,알 수 없음,부정적,긍정적
2024-02,맛있고 자주올 것 같아요,긍정적,긍정적,알 수 없음,알 수 없음,긍정적,긍정적
2024-05,굳,긍정적,알 수 없음,알 수 없음,알 수 없음,긍정적,긍정적
2024-06,굿,긍정적,긍정적,알 수 없음,알 수 없음,긍정적,긍정적
2024-05,좋아요!!!,긍정적,알 수 없음,알 수 없음,알 수 없음,긍정적,긍정적
2024-04,맛있어요,긍정적,긍정적,알 수 없음,알 수 없음,긍정적,긍정적
2024-04,굳,긍정적,알 수 없음,알 수 없음,알 수 없음,긍정적,긍정적
2024-01,"우연히 갔는데
다른 지점보다 깨끗하고 맛있었어요. 사진을 분명 찍은거 같은데 안 보이네요.",긍정적,긍정적,긍정적,알 수 없음,긍정적,긍정적
2024-03,햄버거맛있어요,긍정적,긍정적,알 수 없음,알 수 없음,긍정적,긍정적
2024-06,굿,긍정적,긍정적,알 수 없음,알 수 없음,긍정적,긍정적
2024-04,낫벧.,부정적,알 수 없음,알 수 없음,알 수 없음,부정적,부정적
2024-04,ㅇㅇ,긍정적,알 수 없음,알 수 없음,알 수 없음,부정적,긍정적
2024-05,좋아요,긍정적,알 수 없음,알 수 없음,알 수 없음,긍정적,긍정적
2023-12,"이곳에서 먹어보는 두 번째 샐러드
베러샐러드...대체육으로 만든 햄인가...?.생각보다 간이 있어서 좀 놀랬던...
야채 토핑 추가 메뉴 있음 좋겠어요. 넘 작...",부정적,부정적,긍정적,부정적,부정적,부정적
2024-04,맛있어요,긍정적,긍정적,알 수 없음,알 수 없음,긍정적,긍정적
2024-01,잘 먹고 갑니다,긍정적,긍정적,알 수 없음,알 수 없음,긍정적,긍정적
2023-11,매장은 크지 않고 음식 나오는 시간은 좀 걸리더라구요ㅜ 가성비는 괜찮은 것 같아요!,긍정적,알 수 없음,부정적,알 수 없음,부정적,긍정적
2024-04,맛있어요,긍정적,긍정적,알 수 없음,알 수 없음,긍정적,긍정적
2024-06,좋아요,긍정적,알 수 없음,알 수 없음,알 수 없음,긍정적,긍정적
2023-09,샐러드 가성비가 좋아서 다이어트 해야 할때 종종 이용합니다. 그리고 후렌치 후라이도 맥도날드처럼 얇은 감자는 아니지만 가성비 좋아요.,긍정적,긍정적,알 수 없음,긍정적,긍정적,긍정적
2024-02,.,알 수 없음,알 수 없음,알 수 없음,알 수 없음,알 수 없음,알 수 없음
2023-11,"점심에 직장 동료와 가끔 오는데, 신메뉴가 나와서 먹어봤어요.ㅎㅎ
짜계치밥..햄버거 짜파게티 소스 찍어 먹는맛인데
맛 없는건 아닌데 두번은 먹지 않을거 같은 맛이에여ㅋㅋㅋㅋ소스가 잘 어울리는 듯 안 어울리는 그런 느낌! 궁금하면 드셔보세요.",부정적,부정적,긍정적,알 수 없음,부정적,부정적
2023-11,이벤트버거는 그냥그랬음,부정적,부정적,알 수 없음,알 수 없음,부정적,부정적
2024-02,친절해요!!,긍정적,알 수 없음,긍정적,알 수 없음,긍정적,긍정적
2023-09,맛있어요 ~~매장이 넓고 깨끗하고 무엇보다도 햄버거가 무지 맛있어요 ~~,긍정적,긍정적,알 수 없음,알 수 없음,긍정적,긍정적
2024-03,좋아요,긍정적,알 수 없음,알 수 없음,알 수 없음,긍정적,긍정적
2024-02,귯,긍정적,알 수 없음,알 수 없음,알 수 없음,부정적,긍정적
2023-09,매장 깨끗하고 혼밥하기도 좋아요,긍정적,긍정적,긍정적,알 수 없음,긍정적,긍정적
2024-01,맛있어요 :),긍정적,긍정적,알 수 없음,알 수 없음,긍정적,긍정적
2024-03,맛있어요,긍정적,긍정적,알 수 없음,알 수 없음,긍정적,긍정적
2023-10,"친절하십니다!
맛도 괜찮고요!!!",긍정적,긍정적,긍정적,알 수 없음,긍정적,긍정적
2023-09,먼가 루틴이 되어버렸다. 일요일 저녁 출출할때 가성비 좋게 즐길 수 있는 첫 번째 아이디어,긍정적,긍정적,알 수 없음,긍정적,긍정적,긍정적
2023-11,어메이징세트 넘 좋네요,긍정적,긍정적,알 수 없음,알 수 없음,긍정적,긍정적
2023-12,회사 길 건너 있는데 맛있게 잘 먹었습니다,긍정적,긍정적,알 수 없음,알 수 없음,긍정적,긍정적
2024-02,좋아요,긍정적,알 수 없음,알 수 없음,알 수 없음,긍정적,긍정적
2024-02,맛나요,긍정적,긍정적,알 수 없음,알 수 없음,긍정적,긍정적
2023-07,매장이 큰 편은 아니지만 아기자기하고 깔끔해요! 들어오는 입구에 큰 선풍기가 있어서 시원해요. 음식도 주문하면 빨리 나오는 편입니다.,긍정적,알 수 없음,긍정적,긍정적,긍정적,긍정적
2024-01,낫베드,부정적,알 수 없음,알 수 없음,알 수 없음,부정적,부정적
2024-02,좋아요,긍정적,알 수 없음,알 수 없음,알 수 없음,긍정적,긍정적
2024-02,굿,긍정적,긍정적,알 수 없음,알 수 없음,긍정적,긍정적
2023-11,"뭐 많이 시킨 것도아니고 시그니처 버거 세트 하나 시켰는데 30분 걸리는 건 너무한듯

햄버거라도 멀쩡하게 나왔으면 모를까 양상추랑 토마토도 옆으로 다 쏠려서 재조립도 해야했음",부정적,부정적,부정적,알 수 없음,부정적,부정적
2023-08,"노브랜드 버거를 오랫만에 왔고 뱅뱅사거리점은 처음 와봤는데 버거 종류도 다양하고 매장이 깔끔하고 너무 친절하시네요~
매장앞 주차도 가능해요^^",긍정적,긍정적,긍정적,알 수 없음,긍정적,긍정적
2023-09,"티멤버십이벤트로 먹었는데
가성비짱
수제버거의 느낌",긍정적,긍정적,알 수 없음,알 수 없음,긍정적,긍정적
2024-02,좋아요,긍정적,알 수 없음,알 수 없음,알 수 없음,긍정적,긍정적
2023-10,한산하고 좋아요.,긍정적,알 수 없음,긍정적,알 수 없음,긍정적,긍정적
2023-09,말해뭐해 맛있어요!! 노브랜드 샐러드도 갠춘!,긍정적,긍정적,알 수 없음,알 수 없음,긍정적,긍정적
2023-12,배고파 순삭했네요.느키하지도 않고 너무 맛있네요,긍정적,긍정적,알 수 없음,알 수 없음,긍정적,긍정적
2023-12,맛있어요,긍정적,긍정적,알 수 없음,알 수 없음,긍정적,긍정적
2023-07,노브랜드 오랜만에 먹으니 더맛있네요,긍정적,긍정적,알 수 없음,알 수 없음,긍정적,긍정적
2024-03,맛있어요,긍정적,긍정적,알 수 없음,알 수 없음,긍정적,긍정적
2023-10,콰트로맥앤치즈 강추,긍정적,긍정적,알 수 없음,알 수 없음,긍정적,긍정적
2023-10,새로나온버거 맛나요,긍정적,긍정적,알 수 없음,알 수 없음,긍정적,긍정적
2023-11,음식이 맛있어요,긍정적,긍정적,알 수 없음,알 수 없음,긍정적,긍정적
2023-11,좋아요,긍정적,알 수 없음,알 수 없음,알 수 없음,긍정적,긍정적
2024-02,굿,긍정적,긍정적,알 수 없음,알 수 없음,긍정적,긍정적
2023-10,음악소리가 커서 조금 시끄럽긴 한데 가성비있고 친절해서 자주 가요,긍정적,알 수 없음,긍정적,알 수 없음,긍정적,긍정적
2023-07,"신메뉴 시켰는데 나오는데 오래걸리더라구요~
나중에 시킨 사람들꺼가 먼저 나와 불편 ㅠ
그래도 페페로니피자치킨버거 맛있네요",긍정적,긍정적,부정적,알 수 없음,부정적,긍정적
2023-09,"샐러드를 저렴하게 먹을 수 있어서 종종 혼밥하러 가는데 맛있어요! ㅎㅎ
가성비 좋아요~",긍정적,긍정적,알 수 없음,알 수 없음,긍정적,긍정적
2023-09,"집에가다 들러 간단히 저녁을 먹어요!
가성비 좋아요👍🏽",긍정적,긍정적,알 수 없음,알 수 없음,긍정적,긍정적
2024-01,굿,긍정적,긍정적,알 수 없음,알 수 없음,긍정적,긍정적
2023-09,Ggooood,긍정적,긍정적,알 수 없음,알 수 없음,긍정적,긍정적
2023-11,굿,긍정적,긍정적,알 수 없음,알 수 없음,긍정적,긍정적
2023-09,버거 하나 나오는데 20분 장난하나..,부정적,알 수 없음,부정적,알 수 없음,부정적,부정적
2023-09,감자튀김이 신선해서 맛있어요🐧,긍정적,긍정적,알 수 없음,알 수 없음,긍정적,긍정적
2024-01,굿,긍정적,긍정적,알 수 없음,알 수 없음,긍정적,긍정적
2023-07,가성비 버거 중에선 노브랜드가 가장 맛있네요,긍정적,긍정적,알 수 없음,알 수 없음,긍정적,긍정적
2023-11,굿,긍정적,긍정적,알 수 없음,알 수 없음,긍정적,긍정적
2023-09,맛잇어,긍정적,긍정적,알 수 없음,알 수 없음,긍정적,긍정적
2023-07,"유동인구가 많은 곳이라 매장이 정돈된 느낌은 아니에요.
그치만 노브랜드 버거는 정말 맛있더군요..",긍정적,긍정적,부정적,알 수 없음,부정적,긍정적
2023-07,"맛있어요
간단히 먹기 좋습니당",긍정적,긍정적,알 수 없음,알 수 없음,긍정적,긍정적
2024-03,가성비 좋은 맛있는 버거~,긍정적,긍정적,알 수 없음,알 수 없음,긍정적,긍정적
2023-08,오리지널 맛있어요,긍정적,긍정적,알 수 없음,알 수 없음,긍정적,긍정적
2023-07,"맛은있는데..
버거단품 포장인데 25분은 너무해요ㅜ",긍정적,긍정적,부정적,알 수 없음,부정적,긍정적
2023-05,치킨을 갓 튀겨주셔서 너무 바삭하고 맛있었어요 ❤️ 운동하고 먹기 딱 좋은 양과 맛이에요~,긍정적,긍정적,알 수 없음,긍정적,긍정적,긍정적
2023-05,매장도넓고 깔끔하고 좋은데 점심시간에 직원이 두세명뿐이라 음식 나오는데에 10분이상 소요되는점은 좀 아쉬워요 ㅠㅠ,긍정적,알 수 없음,부정적,알 수 없음,부정적,긍정적
2023-07,햄버거 주문하고 앞에 주문 2개 있는데도 나오는데 15분 넘게 걸림 이정도면 수제 버거예요 원래 컨섭인가;,부정적,긍정적,부정적,부정적,부정적,부정적
2023-08,쏘쏘합니다,부정적,알 수 없음,알 수 없음,부정적,부정적,부정적
2023-09,좋음,긍정적,알 수 없음,알 수 없음,알 수 없음,긍정적,긍정적
2023-07,좋아요 :),긍정적,알 수 없음,긍정적,알 수 없음,긍정적,긍정적
2023-07,샐러드 하나 주문하고 받기까지 40분 이상 걸림,부정적,알 수 없음,부정적,부정적,부정적,부정적
2023-05,고기 패티는 타 브랜드와 비교해서 한두개씩 빠진 느낌인데 치킨 패티는 괜찮네요.,긍정적,부정적,알 수 없음,알 수 없음,부정적,긍정적
2023-06,샐러드 맛있어요~!,긍정적,긍정적,알 수 없음,알 수 없음,긍정적,긍정적
2023-04,후추가득 더블 패티,긍정적,긍정적,알 수 없음,긍정적,긍정적,긍정적
2023-04,샐러드가 버거보다 늦게 나오지만 괜찮은곳,긍정적,알 수 없음,부정적,알 수 없음,부정적,긍정적
2023-07,시간이…자리도 애매 ㅠㅠ,부정적,알 수 없음,부정적,부정적,부정적,부정적
2023-06,좋아요,긍정적,알 수 없음,알 수 없음,알 수 없음,긍정적,긍정적
2023-05,맛있어요. 없어지지말아요,긍정적,긍정적,알 수 없음,알 수 없음,긍정적,긍정적
2023-07,긋,긍정적,알 수 없음,알 수 없음,알 수 없음,부정적,긍정적
2023-06,깔끔하고 야채가 신선해요.,긍정적,긍정적,알 수 없음,알 수 없음,긍정적,긍정적
2023-06,좋아요 :),긍정적,알 수 없음,긍정적,알 수 없음,긍정적,긍정적
2023-03,"치킨샐러드 생겨서 운동 후 죄책감 없이 들어와서 주문 고고~
양이 매우 작긴 하나 햄버거 보단 낫겠지~라묘...",긍정적,긍정적,긍정적,부정적,긍정적,긍정적
2023-03,넘 맛있어용 😋💛💛,긍정적,긍정적,알 수 없음,알 수 없음,긍정적,긍정적
2023-08,맛있어요,긍정적,긍정적,알 수 없음,알 수 없음,긍정적,긍정적
2023-07,굿,긍정적,긍정적,알 수 없음,알 수 없음,긍정적,긍정적
2023-08,"맛있어요
벌레가 좀 있지만 어쩔 수 없죠",긍정적,긍정적,부정적,알 수 없음,부정적,긍정적
2023-07,맛있어요!,긍정적,긍정적,알 수 없음,알 수 없음,긍정적,긍정적
2023-06,맛있어요!!,긍정적,긍정적,알 수 없음,알 수 없음,긍정적,긍정적
2023-07,맛있어요,긍정적,긍정적,알 수 없음,알 수 없음,긍정적,긍정적
2023-07,ㅇ,알 수 없음,알 수 없음,알 수 없음,알 수 없음,알 수 없음,알 수 없음
2023-05,너무 맛있어요,긍정적,긍정적,알 수 없음,알 수 없음,긍정적,긍정적
2023-02,신선하고 햄이 많이 들엇네요,긍정적,긍정적,알 수 없음,긍정적,긍정적,긍정적
2022-12,"다른 것보다 해쉬브라운 바삭하게 들어간 햄버거는 정말 맛있었음
맥도날드 해쉬브라운보다 나았고
버터감자튀김은 생각보다 별로였다. 워낙 오리지날이 맛있어서 그런듯",긍정적,긍정적,알 수 없음,부정적,긍정적,긍정적
2023-01,치킨 시저 샐러드 맛있어요! 튀김옷이 얇아서 좋아요 계란은 따로 구매했습니다,긍정적,긍정적,알 수 없음,알 수 없음,긍정적,긍정적
2023-07,굿,긍정적,긍정적,알 수 없음,알 수 없음,긍정적,긍정적
2023-07,맛있어요!,긍정적,긍정적,알 수 없음,알 수 없음,긍정적,긍정적
2023-03,맛있게 먹었어요. .😍,긍정적,긍정적,알 수 없음,알 수 없음,긍정적,긍정적
2023-03,매장이 쾌적해요,긍정적,알 수 없음,긍정적,알 수 없음,긍정적,긍정적
2023-07,맛있어요,긍정적,긍정적,알 수 없음,알 수 없음,긍정적,긍정적
2023-07,좋아요,긍정적,알 수 없음,알 수 없음,알 수 없음,긍정적,긍정적
2023-07,감사합니다^^,긍정적,알 수 없음,긍정적,알 수 없음,긍정적,긍정적
2022-12,"처음 먹어보는데 패티는 싼맛나요ㅠㅜ 싸니까 당연하겠죠?
감자튀김은 패스트푸트점들 중에서 1등이네요!!",긍정적,긍정적,알 수 없음,긍정적,부정적,긍정적
2023-03,가볍게 먹기 좋아요,긍정적,긍정적,알 수 없음,알 수 없음,긍정적,긍정적
2023-07,좋아요,긍정적,알 수 없음,알 수 없음,알 수 없음,긍정적,긍정적
2023-07,맛있어요,긍정적,긍정적,알 수 없음,알 수 없음,긍정적,긍정적
2023-02,월요일 점심시간에 갔는데 40분 이상 기다렸습니다. 패스트푸드 의미가 빨리 먹어야 하는 음식인 줄 몰랐네요.. 다음부터 평일 점심 방문 안할듯 싶습니다..,긍정적,알 수 없음,부정적,알 수 없음,부정적,긍정적
2023-07,굿,긍정적,긍정적,알 수 없음,알 수 없음,긍정적,긍정적
2023-06,좋아요,긍정적,알 수 없음,알 수 없음,알 수 없음,긍정적,긍정적
2023-01,의외로 샐러드 맛집;,긍정적,긍정적,알 수 없음,알 수 없음,긍정적,긍정적
2023-04,이 돈이면 맥날감,부정적,부정적,부정적,알 수 없음,부정적,부정적
2023-04,신선해요!,긍정적,긍정적,알 수 없음,알 수 없음,긍정적,긍정적
2023-07,샐러드가 맛있어요.,긍정적,긍정적,알 수 없음,알 수 없음,긍정적,긍정적
2023-05,굿굿,긍정적,긍정적,알 수 없음,알 수 없음,긍정적,긍정적
2023-04,가성비 좋고 맛있습니다!,긍정적,긍정적,알 수 없음,알 수 없음,긍정적,긍정적
2023-05,샷,긍정적,알 수 없음,알 수 없음,알 수 없음,긍정적,긍정적
2023-04,가성비 좋고 맛 좋습니다.,긍정적,긍정적,알 수 없음,알 수 없음,긍정적,긍정적
2023-03,"바쁘시신데 친절하시고
좋아요",긍정적,알 수 없음,긍정적,알 수 없음,긍정적,긍정적
2023-02,"맜있게 잘 먹었습니다 ~
가성비 최고인듯 합니다",긍정적,긍정적,알 수 없음,알 수 없음,긍정적,긍정적
2023-02,가성비 최고 맛도 있어 좋아요,긍정적,긍정적,알 수 없음,알 수 없음,긍정적,긍정적
2022-12,주변에 일정이 있어 왔다가 시간이 남아 간단하게 먹고 갑니다 잘 먹었어요,긍정적,긍정적,알 수 없음,긍정적,긍정적,긍정적
2023-03,간편하게 먹기 좋아요,긍정적,알 수 없음,긍정적,알 수 없음,긍정적,긍정적
2023-05,굿,긍정적,긍정적,알 수 없음,알 수 없음,긍정적,긍정적
2023-04,굿,긍정적,긍정적,알 수 없음,알 수 없음,긍정적,긍정적
2022-12,콰트로 맥앤치즈 버거에는 할라피뇨 필수추가 ㅎㅎ 혼밥 잘했습니다!,긍정적,긍정적,알 수 없음,알 수 없음,긍정적,긍정적
2023-05,좋아요,긍정적,알 수 없음,알 수 없음,알 수 없음,긍정적,긍정적
2023-01,와이페이 모어! 노브랜드~~💕,긍정적,긍정적,알 수 없음,알 수 없음,긍정적,긍정적
2023-04,간편,긍정적,알 수 없음,알 수 없음,알 수 없음,긍정적,긍정적
2023-05,맛잇어요,긍정적,긍정적,알 수 없음,알 수 없음,긍정적,긍정적
2023-01,맵앤치즈 최고,긍정적,긍정적,알 수 없음,알 수 없음,긍정적,긍정적
2023-01,간단하게 점심해결 합니다 맛있었음다,긍정적,긍정적,알 수 없음,알 수 없음,긍정적,긍정적
2022-12,창가보며 먹기 좋은곳..버거는 생각보다 그리 싸진 않지만 토마토 양파는 싱싱함,긍정적,긍정적,알 수 없음,알 수 없음,긍정적,긍정적
2023-04,굿,긍정적,긍정적,알 수 없음,알 수 없음,긍정적,긍정적
2023-03,맛은 그냥. 무난하게 가성비로 먹음,부정적,긍정적,알 수 없음,알 수 없음,부정적,부정적
2023-03,좋아요!!,긍정적,알 수 없음,긍정적,알 수 없음,긍정적,긍정적
2023-01,점심 시간에도 많이 붐비지 않아서 좋고 혼밥 하기 좋아요. 가성비 굿입니다.,긍정적,긍정적,긍정적,알 수 없음,긍정적,긍정적
2022-12,코올슬로 치킨버거 맛나요~,긍정적,긍정적,알 수 없음,알 수 없음,긍정적,긍정적
2023-06,맛있어요,긍정적,긍정적,알 수 없음,알 수 없음,긍정적,긍정적
2022-12,점심에 혼밥하기 좋습니다!,긍정적,알 수 없음,알 수 없음,긍정적,긍정적,긍정적
2023-02,추천합니다,긍정적,알 수 없음,알 수 없음,긍정적,긍정적,긍정적
2023-03,좋아요,긍정적,알 수 없음,알 수 없음,알 수 없음,긍정적,긍정적
2023-01,굿,긍정적,긍정적,알 수 없음,알 수 없음,긍정적,긍정적
2023-01,보통,부정적,알 수 없음,알 수 없음,알 수 없음,부정적,부정적
2023-01,제작도 빠르고 맛있어요,긍정적,긍정적,긍정적,알 수 없음,긍정적,긍정적
2023-01,둑,부정적,알 수 없음,알 수 없음,알 수 없음,부정적,부정적
2023-03,맛있어용,긍정적,긍정적,알 수 없음,알 수 없음,긍정적,긍정적
2023-01,긋,긍정적,알 수 없음,알 수 없음,알 수 없음,부정적,긍정적
2022-12,싸고 맛있어용,긍정적,긍정적,알 수 없음,알 수 없음,긍정적,긍정적
2022-12,노브랜드버거 대존맛,긍정적,긍정적,알 수 없음,알 수 없음,긍정적,긍정적
2023-02,좋아요,긍정적,알 수 없음,알 수 없음,알 수 없음,긍정적,긍정적
2023-05,굿,긍정적,긍정적,알 수 없음,알 수 없음,긍정적,긍정적
2022-12,그릴드불고기버거세트 먹었는데 싸고 맛있어요.,긍정적,긍정적,알 수 없음,알 수 없음,긍정적,긍정적
2023-01,맛있어요,긍정적,긍정적,알 수 없음,알 수 없음,긍정적,긍정적
2023-02,좋아요 완전!,긍정적,긍정적,알 수 없음,알 수 없음,긍정적,긍정적
2023-01,샷,긍정적,알 수 없음,알 수 없음,알 수 없음,긍정적,긍정적
2023-01,맛있어요,긍정적,긍정적,알 수 없음,알 수 없음,긍정적,긍정적
2023-03,"바로 만들어줘서 신선하고
맛있어요👍🏻",긍정적,긍정적,긍정적,알 수 없음,긍정적,긍정적
2022-08,"오리지널버거엔 토마토 안들어가는줄 알았네요.
방금 사온 햄버거에 정말 매우 앙증맞은 토마토 꼬투리 넣어줘서 햄버거 손으로 다 헤쳐해보고야 발견했네요. 첨에 못찾고 매장에 전화해서 물어보니 당당히 넣었다고해서 햄버거 해체하고서야 겨우 발견했습니다. 가운데 부분만 먹으라는건가요. 이런 경우 처음이라 당황스러워서 다음엔 포장할때도 옆면에 토마토 보이나 확인하고 와야되는건가 싶군요. 너무하네요 ㅎ",부정적,부정적,부정적,알 수 없음,부정적,부정적
2022-12,맛있고 친절해요,긍정적,긍정적,긍정적,알 수 없음,긍정적,긍정적
2023-05,맛있어요,긍정적,긍정적,알 수 없음,알 수 없음,긍정적,긍정적
2022-12,ㅇㅇ,긍정적,알 수 없음,알 수 없음,알 수 없음,부정적,긍정적
2022-12,맛있어요:),긍정적,긍정적,알 수 없음,알 수 없음,긍정적,긍정적
2022-12,좋아요~~,긍정적,긍정적,알 수 없음,알 수 없음,긍정적,긍정적
2022-11,아주 맘에 듭니당요!!!,긍정적,긍정적,알 수 없음,알 수 없음,긍정적,긍정적
2022-12,맛있어요,긍정적,긍정적,알 수 없음,알 수 없음,긍정적,긍정적
2022-12,공간이 넓고 깨끗하고 햄버거가 싸고 맛있어요,긍정적,긍정적,알 수 없음,알 수 없음,긍정적,긍정적
2023-01,"얼마전 매장 쉬었을 때 아쉬웠는데...
요즘 자주 오게되네요",긍정적,알 수 없음,부정적,알 수 없음,긍정적,긍정적
2023-01,침절해요,긍정적,부정적,알 수 없음,알 수 없음,부정적,긍정적
2022-08,한끼 때우기ㅣ 좋음,긍정적,긍정적,알 수 없음,알 수 없음,긍정적,긍정적
2022-08,시원하게 잘 마셨습니다♡,긍정적,긍정적,알 수 없음,알 수 없음,긍정적,긍정적
2023-01,투머치버거는 푸짐하고좋긴한데 베이컨을 더구워주셨으면 더 맛났을듯ㅜㅜ,부정적,긍정적,부정적,긍정적,부정적,부정적
2022-08,가성비도 괜찮고 자리도 많아요,긍정적,알 수 없음,긍정적,알 수 없음,긍정적,긍정적
2022-07,넘 맛있네요 단점은 직장인이 많아 혼잡해요 ㅠ,긍정적,긍정적,부정적,알 수 없음,긍정적,긍정적
2022-07,"가성비 좋고, 버거퀄도 괜찮습니다.
하지만 평일 점심시간에 대기시간이 오래 걸립니다.",긍정적,긍정적,부정적,알 수 없음,긍정적,긍정적
2022-12,친절해요,긍정적,알 수 없음,긍정적,알 수 없음,긍정적,긍정적
2022-08,후딱~,긍정적,알 수 없음,알 수 없음,알 수 없음,긍정적,긍정적
2022-06,오리지널 2.900원 가성비 굿,긍정적,긍정적,알 수 없음,긍정적,긍정적,긍정적
2022-08,통통한 감튀~ 그래서 더 좋아요^^,긍정적,긍정적,알 수 없음,알 수 없음,긍정적,긍정적
2022-04,노브랜드버거 가성비좋고 맛있어요. 샐러드가 있어 넘 좋았네요,긍정적,긍정적,알 수 없음,긍정적,긍정적,긍정적
2022-04,"신세계그룹이 가성비를 무기로 자사PB브랜드 노브랜드의 이름을 달고 출범한 패스트푸드 버거하우스의 지점

초기 오픈했던 소수 매장 중 반포 고속버스터미널내 지점에서 먹어봤을 때는, 생각보다 가성비도 애매하고, 맛도 애매했었는데.... 지점수를 늘려가고 운영경험이 축척되면서 빨리 자리를 잡아가는 느낌

아직 노브랜드버거..? 하면 떠오르는 시그니쳐버거가 없는게 아쉽지만 컨셉인 가성비는 꾸준히 유지하려 애쓰는 모습

안타깝게도 같은 신세계의 수제버거 브랜드였던 자니로켓은 이제 철수 수순을 밟는 듯 보여서 안타까움",긍정적,부정적,긍정적,알 수 없음,부정적,긍정적
2022-08,ㅇㅇ,긍정적,알 수 없음,알 수 없음,알 수 없음,부정적,긍정적
2022-08,ㅇㅇ,긍정적,알 수 없음,알 수 없음,알 수 없음,부정적,긍정적
2023-04,맛있어용,긍정적,긍정적,알 수 없음,알 수 없음,긍정적,긍정적
2022-12,친절해요,긍정적,알 수 없음,긍정적,알 수 없음,긍정적,긍정적
2023-04,맛있어요,긍정적,긍정적,알 수 없음,알 수 없음,긍정적,긍정적
2022-08,☕️,긍정적,알 수 없음,알 수 없음,알 수 없음,긍정적,긍정적
2022-08,🍔,긍정적,알 수 없음,알 수 없음,알 수 없음,긍정적,긍정적
2022-05,간단하게 먹기 좋아요~,긍정적,알 수 없음,긍정적,알 수 없음,긍정적,긍정적
2022-07,"점장님인 사장님인지 친절하심, 기분좋아짐, 혼밥하기좋음",긍정적,알 수 없음,긍정적,알 수 없음,긍정적,긍정적
2022-06,"노브랜드 버거 자주 이용했는데, 가격이 조금 올랐네요. 그래도 인근 버거, 햄버거점이.없어 사람들이 많이 이용합니다",긍정적,알 수 없음,긍정적,긍정적,부정적,긍정적
2023-03,맛있지,긍정적,긍정적,알 수 없음,알 수 없음,긍정적,긍정적
2022-09,샐러드 맛집,긍정적,알 수 없음,알 수 없음,알 수 없음,긍정적,긍정적
2022-05,"맛은 있었는데
매장 테이블이 깨끗해 보이지 않았어요",부정적,긍정적,부정적,알 수 없음,부정적,부정적
2022-05,"버거킹 하위호환
가성비 좋습니다 !",긍정적,긍정적,알 수 없음,긍정적,긍정적,긍정적
2022-08,맛있ㅁ,긍정적,알 수 없음,알 수 없음,알 수 없음,긍정적,긍정적
2022-08,맛나요,긍정적,긍정적,알 수 없음,알 수 없음,긍정적,긍정적
2022-08,좋아요,긍정적,알 수 없음,알 수 없음,알 수 없음,긍정적,긍정적
2022-05,NBB 시그니처버거 맛있어요ㅎㅎ,긍정적,긍정적,알 수 없음,알 수 없음,긍정적,긍정적
2022-07,마싯,긍정적,알 수 없음,알 수 없음,알 수 없음,긍정적,긍정적
2022-05,샐러드 처음 먹어봤는데 가성비 굿!!,긍정적,긍정적,알 수 없음,알 수 없음,긍정적,긍정적
2022-08,굳,긍정적,알 수 없음,알 수 없음,알 수 없음,긍정적,긍정적
2022-08,굳굳,긍정적,알 수 없음,알 수 없음,알 수 없음,긍정적,긍정적
2022-07,굳,긍정적,알 수 없음,알 수 없음,알 수 없음,긍정적,긍정적
2022-08,굳,긍정적,알 수 없음,알 수 없음,알 수 없음,긍정적,긍정적
2022-07,괜찮아요,긍정적,알 수 없음,알 수 없음,알 수 없음,긍정적,긍정적
2022-03,"같은 금액이라면 타사에 비해서는
NBB 가 나은 듯 하네요!",긍정적,긍정적,알 수 없음,알 수 없음,긍정적,긍정적
2023-02,맛있어용,긍정적,긍정적,알 수 없음,알 수 없음,긍정적,긍정적
2022-06,맛이 가성비가 좋음,긍정적,긍정적,알 수 없음,알 수 없음,긍정적,긍정적
2022-07,굿,긍정적,긍정적,알 수 없음,알 수 없음,긍정적,긍정적
2022-07,굿,긍정적,긍정적,알 수 없음,알 수 없음,긍정적,긍정적
2022-05,처음 먹어보는 노브랜드 버거 가성비 굿!,긍정적,긍정적,알 수 없음,알 수 없음,긍정적,긍정적
2022-08,굳,긍정적,알 수 없음,알 수 없음,알 수 없음,긍정적,긍정적
2022-08,맛나요,긍정적,긍정적,알 수 없음,알 수 없음,긍정적,긍정적
2022-06,좋아요~,긍정적,알 수 없음,긍정적,알 수 없음,긍정적,긍정적
2022-07,굿,긍정적,긍정적,알 수 없음,알 수 없음,긍정적,긍정적
2022-07,최고,긍정적,긍정적,알 수 없음,알 수 없음,긍정적,긍정적
2021-10,"어니언도닛ㅋㅋ 맛있네여 양파랑 겉에꺼랑 돌지안고 바삭하고
버거는 갈릭앤갈릭 맛있다해서 첨 시켜봄
가격이일단 참착해서 맛의퀄리티가 어마무지하게있는건아니고 ㅎㅎ 그냥 아, 노브랜드버거첨먹어보네 ㅎㅎ 그런정도 ㅎㅎ봉투패킹은 약간 뉴욕스탈 ㅋㅋ",긍정적,긍정적,알 수 없음,알 수 없음,긍정적,긍정적
2022-07,굿,긍정적,긍정적,알 수 없음,알 수 없음,긍정적,긍정적
2022-07,맛있음,긍정적,긍정적,알 수 없음,알 수 없음,긍정적,긍정적
2022-04,키오스크가 2대 있어 주문할 수 있고 매장도 넓어 편해요,긍정적,알 수 없음,긍정적,알 수 없음,긍정적,긍정적
2022-02,흙발자국 있는 지저분한 쇼핑백에 담아줬어요 가지고 와서야 알았네요 황당합니다,부정적,알 수 없음,부정적,부정적,부정적,부정적
2022-07,굿,긍정적,긍정적,알 수 없음,알 수 없음,긍정적,긍정적
2022-07,굿굿,긍정적,긍정적,알 수 없음,알 수 없음,긍정적,긍정적
2022-04,가성비 좋아요~!!,긍정적,긍정적,알 수 없음,알 수 없음,긍정적,긍정적
2022-07,굿굿,긍정적,긍정적,알 수 없음,알 수 없음,긍정적,긍정적
2022-07,좋아요,긍정적,알 수 없음,알 수 없음,알 수 없음,긍정적,긍정적
2022-03,처음 가본건데 생각보다 맛있네요,긍정적,긍정적,알 수 없음,알 수 없음,긍정적,긍정적
2022-05,맛있어요,긍정적,긍정적,알 수 없음,알 수 없음,긍정적,긍정적
2022-03,"맛있어용
깨끗해요
조용해요",긍정적,긍정적,알 수 없음,알 수 없음,긍정적,긍정적
2022-01,맛도 가성비도 훌륭하지만 점심시간엔 못오겠네요이제ㅠㅠ 패스트푸드인데.. 주문 25분지나서 나오고 점심시간 순삭이네여ㅡㅡ,긍정적,긍정적,부정적,알 수 없음,부정적,긍정적
2022-03,가성비좋은곳입니다,긍정적,알 수 없음,알 수 없음,긍정적,긍정적,긍정적
2022-03,가성비 좋아요 노브랜드라,긍정적,긍정적,알 수 없음,알 수 없음,긍정적,긍정적
2022-04,윙맛집,긍정적,알 수 없음,알 수 없음,알 수 없음,긍정적,긍정적
2022-08,친절해요,긍정적,알 수 없음,긍정적,알 수 없음,긍정적,긍정적
2022-04,친절하고 맛잇어요,긍정적,긍정적,긍정적,알 수 없음,긍정적,긍정적
2022-03,노브랜드버거 싸고 맛있어요,긍정적,긍정적,알 수 없음,알 수 없음,긍정적,긍정적
2022-03,코울슬로치킨버거 맛있어요,긍정적,긍정적,알 수 없음,알 수 없음,긍정적,긍정적
2022-02,매우만족합니다 많이파세요,긍정적,긍정적,알 수 없음,긍정적,긍정적,긍정적
2022-04,사거리에 있음,긍정적,알 수 없음,알 수 없음,알 수 없음,부정적,긍정적
2022-01,직원분들이 손도 빠르신거 같아요 :),긍정적,알 수 없음,긍정적,알 수 없음,긍정적,긍정적
2022-05,맛있어요,긍정적,긍정적,알 수 없음,알 수 없음,긍정적,긍정적
2022-04,어메이징 세트 맛있어요~,긍정적,긍정적,알 수 없음,알 수 없음,긍정적,긍정적
2021-11,직원분들도 친절하고 매장도 깨끗하고 버거도 맛있음!,긍정적,긍정적,긍정적,알 수 없음,긍정적,긍정적
2022-04,굿,긍정적,긍정적,알 수 없음,알 수 없음,긍정적,긍정적
2022-01,"시그니처버거 좋아요👍
빠른 점심메뉴로 굿!",긍정적,긍정적,긍정적,알 수 없음,긍정적,긍정적
2022-08,굿,긍정적,긍정적,알 수 없음,알 수 없음,긍정적,긍정적
2022-04,굿,긍정적,긍정적,알 수 없음,알 수 없음,긍정적,긍정적
2022-05,.,알 수 없음,알 수 없음,알 수 없음,알 수 없음,알 수 없음,알 수 없음
2022-07,친절해요,긍정적,알 수 없음,긍정적,알 수 없음,긍정적,긍정적
2022-05,굿,긍정적,긍정적,알 수 없음,알 수 없음,긍정적,긍정적
2022-02,뱅뱅사거리에 있고 자리도 넓고 혼밥 하기도 편해요,긍정적,알 수 없음,긍정적,알 수 없음,긍정적,긍정적
2022-02,혼자 잘갑니다...,부정적,알 수 없음,알 수 없음,부정적,부정적,부정적
2022-04,좋아요,긍정적,알 수 없음,알 수 없음,알 수 없음,긍정적,긍정적
2022-05,좋아요,긍정적,알 수 없음,알 수 없음,알 수 없음,긍정적,긍정적
2022-05,굿,긍정적,긍정적,알 수 없음,알 수 없음,긍정적,긍정적
2022-04,좋아요,긍정적,알 수 없음,알 수 없음,알 수 없음,긍정적,긍정적
2021-12,넓은 매장은 아니지만 혼밥 하기좋아요,긍정적,알 수 없음,긍정적,알 수 없음,긍정적,긍정적
2022-03,맛있습니다,긍정적,긍정적,알 수 없음,알 수 없음,긍정적,긍정적
2022-04,굿,긍정적,긍정적,알 수 없음,알 수 없음,긍정적,긍정적
2022-04,굿,긍정적,긍정적,알 수 없음,알 수 없음,긍정적,긍정적
2022-04,좋아요,긍정적,알 수 없음,알 수 없음,알 수 없음,긍정적,긍정적
2022-04,👍,긍정적,알 수 없음,알 수 없음,알 수 없음,긍정적,긍정적
2021-12,버스 기다리면서 배채우기 좋은 곳,긍정적,알 수 없음,긍정적,알 수 없음,긍정적,긍정적
2022-03,굿,긍정적,긍정적,알 수 없음,알 수 없음,긍정적,긍정적
2022-03,좋아요,긍정적,알 수 없음,알 수 없음,알 수 없음,긍정적,긍정적
2022-07,추천,긍정적,알 수 없음,긍정적,알 수 없음,긍정적,긍정적
2022-07,추천,긍정적,알 수 없음,알 수 없음,알 수 없음,긍정적,긍정적
2022-04,좋아요,긍정적,알 수 없음,알 수 없음,알 수 없음,긍정적,긍정적
2022-02,가성비 좋은 괜춘한 버거,긍정적,긍정적,알 수 없음,알 수 없음,긍정적,긍정적
2022-03,"가격도 착한데 버거랑 샐러드가 완전 혜자
맛남 ㅠㅠ 맨날지나쳤는데 이제야 알앗다니~~등잔밑이어두웠어요",긍정적,긍정적,긍정적,알 수 없음,긍정적,긍정적
2022-03,좋아요,긍정적,알 수 없음,알 수 없음,알 수 없음,긍정적,긍정적
2022-04,좋아요,긍정적,알 수 없음,알 수 없음,알 수 없음,긍정적,긍정적
2022-03,깨끗하네요,긍정적,알 수 없음,긍정적,알 수 없음,긍정적,긍정적
2022-08,좋아요,긍정적,알 수 없음,알 수 없음,알 수 없음,긍정적,긍정적
2022-05,굿,긍정적,긍정적,알 수 없음,알 수 없음,긍정적,긍정적
2022-02,굿,긍정적,긍정적,알 수 없음,알 수 없음,긍정적,긍정적
2021-11,스리라차 맛있어요:),긍정적,긍정적,알 수 없음,알 수 없음,긍정적,긍정적
2022-03,굿,긍정적,긍정적,알 수 없음,알 수 없음,긍정적,긍정적
2022-02,맛있어요~~,긍정적,긍정적,알 수 없음,알 수 없음,긍정적,긍정적
2022-03,굿,긍정적,긍정적,알 수 없음,알 수 없음,긍정적,긍정적
2021-11,자주 갈듯 싶어요,긍정적,긍정적,알 수 없음,알 수 없음,긍정적,긍정적
2021-12,"맛있고 깨끗해요
좋아요",긍정적,긍정적,알 수 없음,알 수 없음,긍정적,긍정적
2022-04,진짜 가성비굿,긍정적,긍정적,알 수 없음,알 수 없음,긍정적,긍정적
2022-03,맛있어요,긍정적,긍정적,알 수 없음,알 수 없음,긍정적,긍정적
2022-06,굿굿,긍정적,긍정적,알 수 없음,알 수 없음,긍정적,긍정적
2022-01,맛과 가격이 좋아요,긍정적,긍정적,알 수 없음,알 수 없음,긍정적,긍정적
2022-07,좋아요,긍정적,알 수 없음,알 수 없음,알 수 없음,긍정적,긍정적
2022-07,굿,긍정적,긍정적,알 수 없음,알 수 없음,긍정적,긍정적
2022-03,맛있어요,긍정적,긍정적,알 수 없음,알 수 없음,긍정적,긍정적
2022-08,굿,긍정적,긍정적,알 수 없음,알 수 없음,긍정적,긍정적
2022-01,사람많음,부정적,알 수 없음,부정적,알 수 없음,부정적,부정적
2022-01,점심먹기 좋아요,긍정적,알 수 없음,알 수 없음,알 수 없음,긍정적,긍정적
2022-02,좋아요,긍정적,알 수 없음,알 수 없음,알 수 없음,긍정적,긍정적
2022-02,굿,긍정적,긍정적,알 수 없음,알 수 없음,긍정적,긍정적
2022-02,굿,긍정적,긍정적,알 수 없음,알 수 없음,긍정적,긍정적
2021-10,일요일 밤에 버거단품 주문했는데 생각보다 오래기다렸어요ㅠㅜ,긍정적,알 수 없음,부정적,알 수 없음,부정적,긍정적
2022-01,😁,긍정적,알 수 없음,알 수 없음,알 수 없음,긍정적,긍정적
2022-02,굿,긍정적,긍정적,알 수 없음,알 수 없음,긍정적,긍정적
2022-02,굿,긍정적,긍정적,알 수 없음,알 수 없음,긍정적,긍정적
2022-08,굿,긍정적,긍정적,알 수 없음,알 수 없음,긍정적,긍정적
2022-02,맛있어요,긍정적,긍정적,알 수 없음,알 수 없음,긍정적,긍정적
2022-05,좋아요,긍정적,알 수 없음,알 수 없음,알 수 없음,긍정적,긍정적
2022-02,좋아요,긍정적,알 수 없음,알 수 없음,알 수 없음,긍정적,긍정적
2021-11,남자친구가 너무 자주 먹어요,긍정적,알 수 없음,긍정적,부정적,부정적,긍정적
2022-02,맛있어요,긍정적,긍정적,알 수 없음,알 수 없음,긍정적,긍정적
2021-10,캐주얼한 분위기 좋아요,긍정적,알 수 없음,긍정적,알 수 없음,긍정적,긍정적
2022-03,흐흐 좋아요,긍정적,긍정적,알 수 없음,알 수 없음,긍정적,긍정적
2021-10,어니언링 맛있어요,긍정적,긍정적,알 수 없음,알 수 없음,긍정적,긍정적
2021-10,맛있고 가격도 좋아요!,긍정적,긍정적,알 수 없음,알 수 없음,긍정적,긍정적
2021-11,보통,부정적,알 수 없음,알 수 없음,알 수 없음,부정적,부정적
2021-09,"상하이 핑거포크먹는데
다른지점과달리 굉장히퍽퍽하고 노맛 오래된고기
이가격에 이맛이면
다신안갈듯",부정적,부정적,알 수 없음,알 수 없음,부정적,부정적
2022-02,시저샐러드 가격대비 너무 좋아요!!,긍정적,긍정적,알 수 없음,알 수 없음,긍정적,긍정적
2022-01,가성비 굿,긍정적,긍정적,알 수 없음,알 수 없음,긍정적,긍정적
2021-10,"친절들 하시고 가성비 최고에요^^
맛도 타 브랜드에 뒤지지 않아요!",긍정적,긍정적,긍정적,알 수 없음,긍정적,긍정적
2021-08,"단체주문 했어요
시간 딱맞춰준비해주셨어요
맛있게 잘 먹었습니다",긍정적,긍정적,긍정적,알 수 없음,긍정적,긍정적
2022-01,"😄
조아요",긍정적,긍정적,알 수 없음,알 수 없음,긍정적,긍정적
2021-11,가성비,긍정적,알 수 없음,알 수 없음,알 수 없음,긍정적,긍정적
2021-10,샐러드 사먹기 좋아요~ 가성비 갑,긍정적,긍정적,알 수 없음,알 수 없음,긍정적,긍정적
2021-12,굿,긍정적,긍정적,알 수 없음,알 수 없음,긍정적,긍정적
2021-11,좋아요! 만족합니다,긍정적,긍정적,알 수 없음,알 수 없음,긍정적,긍정적
2021-10,남자친구가 좋아하네요,긍정적,알 수 없음,알 수 없음,긍정적,긍정적,긍정적
2021-10,친절하셔요! 좋아요,긍정적,알 수 없음,긍정적,알 수 없음,긍정적,긍정적
2021-08,햄버거도 맛있지만 특히 감자튀김이 바삭하고 따뜻해서 너무 좋았습니다! 직원분들도 친절하셔서 앞으로도 종종 찾을 생각입니다ㅎㅎ,긍정적,긍정적,긍정적,알 수 없음,긍정적,긍정적
2021-08,점심시간에 이용중입니다,긍정적,알 수 없음,긍정적,알 수 없음,긍정적,긍정적
2021-12,굳굳,긍정적,긍정적,알 수 없음,알 수 없음,긍정적,긍정적
2021-12,굿,긍정적,긍정적,알 수 없음,알 수 없음,긍정적,긍정적
2021-08,"산체스버거 : 평범함, 시그니쳐나 더블패티가 맛은 더 좋은듯",긍정적,긍정적,알 수 없음,알 수 없음,긍정적,긍정적
2021-12,맛있어요,긍정적,긍정적,알 수 없음,알 수 없음,긍정적,긍정적
2021-11,가성비 좋습니다,긍정적,긍정적,알 수 없음,알 수 없음,긍정적,긍정적
2021-10,맛있어요,긍정적,긍정적,알 수 없음,알 수 없음,긍정적,긍정적
2021-07,가성비 좋고 맛있어요! NBB시그니처?먹었는데 버거킹와퍼 맥도날드 빅맥이나 불고기 뭐 롯데리아에 불고기 이런것들 보다는 맛있었어요,긍정적,긍정적,알 수 없음,알 수 없음,긍정적,긍정적
2021-11,.,알 수 없음,알 수 없음,알 수 없음,알 수 없음,알 수 없음,알 수 없음
2021-09,다 좋은데 노래소리가 너무 커요.,긍정적,알 수 없음,부정적,알 수 없음,부정적,긍정적
2021-08,노래소리가 너무 커요,부정적,알 수 없음,부정적,알 수 없음,부정적,부정적
2021-08,코울슬로치킨버거,긍정적,알 수 없음,알 수 없음,알 수 없음,긍정적,긍정적
2021-07,친절하고 좋아요!!,긍정적,알 수 없음,긍정적,알 수 없음,긍정적,긍정적
2021-10,맛있어요!,긍정적,긍정적,알 수 없음,알 수 없음,긍정적,긍정적
2021-10,맛있어요,긍정적,긍정적,알 수 없음,알 수 없음,긍정적,긍정적
2021-11,가성비좋아요,긍정적,긍정적,알 수 없음,알 수 없음,긍정적,긍정적
2021-11,NBB,긍정적,알 수 없음,알 수 없음,알 수 없음,부정적,긍정적
2021-08,샐러드 맛있어요,긍정적,긍정적,알 수 없음,알 수 없음,긍정적,긍정적
2021-10,.,알 수 없음,알 수 없음,알 수 없음,알 수 없음,알 수 없음,알 수 없음
2021-08,가격도 싸고 맛있어요! :),긍정적,긍정적,알 수 없음,알 수 없음,긍정적,긍정적
2021-11,샐러드짱,긍정적,긍정적,알 수 없음,알 수 없음,긍정적,긍정적
2021-08,점심으로 햄버거를 먹어도 괜찮다면 추천,긍정적,긍정적,알 수 없음,알 수 없음,긍정적,긍정적
2021-07,"일단 방문시 매장 엄청 깔끔함
그다음 버거 한입 먹는 순간 패티 완전 부드러움
그리고 전체적으로 인테리어 깔끔
다음에 또 들릴예정",긍정적,긍정적,알 수 없음,알 수 없음,긍정적,긍정적
2021-10,"알바생분 넘 친절하네요
너무 맛있었어요",긍정적,긍정적,긍정적,알 수 없음,긍정적,긍정적
2021-11,맛있어요~,긍정적,긍정적,알 수 없음,알 수 없음,긍정적,긍정적
2021-11,좋아요,긍정적,알 수 없음,긍정적,알 수 없음,긍정적,긍정적
2021-11,샐러드굿~~,긍정적,긍정적,알 수 없음,알 수 없음,긍정적,긍정적
2021-10,좋아요,긍정적,알 수 없음,알 수 없음,알 수 없음,긍정적,긍정적
2021-07,신매뉴 시켜봤는데 맛있네요. 토종 햄버거집이 맥날을 이기는 그날을 기대합니다.,긍정적,긍정적,알 수 없음,알 수 없음,긍정적,긍정적
2021-09,어니언도넛,긍정적,알 수 없음,알 수 없음,알 수 없음,긍정적,긍정적
2022-05,맛있습니다,긍정적,긍정적,알 수 없음,알 수 없음,긍정적,긍정적
2021-07,페퍼로니버거 맛있어요. 생양파 굿굿.,긍정적,긍정적,알 수 없음,알 수 없음,긍정적,긍정적
2021-10,좋아요,긍정적,알 수 없음,알 수 없음,알 수 없음,긍정적,긍정적
2021-08,좋아요 맛있어요,긍정적,긍정적,알 수 없음,알 수 없음,긍정적,긍정적
2021-10,좋아요,긍정적,알 수 없음,알 수 없음,알 수 없음,긍정적,긍정적
2021-08,육즙이 아쉬움,긍정적,부정적,알 수 없음,알 수 없음,부정적,긍정적
2021-08,조금 혼잡,부정적,알 수 없음,부정적,부정적,부정적,부정적
2021-08,샐러드,긍정적,알 수 없음,알 수 없음,알 수 없음,긍정적,긍정적
2021-08,가성비가 좋아요,긍정적,긍정적,알 수 없음,알 수 없음,긍정적,긍정적
2021-06,가까운데 생겨서 좋아요!,긍정적,알 수 없음,긍정적,알 수 없음,긍정적,긍정적
2021-08,맛있어요,긍정적,긍정적,알 수 없음,알 수 없음,긍정적,긍정적
2021-09,좋아요,긍정적,알 수 없음,긍정적,알 수 없음,긍정적,긍정적
2021-07,오늘도 맛있어요.,긍정적,긍정적,알 수 없음,알 수 없음,긍정적,긍정적
2021-11,좋아요,긍정적,알 수 없음,알 수 없음,알 수 없음,긍정적,긍정적
2021-07,친절하고 시원행,긍정적,알 수 없음,긍정적,알 수 없음,긍정적,긍정적
2021-09,가성비 굿,긍정적,긍정적,알 수 없음,알 수 없음,긍정적,긍정적
2021-08,좋아요,긍정적,알 수 없음,알 수 없음,알 수 없음,긍정적,긍정적
2021-09,좋아요,긍정적,알 수 없음,알 수 없음,알 수 없음,긍정적,긍정적
2021-11,맛있어요,긍정적,긍정적,알 수 없음,알 수 없음,긍정적,긍정적
2021-09,좋네요,긍정적,알 수 없음,알 수 없음,알 수 없음,긍정적,긍정적
2021-07,간단히 먹기 좋아요,긍정적,긍정적,알 수 없음,알 수 없음,긍정적,긍정적
2021-07,깨끗하고 친절해요,긍정적,알 수 없음,긍정적,알 수 없음,긍정적,긍정적
2021-08,좋아요,긍정적,알 수 없음,알 수 없음,알 수 없음,긍정적,긍정적
2021-07,맛있어요 좋아요,긍정적,긍정적,알 수 없음,알 수 없음,긍정적,긍정적
2021-07,친절하시고 맛있어요,긍정적,긍정적,긍정적,알 수 없음,긍정적,긍정적
2021-06,햄버거 맛있어요,긍정적,긍정적,알 수 없음,알 수 없음,긍정적,긍정적
2021-08,!!!!!!,긍정적,알 수 없음,알 수 없음,알 수 없음,긍정적,긍정적
2021-06,좋아요 맛있어요,긍정적,긍정적,알 수 없음,알 수 없음,긍정적,긍정적
2021-07,굿입니다,긍정적,긍정적,알 수 없음,알 수 없음,긍정적,긍정적
2021-08,맛있어요~~,긍정적,긍정적,알 수 없음,알 수 없음,긍정적,긍정적
2021-08,맛잇어요,긍정적,긍정적,알 수 없음,알 수 없음,긍정적,긍정적
2021-11,좋아요,긍정적,알 수 없음,알 수 없음,알 수 없음,긍정적,긍정적
2021-10,궁,긍정적,알 수 없음,알 수 없음,알 수 없음,부정적,긍정적
2021-07,맛있는데!!!,긍정적,긍정적,알 수 없음,알 수 없음,긍정적,긍정적
2021-11,좋아요,긍정적,알 수 없음,알 수 없음,알 수 없음,긍정적,긍정적
2021-06,좋아요,긍정적,알 수 없음,알 수 없음,알 수 없음,긍정적,긍정적
2021-06,좋습니다요,긍정적,알 수 없음,긍정적,알 수 없음,긍정적,긍정적
2021-09,좋아요,긍정적,알 수 없음,알 수 없음,알 수 없음,긍정적,긍정적
2021-07,맛있긴한데 너무자주 문을 닫아요ㅠ,긍정적,긍정적,부정적,알 수 없음,부정적,긍정적
2021-06,.,알 수 없음,알 수 없음,알 수 없음,알 수 없음,알 수 없음,알 수 없음
2021-06,좋아요,긍정적,알 수 없음,알 수 없음,알 수 없음,긍정적,긍정적
2021-07,자주갑니다다음에또올게요,긍정적,알 수 없음,긍정적,알 수 없음,긍정적,긍정적
2024-06,가성비 맛집,긍정적,긍정적,알 수 없음,알 수 없음,긍정적,긍정적
