﻿Date,Review,Final_Sentiment,맛,서비스,양,sentiment,Sentiment2
2024-09,"건물 지하에 있는 주차장 옆에 있는 매점입니다.
근데 매점에서 식사도 하네요.ㅎㅎㅎ
지상에서는 간판이 없어서
여기에 식당이 있는줄 알기 어려울텐데...
우연히 알게돼서 가봤는데요.
어릴적 향수를 불러오는 그런 곳이네용~
친절하시고, 분위기도 좋구요! ㅎㅎㅎ
음식 맛은 평타입니다!
하지만, 분위기가 좋아서 종종 가보려고 합니다~",긍정적,부정적,긍정적,알 수 없음,긍정적,긍정적
2024-10,진심을 다한 요리를 내어주셔서 감사합니다.,긍정적,긍정적,긍정적,알 수 없음,긍정적,긍정적
2024-10,사장님 늘 친절하셔서 밥이 더 맛있게 느껴집니다.,긍정적,긍정적,긍정적,알 수 없음,긍정적,긍정적
2024-11,동태탕 맛이 끝내줍니다!,긍정적,긍정적,알 수 없음,알 수 없음,긍정적,긍정적
2024-08,정성가득한 집밥같은 음식 내어주셔서 감사합니다.,긍정적,긍정적,긍정적,알 수 없음,긍정적,긍정적
2024-08,우리 엄마보다 친절하시고 요리도 잘하심,긍정적,긍정적,긍정적,알 수 없음,긍정적,긍정적
2024-04,반찬이 정말 잘 나옵니다. 반찬에서 정성을 느낄 수 있습니다. 떡만두국 잔치국수 각각 8500원으로 좀 비싼 느낌이었는데 반찬과 집에서 어머니가 만들어주는 수준으로 나오는 만두국 국수에 가격이 납득이 됩니다. 강남/서초의 숨은 맛집 인정,긍정적,긍정적,긍정적,긍정적,긍정적,긍정적
2024-07,한여름에 좀 시원하지 않은것 빼고는 다 괜츈,긍정적,부정적,알 수 없음,알 수 없음,부정적,긍정적
2024-07,여사님들께서 친절하게 응대해주심,긍정적,알 수 없음,긍정적,알 수 없음,긍정적,긍정적
2024-07,반찬이 다양해서 좋아요.,긍정적,알 수 없음,알 수 없음,긍정적,긍정적,긍정적
2024-06,메뉴가 다양해서 좋습니다.,긍정적,알 수 없음,알 수 없음,알 수 없음,긍정적,긍정적
2024-03,혼밥하기 좋은 곳입니다. 조용하고 반찬을 셀프로 가져다먹을 수 있어 편리합니다.,긍정적,알 수 없음,긍정적,긍정적,긍정적,긍정적
2024-03,"주변 식당들보다 저렴하게 점심을 즐길 수 있고, 사장님께서 아주 친절하십니다^^",긍정적,알 수 없음,긍정적,긍정적,긍정적,긍정적
2024-06,식당,알 수 없음,알 수 없음,알 수 없음,알 수 없음,알 수 없음,알 수 없음
2024-01,"회사 점심시간에 자주 애용하는 음식점 입니다.
쫌만 늦게가도 자리가 없어서 항상 빠르게 움직여 갑니다.
쫄면 최애메뉴인데 미리 비벼져 나와서 너무 좋아요.
뼈해장국도 맛있고 해장라면도 좋습니다.",긍정적,긍정적,긍정적,알 수 없음,긍정적,긍정적
2024-02,좋아요,긍정적,알 수 없음,알 수 없음,알 수 없음,긍정적,긍정적
2023-08,국수 맛집이에요 !! 특히 비빔국수 양념 너무 맛있어요,긍정적,긍정적,알 수 없음,긍정적,긍정적,긍정적
2023-07,강남에서 찾기힘든 건물지하 소소한식당 좋았어요^^,긍정적,긍정적,알 수 없음,알 수 없음,긍정적,긍정적
2023-02,"참치김치찌개 너무 맛있어요~!
반찬도 맛있어서 리필 필수!",긍정적,긍정적,긍정적,알 수 없음,긍정적,긍정적
2023-01,"뱅뱅사거리 근처라면 여기는 꼭! 가야할곳
가성비도 가성비지만 요일마다 메인메뉴가 있고 다른메뉴도 많습니다. 맛은 무조건 보장하고요 👍🏻👍🏻 덤으로 항상 친절하게 맞아주셔서 너무 좋습니다",긍정적,긍정적,긍정적,알 수 없음,긍정적,긍정적
2023-02,"오늘도 잘먹었습니당 완뚝!
뼈해장국최고",긍정적,긍정적,알 수 없음,알 수 없음,긍정적,긍정적
2023-01,점심 자주 이용하는데 값이 급작스럽게 올랐네요,긍정적,알 수 없음,부정적,알 수 없음,부정적,긍정적
2022-12,점심때 자주 이용합니다. 메뉴가 다양해서 좋아요,긍정적,알 수 없음,알 수 없음,알 수 없음,긍정적,긍정적
2023-11,ㄱ,알 수 없음,알 수 없음,알 수 없음,알 수 없음,알 수 없음,알 수 없음
2023-02,사무실 근처에서 간단히 점심 먹을때 좋아요.ㅋ,긍정적,알 수 없음,긍정적,부정적,긍정적,긍정적
2022-11,메뉴가 다양해서 좋습니다,긍정적,알 수 없음,알 수 없음,긍정적,긍정적,긍정적
2022-11,강남에서 이가격에 이런점심이면 혜자,긍정적,긍정적,알 수 없음,알 수 없음,긍정적,긍정적
2022-12,부대찌개 맛있어요~~ㅋ,긍정적,긍정적,알 수 없음,알 수 없음,긍정적,긍정적
2022-11,라면이랑 맛있게 먹었어요~~,긍정적,긍정적,알 수 없음,알 수 없음,긍정적,긍정적
2022-12,오랜만에 대학교 매점에서 밥 먹은 느낌이었어요. 정겹네요.,긍정적,긍정적,알 수 없음,알 수 없음,긍정적,긍정적
2022-06,"항상 친절하시고, 음식이 맛있어요👏🏻",긍정적,긍정적,긍정적,알 수 없음,긍정적,긍정적
2022-08,비빔국수 양도 많고 매콤하니 너무 맛있었어요👍🏻,긍정적,긍정적,알 수 없음,긍정적,긍정적,긍정적
2022-07,제육도맛나구 순찌도 맛나구.. 사장님 너무친절하세요ㅠㅠ♡ 분식 가격은 생각보다 좀 비싸지만... 맛나요♥︎,긍정적,긍정적,긍정적,부정적,긍정적,긍정적
2022-11,좋아요,긍정적,알 수 없음,알 수 없음,알 수 없음,긍정적,긍정적
2022-04,"지하주차장으로 들어가면 바로 매점이 있더라구여
반찬 정갈하니 정성이 느껴졌어요
소고기 미역국에 고기는 조금 있었어요 그래도 전체적인 반찬 퀄리티 국 양을 봤을때 고기 조금들어가도 이해했어요 ㅎㅎ
다음에 또 와서 다른메뉴 먹어볼게요 ^^",긍정적,긍정적,긍정적,부정적,긍정적,긍정적
2022-11,굿,긍정적,긍정적,알 수 없음,알 수 없음,긍정적,긍정적
2022-09,맛있음!,긍정적,긍정적,알 수 없음,알 수 없음,긍정적,긍정적
2022-04,"매번 반찬도 새로하시고, 메뉴가 다양해요! ㅣ
친절하시고 맛있어요💓",긍정적,긍정적,긍정적,알 수 없음,긍정적,긍정적
2022-07,맛있어요!,긍정적,긍정적,알 수 없음,알 수 없음,긍정적,긍정적
2022-06,편리해요!,긍정적,알 수 없음,긍정적,알 수 없음,긍정적,긍정적
2022-07,맛나요,긍정적,긍정적,알 수 없음,알 수 없음,긍정적,긍정적
2022-05,^_^,긍정적,알 수 없음,알 수 없음,알 수 없음,긍정적,긍정적
2022-05,굿,긍정적,긍정적,알 수 없음,알 수 없음,긍정적,긍정적
2022-05,친절해요,긍정적,알 수 없음,긍정적,알 수 없음,긍정적,긍정적
2022-05,맛있어요!!,긍정적,긍정적,알 수 없음,알 수 없음,긍정적,긍정적
2022-06,굿,긍정적,긍정적,알 수 없음,알 수 없음,긍정적,긍정적
2021-10,"사장님이 늘 친절하시고, 음식 가격도 저렴합니다. 혼자서 점심 한끼 하기에 좋습니다.",긍정적,알 수 없음,긍정적,알 수 없음,긍정적,긍정적
2021-09,항상 친절하시구 맛있어요!,긍정적,긍정적,긍정적,알 수 없음,긍정적,긍정적
2021-07,콩국수 맛있어요!!,긍정적,긍정적,알 수 없음,알 수 없음,긍정적,긍정적
2021-07,메밀국수 먹었는데 맛있었어요! 사장님도 친절하세요 ㅎㅎ,긍정적,긍정적,긍정적,알 수 없음,긍정적,긍정적
2021-08,집밥같은 느낌💕,긍정적,긍정적,알 수 없음,알 수 없음,긍정적,긍정적
2021-06,굿!,긍정적,긍정적,알 수 없음,알 수 없음,긍정적,긍정적
2021-05,굿!,긍정적,긍정적,알 수 없음,알 수 없음,긍정적,긍정적
2021-05,굿!,긍정적,긍정적,알 수 없음,알 수 없음,긍정적,긍정적
2021-02,숨은 라면 맛집!,긍정적,긍정적,알 수 없음,알 수 없음,긍정적,긍정적
2021-04,좋아요!,긍정적,알 수 없음,긍정적,알 수 없음,긍정적,긍정적
2021-04,굿!,긍정적,긍정적,알 수 없음,알 수 없음,긍정적,긍정적
2020-12,뱅뱅사거리 남강빌딩 지하~ 맛나고 싸요,긍정적,긍정적,알 수 없음,알 수 없음,긍정적,긍정적
2021-02,좋아요,긍정적,알 수 없음,알 수 없음,알 수 없음,긍정적,긍정적
2021-01,좋아요,긍정적,알 수 없음,알 수 없음,알 수 없음,긍정적,긍정적
2020-09,착한가격 맛있어요.,긍정적,긍정적,알 수 없음,알 수 없음,긍정적,긍정적
2020-09,매우 만족스러운 장소입니다.,긍정적,알 수 없음,긍정적,알 수 없음,긍정적,긍정적
2020-08,"뱅뱅사거리 최고의 명소, 김볶을 꼭 드세요",긍정적,긍정적,알 수 없음,알 수 없음,긍정적,긍정적
2020-09,마음에 드는 장소입니다.,긍정적,알 수 없음,긍정적,알 수 없음,긍정적,긍정적
2020-09,매우 만족합니다..,긍정적,긍정적,알 수 없음,알 수 없음,긍정적,긍정적
2020-08,뱅뱅사거리 맛집,긍정적,알 수 없음,알 수 없음,알 수 없음,긍정적,긍정적
2020-08,김치볶음밥 맛있어요,긍정적,긍정적,알 수 없음,알 수 없음,긍정적,긍정적
2020-09,맛있어요 !!,긍정적,긍정적,알 수 없음,알 수 없음,긍정적,긍정적
2020-08,반찬이 집반찬이예요~,긍정적,긍정적,알 수 없음,알 수 없음,긍정적,긍정적
2020-09,괜찮아요.,긍정적,알 수 없음,알 수 없음,알 수 없음,긍정적,긍정적
2020-09,좋아요,긍정적,알 수 없음,알 수 없음,알 수 없음,긍정적,긍정적
2020-09,친절하세요,긍정적,알 수 없음,긍정적,알 수 없음,긍정적,긍정적
2020-03,좋아요,긍정적,알 수 없음,알 수 없음,알 수 없음,긍정적,긍정적
2019-06,좋아요,긍정적,알 수 없음,알 수 없음,알 수 없음,긍정적,긍정적
