﻿Date,Review,Final_Sentiment,맛,서비스,양,sentiment,Sentiment2
2024-08,"뱅뱅사거리에 최애 커피를 파는곳.
직접 로스팅도 하시고 사장님의 정성이 듬뿍들어간 디저트류들이 커피하고도 찰떡 궁합.
차분한 인테리어에 맛있는 커피.
매일 마셔도 질리지 않는 커피.
꼭 드셔보세요.
강추강추",긍정적,긍정적,긍정적,알 수 없음,긍정적,긍정적
2024-05,"지나가다가 분위기도 좋아보이구
사람이 많길래 들어갔어요 !
완전 쾌적.. 깨끗.. 채광 좋고
화장실도 실내….쵝오..

아메리카노 양 많구 맛있구
커피볶으시는 향이 엄청 좋네요
또 방문할게요 !",긍정적,긍정적,긍정적,긍정적,긍정적,긍정적
2024-09,커피 맛있어요!!,긍정적,긍정적,알 수 없음,알 수 없음,긍정적,긍정적
2024-08,"맛있습니다
카페도 이뻐요",긍정적,긍정적,알 수 없음,알 수 없음,긍정적,긍정적
2024-04,"커피가 특히 맛있어요(신맛파),
싱글오리진도 맛있어요,
특별한 메뉴가 있어요,
사장님이 친절해요,
내부 인테리어가 깔끔해요,
사람이 많아서 조금 시끄러워요,",긍정적,긍정적,긍정적,알 수 없음,긍정적,긍정적
2024-08,시럽없는 수박쥬스 맛있음,긍정적,긍정적,알 수 없음,알 수 없음,긍정적,긍정적
2024-02,"커피 맛집이라고 해야할까요? 커피에 티그레를 곁들여 먹으면 아주 좋아요. 커피는 물론 스페셜한 라떼(흑임자크림, 더치크림)도 맛있어요. 오로스트 드립백 몇 개 사보는 것도 좋을 것 같아요.",긍정적,긍정적,알 수 없음,긍정적,긍정적,긍정적
2024-03,"내부가 이쁨,
깔끔함의 표본,
나무색의 디자인이 좋음,
커피맛도 너무 좋음,",긍정적,긍정적,알 수 없음,알 수 없음,긍정적,긍정적
2024-05,조용하고 혼자 이용하기 좋았어요,긍정적,알 수 없음,알 수 없음,알 수 없음,긍정적,긍정적
2024-03,"너무 좋아요.
평일 아침에 가니까 너무 좋더라구요",긍정적,알 수 없음,긍정적,알 수 없음,긍정적,긍정적
2024-06,귿,긍정적,알 수 없음,알 수 없음,알 수 없음,부정적,긍정적
2023-12,"친절함
커피맛은 괜찮은 편!!",긍정적,긍정적,긍정적,알 수 없음,긍정적,긍정적
2024-02,"카페라떼, 아메리카노 맛있습니다.",긍정적,긍정적,알 수 없음,알 수 없음,긍정적,긍정적
2023-07,약속시간이 조금 남아 잠깐 들른 카페인에 분위기도 좋고 사장님도 웃으시며 반겨주시는 모습이 친절하고 좋네요! 라떼도 고소하면서 산미도 느껴지는 딱! 제가 좋아하는 타입이라 맘에 드네요 ㅎㅎ 쿠폰들 많은것만 봐도 인기만점임을 알 수 있네요~ 우연히 들렀는데 좋아서 자주 찾아와야겠어요 ㅎㅎ,긍정적,긍정적,긍정적,알 수 없음,긍정적,긍정적
2024-02,굳,긍정적,알 수 없음,알 수 없음,알 수 없음,긍정적,긍정적
2023-12,라떼 맛집,긍정적,알 수 없음,알 수 없음,알 수 없음,긍정적,긍정적
2023-10,커피가 맛있고 사장님도 친절하세요,긍정적,긍정적,긍정적,알 수 없음,긍정적,긍정적
2023-10,커피 맛잇고 분위기도 좋습니다!,긍정적,긍정적,알 수 없음,알 수 없음,긍정적,긍정적
2023-09,"카푸치노를 시켰는데 진하고 맛있어요
오전에 아메리카노 테이크아웃은 할인도 있네요
자주 방문할 예정입니다",긍정적,긍정적,긍정적,알 수 없음,긍정적,긍정적
2023-08,팀 점심 회식 후에 갔습니다. 큰 테이블이 있어서 모두 같이 앉아서 즐겁게 담소 나누고 왔네요. 커피도 괜찮았습니다.,긍정적,알 수 없음,긍정적,알 수 없음,긍정적,긍정적
2023-09,★커피 맛있는 곳~^^,긍정적,긍정적,알 수 없음,알 수 없음,긍정적,긍정적
2023-08,내부 관리를 엄청 꼼꼼하게 잘 하시는 듯해요 믿고 먹을 수 있는 카페💙,긍정적,긍정적,긍정적,알 수 없음,긍정적,긍정적
2023-06,디카페인 아메리카노 클래식(산미X)라는데 약간 산미 느껴져요😅 그래도 디카페인이 있는 게 좋네요✨️,긍정적,긍정적,알 수 없음,알 수 없음,긍정적,긍정적
2023-05,항상 오실때 마다 친절하시고 커피도 너무맛있어요,긍정적,긍정적,긍정적,알 수 없음,긍정적,긍정적
2023-06,"라떼 고소~
이 근처에선 여기가 젤 괜츈!",긍정적,긍정적,알 수 없음,알 수 없음,긍정적,긍정적
2023-10,굳,긍정적,알 수 없음,알 수 없음,알 수 없음,긍정적,긍정적
2023-06,"에어팟 끼고 있었는데 커피를 가져다 주셨어요!!
소리 줄이고 있었는데😍
너무 친절하시고 커피도 맛있어요~!",긍정적,긍정적,긍정적,알 수 없음,긍정적,긍정적
2023-04,군더더기 없이 깔끔한 맛.가격.장소.서비스~,긍정적,긍정적,긍정적,알 수 없음,긍정적,긍정적
2023-06,흑임자라떼 꼬소하고 맛있어요,긍정적,긍정적,알 수 없음,알 수 없음,긍정적,긍정적
2023-05,언제나 친절하세요 저 여기 단골인데 너무좋아요,긍정적,알 수 없음,긍정적,알 수 없음,긍정적,긍정적
2023-03,"시간 애매해서 그냥 지나치길 3번하고 4번만에 들렀는데...가성비 짱이네요^^
""재즈"" 블렌딩 알 수 없었지만 산미 잘 살려 내려진듯 해요
또 와야짓",긍정적,긍정적,알 수 없음,알 수 없음,긍정적,긍정적
2023-06,언제나 항상 친절하심,긍정적,알 수 없음,긍정적,알 수 없음,긍정적,긍정적
2023-05,"저녁 시간 술 마시고 들어온 단체만 아니면
위치나 분위기나 너무너무 좋아여 :)",긍정적,알 수 없음,긍정적,알 수 없음,긍정적,긍정적
2023-09,굳,긍정적,알 수 없음,알 수 없음,알 수 없음,긍정적,긍정적
2023-09,굳,긍정적,알 수 없음,알 수 없음,알 수 없음,긍정적,긍정적
2023-06,"맞은편 대여룸에 왔다가 커피 테이크아웃을 위해 들렀어요. 조용한 카페 분위기도 좋고, 커피 맛도 근사해서 좋았어요. 다음에도 인근에 오게 되면 또 이용할래요.",긍정적,긍정적,긍정적,알 수 없음,긍정적,긍정적
2023-03,자주이용하는데 커피 맛이 조금씩은 달라지지만 그래도 맛있어요 요즘 커피가 비싸서 그런지 가격도 괜찮아요 자주 이용 할게요~ 아 오늘 사먹은건 아니지만 여기 스콘 너무 맛있어요.. 5시 넘으면 항상 품절..아쉬워요,긍정적,긍정적,긍정적,알 수 없음,긍정적,긍정적
2023-04,언제나 친절하시고 커피 너무맛있어요,긍정적,긍정적,긍정적,알 수 없음,긍정적,긍정적
2023-04,커피 언제나 맛있고 친정하셔요,긍정적,긍정적,긍정적,알 수 없음,긍정적,긍정적
2023-08,굿.,긍정적,긍정적,알 수 없음,알 수 없음,긍정적,긍정적
2023-03,언제나 항상 친절하시고 커피가 맛있어요,긍정적,긍정적,긍정적,알 수 없음,긍정적,긍정적
2023-03,언제나 항상 친절하시고 커피도 맛있어요,긍정적,긍정적,긍정적,알 수 없음,긍정적,긍정적
2023-03,커피가 너무너무너무 맛있어요,긍정적,긍정적,알 수 없음,알 수 없음,긍정적,긍정적
2023-02,언제나 친절하시고 커피도 항상 맛있어요,긍정적,긍정적,긍정적,알 수 없음,긍정적,긍정적
2023-02,항상 친절하시고 커피 너무맛있어요,긍정적,긍정적,긍정적,알 수 없음,긍정적,긍정적
2023-02,너무친절하시고 커피도 너무 맛있어요,긍정적,긍정적,긍정적,알 수 없음,긍정적,긍정적
2023-02,너뭄 친절하시고 커피더 너무 맛있너요,긍정적,긍정적,긍정적,알 수 없음,긍정적,긍정적
2023-02,굿좋아요 너무너무 좋아요,긍정적,긍정적,알 수 없음,알 수 없음,긍정적,긍정적
2023-04,커피 맛있어요☕️,긍정적,긍정적,알 수 없음,알 수 없음,긍정적,긍정적
2023-03,"항상 애용하는 카페에요
바닐라 라때 !!👍👍👍",긍정적,긍정적,알 수 없음,알 수 없음,긍정적,긍정적
2023-03,언제나 친절해서 좋아요,긍정적,알 수 없음,긍정적,알 수 없음,긍정적,긍정적
2023-02,너무너무너무 좋아요,긍정적,긍정적,알 수 없음,알 수 없음,긍정적,긍정적
2023-03,커피는 맛있다고 그러는데 토마토쥬스 떫었어요,긍정적,긍정적,부정적,알 수 없음,긍정적,긍정적
2023-05,맛있어요,긍정적,긍정적,알 수 없음,알 수 없음,긍정적,긍정적
2022-12,"아이스 아메리카노가 4,000원이라서 그런지 더 맛있는 것 같고 카페가 자리가 널널해서 좋아요",긍정적,긍정적,긍정적,알 수 없음,긍정적,긍정적
2022-09,"디카페인 옵션이 있고, 매장이 넓고 깨끗해서 좋아요. 바닐라 라떼를 핫과 아이스 두개 시켜서 먹어봤는데 맛있었어요. 근거리에 까페가 두어개가 더 있는데 여기로 재방문할거에요. 😍",긍정적,긍정적,긍정적,알 수 없음,긍정적,긍정적
2023-05,좋아요,긍정적,알 수 없음,알 수 없음,알 수 없음,긍정적,긍정적
2022-10,"커피 맛나네요^^
신맛 탄맛없이 구수한 맛!!
테이블간 거리가 좁은편?인데도
불편함을 못느끼겠네요
직장인들 식사후 커피마시기 딱 좋은곳입니당
점심 시간은 꼭!! 피해서 가시길^^",긍정적,긍정적,긍정적,알 수 없음,긍정적,긍정적
2023-02,끝맛이 고~~소한 커피 좋아하시는 분들은 불호하지 않을 카페,긍정적,긍정적,알 수 없음,알 수 없음,긍정적,긍정적
2023-06,라떼맛집❤️❤️,긍정적,긍정적,알 수 없음,알 수 없음,긍정적,긍정적
2023-07,지도 평점보고 갔는데 그냥 그래요.,부정적,알 수 없음,부정적,알 수 없음,부정적,부정적
2022-10,"쌉쌀한 게 내 입맛에 맞는 편이긴 한데
좀 묽은 느낌이다
강남이지만 주변에 저렴한 커피도 역시 많아 조금 비싸게 느껴지는(아메리카노 4,000원)",긍정적,긍정적,부정적,부정적,부정적,긍정적
2023-06,굿굿,긍정적,긍정적,알 수 없음,알 수 없음,긍정적,긍정적
2022-12,맛있어요 디카페인 있어요,긍정적,긍정적,알 수 없음,알 수 없음,긍정적,긍정적
2022-12,"주변에 여럿 커피집이 있지만
여기 원두가 맛있어서 자주 애용합니다!",긍정적,긍정적,알 수 없음,알 수 없음,긍정적,긍정적
2022-12,에이드맛집,긍정적,알 수 없음,알 수 없음,알 수 없음,긍정적,긍정적
2022-11,흑임자최고,긍정적,긍정적,알 수 없음,알 수 없음,긍정적,긍정적
2022-11,좋아요,긍정적,알 수 없음,알 수 없음,알 수 없음,긍정적,긍정적
2022-11,커피굿,긍정적,긍정적,알 수 없음,알 수 없음,긍정적,긍정적
2022-09,아침 10시까지 테이크아웃 아메리카노가 2500원이예요,긍정적,긍정적,알 수 없음,긍정적,긍정적,긍정적
2022-05,차분한 분위기가 좋습니다. 날씨가 좋은 날에는 창을 열어서 노천카페로 변신해요!,긍정적,알 수 없음,긍정적,알 수 없음,긍정적,긍정적
2022-10,흑임자라떼가 맛있어요,긍정적,긍정적,알 수 없음,알 수 없음,긍정적,긍정적
2022-08,더치크림라떼 마싯어여,긍정적,긍정적,알 수 없음,알 수 없음,긍정적,긍정적
2022-09,커피와 음료 괜찮습니다,긍정적,긍정적,알 수 없음,알 수 없음,긍정적,긍정적
2022-10,친절하시고 커피도 맛있고 분위기도 좋아요^^,긍정적,긍정적,긍정적,알 수 없음,긍정적,긍정적
2022-11,굿,긍정적,긍정적,알 수 없음,알 수 없음,긍정적,긍정적
2022-09,굿,긍정적,긍정적,알 수 없음,알 수 없음,긍정적,긍정적
2022-09,ㅐ,알 수 없음,알 수 없음,알 수 없음,알 수 없음,알 수 없음,알 수 없음
2022-11,ㅡ,부정적,알 수 없음,알 수 없음,알 수 없음,부정적,부정적
2022-07,커피가 맛있어요,긍정적,긍정적,알 수 없음,알 수 없음,긍정적,긍정적
2022-07,ㅏ,부정적,알 수 없음,알 수 없음,알 수 없음,부정적,부정적
2022-08,라떼맛있음❤️❤️❤️,긍정적,긍정적,알 수 없음,알 수 없음,긍정적,긍정적
2022-07,긋,긍정적,알 수 없음,알 수 없음,알 수 없음,부정적,긍정적
2022-07,ㅏ,부정적,알 수 없음,알 수 없음,알 수 없음,부정적,부정적
2022-07,Dd,긍정적,알 수 없음,알 수 없음,알 수 없음,부정적,긍정적
2022-07,굿,긍정적,긍정적,알 수 없음,알 수 없음,긍정적,긍정적
2022-07,굿,긍정적,긍정적,알 수 없음,알 수 없음,긍정적,긍정적
2022-06,굿,긍정적,긍정적,알 수 없음,알 수 없음,긍정적,긍정적
2022-07,굿👍,긍정적,긍정적,알 수 없음,알 수 없음,긍정적,긍정적
2022-05,메뉴들 대부분 맛있어요,긍정적,긍정적,알 수 없음,알 수 없음,긍정적,긍정적
2022-05,친절하고 맛있어요^^,긍정적,긍정적,긍정적,알 수 없음,긍정적,긍정적
2022-09,커피맛있는 곳😘,긍정적,긍정적,알 수 없음,알 수 없음,긍정적,긍정적
2022-06,굿굿,긍정적,긍정적,알 수 없음,알 수 없음,긍정적,긍정적
2022-10,맛있어용,긍정적,긍정적,알 수 없음,알 수 없음,긍정적,긍정적
2022-05,굿👍,긍정적,긍정적,알 수 없음,알 수 없음,긍정적,긍정적
2022-05,굿,긍정적,긍정적,알 수 없음,알 수 없음,긍정적,긍정적
2022-06,라떼 넘 맛있어요!!!❤️❤️❤️,긍정적,긍정적,알 수 없음,알 수 없음,긍정적,긍정적
2022-04,내 단골집❤️ 커피맛있음👍,긍정적,긍정적,알 수 없음,알 수 없음,긍정적,긍정적
2022-10,맛있어요,긍정적,긍정적,알 수 없음,알 수 없음,긍정적,긍정적
2022-06,맛있어요,긍정적,긍정적,알 수 없음,알 수 없음,긍정적,긍정적
2022-03,맛있어요!,긍정적,긍정적,알 수 없음,알 수 없음,긍정적,긍정적
2022-03,좋아요!!,긍정적,알 수 없음,긍정적,알 수 없음,긍정적,긍정적
2022-02,굿,긍정적,긍정적,알 수 없음,알 수 없음,긍정적,긍정적
2022-01,ㅏ,부정적,알 수 없음,알 수 없음,알 수 없음,부정적,부정적
2022-01,굿,긍정적,긍정적,알 수 없음,알 수 없음,긍정적,긍정적
2021-11,원두볶는 향이 너무 좋아요,긍정적,긍정적,알 수 없음,알 수 없음,긍정적,긍정적
2021-12,라떼 맛집,긍정적,알 수 없음,알 수 없음,알 수 없음,긍정적,긍정적
2022-03,디카페인 라떼도 맛남❤,긍정적,긍정적,알 수 없음,알 수 없음,긍정적,긍정적
2022-01,회사근처라 굿굿,긍정적,알 수 없음,긍정적,알 수 없음,긍정적,긍정적
2021-06,앙버터스콘 맛있어요. 커피도 맛있어요.,긍정적,긍정적,알 수 없음,알 수 없음,긍정적,긍정적
2021-09,커피 맛있어요!,긍정적,긍정적,알 수 없음,알 수 없음,긍정적,긍정적
2021-12,커피 맛나요,긍정적,긍정적,알 수 없음,알 수 없음,긍정적,긍정적
2022-05,굿,긍정적,긍정적,알 수 없음,알 수 없음,긍정적,긍정적
2021-11,커피가 맛있엉ㅅ,긍정적,긍정적,알 수 없음,알 수 없음,긍정적,긍정적
2021-07,"역삼 양재에서 가장 맛있는 커피집.
참고로 오로스트 왼쪽길에 있는 더치커피주는 집은 가지마세요. 애새끼가 커피 시켰더니
더치로 뽑아놓은거 그냥 따라주더라구요.
커피향 다 날아가게 ..싸게 받든지.",긍정적,긍정적,부정적,알 수 없음,긍정적,긍정적
2022-01,맛있어요,긍정적,긍정적,알 수 없음,알 수 없음,긍정적,긍정적
2022-02,좋아요,긍정적,알 수 없음,알 수 없음,알 수 없음,긍정적,긍정적
2022-03,좋아요,긍정적,알 수 없음,알 수 없음,알 수 없음,긍정적,긍정적
2021-10,굿,긍정적,긍정적,알 수 없음,알 수 없음,긍정적,긍정적
2021-10,좋아요,긍정적,알 수 없음,알 수 없음,알 수 없음,긍정적,긍정적
2021-08,좋아요,긍정적,알 수 없음,알 수 없음,알 수 없음,긍정적,긍정적
2021-02,"딸기차 후레쉬하고 너무 맛있어요
빵이랑 딸기차를 사장님이 만드는거라고하니 신선한것같네요",긍정적,긍정적,긍정적,알 수 없음,긍정적,긍정적
2022-02,굿,긍정적,긍정적,알 수 없음,알 수 없음,긍정적,긍정적
2021-07,굿,긍정적,긍정적,알 수 없음,알 수 없음,긍정적,긍정적
2021-02,이렇게 맛있는 커피와 스콘 처음이예요. 이거 먹다 다른거 못먹을듯. 맨날 오고 싶어요. 번창하세요.,긍정적,긍정적,긍정적,알 수 없음,긍정적,긍정적
2021-05,커피향과 맛이 괜찮습니다,긍정적,긍정적,알 수 없음,알 수 없음,긍정적,긍정적
2021-04,점심먹고 직원들이랑 베리요거트주문했더니 점심은 바빠서 안된다고 다른거 주문하라는데 황당 이런 마인드로 무슨 장사를 하려는지 별두개도 아까워요 간만에 가서 시키고 영수증인증하며 글 남깁니다 사장님 정신차리세요 직장인들이 점심아님 언제 나와서 사먹겠습니까?,부정적,알 수 없음,부정적,알 수 없음,부정적,부정적
2021-04,"항상 구매하는원두!!
흑임자크림라떼 완전 맛있음~~",긍정적,긍정적,알 수 없음,알 수 없음,긍정적,긍정적
2021-03,원목 중심의 들뜨지 않은 인테리어가 커피맛을 닮았네요,긍정적,긍정적,알 수 없음,알 수 없음,긍정적,긍정적
2021-06,조아요,긍정적,알 수 없음,알 수 없음,알 수 없음,긍정적,긍정적
2021-12,굿,긍정적,긍정적,알 수 없음,알 수 없음,긍정적,긍정적
2021-07,맛있어요,긍정적,긍정적,알 수 없음,알 수 없음,긍정적,긍정적
2021-03,😀😀😀😀😀😀,긍정적,알 수 없음,알 수 없음,알 수 없음,긍정적,긍정적
2021-04,😀😀😀😀,긍정적,긍정적,알 수 없음,알 수 없음,긍정적,긍정적
2021-02,커피 맛있고 친절해요~,긍정적,긍정적,긍정적,알 수 없음,긍정적,긍정적
2020-11,"커피 맛있었어요.
재구매의사 있어요.",긍정적,긍정적,알 수 없음,알 수 없음,긍정적,긍정적
2021-03,좋아요~,긍정적,알 수 없음,긍정적,알 수 없음,긍정적,긍정적
2021-01,매번 사다 먹는 원두예요. 다른 원두는 사서 먹을 수 없을 정도로 맛있어요.로스팅이 잘 된 원두 같아요.,긍정적,긍정적,알 수 없음,알 수 없음,긍정적,긍정적
2020-12,"커피 너무. 맛있어요
아인슈펜어 짱!!",긍정적,긍정적,알 수 없음,알 수 없음,긍정적,긍정적
2021-01,맛나요. 분위기도 좋아요.,긍정적,긍정적,알 수 없음,알 수 없음,긍정적,긍정적
2021-04,굿,긍정적,긍정적,알 수 없음,알 수 없음,긍정적,긍정적
2020-12,"3번째 방문 구매예요
커피 넘. 맛있고 원두도 사서먹는데
다른데 원두 못사먹을정도로 맛있어요
스콘~~~ 베리굿",긍정적,긍정적,알 수 없음,알 수 없음,긍정적,긍정적
2020-11,분위기도 좋고 커피맛도 좋네요!,긍정적,긍정적,알 수 없음,알 수 없음,긍정적,긍정적
2020-10,식으면 식을수록 맛있어요 ㅠㅠ 이런 원두 처음이에요,긍정적,긍정적,알 수 없음,알 수 없음,긍정적,긍정적
2020-11,커피 맛있어요,긍정적,긍정적,알 수 없음,알 수 없음,긍정적,긍정적
2020-10,코코넛라떼 존맛이에여👍,긍정적,긍정적,알 수 없음,알 수 없음,긍정적,긍정적
2020-11,"커피 맛 진짜 좋아요~~
커피랑 스콘 같이 먹었는데 정말 맛있네요~~^^",긍정적,긍정적,알 수 없음,알 수 없음,긍정적,긍정적
2020-12,기냥저녕 괜첞,긍정적,알 수 없음,긍정적,알 수 없음,부정적,긍정적
2020-11,커피 맛있어요,긍정적,긍정적,알 수 없음,알 수 없음,긍정적,긍정적
2021-03,굿,긍정적,긍정적,알 수 없음,알 수 없음,긍정적,긍정적
2021-05,깔끔하니 맘에 듭니다,긍정적,알 수 없음,긍정적,알 수 없음,긍정적,긍정적
2020-09,커피 맛있어요👍👍,긍정적,긍정적,알 수 없음,알 수 없음,긍정적,긍정적
2020-10,좋아요좋아요좋아요,긍정적,알 수 없음,알 수 없음,알 수 없음,긍정적,긍정적
2020-09,굿,긍정적,긍정적,알 수 없음,알 수 없음,긍정적,긍정적
