﻿Date,Review,Final_Sentiment,맛,서비스,양,sentiment,Sentiment2
2024-10,신선한 재료가 일품입니다. 사장님도 친절하세요. 좁은 공간이지만 맛있는 점심 먹고 저녁 김밥 포장했어요. 이번 겨울 자주 오게 될 것 같습니다!,긍정적,긍정적,긍정적,긍정적,긍정적,긍정적
2024-10,"샐러드 양 많구, 신선하고 , 맛 역시 좋구여.
샐러드 구성이 알차서 좋아요👍",긍정적,긍정적,알 수 없음,긍정적,긍정적,긍정적
2024-10,맛있고 가성비 가격도 좋고 건강에도 좋고 다이어트 식단으로도 든든해요👍,긍정적,긍정적,알 수 없음,긍정적,긍정적,긍정적
2024-09,"다이어트 할때나 안할때나 든든하게 가성비 대비 한끼로 너무 만족합니다👍👍
항상 맛있어요",긍정적,긍정적,알 수 없음,긍정적,긍정적,긍정적
2024-07,"키토김밥 맛있어서 메뉴 하나씩 뿌시는 중
요즘 더 인기많아서 점심시간에 타이밍 안좋으면 2-30분 기다려야 할 수도 있음
안에가 좁아서 기다리기도 조금 불편하지만 맛있으니까!",긍정적,긍정적,부정적,알 수 없음,긍정적,긍정적
2024-07,"맛있어요!! 내부는 좁아서 안에서 1,2명은 먹을 수 있긴하지만 포장이 나아요 키토김밥+샌드위치 반반 메뉴도 되고 변동 가능해서 더 좋습니다!! 점심 때 가면 바빠서 좀 기다려야돼여",긍정적,긍정적,부정적,알 수 없음,긍정적,긍정적
2024-09,"가성비 양많고, 한끼로 든든합니다👍
맛도 좋아요!!",긍정적,긍정적,알 수 없음,긍정적,긍정적,긍정적
2024-07,최고예요 맛있고 양도 많아요👍👍,긍정적,긍정적,알 수 없음,긍정적,긍정적,긍정적
2024-07,매주 1-2번은 꼭 먹는 곳. 맛있어요👍👍,긍정적,긍정적,알 수 없음,알 수 없음,긍정적,긍정적
2024-07,너무 맛있어요~ 가성비 양도 많고 건강에 좋은 한끼 추천👍,긍정적,긍정적,알 수 없음,긍정적,긍정적,긍정적
2024-08,너무 맛있어요👍 최고,긍정적,긍정적,알 수 없음,알 수 없음,긍정적,긍정적
2024-04,자주 애용하는데 구성도 알차고 양도 많고 좋아요👍,긍정적,알 수 없음,긍정적,긍정적,긍정적,긍정적
2024-04,"저번 주 금요일에 우연히 리코타치즈 샐러드랑 당근라페 샌드위치 포장식사 하고선 자꾸 머리에 아른거려서 이번주 첫 점심으로 바로 주문했어요🥹 채소 양이 많아서 상큼새콤한 당근라페와 조화가 아주 좋고, 크림치즈는 산미 없이 고소한 편인데 호두가 같이 씹혀서 식감까지 완벽합니다 ㅠㅠ저번 주에 먹은 리코타치즈샐러드도 맛있었러요😘😘 전체적으로 재료가 신선하고 가성비가 좋습니다. 사장님은 저번 방문 때도, 이번 방문 때도 모두 친절하셨어요 ㅎㅎ! 좌석이 있긴 한데 많이 협소해서 홀은 거의 없다고 보시면 될 것 같습니다. 전화주문하신 후 포장하는 것 추천드려용 ㅎㅎ
번창하시고 오래오래 장사 해주시면 감사하겠습니다💗",긍정적,긍정적,긍정적,긍정적,긍정적,긍정적
2024-05,"진짜 너무 맛있어요!!
야채 양 많고 재료 신선하고 사장님도 친절하십니다!
다음에 또 오겠습니다!!!",긍정적,긍정적,긍정적,긍정적,긍정적,긍정적
2024-02,"오늘은 퇴근하고 운동을 갈 예정이라 샐러드를 먹으러 방문을 했는데 샐러드가 리뉴얼이 되었더라구요!! 리뉴얼되고 더 맛있는 것 같아요!!
이번에도 맛있게 잘먹었습니당!😋💖",긍정적,긍정적,알 수 없음,알 수 없음,긍정적,긍정적
2024-03,다이어트하려고 샐러드로 변경했는데.. 왜케맛있죠..?,긍정적,긍정적,알 수 없음,알 수 없음,긍정적,긍정적
2024-06,친절하고 알차요,긍정적,알 수 없음,긍정적,알 수 없음,긍정적,긍정적
2023-12,"오늘은 밥이 땡겨서 키토소불고기김밥으로 먹었어요!!!♡ 이 메뉴는 첨 시켜보는데 짱짱 맛있네요♡ 떡볶이도 완전 맛있는데 저당이라 부담없어서 더 좋아여!!!♡
이번에도 맛있게 먹었습니다!! 감사합니당♡",긍정적,긍정적,긍정적,알 수 없음,긍정적,긍정적
2023-12,"자주오고 싶은데 회사분들하고 같이 먹으면서 못오구 일주일만에 밖에 볼일이있어서 포장하러 왔어용ㅜㅜ
항상 친절하게 맞이해주셔서 감사합니다♡
오늘 역시 짱맛탱이었습니다!!♡ 이모님 최고!!><♡",긍정적,긍정적,긍정적,알 수 없음,긍정적,긍정적
2023-10,사장님 안녕하세요! 저 친구랑 한강으로 피크닉 간다고 포장 주문했던 사람이에요~~ 양도 많고 맛있어서 그날 점심 저녁 덕분에 맛있게 먹었습니다 친절하고 따뜻하게 응대해주셔서 너무너무 감사했어요 한식 전문가이자 대기업 구내식당 총괄 담당자이셨던 커리어가 바로 납득되는 아주아주 매력적인 인기만점 메뉴들이였습니다! 건강하고 맛있는 정성 가득 담긴 신선한 잇풀!! 앞으로 더 승승장구하시길 바라겠습니다:) 사장님 항상 건강하시고 매일 행복하세요~~ 추천해주신 잔슨빌도 방금 쿠팡이츠로 주문했는데 기대되네요>3<,긍정적,긍정적,긍정적,긍정적,긍정적,긍정적
2024-01,"샌드위치 생각나서 오랜만에 왔습니다 ㅎㅎ
샌드위치는 여기가 젤맛있음.... 당근라페 자주 먹었었는데 오늘은
햄에그 땡겼어용
햄에그샌드위치 넘 맛나여 사장님 번창하세요~~~",긍정적,긍정적,긍정적,알 수 없음,긍정적,긍정적
2024-03,올만에 먹으니 더 꿀맛💜,긍정적,긍정적,알 수 없음,알 수 없음,긍정적,긍정적
2024-02,명절 전날도 들려조야한다구요~💜,긍정적,알 수 없음,긍정적,알 수 없음,긍정적,긍정적
2024-02,"너무맛있어여여여여여🫶🏻
메뉴 맨날 바꿔먹기 구우우웃!",긍정적,긍정적,알 수 없음,알 수 없음,긍정적,긍정적
2023-12,"오늘도 키토소불고기 김밥을 먹었습니다!!
항상 맛있고 친절하게 해주셔서 감사합니다!!♡
오늘도 맛있게 잘먹었습니다!!♡",긍정적,긍정적,긍정적,알 수 없음,긍정적,긍정적
2024-01,"오늘도 김밥먹으러 출근^~^ ㅋㅋ̄̈ㅋ꙼̈ㅋ̆̎ㅋ̐̈ㅋ̊̈
참치김밥 올만에 먹어요!",긍정적,긍정적,알 수 없음,알 수 없음,긍정적,긍정적
2024-01,"키토참치마요는 처음 시켜먹는데 요것두 맛있네용!!
오늘도 맛있게 잘 먹었습니당!!",긍정적,긍정적,알 수 없음,알 수 없음,긍정적,긍정적
2023-11,"키토참치마요김밥은 처음시켜서 먹어봤는데 짱맛탱입니당!!♡
오늘도 맛있게 잘먹었습니당♡",긍정적,긍정적,알 수 없음,알 수 없음,긍정적,긍정적
2024-01,너무 맛있어요ㅜㅜ 이거먹기위해 출근해요..,긍정적,긍정적,알 수 없음,알 수 없음,긍정적,긍정적
2024-01,먹으러 출근해써요^~^ ㅋ̄̈ㅋ꙼̈ㅋ̆̎ㅋ̐̈ㅋ̊̈ 오늘은 고기!!!,긍정적,긍정적,알 수 없음,알 수 없음,긍정적,긍정적
2024-02,오늘도 너무 맛있어요 행복해요💜,긍정적,긍정적,알 수 없음,알 수 없음,긍정적,긍정적
2023-11,"리코타치즈샐러드가 최애인데 11시20분에 가니까 품절이었어요ㅠㅇㅠ
사람들이 리코타치즈샐러드 맛있는거 다 알아버렸네요 흑흑ㅜㅜㅜ 그래서 데일리샐러드로 뇸뇸 했습니당!! 오늘도 맛있게 잘 먹었습니다♡",긍정적,긍정적,부정적,알 수 없음,긍정적,긍정적
2023-12,"오늘은 식단을 위해 닭가슴살 샐러드로 먹어용!!♡
오늘도 맛있게 먹겠습니다!♡♡♡",긍정적,긍정적,알 수 없음,알 수 없음,긍정적,긍정적
2024-01,오늘도 맛있게 먹겠습니다!!♡,긍정적,긍정적,알 수 없음,알 수 없음,긍정적,긍정적
2024-01,순삭이에오… 오늘도 역시나..💜,긍정적,긍정적,알 수 없음,알 수 없음,긍정적,긍정적
2024-01,오늘도 왕 맛있게 먹었습니당!!♡ 감사합니다♡♡,긍정적,긍정적,긍정적,알 수 없음,긍정적,긍정적
2023-11,가볍게 점심먹기 너무 좋아요💜,긍정적,긍정적,알 수 없음,알 수 없음,긍정적,긍정적
2023-12,샐러드 혜자 그 잡채… 김밥먹으러 갔다가 노선변경했는데 이것만 먹어도 배불러요~~ 오늘도 잘먹었습니댜,긍정적,긍정적,알 수 없음,긍정적,긍정적,긍정적
2023-12,"오늘은 혼밥이 가능해서 샐러드 먹으러 왔어용!!♡
이번에두 맛있게 잘 먹었습니다!!♡",긍정적,긍정적,알 수 없음,알 수 없음,긍정적,긍정적
2023-11,"오늘은 점심시간에 밖에 볼일이 있어서 샌드위치로 바로 포장을 했어요!!
맛있게 먹겠습니다♡!
늘 맛있게 해주셔서 감사해용♡♡",긍정적,긍정적,긍정적,알 수 없음,긍정적,긍정적
2023-12,오늘도 맛있게 먹었습니당♡,긍정적,긍정적,알 수 없음,알 수 없음,긍정적,긍정적
2023-11,"리코타치즈샐러드 많이 해두셨다고 하시는 사장님 센스쟁이!!♡
오늘도 품절일까바 맘졸였는데 먹을 수 있어서 기뻐용!! 맛있게 먹겠습니다!!♡",긍정적,긍정적,긍정적,알 수 없음,긍정적,긍정적
2024-01,김밥은 커피랑 마셔야 제맛입니다💜,긍정적,알 수 없음,알 수 없음,알 수 없음,긍정적,긍정적
2023-11,"오늘은 저의 주 메뉴 리코타치즈샐러드를 먹었습니당!!♡
오늘도 맛있었어요!!!♡
항상 감사합니다!!",긍정적,긍정적,긍정적,알 수 없음,긍정적,긍정적
2023-11,"오늘도 맛있게 먹겠습니다!!
항상 친절하게 맞이해주셔서 감사해용!♡
사장님 최고!!!!😆👍",긍정적,긍정적,긍정적,알 수 없음,긍정적,긍정적
2023-11,"이번에두 맛있고 배부르게 잘먹었습니다!!♡
항상 감사드려용💖",긍정적,긍정적,긍정적,긍정적,긍정적,긍정적
2023-11,"갈때마다 잘해주시는 사장님 최고♡!
늘 감사합니다!! 이번에도 맛있게 먹었어용!!♡",긍정적,긍정적,긍정적,알 수 없음,긍정적,긍정적
2023-09,"샌디치랑 김밥이랑 넘 맛있게 먹었어요!
김밥은 시그니처 처음 먹어보는거같은데 핵맛탱입니당!!!!",긍정적,긍정적,알 수 없음,알 수 없음,긍정적,긍정적
2023-10,"고민하구 고민하다가 이번엔 요렇게 샌드위치 하프랑 키토닭가슴살김밥으로 정했습니당!!😋
너모 마싰어요!!!!!♡",긍정적,긍정적,알 수 없음,알 수 없음,긍정적,긍정적
2023-11,참치마요 처음 이에용! 배고파서 흡입합니다 냠🐶💜,긍정적,긍정적,알 수 없음,알 수 없음,긍정적,긍정적
2023-10,"오늘은 진짜 진짜 식단을 해야하는 느낌이라
리코타치즈샐러드로 주문했어용
요즘 샐러드 주문하면 항상 요거로 먹는 것 같아용 너무 맛있습니당♡",긍정적,긍정적,알 수 없음,알 수 없음,긍정적,긍정적
2023-08,김밥이랑 샐러드 같이 시켜서 먹었는데 건강하게 한끼 해결한것같아서 좋아요!! 김밥 양이 많아서 배부르네요 ㅎㅎ 크랩마요 처음 먹어봤는데 짱맛있었어요 담엔 또 다른거 먹어볼게여,긍정적,긍정적,알 수 없음,긍정적,긍정적,긍정적
2023-10,"전에 와서 김밥이 너무맛있어서
살빼려고 닭가슴살 샐러드 먹어봐요.
여긴. 절대없어지면 안됩니다
차안에서 찍어 이상하지만 맛은 명품입니다
내일 또들리겠습니다
내일은 당근스프 도전~",긍정적,긍정적,긍정적,알 수 없음,긍정적,긍정적
2023-10,"오늘도 맛있게 잘먹었습니다!♡
항상 신선하고 맛있는 음식 감사해용♡",긍정적,긍정적,긍정적,알 수 없음,긍정적,긍정적
2023-08,"삼일프라자 점심시간에 많이 가는데 김밥집이 새로 오픈했더라구요 그래서 키토김밥 먹어봤습니다
우선 제가 다이어트 중인데 키토김밥이 있어서 이걸루 바로 골랐는데 넘 맛있어서 다이어트 김밥 아닌줄 알았네요ㅎㅎ 계란이 풍부하게 들어가있어서 포만감이 많았나봐요
매장도 깨끗하고 평소에 샐러드나 샌드위치도 많이 먹어서 자주 올 것 같습니다
빨리와야 자리가 있어서 점심시간 되자마자 뛰어올라구요 ㅋㅋ",긍정적,긍정적,긍정적,알 수 없음,긍정적,긍정적
2023-08,인생김밥집 여기네요. 전체적으로 간이 너무 완벽해요. 이렇게 소시지 들어가있으면 되게짜고 그런 경우가 많은데 여기는 진짜 레전드 맛집 찐맛집 대박 진짜 하.. 또 먹고 싶다ㅜㅜ,긍정적,긍정적,알 수 없음,알 수 없음,긍정적,긍정적
2023-10,"하나는남편주려고 포장했고 제꺼는 포장하려다 넘배고파서 먹고왔네요ㅎㅎ
역시 김밥맛집이에요 키토김밥 제가 많이애정합니다 ♡",긍정적,긍정적,긍정적,알 수 없음,긍정적,긍정적
2023-09,"오늘도 먹으러 왔어용!!!😋
항상 친절하구 맛있게 만들어주셔서 감사합니당!!😊
먹을때마다 기분좋아져요!💖",긍정적,긍정적,긍정적,알 수 없음,긍정적,긍정적
2023-10,역시가 역시했다💜💜💜💜,긍정적,긍정적,알 수 없음,알 수 없음,긍정적,긍정적
2023-09,어제 먹어보니까 너무 맛있어서 또 먹으러 왔어용!! 오늘도 맛있게 먹겠습니당😋,긍정적,긍정적,알 수 없음,알 수 없음,긍정적,긍정적
2023-09,"명절전날도 들려서 야무지게 먹었습니당!!!
당근없이주문해도 너무 잘해주셔서 감사합니다!",긍정적,긍정적,긍정적,알 수 없음,긍정적,긍정적
2023-09,"이번엔 안먹어 본 샐러드가 먹고싶어서 첨으로 리코타치즈샐러드를 시켰습니당!!!😋
이번에도 맛있게 먹겠습니당!!!",긍정적,긍정적,알 수 없음,알 수 없음,긍정적,긍정적
2023-09,"흑흑ㅜㅜㅜ 나만아는 맛집에서 모두가 아는 맛집이 되어버렸어요ㅜㅠㅠ
그래두 계속 올거에용!!!!♡",긍정적,부정적,알 수 없음,알 수 없음,부정적,긍정적
2023-09,"오늘도 저의 끼니를 챙겨쥬셔서 감사💜
약간 쌈을 먹는 기분이라 든든해요 ㅎㅎㅎ",긍정적,긍정적,긍정적,알 수 없음,긍정적,긍정적
2023-08,주문 받고 말아주시는데 넘맛있어서 폭풍흡입 완료요^^ 키토김밥 몇몇군데 시켜봤는데 간도 싱겁고 김도 넘 젖어있고 안은 너무 차갑고 못 먹겠더라구요 여긴 항상 신선하고 맛이 좋아요^^ 포장까지 해가지고 갑니다,긍정적,긍정적,긍정적,알 수 없음,긍정적,긍정적
2023-11,오늘은 사진을 깜빡했어요… 배고파서 순삭했어요😇,긍정적,긍정적,알 수 없음,긍정적,긍정적,긍정적
2023-09,"샌드위치를 반개씩 살 수 있으니까 두가지맛을 먹을 수 있으니 너무 좋아요😄💖
오늘도 맛있게 먹었습니당!😋",긍정적,긍정적,긍정적,알 수 없음,긍정적,긍정적
2023-08,다이어트 중이라 점심 한끼는 평소에 샐러드만 먹는데 샐러드 사러왔다가 밥없는 계란김밥이란게 있어서 신기했네요.^^ 첨 먹어보는데 포만감도 좋고 맛도 훌륭 딸램이 좋아할것 같아 담에 딸래미껏도 포장해갈게요^^,긍정적,긍정적,긍정적,알 수 없음,긍정적,긍정적
2023-09,매일 밥은 여기서 먹어요 ㅋㅋㅋ 간단하게 영양가있이 먹을 수 있어서 좋아요!!!,긍정적,긍정적,알 수 없음,긍정적,긍정적,긍정적
2023-11,이 구역 샐러드 김밥 대통령,긍정적,알 수 없음,알 수 없음,알 수 없음,긍정적,긍정적
2023-09,오랜만에 잔슨빌 먹었어용~~~ 양도 많고 맛있어요💜,긍정적,긍정적,알 수 없음,긍정적,긍정적,긍정적
2024-02,굳,긍정적,알 수 없음,알 수 없음,알 수 없음,긍정적,긍정적
2023-08,"허겁지겁먹느냐 뒤늦게 찍어서 사진은 깨끗하지 못하네요
저는 잔스빌 진짜 매니아인데 진짜 잔스빌인지 의심했는데 역시 진퉁잔스빌이라 행복했습니다
남는것도 없겠네요
회사앞에 이런 정직한 식당이 새로생겨 감사합니다
저희회사 워크샵때 단체예약 꼭 하겠습니다
단체예약하시면 저커피써비스 될까요?^^;;
감사합니다 잘먹고가요",긍정적,긍정적,긍정적,부정적,긍정적,긍정적
2023-08,"키토김밥에 소스찍어 먹으니 대박이네요
말이필요없네요
근데 옆에겨자소스는 조금 알싸해서
제입맛에는 그저그랬어요
살짝 견눈질로 요리하는거 보니 청결하게만드시는거봤어요^^;; 제가쫌 의심이 많아서요
음악도 나오고 기분좋게 잘먹고갑니다
다음에는 샌드위치 먹으로 들릴께요
커피도 맛있고 아주 든든히 잘먹고갑니다",긍정적,긍정적,부정적,알 수 없음,긍정적,긍정적
2023-09,짱맛탱입니다!!!!♡ 평일에 최소 2~3번은 오는 것 같아요!!!,긍정적,긍정적,알 수 없음,알 수 없음,긍정적,긍정적
2023-08,그릴드포크김밥 찐찐 강추합니다 !! 김밥도 크고 재료도 정말 가득 채워져 있어요 ㅠㅠ 간도 딱맞고 그냥 존맛탱입니다...🤍 그리고 모든 재료가 신선해서 좋았습니다 ! 앞으로 자주 갈 예정이예요,긍정적,긍정적,긍정적,긍정적,긍정적,긍정적
2023-08,키토김밥 보기만해도 배부름 ㅎㅎㅎ 살안찌는느낌 구우우웃! 당근헤이터는 당근빼고🤣,긍정적,긍정적,알 수 없음,부정적,긍정적,긍정적
2023-09,"오랜만에 방앗간 방문💜 당근은 오늘도 빼서 먹기!!
신선해서 너무 좋아요~~",긍정적,긍정적,알 수 없음,알 수 없음,긍정적,긍정적
2023-08,오늘은 그릴드포크김밥을 시켜서 먹어봤어요 재료가 풍부해서 식감도 좋고 신선해서 좋네요👍👍 매장도 깔끔하고 사장님도 친절해서 편하고 맛있게 잘 먹었습니다,긍정적,긍정적,긍정적,알 수 없음,긍정적,긍정적
2023-08,매장 깨끗하구 혼밥하기 좋아용 !!! 소세지김밥 완전 맛있어요ㅠㅠㅠ 탱글한 소시지ㅠㅠㅠㅠㅠㅠ 샌드위치는 아직 먹기전이지만 너무 맛있을고같아영…,긍정적,긍정적,알 수 없음,알 수 없음,긍정적,긍정적
2023-08,"저번에 먹고 또 먹으러 왔어요!!!♡
짱맛탱입니다!!!♡
단골집 예약이용!!!",긍정적,긍정적,알 수 없음,알 수 없음,긍정적,긍정적
2023-10,키토김밥 신선하고 맛있어요!!,긍정적,긍정적,알 수 없음,알 수 없음,긍정적,긍정적
2023-08,"오늘은. 간단히먹을까 하다가. 새로 오픈해서
들어가서. 샌드위치를 시켜먹어보니. 양도 빵빵하고
맛도 신선하고. 좋네요 하나를보면 열흘안다고
김밥도. 꼭먹어보고 싶내요. ^^",긍정적,긍정적,알 수 없음,긍정적,긍정적,긍정적
2023-09,야채 짱짱 많이넣엊주셔서 감동먹었습니닿ㅎㅎ,긍정적,긍정적,긍정적,알 수 없음,긍정적,긍정적
2023-08,맛있어용!!!!♡ 여기 생기고 계속 여기로 오는 것 같아요!!!,긍정적,긍정적,긍정적,알 수 없음,긍정적,긍정적
2023-08,"근처에 자취해서 점심 먹으러 삼일프라자 자주 가요 마침 오늘 오픈해서 구경?겸 들어가봤는데 샐러드 비주얼이 넘 맛있어보여서 홀린듯 샀네요! 데일리샐러드 완전 가성비 넘치네유~!! 잘먹었습니다
새로 오픈주변에 이런 힙한 맛집이 생겨서 넘 좋아요,,💕",긍정적,긍정적,긍정적,알 수 없음,긍정적,긍정적
2023-08,"제가 리뷰잘안쓰는데
알바생도 친절하고 사장님도 친절하시고
국물을 다먹었는데 바쁘신데도 확인하시고국물더주시고 김밥 위에 올린 참기름도 집참기름쓰시는지 다른김밥하고 다르게 짜지않고 고소했습니다
그냥 믿고드셔요
딸주려고 샌드위치도 포장했는데
깜박하고 사진을 안올렸어요
사장님. 번창하세요
또갈께요",긍정적,긍정적,긍정적,알 수 없음,긍정적,긍정적
2023-08,재료도 신선하고 맛있어요! 주변에 샐러드가게없었는데 여기서 먹을 수 있어서 좋아요,긍정적,긍정적,긍정적,알 수 없음,긍정적,긍정적
2023-08,"출근전에 먹어줘야하는 소중한 한끼💜
당근빼달라는요청을 깜빡했어요ㅎㅎㅎ
오늘은 편식쟁이 아닙니다 크크",긍정적,긍정적,부정적,알 수 없음,긍정적,긍정적
2023-08,"회사 근처에 생겨서 바로 달려갔어요!
잔슨빌소세지김밥 존맛탱! 다른메뉴들도 다 먹어볼예정이에요🤗 샌드위치랑 샐러드도 빨리 먹고싶어요! 김밥한줄 순삭하고 갑니다💜",긍정적,긍정적,긍정적,알 수 없음,긍정적,긍정적
2023-08,"ㅎㅎㅎㅎ 사무실근처에 새로생겨서 가봤는데 단란한 분위기며 깔끔하게 포장된 샌드위치와 샐러드, 그리고 키토김밥 맛도 완전 만족입니다! 함께주신 콩나물국도 살짝 매콤해서 맛있어요! 키토김밥 너무좋네요. 다음번에는 다른것도 먹어봐야겠어요!",긍정적,긍정적,긍정적,알 수 없음,긍정적,긍정적
2023-08,"너무 맛있어서 자주 옵니당!!♡
오늘도 맛있게 먹겠습니다!!!",긍정적,긍정적,알 수 없음,알 수 없음,긍정적,긍정적
2023-08,"오늘은 그릴드포크김밥입니다~!
김밥에는 아아 먹어줘야 한다구용🥹
살짝 매콤하니.. 너무맛있어요ㅜㅜ 멸추김밥같이 생각나는 맛..",긍정적,긍정적,알 수 없음,알 수 없음,긍정적,긍정적
2023-08,"회사건물에 샌드위치랑 샐러드, 키토김밥 파는곳이 생겨서 너무 좋아용!!
맛있게 먹었습니다!! 번창하세요!",긍정적,긍정적,알 수 없음,알 수 없음,긍정적,긍정적
2023-08,감동인맛… 넘 맛있어요.. 매일 출근하고있어용🥹,긍정적,긍정적,알 수 없음,알 수 없음,긍정적,긍정적
2023-08,평소 회사 출퇴근 길에 새로 오픈했길래 점심때 들렀어요~ 김밥하고 샌드위치 한개씩 시켰는데 제가 회사 다니면서 점심을 이렇게 맛있게 먹은건 처음인 것 같아요..ㅎㅎ 음식에 대해서 잘 모르긴 하지만 뭔가 재료도 되게 신선했고 양도 엄청 많아서 배터지게 먹었네요!!ㅎㅎ 회사 동료 주려고 다먹고 포장까지 했습니당 ㅎㅎ 자주 들리게 될 것 같아요,긍정적,긍정적,긍정적,긍정적,긍정적,긍정적
2023-08,김밥이랑 샌드위치 다 너무 맛있고 배불러요!!:),긍정적,긍정적,알 수 없음,긍정적,긍정적,긍정적
2023-08,"풍성한 계란에 당근이나 다른야채의 식감이 너무좋네요.
맛있어요",긍정적,긍정적,알 수 없음,알 수 없음,긍정적,긍정적
2023-08,다이어트때문에 샐러드 찾다가 발견한 맛집 재료들이 엄청 신선하고 맛도 너무 좋아요 1일 1잇 풀 하고 싶네요,긍정적,긍정적,알 수 없음,알 수 없음,긍정적,긍정적
2023-08,야채가 두껍게 들어가서 좋아요,긍정적,긍정적,알 수 없음,알 수 없음,긍정적,긍정적
2023-09,"자주갔더니 알아봐주셔서 신기해요😳😳
진짜 배불러요 감사합니다!",긍정적,긍정적,긍정적,긍정적,긍정적,긍정적
2023-08,"행복한 금요일되세요~~
담주에 또 방문하겠습니다",긍정적,알 수 없음,긍정적,알 수 없음,긍정적,긍정적
2023-11,언제나 최고,긍정적,긍정적,긍정적,알 수 없음,긍정적,긍정적
2023-08,요즘 샌드위치 홀릭이라 정말 매일매일와요!! 👍👍👍,긍정적,긍정적,알 수 없음,알 수 없음,긍정적,긍정적
2023-09,"직원분들이 친절하시고 생각보다 양이 많아서 한 끼 든든하게 먹기 좋아요!
자리도 크진 않지만 있어서 종종 먹으러 가요 ㅎㅎ",긍정적,알 수 없음,긍정적,긍정적,긍정적,긍정적
2023-08,"저번에 김밥이랑 샌드위치 먹고, 맛있어서 또왔어요!
이번엔 친구 추천으로 잔슨빌계란김밥 포장해가요:)",긍정적,긍정적,긍정적,긍정적,긍정적,긍정적
2023-08,"매일 출석하기중~
오늘도 잘 먹었습니다!",긍정적,긍정적,알 수 없음,알 수 없음,긍정적,긍정적
2023-08,"회사에서 인기있는 김밥,샌드위치집이여서 한번 와보고싶었어요 저녁에오면 늘 품절이라 점심에 왔습니다~~😀",긍정적,알 수 없음,긍정적,부정적,긍정적,긍정적
2023-08,리뷰 잘 안쓰는데 회사 근처에 개 ㅈㅁㅌ 맛집 생겨서 씁니다. 유명해지면 웨이팅 길어지려나.. 아무튼 점심에 바로 달려나가서 먹으러 갈거임 가성비도 개지림,긍정적,긍정적,알 수 없음,긍정적,긍정적,긍정적
2023-08,"두번째 방문이에요
샌드위치가 넘 맛있슴니당",긍정적,긍정적,알 수 없음,알 수 없음,긍정적,긍정적
2023-10,굿,긍정적,긍정적,알 수 없음,알 수 없음,긍정적,긍정적
2023-08,"깔끔한 매장이고
키토 김밥이 맛있어요

자주 올게요!",긍정적,긍정적,알 수 없음,알 수 없음,긍정적,긍정적
2023-08,키토김밥 맛있어요,긍정적,긍정적,알 수 없음,알 수 없음,긍정적,긍정적
2023-09,맛있어요!,긍정적,긍정적,알 수 없음,알 수 없음,긍정적,긍정적
2023-08,굿굿,긍정적,긍정적,알 수 없음,알 수 없음,긍정적,긍정적
