﻿Date,Review,Final_Sentiment,맛,서비스,양,sentiment,Sentiment2
2024-10,"새로생긴듯..? 깨끗하고 깔끔한 내부가 좋았고,
사장님이 친절하십니다!
저희는 머리고기랑 순대국밥먹었는데
머리고기 수육 메뉴 가성비 너무 좋아요~
국물,피순대, 머리고기가 제공되는데
국물이 양이 많고 국물안에도 고기가 꽤 많이들어있어서 양이 많아요! 밥 한공기만 추가하면 2인 식사로 충분함...!!!! 술안주로도 좋을것같아요!",긍정적,긍정적,긍정적,긍정적,긍정적,긍정적
2024-10,"여기 순대국 정말맛있어요 꼭드시길바래요
국물이 깔끔하고 칼칼해서 술을 부릅니다
머릿고기는 말해모해요 너무맛있어요",긍정적,긍정적,알 수 없음,알 수 없음,긍정적,긍정적
2024-10,이런 피순대 진짜 너무 좋아하는데 너무 맛이쒀요ㅠ 좀만 더 집근처 있었어도 일주일에 3번 방문할 피순대ㅠㅠ 혼밥하기도 좋고 너무너무 맛있어요,긍정적,긍정적,알 수 없음,알 수 없음,긍정적,긍정적
2024-11,아니 사진이 왜 이것만 선택되는거져..? 머리고기 피순대 짱맛탱입니다 피순대 전주에서 냄새나서 잘 못먹었는데 오늘은 다먹었어요 번창하세여!!!!!,긍정적,긍정적,알 수 없음,긍정적,부정적,긍정적
2024-11,너무 맛있습니다!!!! 피순대 고소하고 고기는 다 쫀득쫀득👍🏻👍🏻👍🏻👍🏻 점심때는 혼밥하기 좋을거같고 저녁에는 친구들이랑 한잔하기 넘 좋을거같아요!!,긍정적,긍정적,알 수 없음,알 수 없음,긍정적,긍정적
2024-10,"피순대 야들야들하도
머릿고기도 진짜 목으로 막넘어가요 진짜 맛있어요(๑>؂< ๑)۶",긍정적,긍정적,알 수 없음,알 수 없음,긍정적,긍정적
2024-08,"피순대 비린내도안나고 너무맛있네요
순대국 국물이 깔끔해서 무한흡입가능해요
맛보기피순대도 저렴한가격에 사이드로 시키기 딱좋아요
순대국안에 건더기 살벌하게 많이들어있어요
배찢어집니다ㅎㅎ",긍정적,긍정적,긍정적,긍정적,긍정적,긍정적
2024-08,지인 소개로 방문하게 된 #역삼동순대국 전주피순대집은 강남역 순대국집들 중에서 순대가 가장 찰지고 순대국의 국물이 그냥 끝내주네요!! 속 제대로 풀어주고 맛도 좋아 매우 강력추천드리는 역삼동맛집 인정입니다!^^🙏🏻♨️🔥🥩🌼😎🙂🌸😉🍎👏🏻❤️💖💯👍🏻😍😋😘🩷🥰,긍정적,긍정적,긍정적,알 수 없음,긍정적,긍정적
2024-08,"강남 한복판 갑자기 쏟아지는 소나기에 들린 전주 피순대집.
따듯한 순대국에 피순대 맛보기에 막걸리가 빠지면 안되겠죠
한여름 무더위를 피해 즐거운 저녁식사 자리였네요",긍정적,긍정적,긍정적,알 수 없음,긍정적,긍정적
2024-08,"역삼동 맛집
강남 피순대 맛집
피순대 잡내 1도 없고 고소하니 굳
순대국밥도 내장 많이 들어가서 꼬릿하니 완전 내 스타일",긍정적,긍정적,알 수 없음,긍정적,긍정적,긍정적
2024-11,순대좋아해서 일반순대집 다니다가 피순대를 우연히 접해보았는데 정말 맛있어서 다른 피순대집도 몇군데 가보았는데 이만한곳이 없어서 재방문했네요..!!!! 진짜 너무맛잇게 잘먹었습니다!,긍정적,긍정적,알 수 없음,알 수 없음,긍정적,긍정적
2024-09,빠르게 국밥 한 그릇 먹기 좋은 역삼 순대국밥맛집 이예요. 간이 딱 맞아서 나오는 즉시 바로 먹기 좋아요,긍정적,긍정적,긍정적,알 수 없음,긍정적,긍정적
2024-09,피순대가 찐맛인 역삼동순대국 맛집이에요!! 얼큰한 국물에 순대 조합이 넘 맛있어요ㅋㅋ 또 들리고 싶어요~~~,긍정적,긍정적,긍정적,알 수 없음,긍정적,긍정적
2024-07,"낮에는 순대국밥으로 저녁에는 술한잔하기 좋은집입니다.
쉽게 접하기 힘든 피순대가 아직 익숙치는 않지만, 국밥의 육수 고기등은 해장에 특히 좋은거 같습니다.
웨이팅 많이 하지 않는, 하지만 손님은 끊임없이 들어오는 그런 맛집으로 알려지면 좋겠네요~",긍정적,긍정적,긍정적,알 수 없음,긍정적,긍정적
2024-06,"간만에 겁나맛있는 순대국밥집발견!!
강남역 오랜만에 와서 검색하다그 왓는데 너무 맛있었어요 !! 내용물이 가득차고 피순대도 너무 믓있우스
밥한그릇 뚝딱 먹었네유
사장님이 너무 친절하셔서 다음에 또 방문할예정입니다!!
잘 먹고 갑니다 🥹🥹",긍정적,긍정적,긍정적,긍정적,긍정적,긍정적
2024-08,피순대를 처음 먹어보는데 찰순대보다 훨씬 맛있고 퀄리티가 있네요! 피순대 자체가 크기도 크고 부드러워서 잘넘어갔고 오소리같은 내장이 다른곳 보다 많이 들어가서 기본이 특인 줄 알았어요! 무엇보다 직원분이 너무 친절하시고 밝으셔서 먹는내내 기븐이 좋았네요!^^👍👍👍,긍정적,긍정적,긍정적,긍정적,긍정적,긍정적
2024-10,음식도 진짜 맛있고 사장님이 너무 친절하세요 ㅎㅎ 술국도 넘 맛있어서 계속 퍼먹었네요 ㅋㅋㅋ 번창하세요!,긍정적,긍정적,긍정적,알 수 없음,긍정적,긍정적
2024-10,근처에 피순대 있는지 몰랐어요. 너무 맛있어서 피순대만 따로 추가 굳,긍정적,긍정적,알 수 없음,알 수 없음,긍정적,긍정적
2024-08,"남자친구가 한입먹자마자 맛있다고 감동을 받고 있었어요🤣
피순대는 처음먹어봤는데 간을 안좋아하는사람은 조금 불호일수도 있을거 같더라구요??😎
피순대 먹고 몸보신 잘했습니다🍴",긍정적,긍정적,알 수 없음,알 수 없음,긍정적,긍정적
2024-10,"피순대가 크고 퀄이 좋았어
안주메뉴 시키면 국도 줘서 술먹기 좋음",긍정적,긍정적,긍정적,긍정적,긍정적,긍정적
2024-07,"너무너무 맛있어요!
피순대 처음 먹어보는데 정말 부드러워요🐥
매운걸 잘 못먹어서 안매운맛으로 선택해서 먹었어요!!
잘먹었습니다🐥",긍정적,긍정적,알 수 없음,알 수 없음,긍정적,긍정적
2024-10,지나가나가 사람이 많아서 들어왔는데 맛있네요. 혼밥하기도 좋을거같고 다음에 또 올게요~~,긍정적,긍정적,알 수 없음,알 수 없음,긍정적,긍정적
2024-07,오랜만에 정말 맛있는 피순대를 먹었어요 수제라 그런지 순대도 정말 크고 부드럽고 잡내 하나도 안나고 맛있데 먹었어요!! 국밥도 넘 맛있었숩니다 전체적으로 넘 깔끔해요 ㅜㅜ또 올게요!,긍정적,긍정적,긍정적,긍정적,긍정적,긍정적
2024-05,"오 ㅏ,,저 왠만하면 리뷰안쓰는데 이 집 진짜 숨은 맛집!!!! 짜릿해 나만알고싶어 내꺼야💖🌸🌸🌸 서울에 피순대 진짜 잘 안파는데 거의 한입먹자마자 오열😭😭 사람은 태어나서 3번 운다는데 오늘 그 3번 다쓰고왔습니다,, 눈물이 마를새가 없이 울었네요ㅠㅠㅋㅋ 🫶🏻 사장님이 진짜 좋은재료로 정성들여 만든게 넘 느껴졌습니다 ! 완죠니 사르르 녹는 순대와 회식후 해장용으로 찰떡 그잡채⭐️ 게다가 피순대를 이가격에 먹다니ㅜㅜㅜㅠ!! 사장님 존재자체에 다시한번 감사드립니다! ㅋㅋㅋ 게다가 친절하게 맛있게 먹는법도 알려주셔서 더 좋았어요!😀😀 조만간 또 먹으러 갈게요!",긍정적,긍정적,긍정적,알 수 없음,긍정적,긍정적
2024-05,"전주에서 맛보던 맛있는 피순대를 서울에서 먹을수 있게 됐네요~ 전주에서 줄서서 먹던 피순대집 보다 더 맛있습니다.
회사사람들 데리고 또한번 꼭 찾아 와야겠어요~ 포장해서 집에 와서 먹었는데도 국물 찐해서 맛있고, 피순대 일품 입니다.
와이프도 좋아하네요~ 찐 맛집 인정. 전주 피순대 오픈한 사장님 졸라 땡큐~! 오래오래 번창하세요~!",긍정적,긍정적,긍정적,긍정적,긍정적,긍정적
2024-10,맛있어요!!,긍정적,긍정적,알 수 없음,알 수 없음,긍정적,긍정적
2024-05,"피순대 먹고 싶었는데, 서울에 제대러 하는 곳이 없더라구요. 새로 생겼길래 바로 한번 가봤습니다. 오픈기념 전메뉴 이천원 할인 개이득! 국밥에 맛보기 피순대 시켜봤는데... 와 한개 먹고 바로 여기다 싶었네요. 사장님 사모님 모두 친절하셔서 또 올 것 같습니다!!",긍정적,긍정적,긍정적,긍정적,긍정적,긍정적
2024-06,"강남 회식 장소로도 너무 좋고, 전라도 음식이라서 맛은 두말할 것 없습니다. 맛있고 매장도 깨끗하고 좋아요. ^^",긍정적,긍정적,긍정적,알 수 없음,긍정적,긍정적
2024-10,"피순대는 처음 먹어보는데 독특한 맛이네요. 점심 먹으러
종종 올듯~",긍정적,긍정적,알 수 없음,알 수 없음,긍정적,긍정적
2024-08,"맛보기 순대가 있어서 너무 좋은거 같아요 ☺️
국물도 시원하고 고기 잡내도 없고 너무 맛있게 먹었습니다 ❤️❤️",긍정적,긍정적,알 수 없음,알 수 없음,긍정적,긍정적
2024-07,피순대 잘 모르는데 제 취향은 아닌듯..안에 큰 피순대가 2개 일반순대가 2개 들어있는데 전 일반순대만 맛있네요. 호불호가 많이 갈릴거 같아요. 매장은 깔끔하고 친절합니다.,부정적,부정적,긍정적,알 수 없음,부정적,부정적
2024-07,사람이 많다했더니 역시나 맛집ㅎㅎ 순댓국 진짜 깔끔하니 맛있었음. 갠적으로 내장고기 잘 못먹는데 미리 얘기하면 순대만 가능하대서 더 좋았다,긍정적,긍정적,긍정적,알 수 없음,긍정적,긍정적
2024-07,"피순대 처음 먹어보는데 거부감없이 너무 맛있어요!!!
서울에서 이런 순대는 여기서만 먹을 수 있을듯 하네요~",긍정적,긍정적,알 수 없음,알 수 없음,긍정적,긍정적
2024-09,피순대 맛있어요,긍정적,긍정적,알 수 없음,알 수 없음,긍정적,긍정적
2024-06,강남 1등 피순대집을 발견한거 같아서 기분좋은 하루를 보냈습니다~~~!!! 너무너무 맛있어요!!!!!!!!! 더 인기많아지기전에 자주가야 할거 같아요!,긍정적,긍정적,긍정적,알 수 없음,긍정적,긍정적
2024-06,"전북대 졸업생인데 학교 근처 순대국맛이랑 너무 비슷해서 좀 놀랐습니다! 피순대가 정말로 맛있고 서울에서도 심지어 강남 한복판에서 이정도 퀄리티의 순대를 먹어볼줄은 정말 상상도 못했습니다! 뱅뱅사거리에만 3년정도 살았는데, 이렇게 또 맛집이 생겨서 너무 기쁩니다! 그리고 제가 실수로 두고간 제 안경을 제가 다시올때까지 보관해주시고 얼굴기억을 해주셔서 제 안경을 찾아주샸습니다 ㅠㅠ 정말로 감사드리고 앞으로 삼시세끼를 여기서 먹도록 하겠습니다, 사장님 항상 번창하세요!!!",긍정적,긍정적,긍정적,알 수 없음,긍정적,긍정적
2024-05,요즘 이런 순대 맛집 찾아보기 힘든 듯 👍🏻 원래도 순대 국밥 좋아하긴 하지만 여긴 찐이네요 서울에서 찐 순대국밥집 찾음! 진짜 단골 될 것 같아요! 피순대 촉촉 그 자체 오소리감투도 쫄깃해서 소주 당기는 맛 ♥️,긍정적,긍정적,알 수 없음,알 수 없음,긍정적,긍정적
2024-05,"서울에서 전주식으로 피순대를 잘 하는 집을 거의 못 봤는데, 우연히 들른 이 집은 젊은 부부 사장님들이 매일 손수 순대를 빚으시는 것 같더라고요!
순대가 너무 찰지고 고소하게 정말 맛있습니다! ㅎㅎ
가게 주방도 다 오픈이 돼있어서 청결하게 잘 관리하시는 거 같고, 사장님 정말 친절하셔서 너무 좋았습니다 ㅎㅎ
자주 가게 될 것 같습니다! ㅎㅎ 잘 먹었습니다~~",긍정적,긍정적,긍정적,알 수 없음,긍정적,긍정적
2024-05,피순대를 먹고 싶어 찾아 방문 한 집! 피순대를 직접 만드시는 거 같더라구요.. 맛있었어요. 그런데 안에 들어가는 부속물이 좀 부실했어요 ㅠ 그게 좀 아쉽지만 피순대를 넣어준다는 것에 만족했습니당,긍정적,긍정적,긍정적,알 수 없음,긍정적,긍정적
2024-05,"와 여기 진짜 찐맛집입니다 ㅠㅠ!!!
고향이 전주인데 정말 든든하게 잘먹고가요
사장님이 밑반찬부터 순대까지
직접 다 만드신다고 하시더라구요
그래서 음식에 정성이 느껴집니다 👍👍
저녁엔 따뜻한국물에 한잔하러 또 갔었어요
꼭! 드셔보세요
다들 친절하시고 잘 챙겨주셔서 감동받았습니다 😃
자주 이용할께요!",긍정적,긍정적,긍정적,알 수 없음,긍정적,긍정적
2024-07,맛있고 혼자 밥먹기 좋은 공간이었어요,긍정적,긍정적,알 수 없음,알 수 없음,긍정적,긍정적
2024-06,전주에서 먹은 것보다 훨씬 맛있어요,긍정적,긍정적,알 수 없음,알 수 없음,긍정적,긍정적
2024-05,"강남 순대집 중 원탑입니다!!!👍👍👍
순대,순대국 좋아해서 여러 식당 많이 가봤는데
여기가 제일 찐맛집이에요!!!!!❣️❣️❣️
흔히 맛있다고하는 순대국 프랜차이즈랑은
차원이 달라요! 중독됩니다 😀ㅎㅎㅎ
시판 진공순대 아니고 사장님 부부 내외분이
새벽부터 직접 손수 빚는 순대임다🩷💕💓
리뷰쓰면서 입에 침고이네요 😆😆😆
여기 순대 드셔보시면 다른 순대집 못갑니다!!!!!!!!
사장님~ 또 갈게요🪅🐶💯💯💯💕",긍정적,긍정적,긍정적,알 수 없음,긍정적,긍정적
2024-05,"너무 맛있게 먹다보니 음식사진을 못찍었네요.!!

피순대는 처음 먹어봤는데 너무맛있어요~

담번에 친구델고 또 와야할듯요~

가게도 너무 깔끔하고 만족스런 한끼였습니다.",긍정적,긍정적,긍정적,알 수 없음,긍정적,긍정적
2024-06,너무 맛있어요.. 피순대국밥은 첨인데 넘 맛있어서 리뷰써요!! 담에 또 가서 먹어야겟어용🤍,긍정적,긍정적,알 수 없음,알 수 없음,긍정적,긍정적
2024-04,"너무너무 맛있게 먹었어요
피순대도 함께 먹었는데 잡내없이 깔끔하네요!..
알쓰이지만 막걸리가 땡기는 맛이었어요
담엔 포장해서 혼술할때 안주로 먹으려고요
함께 곁들여먹는 부추무침도 늠 맛있음ㅋㅋㅋ",긍정적,긍정적,알 수 없음,긍정적,긍정적,긍정적
2024-07,맛있긴 한데 반찬 전부 셀프러 가져다 먹어야 하고 조미료 맛이 좀 많이 났어요 순대는 실하고 맛있었어요,긍정적,긍정적,부정적,알 수 없음,부정적,긍정적
2024-05,어제 우연히 지나가다가 들어갔더니 품절이라 오늘 낮에 다시갔어요. 빗속을뚫고ㅎ가오픈기간이라 오늘까지2천원할인되고 피순대 냄새안나고 맛있어요. 국밥은 생각보다 얼큰하고..안에건더기도 쫄깃하고 냄새안나고 맛있어요. 맛보기순대6알나오는데..둘이서국밥2개시키고맛보기순대먹으니 딱 좋네요. 셀프바에 들깨가루부터 반찬까지 다 있어서 편하게 가져다먹기좋았어요.사진은 깜빡했지만 맛있게잘먹었고 또 갈거에요. 집근처니까요. 가족들이 운영하는것 같아그런지 정감있고좋아요. 조만간 또.갈게요,긍정적,긍정적,긍정적,긍정적,긍정적,긍정적
2024-06,"근처 회사에 근무하는 직장인 입니다.
스트레스 받거나 전날 과음 했을때 언제나 먹는 저의 소울 푸드 입니다.
얼큰하고 개운한 국물로 해장하면 어김없이 또 술한잔 생각이 간절해 집니다. 크~~으!
점심에 먹었는데 퇴근 후 친구들 데리고
모듬순대,머릿고기에 막걸리 뿌시러
가겠습니다!!!!!",긍정적,긍정적,긍정적,긍정적,긍정적,긍정적
2024-05,"지나갈때마다 자리 없어서 못갔는데 드디어 성공했어요
! 당연히 프렌차이즈인줄 알았는데 매일 다 직접 만든다는 개인가게라니 .... 진짜 여기 찐입니다 ...",긍정적,긍정적,긍정적,알 수 없음,긍정적,긍정적
2024-06,진짜 너무 맛있네요!!!! 속이 시원하게 풀리는ㅠㅠㅠ 담에는 친구들 데리고 가야겟어요!!😎,긍정적,긍정적,알 수 없음,알 수 없음,긍정적,긍정적
2024-05,"저번에 친구들과 함께 왔었는데 또 생각나서
이번엔 혼자 순대국밥 먹었네요
자꾸 생각나는 맛이에요",긍정적,긍정적,알 수 없음,알 수 없음,긍정적,긍정적
2024-05,"사장님도 친절하시고 피순대가 완전 제가 좋아하는 맛이에요
번창하시고 오래오래 장사해주세요",긍정적,긍정적,긍정적,알 수 없음,긍정적,긍정적
2024-08,굳!,긍정적,긍정적,알 수 없음,알 수 없음,긍정적,긍정적
2024-05,"푸짐하고 냄새도 없고 단백하고 맛있어요~
깍두기가 살짝 아쉬웠어요",긍정적,긍정적,알 수 없음,부정적,긍정적,긍정적
2024-05,"진짜 맛있어요😀 피순대 먹을줄 아는사람 강추
잘먹고 갑니다.",긍정적,긍정적,알 수 없음,알 수 없음,긍정적,긍정적
2024-05,서울에서 피순대 찾기힘든데 정말 잘하는 집 찾아서 좋아요.,긍정적,긍정적,알 수 없음,알 수 없음,긍정적,긍정적
2024-05,맛있어요.,긍정적,긍정적,알 수 없음,알 수 없음,긍정적,긍정적
2024-05,맛있어요 :),긍정적,긍정적,알 수 없음,알 수 없음,긍정적,긍정적
2024-05,순대는 맛있어요,긍정적,긍정적,알 수 없음,알 수 없음,긍정적,긍정적
