﻿Date,Review,Final_Sentiment,맛,서비스,양,sentiment,Sentiment2
2024-10,시큼한 김치찌개와 쫀득한 쌀밥! 다시 생각하는 지금 입가에 침이 고이네요.,긍정적,긍정적,알 수 없음,알 수 없음,긍정적,긍정적
2024-09,반찬 리필 자유로운 편이고 친절해요,긍정적,알 수 없음,긍정적,긍정적,긍정적,긍정적
2024-08,밥을 솥에 바로해서 주시고 매일매일 반찬이 바뀌는데 가끔 집밥먹고싶을때 가는 곳이에요,긍정적,긍정적,긍정적,알 수 없음,긍정적,긍정적
2024-07,우리동네 최고 백반집 입니다,긍정적,긍정적,알 수 없음,알 수 없음,긍정적,긍정적
2024-07,"이천쌀밥, 과식하게 만드는 곳 ㅠㅠ",부정적,긍정적,부정적,부정적,부정적,부정적
2024-04,"밥맛이 좋고, 청국장, 제육볶음이 맛있어요^^",긍정적,긍정적,알 수 없음,알 수 없음,긍정적,긍정적
2024-05,가정식백반이라 부담이 없네요,긍정적,알 수 없음,긍정적,부정적,긍정적,긍정적
2024-08,좋아요,긍정적,알 수 없음,알 수 없음,알 수 없음,긍정적,긍정적
2024-04,맛은 있는데 김치찌개 안에 고기가 얇고 적게 들어있어요 만원이나 하는데...,긍정적,긍정적,부정적,부정적,부정적,긍정적
2024-09,좋아요,긍정적,알 수 없음,알 수 없음,알 수 없음,긍정적,긍정적
2024-07,가까워요,긍정적,알 수 없음,알 수 없음,알 수 없음,긍정적,긍정적
2023-11,"반찬 너무 깔끔하고 좋아요
밥이 진짜 맛있어요 최고최고 다시 방문 예정입니다",긍정적,긍정적,알 수 없음,알 수 없음,긍정적,긍정적
2023-12,인심 좋은 가게입니다.,긍정적,알 수 없음,긍정적,알 수 없음,긍정적,긍정적
2023-10,맛있어요 :),긍정적,긍정적,알 수 없음,알 수 없음,긍정적,긍정적
2023-11,"맛있는 밥 리필해서 먹을 수 있고, 좋아요",긍정적,긍정적,긍정적,알 수 없음,긍정적,긍정적
2023-10,굳,긍정적,알 수 없음,알 수 없음,알 수 없음,긍정적,긍정적
2023-10,맛나요.,긍정적,긍정적,알 수 없음,알 수 없음,긍정적,긍정적
