﻿Date,Review,Final_Sentiment,맛,서비스,양,sentiment,Sentiment2
2024-11,"훈제 삼겹 쭈꾸미 를 주문했어요.
훈제 삼겹이 훈제라서 맛있어요.
쭈꾸미는 약간 매운 편인데 같이 주는 콩나물 국에 씻어 먹으면 싱싱하고 맛있어요.
쭈꾸미 공장이 있어서 바로 오는 거라 그런지 쭈꾸미가 싱싱하고 오동통통 해요.
쭈꾸미는 강남 청담배짱이 추천합니다.",긍정적,긍정적,긍정적,알 수 없음,긍정적,긍정적
2024-10,"진짜 너무맛있어요!!!!
또 다녀갑니다 총총..

꽃게 된찌 낙지 항상 맛있어여 양재맛집입니다!!!!!

그리고 반찬 샐러드 왕맛있어요 ㅎ.ㅎ",긍정적,긍정적,알 수 없음,긍정적,긍정적,긍정적
2024-10,"진짜 너무너무 맛있게 잘먹었습니다
감칠맛있게 매운 쭈꾸미삼겹살과
채수된장도 너무 고소하고 진한맛이 일품이에요!
한번 꼭 방문해보세요 ㅎㅎ",긍정적,긍정적,알 수 없음,알 수 없음,긍정적,긍정적
2024-09,"강남 낙지 맛집, 청담배짱이에 다녀왔어요.
비가 와서 매콤한 음식이 당겼는데 통통하고, 큼직한 낙지가 엄청 많이 들어가 있어 배불리 먹었네요.
밥에 낙지 양념 비벼서 먹으면 이게 바로 밥도둑!

참! 낙지볶음에 어울리는 채수된장찌개도 주문해보세요. 조금 얼얼해진 맛을 중화시켜주는 건강한 맛이었습니다. 지하에 위치해 있어 모르고 지나칠 뻔 했는데 더 많은 사람들이 알아봐주면 좋겠네요. 강남 낙지 맛집, 청담배짱이 최곱니다. (설거지하고 왔어요)",긍정적,긍정적,긍정적,긍정적,긍정적,긍정적
2024-11,직화낙지볶음이랑 버섯야채채수된장 먹었는데 너무 맛있었습니다 !! 사장님 엄청 친절하시고 매장도 넓고 깔금하더라구요 ㅎㅎ 직장인분들 점심식사로도 좋지만 회식하기에도 좋아보였어요,긍정적,긍정적,긍정적,알 수 없음,긍정적,긍정적
2024-11,뱅뱅사거리 제일가는 맛집 도장 또 찍고갑니댜~🧐,긍정적,긍정적,알 수 없음,알 수 없음,긍정적,긍정적
2024-10,"한그릇씩 비볐는데도 저렇게 남았어요 ,, 양 너무 많아서 기절쇼🥲 계란후라이까지 너무 센스 쟁이사장님🩷 반찬 하나하나 다 신선하고 맛있었어요
점심때 조금 지나서 갔는데 폭풍이 다녀갔는지 엄청 바쁘셨나봐요ㅠㅠ 그래도 계속 친절하시고, 낙지가 문어세요✨자주갈거같아용 ㅋㅋㅋㅎㅎ",긍정적,긍정적,긍정적,긍정적,긍정적,긍정적
2024-09,"낙지볶음이랑 된장찌개 다 넘 맛있어요!!
낙지 넘 부들부들하고 양념도 맛있고
반찬 셀프바도 있어서 넘 좋아요!!!

수요일에도 먹었는데 또 생각나서 금요일에 또방문했어요 ㅎㅎ
그리고 사장님도 너무 친절하십니댜~~~",긍정적,긍정적,긍정적,알 수 없음,긍정적,긍정적
2024-09,"넘 맛있어서 리뷰를 안쓸수가없어여~!
낙지볶음 낙지 통통하고 양념이 너무맛있고 낙지+된장찌개 조합은 최고맛있어요 !!!!!!!!
꽃게된찌 낙지볶음 넘 추천합니당",긍정적,긍정적,알 수 없음,긍정적,긍정적,긍정적
2024-10,주1회는 꼭 먹으러가는 양재역 맛집이에여🥹🥹🥹,긍정적,긍정적,알 수 없음,알 수 없음,긍정적,긍정적
2024-09,"이번엔 꽃게된장찌개를 먹어봤는데 넘 맛있었어요,,,
낙지는 항상 통통하고 넘 맛있어요!!!!
넘 친절하시고 맛있게 잘먹었습니다~!",긍정적,긍정적,긍정적,알 수 없음,긍정적,긍정적
2024-09,양이 너어어어무 많고 사장님이 너무 친절해요! 무슨 시트콤 같이 하나하나 설명해주시는데 너무 재밌었어요!!ㅋㅋㅋㅋㅋㅋ 팍팍한 삶 속 웃음 주셔서 감사합니다아🤣 자주올게요!!,긍정적,알 수 없음,긍정적,긍정적,긍정적,긍정적
2024-09,올 때마다 기복 없이 넘나리 맛있음ㅎㅎ 해외 일주일 살이 하고 돌아오자마자 선택한 보람이 있을 만큼✨✨ 늘 낙지만 먹어보다가 채수된장찌개 시켜봤능데 밥 낙지에 다 비벼서 해치워버린 거 후회될 만큼 미친 맛; 제발 드셔주세요,긍정적,긍정적,긍정적,알 수 없음,긍정적,긍정적
2024-09,"점심때 추천받고 갔는데 후회없는 선택이었어요👍
매콤달콤 맛도리!! 쭈꾸미 하나도 안질기고,훈제고기랑도 너무 찰떡이었어요~
사장님 진짜 친절하셔서 기분좋은 점심가능ㅎㅎ",긍정적,긍정적,긍정적,알 수 없음,긍정적,긍정적
2024-09,너무 맛있는 바람에 급하게 먹어서 사진이 좀..ㅎㅎ^^7 매콤한데 참기름이랑 새콤 콩나물 비벼먹으면 ㄹㅈㄷ 이거 먹을 생각에 오전 근무 이겨냄ㅎㅎㅎ 청담배짱이 청담 가지 말고 제발 뱅뱅에 뿌리를 묻어주세요〰️〰️ 부산으로 이사가도 먹으러 올 맛입니다리,긍정적,긍정적,긍정적,알 수 없음,긍정적,긍정적
2024-07,"사장님이 너무너무 친절하시고
낙지가 아주 실하고 맛있어요! 양념도 적당히 맵고 밥과 비벼먹기 너무 좋습니다

제육볶음도 미나리가 산뜻하고 양념이 너무 맛있습니다",긍정적,긍정적,긍정적,긍정적,긍정적,긍정적
2024-08,사장님이 추천해주신 메뉴로 정말 맛있게 잘 먹었습니다아 - ! 다음에 또 올게용 ~! 😊,긍정적,긍정적,긍정적,알 수 없음,긍정적,긍정적
2024-08,"직화 낙지볶음이 진짜 맛있어요!!
양도 많고 가성비 너무 좋아요~~
밑반찬도 다 맛있습니다:)
사장님도 너무 친절하십니다 자주 올게요",긍정적,긍정적,긍정적,긍정적,긍정적,긍정적
2024-08,"소스에 밥 비벼먹으면 술 참아야됨 근데 콩나물도 넣어서 참기름 쓱쓱~ 환상 미쳤음

제법 매콤한테 달콤한 듯 계속 집어먹게됨요🥹🥹😭😭

점심시간에 한 달에 몇 번씩 갈듯요..

-제발 유명해져,, 아냐 나만 갈거야 유명해지지 마.. 아냐 모두가 알아야해 .....",긍정적,긍정적,긍정적,알 수 없음,긍정적,긍정적
2024-08,"직화낙지볶음 먹었는데
불향 대박이구 매콤하고 넘 맛있었어요 ㅎㅎ
양념에 밥 비벼먹으니까 밥 두공기 뚝딱이에여
사장님도 넘 친절하셔서 기분 좋게 식사했습니당",긍정적,긍정적,긍정적,긍정적,긍정적,긍정적
2024-08,"너무 맛있습니다..!!!!
사장님도 너무 친절하시고 된장찌개가 너무 건강한데 진하고 맛있어요.. 진짜 오래 푹 끓인 맛

낙지볶음은 오늘도 역시나 맛있었습니다",긍정적,긍정적,긍정적,알 수 없음,긍정적,긍정적
2024-08,"아이폰인데 사진이 안올라감...ㅠ
낙지 불맛나면서 맛있고 쭈꾸미는 넘매움
둘이 양념다름
그래도 캡사이신 안써서 맛있게 매움
밑반찬은 샐러드소스가 특이하게맛있고 가지에서도 불맛나면서 맛있음
그리고 된찌 채수때문에 달달하면서 맛있음
꽃게채수된장 해물맛은 시원한데 육수용이라그런지 게는 흐물하지고 별로
그래도 낙지랑 된장때문에 또갈거임",긍정적,긍정적,알 수 없음,긍정적,부정적,긍정적
2024-08,맛있어요,긍정적,긍정적,알 수 없음,알 수 없음,긍정적,긍정적
