﻿Date,Review,Final_Sentiment,맛,서비스,양,sentiment,Sentiment2
2024-11,"돈까스
• 바삭하고 두툼한 돈가스의 겉바깥이 황금빛 브라운 색으로 잘 튀겨져 나왔습니다
• 고기는 부드럽고 육즙이 풍부했으며, 특제 소스와 잘 어울렸습니다
• 곁들임 반찬 나온 피클과 깍두기도 신선했습니다

김치 우동
• 쫄깃한 면발과 얼큰한 국물이 조화롭게 어우러졌습니다
• 김치의 시원하고 매콤한 맛이 우동의 담백함을 살려주었습니다",긍정적,긍정적,알 수 없음,알 수 없음,긍정적,긍정적
2024-10,"돈까스는 바삭한 튀김옷과 부드러운 고기의 조화가 일품이었습니다. 고기는 두툼하면서도 육즙이 풍부했고, 튀김옷은 기름기가 적당해 느끼하지 않았습니다.

모밀은 쫄깃한 면발과 깔끔한 국물이 돈까스의 느끼함을 중화시켜주어 균형 잡힌 한 끼가 되었습니다. 시원한 모밀 국물과 돈까스는 매우 좋은 선택이었네요.
양도 넉넉해서 든든한 식사가 되었습니다.",긍정적,긍정적,알 수 없음,긍정적,긍정적,긍정적
2024-10,"돈까스는 외관부터 바삭하고 황금빛으로 잘 튀겨진 것이 눈에 띄고 첫 입을 먹자마자 느껴지는 바삭한 식감과 부드러운 고기의 조화는 최고에요. 소스도 적당히 달콤하면서도 짭조름해서 돈까스와 적절한 조화입니다

우동은 부드럽고 쫄깃한 면발에 국물 맛이 조금 짭조름 하지만 큰부담 없이 즐길 수 있었어요.

돈까스의 바삭함과 우동의 쫄깃함이 잘 어우러져 맛있는 한 끼였어요.",긍정적,긍정적,알 수 없음,알 수 없음,긍정적,긍정적
2024-10,"돈까스는 바삭바삭하고 겉은 황금빛, 속은 촉촉한 돼지고기가 입안에서 사르르 녹아요. 고소한 소스가 잘 어우러져서 정말 맛있었어요.

냉모밀은 시원한 국물에 쫄깃한 면발이 한 입 가득 들어오면서, 더운 날씨에 딱이에요. 특히, 국물의 감칠맛이 더해져서 한 그릇 후딱 비우게 되네요.

이 두 가지를 함께 먹으니, 뜨겁고 시원한 맛의 조화가 일품이었어요",긍정적,긍정적,알 수 없음,긍정적,긍정적,긍정적
2024-09,"왕돈까스 스타일 돈까스입니다.
고기 아주 바삭하게 잘 튀기시고 맛있습니다.
처음 나오는 스프 아는 오뚜기맛이지만 오랫만에 먹으니 깨끗히 먹게됩니다.
옆테이블 청년분들 공기밥 무료로 더 주시는 후함도 봅이다.
혼밥으로 한끼 맛있게 먹었습니다.",긍정적,긍정적,긍정적,긍정적,긍정적,긍정적
2024-10,"돈가스는 바삭한 튀김옷과 부드러운 돼지고기, 잘 어우러진 소스가 입안 가득 퍼지면서 정말 황홀한 맛을 자아냈어요. 얇게 썰려서 씹히는 느낌도 좋고, 고기의 풍미가 정말 뛰어났어요.

냉모밀은 시원한 국물과 쫄깃한 면발이 환상의 조화를 이루면서, 시원하게 먹을 수 있었어요. 특히, 냉모밀 국물의 감칠맛이 돈가스와 잘 어우러져서 더욱 맛있었어요.",긍정적,긍정적,알 수 없음,긍정적,긍정적,긍정적
2024-10,덕분에 맛있는 함박스테이크 먹었습니다!ㅎㅎ 사장님 바쁘신 와중에 친절하시고 기분 좋은 식사였어요,긍정적,긍정적,긍정적,알 수 없음,긍정적,긍정적
2024-08,"육수에 살얼음이 동동 띄워져 있어 한 입 마시면 뼛속까지 시원해지는 느낌이 들고 쫄깃한 면발과 함께 먹으면 더욱 맛있습니다.

짭짤하면서도 달콤한 맛이 일품이며 와사비,파 등을 함께 먹으면 더욱 풍부한 맛을 느낄 수 있습니다.

면발의 식감이 쫄깃하고 맛있네요~^^",긍정적,긍정적,알 수 없음,알 수 없음,긍정적,긍정적
2024-09,"알바생 바뀌고, 아직 욱달되지 않은 듯.",부정적,알 수 없음,부정적,알 수 없음,부정적,부정적
2024-10,"김치우동정식 양이 엄청 많고, 칼칼하니 맛있음",긍정적,긍정적,알 수 없음,긍정적,긍정적,긍정적
2024-08,더운날 최고👍🏻,긍정적,긍정적,알 수 없음,알 수 없음,긍정적,긍정적
2024-07,너무 맛있어요 더운날 기다리면서 먹어도 만족스러운 맛입니다,긍정적,긍정적,알 수 없음,알 수 없음,긍정적,긍정적
2024-04,"등심 새우 돈까스 맛있게 먹었어요
특히 셋트로 시켰을때 같이나온 냉모밀이 정말 시원하고 맛있기도 했어요
정말 친절하시고 맛있었습니다.",긍정적,긍정적,긍정적,긍정적,긍정적,긍정적
2024-07,오늘은 날이 더워서 냉모밀을 먹었는데 맛있었어요,긍정적,긍정적,알 수 없음,알 수 없음,긍정적,긍정적
2024-06,빨래방 가는길에 자주 가서 먹어요!! 맛있어요 ㅠ,긍정적,긍정적,알 수 없음,알 수 없음,긍정적,긍정적
2024-03,이름대로 치즈가 홍수 난것같아요ㅎㅎ 맛있어요! 스프도 나오고 빵도 나오고 좋아요ㅎㅎ 소스 따로 추가하는 가격이 조금 비싼것도 같지만 소스 양이 많아서 괜찮아요ㅎㅎ 잘먹었어요!!,긍정적,긍정적,긍정적,긍정적,긍정적,긍정적
2024-08,굿굿,긍정적,긍정적,알 수 없음,알 수 없음,긍정적,긍정적
2024-06,믿음의 돈까스 브라운 돈까스!!,긍정적,긍정적,알 수 없음,알 수 없음,긍정적,긍정적
2024-05,한끼 식사로 충분. 재차 가게 된다.. ^^,긍정적,긍정적,알 수 없음,긍정적,긍정적,긍정적
2024-04,"포장해서 점심 먹기에도 넉넉하고, 저녁으로도 부족함이 없다.",긍정적,긍정적,알 수 없음,긍정적,긍정적,긍정적
2024-03,돈까스가 정말 맛있어서 좋습니다!,긍정적,긍정적,알 수 없음,알 수 없음,긍정적,긍정적
2024-01,직장 동료들과 함께 저녁을 먹으러 가는 날이었습니다 세트 메뉴도 맛있었고 단품 메뉴도 맛있었습니다 식전 빵도 딸기쨈에 발라 먹으면 굉장히 맛있고 포만감도 느낄 수 있습니다 사장님께서 굉장히 친절하셔서 기분 좋게 맛있게 먹을 수 있었습니다,긍정적,긍정적,긍정적,긍정적,긍정적,긍정적
2024-03,돈까스 맛있어요!,긍정적,긍정적,알 수 없음,알 수 없음,긍정적,긍정적
2024-03,맛있어요 :),긍정적,긍정적,알 수 없음,알 수 없음,긍정적,긍정적
2024-01,"양도 은근 많고 두툼하고..
돈까스 말고도 빵이나 스프도 같이 나옵니다 ㅎㅎ",긍정적,긍정적,긍정적,긍정적,긍정적,긍정적
2024-05,친절하고 청결해요,긍정적,알 수 없음,긍정적,알 수 없음,긍정적,긍정적
2023-09,"식전빵 데워서 나옵니다. 따끈해요
스프도 따뜻하구요 맛있었어요
돈까스가 방금 튀겨져서 나와서 바삭바삭해요
까르보나라 돈까스, 등심+안심 돈까스 메밀세트
시켰어요. 맛있어요~~~👍🏻👍🏻
까르보나라 느끼할까봐 매운소스도
챙겨주신 사장님 친절해요!
깍두기랑 오이피클 반찬있어요 맛있어요
재방문ㄱㄱㄱ!",긍정적,긍정적,긍정적,긍정적,긍정적,긍정적
2023-10,"바삭하니 맛있다.
한끼 식사로 충분한 양.

근무자 친절.
무인 주문.
포장 위주.
주차 불가.
02-516-1253.
월~금. 10:30~20:30.
일요일. 11:00~20:00.",긍정적,긍정적,긍정적,긍정적,긍정적,긍정적
2023-11,"시끄럽지 않게, 포장으로 해결한다.
맛 훌륭. 추천.",긍정적,긍정적,긍정적,알 수 없음,긍정적,긍정적
2024-01,굳,긍정적,알 수 없음,알 수 없음,알 수 없음,긍정적,긍정적
2023-10,"홍수고구마치즈돈까스
고구마무스, 치즈가 가득!!!
카레돈까스도 맛있어요👍🏻👍🏻",긍정적,긍정적,알 수 없음,알 수 없음,긍정적,긍정적
2024-01,굿,긍정적,긍정적,알 수 없음,알 수 없음,긍정적,긍정적
2023-08,매장이 넓은 편은 아니지만 깔끔하고 정식세트에 스프 왜 이리 맛있죠...ㅎㅎ정식 추천합니다,긍정적,긍정적,알 수 없음,알 수 없음,긍정적,긍정적
2023-10,굿,긍정적,긍정적,알 수 없음,알 수 없음,긍정적,긍정적
2023-10,굳,긍정적,알 수 없음,알 수 없음,알 수 없음,긍정적,긍정적
2023-10,좋아요!,긍정적,알 수 없음,긍정적,알 수 없음,긍정적,긍정적
2023-10,굿,긍정적,긍정적,알 수 없음,알 수 없음,긍정적,긍정적
2023-10,굿,긍정적,긍정적,알 수 없음,알 수 없음,긍정적,긍정적
2023-06,조아요,긍정적,알 수 없음,알 수 없음,알 수 없음,긍정적,긍정적
2023-06,굿,긍정적,긍정적,알 수 없음,알 수 없음,긍정적,긍정적
2022-10,"압구정에 본점이 있었던 경양식 스타일 돈까스 맛집의 강남 뱅뱅사거리점

요즘은 돈까스라고 하면, 일본식 돈까스가 더 보편적인 시대지만, 꿋꿋하게 클래식이라 할 수 있는 경양식 스타일을 추구하는 곳

당연히 돈까스 주문시 스프도 주고 모닝빵도 주는 정겨운 구성이고, 메인인 돈까스의 맛도 양도 아주 훌륭한 곳

신메뉴 개발에도 적극적이어서 일정기간이 지나서 방문하면 못보던 메뉴가 추가되어있곤 함",긍정적,긍정적,긍정적,긍정적,긍정적,긍정적
2023-06,굿,긍정적,긍정적,알 수 없음,알 수 없음,긍정적,긍정적
2023-02,반반돈까스 맛있고 양도 많아서 좋습니다!,긍정적,긍정적,알 수 없음,긍정적,긍정적,긍정적
2023-04,조아요,긍정적,알 수 없음,알 수 없음,알 수 없음,긍정적,긍정적
2022-12,돈까스가 맛있고 양도 추짐해서 좋습니다 ㅎㅎ,긍정적,긍정적,알 수 없음,긍정적,긍정적,긍정적
2023-03,혼자가기는 불편해요,부정적,알 수 없음,부정적,알 수 없음,부정적,부정적
2023-04,맛나요~,긍정적,긍정적,알 수 없음,알 수 없음,긍정적,긍정적
2022-08,"홍수치즈돈까스, a정식주문. 식전빵이랑 딸기잼, 스프두 옛날 경양식집에서 먹던 추억의 맛이였어요, 홍수치즈돈까스는 치즈가 엄청나게 푸짐해서 너무 좋았고 맛도 좋았어요, 등심, 안심이 같이 나오는 정식a세트에 냉모밀 추가했는데 소스도 맛있구 돈까스자체는 평범한거 같지만 느끼함이 적어서 진짜 맛있게 먹었네요, 냉모밀 육수 너무 맛있어서 추가해서 먹길 잘한거같아요!",긍정적,긍정적,긍정적,긍정적,긍정적,긍정적
2022-11,"식전 스프, 빵까지 나오는
옛날 생각나는 경양식 돈까스",긍정적,긍정적,알 수 없음,긍정적,긍정적,긍정적
2023-06,맛있어요!,긍정적,긍정적,알 수 없음,알 수 없음,긍정적,긍정적
2023-03,맛있어요 ㅎㅎ,긍정적,긍정적,알 수 없음,알 수 없음,긍정적,긍정적
2022-09,"식전 빵과 스프부터 심상치않다!
맛난 에피타이저와 함께 다양한 돈까스메뉴 덕에 즐거운 점심식사를 즐겼습니다!
다음에 또 방문하려고 합니다 ㅎㅎ",긍정적,긍정적,알 수 없음,알 수 없음,긍정적,긍정적
2022-11,치즈돈까스 대박맛있어요👍,긍정적,긍정적,알 수 없음,알 수 없음,긍정적,긍정적
2023-01,맛있네요 굿굿 만족합니다,긍정적,긍정적,알 수 없음,알 수 없음,긍정적,긍정적
2023-02,안심까스 부드럽고 맛있어요,긍정적,긍정적,알 수 없음,알 수 없음,긍정적,긍정적
2022-11,돈까스가 바삭바삭 맛있어요. 재방문의사 있습니다.,긍정적,긍정적,알 수 없음,알 수 없음,긍정적,긍정적
2022-12,안심 너무 맛있네요ㅎㅎ,긍정적,긍정적,알 수 없음,알 수 없음,긍정적,긍정적
2023-02,굳,긍정적,알 수 없음,알 수 없음,알 수 없음,긍정적,긍정적
2022-11,수제 느낌의 돈까스 맛나네요,긍정적,긍정적,알 수 없음,알 수 없음,긍정적,긍정적
2022-11,"추억의 옛날 돈까스 스타일인데, 맛있네요.",긍정적,긍정적,알 수 없음,알 수 없음,긍정적,긍정적
2023-02,맛있어요,긍정적,긍정적,알 수 없음,알 수 없음,긍정적,긍정적
2022-11,돈까스 양이 많고 맛있어서 좋습니다!,긍정적,긍정적,알 수 없음,긍정적,긍정적,긍정적
2023-02,굿,긍정적,긍정적,알 수 없음,알 수 없음,긍정적,긍정적
2022-08,"정말 맛나요!!
돈까스가 담백하고 고소해서 기름냄새 전혀 나지않고
특히 칼만 대는데 홍수처럼 쏟아져나오는 치즈 예술이에요!!!!!! 대박!",긍정적,긍정적,알 수 없음,긍정적,긍정적,긍정적
2022-10,굳,긍정적,알 수 없음,알 수 없음,알 수 없음,긍정적,긍정적
2022-10,굳굳,긍정적,알 수 없음,알 수 없음,알 수 없음,긍정적,긍정적
2022-04,"식전빵도 맛있고 스프도 맛있어용 ㅎㅎ
돈가스 계란 추가해서 먹었는데 역시~",긍정적,긍정적,알 수 없음,긍정적,긍정적,긍정적
2022-10,굳,긍정적,알 수 없음,알 수 없음,알 수 없음,긍정적,긍정적
2022-08,친절하고맛잇어요,긍정적,긍정적,긍정적,알 수 없음,긍정적,긍정적
2022-09,굿굿,긍정적,긍정적,알 수 없음,알 수 없음,긍정적,긍정적
2022-05,돈까스가 짱 커요,긍정적,긍정적,알 수 없음,알 수 없음,긍정적,긍정적
2022-08,좋아요,긍정적,알 수 없음,알 수 없음,알 수 없음,긍정적,긍정적
2022-05,튀겨놓은 돈까스를 데워서 주시네요...ㅜㅜ,부정적,부정적,긍정적,알 수 없음,부정적,부정적
2022-11,아주 조한요,긍정적,긍정적,알 수 없음,알 수 없음,긍정적,긍정적
2022-07,맛있어요,긍정적,긍정적,알 수 없음,알 수 없음,긍정적,긍정적
2023-03,맛있어요,긍정적,긍정적,알 수 없음,알 수 없음,긍정적,긍정적
2022-08,굿,긍정적,긍정적,알 수 없음,알 수 없음,긍정적,긍정적
2022-09,맛이 좋아요,긍정적,긍정적,알 수 없음,알 수 없음,긍정적,긍정적
2022-05,ㅅㅅ,긍정적,알 수 없음,알 수 없음,알 수 없음,부정적,긍정적
2022-05,굿,긍정적,긍정적,알 수 없음,알 수 없음,긍정적,긍정적
2022-09,굿,긍정적,긍정적,알 수 없음,알 수 없음,긍정적,긍정적
2022-03,맛있어요,긍정적,긍정적,알 수 없음,알 수 없음,긍정적,긍정적
2022-05,좋아요,긍정적,알 수 없음,알 수 없음,알 수 없음,긍정적,긍정적
2022-02,좋아요,긍정적,알 수 없음,알 수 없음,알 수 없음,긍정적,긍정적
2021-10,밥이 조금 굳어있었어요 ㅜ,긍정적,부정적,알 수 없음,알 수 없음,부정적,긍정적
2021-01,굿,긍정적,긍정적,알 수 없음,알 수 없음,긍정적,긍정적
