﻿Date,Review,Final_Sentiment,맛,서비스,양,sentiment,Sentiment2
2024-09,"지나가다가 오늘 첨으로 먹어 봤는데
혼자 싸구 배불리 먹고 싶을때 딱 좋을듯^~^",긍정적,긍정적,알 수 없음,긍정적,긍정적,긍정적
2024-08,"친절하시고 좋아요~
맛있어요~👍👍",긍정적,긍정적,긍정적,알 수 없음,긍정적,긍정적
2024-11,굿,긍정적,긍정적,알 수 없음,알 수 없음,긍정적,긍정적
2024-07,"맛있어요! 자주 갑니다
치즈밥버거에 청양 추가 좋아요",긍정적,긍정적,알 수 없음,알 수 없음,긍정적,긍정적
2024-10,굿,긍정적,긍정적,알 수 없음,알 수 없음,긍정적,긍정적
2024-07,맛있어용 히히,긍정적,긍정적,알 수 없음,알 수 없음,긍정적,긍정적
2024-05,봉구스 밥버거는 어렸을 때부터 즐겨 먹었던 음식이에요. 집 가까이에 있어서 정말 좋습니다.,긍정적,긍정적,알 수 없음,알 수 없음,긍정적,긍정적
2024-05,재택근무 할때는 무조건 점심으로 봉구스를 먹습니다. 정말 맛있고 좋습니다. 요새같이 어려운 때에 더욱 힘이 되는 봉구스,긍정적,긍정적,알 수 없음,알 수 없음,긍정적,긍정적
2024-08,.,알 수 없음,알 수 없음,알 수 없음,알 수 없음,알 수 없음,알 수 없음
2024-05,재택근무하는 기간 내내 점심을 책임져주고 있습니다. 정말 좋아요!,긍정적,알 수 없음,긍정적,알 수 없음,긍정적,긍정적
2024-07,굿,긍정적,긍정적,알 수 없음,알 수 없음,긍정적,긍정적
2024-04,진짜 좋아요 봉구퀀! 정말 맛있고 양도 좋아요! 가격도 요새 물가 생각하면 합리적인것 같아요!,긍정적,긍정적,알 수 없음,긍정적,긍정적,긍정적
2024-04,봉구퀸 맛있어서 계속 먹게 됩니다. 정말 좋아요!,긍정적,긍정적,알 수 없음,알 수 없음,긍정적,긍정적
2024-04,봉구스 짱입니다. 10년 넘게 먹고 있어요!,긍정적,긍정적,알 수 없음,알 수 없음,긍정적,긍정적
2024-04,예전에 많이 갔었는데 오랜만에 방문해보네요ㅎㅎ 컵밥 먹었는데 혼밥 하기 딱인 거 같아용,긍정적,긍정적,알 수 없음,알 수 없음,긍정적,긍정적
2024-04,맛있어요 :),긍정적,긍정적,알 수 없음,알 수 없음,긍정적,긍정적
2024-05,굿,긍정적,긍정적,알 수 없음,알 수 없음,긍정적,긍정적
2023-12,"메뉴 구성이 다양해요 !
간단히 든든하게 먹기 조와욤 ! 기본 봉구스에 치즈,멸치토핑 꼭 추가해서 먹어용",긍정적,긍정적,알 수 없음,긍정적,긍정적,긍정적
2024-04,굿,긍정적,긍정적,알 수 없음,알 수 없음,긍정적,긍정적
2023-12,컵밥 하나도 양이 많아요.,긍정적,알 수 없음,알 수 없음,긍정적,긍정적,긍정적
2024-01,생각보다 양이 많아요,긍정적,알 수 없음,알 수 없음,긍정적,긍정적,긍정적
2024-01,든든하고 맛있었어요!,긍정적,긍정적,알 수 없음,긍정적,긍정적,긍정적
2024-03,굿,긍정적,긍정적,알 수 없음,알 수 없음,긍정적,긍정적
2024-02,맛은있어요 ㅋ,긍정적,긍정적,알 수 없음,알 수 없음,긍정적,긍정적
2023-11,친절하셔요 감사합니다 😊,긍정적,알 수 없음,긍정적,알 수 없음,긍정적,긍정적
2023-12,혼밥 괜찮아요 ㅋㅋ,긍정적,알 수 없음,알 수 없음,알 수 없음,긍정적,긍정적
2023-12,친절하고 좋아요,긍정적,알 수 없음,긍정적,알 수 없음,긍정적,긍정적
2024-01,불고기 굿,긍정적,긍정적,알 수 없음,알 수 없음,긍정적,긍정적
2024-01,나름 괜츈,긍정적,긍정적,알 수 없음,알 수 없음,긍정적,긍정적
2023-11,혼밥 굿,긍정적,알 수 없음,알 수 없음,긍정적,긍정적,긍정적
2023-08,굳굳 봉구스밥버거 흥하세용,긍정적,긍정적,알 수 없음,알 수 없음,긍정적,긍정적
2023-09,굿,긍정적,긍정적,알 수 없음,알 수 없음,긍정적,긍정적
2023-08,맛있어요,긍정적,긍정적,알 수 없음,알 수 없음,긍정적,긍정적
2023-09,굿,긍정적,긍정적,알 수 없음,알 수 없음,긍정적,긍정적
2023-02,"양 많아도 맛이 없으면 손 안가는데
맛나고 푸짐하게 든든해요
입맛데로~메뉴가 엄청 다양해요",긍정적,긍정적,알 수 없음,긍정적,긍정적,긍정적
2024-02,굿,긍정적,긍정적,알 수 없음,알 수 없음,긍정적,긍정적
2023-08,굿,긍정적,긍정적,알 수 없음,알 수 없음,긍정적,긍정적
2023-05,너무 달아졌어요... 예전 같지 않음,부정적,부정적,알 수 없음,알 수 없음,부정적,부정적
2023-07,굿,긍정적,긍정적,알 수 없음,알 수 없음,긍정적,긍정적
2023-06,굿,긍정적,긍정적,알 수 없음,알 수 없음,긍정적,긍정적
2023-02,맛있어요 정말 아이가 넘 좋아해요,긍정적,긍정적,알 수 없음,알 수 없음,긍정적,긍정적
2023-11,굿,긍정적,긍정적,알 수 없음,알 수 없음,긍정적,긍정적
2023-11,굿,긍정적,긍정적,알 수 없음,알 수 없음,긍정적,긍정적
2023-01,편하게 한끼 할때 찾는 집!,긍정적,알 수 없음,긍정적,알 수 없음,긍정적,긍정적
2022-12,너무 좋아하는 봉구스 그 맛!,긍정적,긍정적,알 수 없음,알 수 없음,긍정적,긍정적
2023-03,좋아,긍정적,알 수 없음,알 수 없음,알 수 없음,긍정적,긍정적
2023-09,굿,긍정적,긍정적,알 수 없음,알 수 없음,긍정적,긍정적
2023-02,급할때 너무좋음,긍정적,긍정적,알 수 없음,알 수 없음,긍정적,긍정적
2022-09,"추억의 봉구스밥버거✨
오랜만에 먹으니까 더 맛있어요!!😋",긍정적,긍정적,알 수 없음,알 수 없음,긍정적,긍정적
2022-09,"꾹꾹 눌러서 먹는데 중앙에만 토핑있고 나머진 다 맨밥입니다;
지난번 주문 땐 토핑이 많진 않아도 이정돈 아니었는데 오늘은 그냥 맨밥 퍼먹는 기분이에요;
이럴 거면 그냥 밥퍼다가 먹었죠
이걸 돈받고 파시나요?
한두 개만 이러면 그냥 저 하나 안 먹고 말지 여섯 개가 전부 이모양이면 이걸 먹으라는 건지 말라는 건지 모르겠어요;
결국 다 남기고 중국집 배달 시켜 먹었어요
배달도 뭔 30분인지 40분인지 걸린다더니 한시간 걸려서 오고 뭐하자는 건지 모르겠네요
맛있는 음식 먹기 위해서 한시간 기다릴 수 있죠
근데 맨밥인지 밥버건지 모를 음식 먹겠다고 기다린 건 아닌데요?",부정적,부정적,부정적,알 수 없음,부정적,부정적
2022-10,"직원분께서 친절하십니다^^
6개주문했는데 개별포장도해주시고 감사합니다 ㅎㅎㅎ",긍정적,알 수 없음,긍정적,긍정적,긍정적,긍정적
2022-09,그냥 싼맛에 가끔먹을만해요,부정적,부정적,알 수 없음,알 수 없음,부정적,부정적
2023-07,굿,긍정적,긍정적,알 수 없음,알 수 없음,긍정적,긍정적
2023-02,항상 맛있음,긍정적,긍정적,알 수 없음,알 수 없음,긍정적,긍정적
2022-08,제육맛있어요~,긍정적,긍정적,알 수 없음,알 수 없음,긍정적,긍정적
2022-09,가성비 좋아요,긍정적,긍정적,알 수 없음,알 수 없음,긍정적,긍정적
2023-05,굿,긍정적,긍정적,알 수 없음,알 수 없음,긍정적,긍정적
2023-01,존맛ㅎ,긍정적,긍정적,알 수 없음,알 수 없음,긍정적,긍정적
2023-04,굿,긍정적,긍정적,알 수 없음,알 수 없음,긍정적,긍정적
2023-04,굿,긍정적,긍정적,알 수 없음,알 수 없음,긍정적,긍정적
2022-09,시간 없을때 급리 해결하기 좋아요,긍정적,알 수 없음,긍정적,긍정적,긍정적,긍정적
2023-03,굿,긍정적,긍정적,알 수 없음,알 수 없음,긍정적,긍정적
2022-07,간단하게 끼니 때우기 좋아여,긍정적,알 수 없음,긍정적,알 수 없음,긍정적,긍정적
2023-01,굿,긍정적,긍정적,알 수 없음,알 수 없음,긍정적,긍정적
2023-01,굿,긍정적,긍정적,알 수 없음,알 수 없음,긍정적,긍정적
2022-01,싼 가격에 점심 먹을 수 있어서 좋아요,긍정적,긍정적,긍정적,긍정적,긍정적,긍정적
2022-12,굿,긍정적,긍정적,알 수 없음,알 수 없음,긍정적,긍정적
2022-03,맛있어요,긍정적,긍정적,알 수 없음,알 수 없음,긍정적,긍정적
2022-03,goood,긍정적,알 수 없음,알 수 없음,알 수 없음,긍정적,긍정적
2022-04,굿,긍정적,긍정적,알 수 없음,알 수 없음,긍정적,긍정적
2022-02,굿,긍정적,긍정적,알 수 없음,알 수 없음,긍정적,긍정적
2022-02,맛있어요,긍정적,긍정적,알 수 없음,알 수 없음,긍정적,긍정적
2022-03,굿,긍정적,긍정적,알 수 없음,알 수 없음,긍정적,긍정적
2021-11,조아용,긍정적,알 수 없음,알 수 없음,알 수 없음,긍정적,긍정적
2022-02,좋아요,긍정적,알 수 없음,알 수 없음,알 수 없음,긍정적,긍정적
2021-07,양이 적어요,부정적,알 수 없음,알 수 없음,부정적,부정적,부정적
2021-02,"한 번씩 꼭 들리게 되는 곳
친절도 합니다",긍정적,알 수 없음,긍정적,알 수 없음,긍정적,긍정적
2021-04,좋아요~~,긍정적,긍정적,알 수 없음,알 수 없음,긍정적,긍정적
2021-02,자주가요 맛있어요!,긍정적,긍정적,알 수 없음,알 수 없음,긍정적,긍정적
2021-02,저렴하고 맛있고 양도 많고 친절하셔서 자주 옵니당,긍정적,긍정적,긍정적,긍정적,긍정적,긍정적
2021-02,맛있어요 내용물도 적당,긍정적,긍정적,알 수 없음,알 수 없음,긍정적,긍정적
2021-02,맛있어요 내용물도 적당,긍정적,긍정적,알 수 없음,알 수 없음,긍정적,긍정적
2021-01,맛있고 저렴하고 좋아요,긍정적,긍정적,알 수 없음,긍정적,긍정적,긍정적
2021-02,굿,긍정적,긍정적,알 수 없음,알 수 없음,긍정적,긍정적
2020-10,친절하시고 맛있어요,긍정적,긍정적,긍정적,알 수 없음,긍정적,긍정적
2020-11,맛있었어요.,긍정적,긍정적,알 수 없음,알 수 없음,긍정적,긍정적
2020-08,큰 회사 건물 1층 안쪽으로 있어서 찾기 좀 어렵다,긍정적,알 수 없음,부정적,알 수 없음,부정적,긍정적
2020-07,간단한식사 편하게 먹을 수 있어서 좋아요,긍정적,알 수 없음,긍정적,긍정적,긍정적,긍정적
2020-06,친절하고 맛있어요,긍정적,긍정적,긍정적,알 수 없음,긍정적,긍정적
2020-06,친절하시고 음식도 되게 빨리 나왔어요! 맛있게 잘 먹고 가요~,긍정적,긍정적,긍정적,알 수 없음,긍정적,긍정적
2020-04,김치 볶지도 않고 내용 텅텅..,부정적,부정적,알 수 없음,부정적,부정적,부정적
2020-04,친절하시고 양이 많네요. 매장은 좁아서 포장하는게 좋아요,긍정적,알 수 없음,긍정적,긍정적,긍정적,긍정적
2019-10,따뜻하게 밥을 듬뿍 해주셔서 처음 먹어보는데 대만족! 자주 애용해야겠어요👍,긍정적,긍정적,긍정적,긍정적,긍정적,긍정적
2020-03,굿,긍정적,긍정적,알 수 없음,알 수 없음,긍정적,긍정적
