﻿Date,Review,Final_Sentiment,맛,서비스,양,sentiment,Sentiment2
2024-10,"가격이 저렴하고, 친절하시고, 음식도 맛있습니다.",긍정적,긍정적,긍정적,알 수 없음,긍정적,긍정적
2024-06,볶음밥 맛집입니다. 정말 친구들에게도 추천하고싶은 곳이에요!,긍정적,긍정적,알 수 없음,알 수 없음,긍정적,긍정적
2024-06,간만에 기교없는 중화요리 먹었어요,부정적,부정적,알 수 없음,알 수 없음,부정적,부정적
2024-05,"짜장면 먹고싶어서 급으로 가서 ㅎㅎ
맛나요 편한분위깁니당",긍정적,긍정적,긍정적,알 수 없음,긍정적,긍정적
2024-06,맛잇어용!,긍정적,긍정적,알 수 없음,알 수 없음,긍정적,긍정적
2024-02,"회사 점심시간
짬뽕밥 맛나여",긍정적,긍정적,알 수 없음,알 수 없음,긍정적,긍정적
2024-02,좋아요,긍정적,알 수 없음,알 수 없음,알 수 없음,긍정적,긍정적
2023-11,짬뽕밥이 맛남,긍정적,긍정적,알 수 없음,알 수 없음,긍정적,긍정적
2024-02,좋아요,긍정적,알 수 없음,알 수 없음,알 수 없음,긍정적,긍정적
2023-11,굿,긍정적,긍정적,알 수 없음,알 수 없음,긍정적,긍정적
2023-09,정통 수제는 아닌 듯...,부정적,부정적,알 수 없음,알 수 없음,부정적,부정적
2023-05,"탕짜면 먹엇어요~
평일 점심시간보다 살짝 일찍가서 겨우 앉앗고 저희 앉고 바로 웨이팅 생기더라구요!
가성비👍",긍정적,긍정적,긍정적,알 수 없음,긍정적,긍정적
2023-03,적당히 괜찮아요!,긍정적,알 수 없음,알 수 없음,알 수 없음,긍정적,긍정적
2022-12,볶음밥이 맛있어요,긍정적,긍정적,알 수 없음,알 수 없음,긍정적,긍정적
2022-09,양 진짜 많고 맛있어요!! 탕수육 존맛!! 짬뽕도 불향 가득 정말 맛남,긍정적,긍정적,알 수 없음,긍정적,긍정적,긍정적
2022-11,깨끗해요,긍정적,알 수 없음,긍정적,알 수 없음,긍정적,긍정적
2022-09,맛나게 먹었어요~,긍정적,긍정적,알 수 없음,알 수 없음,긍정적,긍정적
2022-11,좋아요,긍정적,알 수 없음,알 수 없음,알 수 없음,긍정적,긍정적
2022-10,굿,긍정적,긍정적,알 수 없음,알 수 없음,긍정적,긍정적
2022-10,맛나용,긍정적,긍정적,알 수 없음,알 수 없음,긍정적,긍정적
2022-09,ㅈ,부정적,알 수 없음,알 수 없음,알 수 없음,부정적,부정적
2022-09,친절해요,긍정적,알 수 없음,긍정적,알 수 없음,긍정적,긍정적
2022-09,굿,긍정적,긍정적,알 수 없음,알 수 없음,긍정적,긍정적
2022-09,굿,긍정적,긍정적,알 수 없음,알 수 없음,긍정적,긍정적
2022-07,"아퍼
맛",긍정적,부정적,알 수 없음,알 수 없음,부정적,긍정적
2022-08,ㅇ,알 수 없음,알 수 없음,알 수 없음,알 수 없음,알 수 없음,알 수 없음
2022-08,ㅅ,긍정적,알 수 없음,알 수 없음,알 수 없음,부정적,긍정적
2022-08,굿,긍정적,긍정적,알 수 없음,알 수 없음,긍정적,긍정적
2022-07,굿,긍정적,긍정적,알 수 없음,알 수 없음,긍정적,긍정적
2022-05,"영수증엔 북경반점인데 상호명은 생생짬뽕...
볶음밥이 진리입니다. 꼭드세요
탕수육은 찹쌀인거 같고 계피향강해요!",긍정적,긍정적,알 수 없음,긍정적,긍정적,긍정적
2022-06,굿,긍정적,긍정적,알 수 없음,알 수 없음,긍정적,긍정적
2022-05,굿,긍정적,긍정적,알 수 없음,알 수 없음,긍정적,긍정적
2022-01,굿,긍정적,긍정적,알 수 없음,알 수 없음,긍정적,긍정적
