﻿Date,Review,Final_Sentiment,맛,서비스,양,sentiment,Sentiment2
2024-02,예전부터 오래된 중국집이었는데 옛날에는 더 맛있었던 것 같습니다. 오늘은 오랜만에 가서 먹었는데 예전보다는 맛이 진하지 않달까. 살짝 간이 약한 거 같았어요.,긍정적,부정적,알 수 없음,알 수 없음,부정적,긍정적
2024-09,혼자라도 좋아요~~~외롭지 안아요,긍정적,알 수 없음,긍정적,알 수 없음,긍정적,긍정적
2024-08,탕수육이맛있어요,긍정적,긍정적,알 수 없음,알 수 없음,긍정적,긍정적
2024-08,굿,긍정적,긍정적,알 수 없음,알 수 없음,긍정적,긍정적
2024-06,베부르게 먹었어요,긍정적,긍정적,알 수 없음,알 수 없음,긍정적,긍정적
2024-04,탕수육은 고무줄인지 플라스틱인지 알수없는 지경이고 심지어 고기가 안들어 있는 것도 있었고 볶음밥은 물을 넣어 볶았나 싶을 정도로 질고 맛이 없어서 다신 방문하고 싶지 않아졌습니다. 원래 이렇지 않았는데 요즘 심각하네요.,부정적,부정적,부정적,알 수 없음,부정적,부정적
2024-04,음식이 맛있어요,긍정적,긍정적,알 수 없음,알 수 없음,긍정적,긍정적
2024-06,굿,긍정적,긍정적,알 수 없음,알 수 없음,긍정적,긍정적
2024-01,짜장면 먹는데도 군만두 써비스~ 이집 모든메뉴가 맛있어요,긍정적,긍정적,긍정적,알 수 없음,긍정적,긍정적
2023-11,"23년11월 기준 메뉴판
볶음밥이랑 짜장면 엄청 맛있네요
곱배기로 주문함 1500원 추가",긍정적,긍정적,알 수 없음,긍정적,긍정적,긍정적
2023-12,자장면 짬뽕 다 맛있어요!!👍,긍정적,긍정적,알 수 없음,알 수 없음,긍정적,긍정적
2024-02,굿,긍정적,긍정적,알 수 없음,알 수 없음,긍정적,긍정적
2023-10,"음식 빨리 나와요
맛있어요",긍정적,긍정적,긍정적,알 수 없음,긍정적,긍정적
2023-12,음식이 맛있어요.,긍정적,긍정적,알 수 없음,알 수 없음,긍정적,긍정적
2023-11,괜찮아요,긍정적,알 수 없음,알 수 없음,알 수 없음,긍정적,긍정적
2023-08,"특밥 먹었는데, 맛은 있는데..양파만 많아서 살짝 실망했어요",부정적,긍정적,알 수 없음,부정적,부정적,부정적
2023-11,맛있어요~^^,긍정적,긍정적,알 수 없음,알 수 없음,긍정적,긍정적
2023-07,대기하다가 들어갔는데 룸에 자리 안내해 주시면서 12시 30분에 예약손님 오니까 그전까지 먹으라고 하시는...ㅎ 어차피 그전에 먹고 나오긴 했는데 기분은 좀 그랬어요,부정적,알 수 없음,부정적,알 수 없음,부정적,부정적
2023-06,불맛가득한 짬뽕맛이 일품인 리첸!!! 항상 만족하고 와요!!,긍정적,긍정적,알 수 없음,알 수 없음,긍정적,긍정적
2023-07,맛있어요ㅡ 점심에 좋아요,긍정적,긍정적,알 수 없음,알 수 없음,긍정적,긍정적
2023-11,굳,긍정적,알 수 없음,알 수 없음,알 수 없음,긍정적,긍정적
2023-08,반반 세트로 팔아서 좋아요 탕수육 따끈따끈하니 맛있고 짬뽕이랑 짜장 맛도 진하니 좋습니당,긍정적,긍정적,알 수 없음,알 수 없음,긍정적,긍정적
2023-08,탕수육 맛집! 간도 딱 맞고 튀김옷 진짜 맛나용ㅎㅎ 꼭 가면 탕수육 먹기...,긍정적,긍정적,알 수 없음,알 수 없음,긍정적,긍정적
2023-08,탕수육 맛집! 탕짬면 너무 맛있게 잘 먹고 왔어요!,긍정적,긍정적,알 수 없음,알 수 없음,긍정적,긍정적
2023-08,좋아여 :),긍정적,긍정적,알 수 없음,알 수 없음,긍정적,긍정적
2023-10,맛있어요~^^,긍정적,긍정적,알 수 없음,알 수 없음,긍정적,긍정적
2023-09,굿,긍정적,긍정적,알 수 없음,알 수 없음,긍정적,긍정적
2023-09,굿,긍정적,긍정적,알 수 없음,알 수 없음,긍정적,긍정적
2023-07,좋아요 :),긍정적,알 수 없음,긍정적,알 수 없음,긍정적,긍정적
2023-11,점심시간에 사람이 많고 가성비 가기 괜찮은 곳이에요,긍정적,알 수 없음,긍정적,알 수 없음,긍정적,긍정적
2023-08,굿,긍정적,긍정적,알 수 없음,알 수 없음,긍정적,긍정적
2023-11,굿,긍정적,긍정적,알 수 없음,알 수 없음,긍정적,긍정적
2023-05,요 주변에 요만한 중식집 없는듯!!,긍정적,알 수 없음,알 수 없음,알 수 없음,긍정적,긍정적
2023-10,구,긍정적,알 수 없음,알 수 없음,알 수 없음,부정적,긍정적
2023-04,음 이 근방에서 제일 괜찮은 중국집듯 하지만 웨이팅이 있고 음식이 늦게 나오는 편이라 좀 아쉽. 그치만 어쩔 수 없는 부분이라 감안하고 먹게 되는 집!,긍정적,긍정적,부정적,알 수 없음,부정적,긍정적
2023-08,굿,긍정적,긍정적,알 수 없음,알 수 없음,긍정적,긍정적
2023-04,점심에 중식 땡겨서 다녀왔는데 먹을만 하네요!,긍정적,긍정적,알 수 없음,알 수 없음,긍정적,긍정적
2023-04,점심 맛있게 먹었어요,긍정적,긍정적,알 수 없음,알 수 없음,긍정적,긍정적
2023-05,맛있어요 :),긍정적,긍정적,알 수 없음,알 수 없음,긍정적,긍정적
2023-04,짬뽕 맛있게 잘 먹었습니다!!!,긍정적,긍정적,알 수 없음,알 수 없음,긍정적,긍정적
2023-09,"배너에 불짬뽕 적혀있어 늦은점심하기로~~~
역쉬! 잘찾아가 맛있게 먹음! 또 가게될 맛집",긍정적,긍정적,긍정적,알 수 없음,긍정적,긍정적
2023-06,굿,긍정적,긍정적,알 수 없음,알 수 없음,긍정적,긍정적
2023-09,맛있어용~ 군만두도 굿굿!,긍정적,긍정적,알 수 없음,알 수 없음,긍정적,긍정적
2023-04,비싸요,부정적,알 수 없음,부정적,알 수 없음,부정적,부정적
2023-05,좋아요,긍정적,알 수 없음,알 수 없음,알 수 없음,긍정적,긍정적
2023-05,좋아요,긍정적,알 수 없음,알 수 없음,알 수 없음,긍정적,긍정적
2023-01,짬뽕밥 먹었는데 그닥 다시 가서 먹고싶은 맛은 아니네요~~~,부정적,부정적,알 수 없음,알 수 없음,부정적,부정적
2023-03,굿굿,긍정적,긍정적,알 수 없음,알 수 없음,긍정적,긍정적
2022-11,"새우볶음밥 추천합니다
짬뽕국물도 굿",긍정적,긍정적,알 수 없음,알 수 없음,긍정적,긍정적
2022-12,메뉴가 다 맛있었요!!! 안주로도 최고!! 사장님이랑 직원분들 모두 친절하세요~~,긍정적,긍정적,긍정적,알 수 없음,긍정적,긍정적
2022-12,짬뽕 양은 많데 안 뜨거워요,부정적,부정적,알 수 없음,긍정적,부정적,부정적
2022-11,"점심때 자장면 먹으러 가는곳
저녁에 연태에 요리 먹으러 가는곳
음식이 깔끔하고 괜찮아요
연태 1+1 키핑가능 그래서 킵해놓은 술먹으러 또와여 ^^",긍정적,긍정적,긍정적,알 수 없음,긍정적,긍정적
2023-03,그,알 수 없음,알 수 없음,알 수 없음,알 수 없음,알 수 없음,알 수 없음
2023-02,짬뽕면이 맛있어요~,긍정적,긍정적,알 수 없음,알 수 없음,긍정적,긍정적
2022-12,무난하게 괜찮습니다,긍정적,알 수 없음,알 수 없음,알 수 없음,긍정적,긍정적
2022-12,양파가 가득한 짬뽕,긍정적,긍정적,알 수 없음,긍정적,긍정적,긍정적
2023-01,굳,긍정적,알 수 없음,알 수 없음,알 수 없음,긍정적,긍정적
2022-12,맛 좋아요. 점심에 자주 갑니다,긍정적,긍정적,알 수 없음,알 수 없음,긍정적,긍정적
2022-11,간단히 먹기 좋아요,긍정적,긍정적,알 수 없음,알 수 없음,긍정적,긍정적
2022-11,"탕수육 대를 시키고 두개를 나눠달라고 했더니 24,000 2개를 찍어놨더라고요
말을 해준것도아니도....
일단 먹어서 계산은 했는데 다시는 가고싶지 않네요",부정적,긍정적,부정적,알 수 없음,부정적,부정적
2023-01,굳,긍정적,알 수 없음,알 수 없음,알 수 없음,긍정적,긍정적
2022-11,점심으로 든든,긍정적,긍정적,알 수 없음,긍정적,긍정적,긍정적
2022-10,"뱅뱅사거리 안에서 다양한 식사 공간 유형이 마련되어있고, 회전율도 괜찮네요",긍정적,알 수 없음,긍정적,알 수 없음,긍정적,긍정적
2022-12,술이 킵이 되는 중국집,부정적,긍정적,부정적,알 수 없음,부정적,부정적
2022-11,삼선간짜장 맛있어요.,긍정적,긍정적,알 수 없음,알 수 없음,긍정적,긍정적
2022-11,매장 넓고 전체적으로 음식 괜찮아요!,긍정적,긍정적,알 수 없음,알 수 없음,긍정적,긍정적
2022-05,"지나다니면서 봐왔던 중화요리집 리첸.
여행객 식당인지 내부가 넒은 식당이 였습니다.

짬뽕이 진짜 맛있었습니다.
평소 먹었던 짬뽕은 건강하게 맛있게 드세요라는 느낌이면, 여기는 외식이면 이정도 되어야지!! 팍팍!! 재료 팍!

꽃게가 5개는 나온거 같고 불향도 나고 기본인데 양도 많고 배만 안불렀다면 밥까지 추가로 시켜 말아 먹었을 만큼 맛있었습니다.

짜장면
짬뽕
군만두",긍정적,긍정적,긍정적,긍정적,긍정적,긍정적
2022-09,늘 맛있게 잘 먹고 있습니다!,긍정적,긍정적,알 수 없음,알 수 없음,긍정적,긍정적
2022-09,양이 많고 서비스가 좋습니다.,긍정적,알 수 없음,긍정적,긍정적,긍정적,긍정적
2022-12,굿굿,긍정적,긍정적,알 수 없음,알 수 없음,긍정적,긍정적
2022-11,빠르고 맛있음,긍정적,긍정적,긍정적,알 수 없음,긍정적,긍정적
2022-06,"진짜 간짜장 맞는지 의심이 드는군요
주문한지 10초만에 나온 간짜장이라니…
그것도 야채를 바로 볶은것도 아니고 일반짜장 소스마냥 면위에 덮어서 나옴
가격도 9천원인데 이런식으로 장사하는건 좀 아닌듯..",부정적,부정적,부정적,긍정적,부정적,부정적
2022-08,짜장면도 맛있고 요리도 괜찮았어요,긍정적,긍정적,알 수 없음,알 수 없음,긍정적,긍정적
2023-04,맛있어요,긍정적,긍정적,알 수 없음,알 수 없음,긍정적,긍정적
2022-11,ㆍ,알 수 없음,알 수 없음,알 수 없음,알 수 없음,알 수 없음,알 수 없음
2022-06,"중국식 냉짬뽕
중국식 냉면 개시!!

땅코 소스 맛있었습니다.",긍정적,긍정적,알 수 없음,알 수 없음,긍정적,긍정적
2022-05,"저녁에 방문해도 사람이 많은 중화요리집
탕수육도 두툭하고 부먹으로 나오는 곳!
짬뽕 맛있어요!",긍정적,긍정적,알 수 없음,부정적,긍정적,긍정적
2022-10,굿굿,긍정적,긍정적,알 수 없음,알 수 없음,긍정적,긍정적
2022-12,요리가 맛있어요,긍정적,긍정적,알 수 없음,알 수 없음,긍정적,긍정적
2022-10,굿굿,긍정적,긍정적,알 수 없음,알 수 없음,긍정적,긍정적
2023-02,맛있어요,긍정적,긍정적,알 수 없음,알 수 없음,긍정적,긍정적
2022-11,좋아요,긍정적,알 수 없음,알 수 없음,알 수 없음,긍정적,긍정적
2022-08,간단하게 점심 먹기에 좋아요,긍정적,알 수 없음,긍정적,부정적,긍정적,긍정적
2022-10,굿굿,긍정적,긍정적,알 수 없음,알 수 없음,긍정적,긍정적
2022-08,쟁반짜장 맛나요,긍정적,긍정적,알 수 없음,알 수 없음,긍정적,긍정적
2022-06,맛있었습니다.,긍정적,긍정적,알 수 없음,알 수 없음,긍정적,긍정적
2023-01,간짜장 맛있어요!,긍정적,긍정적,알 수 없음,알 수 없음,긍정적,긍정적
2022-12,친절해요,긍정적,알 수 없음,긍정적,알 수 없음,긍정적,긍정적
2022-04,"볶음밥도 맛있고 탕수육이 젤맘에듦
다른곳은 고기가 비계가 많이 섞인 느낌에 튀김옷이 두꺼운데 적당하니 맛잇음 짬뽕 존맛",긍정적,긍정적,알 수 없음,알 수 없음,긍정적,긍정적
2023-01,맛있어요,긍정적,긍정적,알 수 없음,알 수 없음,긍정적,긍정적
2022-10,맛있어요 ~,긍정적,긍정적,알 수 없음,알 수 없음,긍정적,긍정적
2022-06,🧊,긍정적,알 수 없음,알 수 없음,알 수 없음,긍정적,긍정적
2022-09,ㅏ,부정적,알 수 없음,알 수 없음,알 수 없음,부정적,부정적
2022-07,삼선짬뽕맛있어요!,긍정적,긍정적,알 수 없음,알 수 없음,긍정적,긍정적
2022-08,맛있어용,긍정적,긍정적,알 수 없음,알 수 없음,긍정적,긍정적
2022-09,맛있습니다,긍정적,긍정적,알 수 없음,알 수 없음,긍정적,긍정적
2022-05,이 근처 중식당 중에 가성비 좋은 중식. 음식도 거즘 평타 이상이라 직장인 점심으로 먹기에 좋음.,긍정적,긍정적,알 수 없음,알 수 없음,긍정적,긍정적
2022-08,맛있어요,긍정적,긍정적,알 수 없음,알 수 없음,긍정적,긍정적
2022-11,맛있어요,긍정적,긍정적,알 수 없음,알 수 없음,긍정적,긍정적
2022-07,ㅏ,부정적,알 수 없음,알 수 없음,알 수 없음,부정적,부정적
2022-11,맛있어요,긍정적,긍정적,알 수 없음,알 수 없음,긍정적,긍정적
2022-04,"짜장이 많이 달긴 한데
맛있어요",긍정적,긍정적,알 수 없음,알 수 없음,긍정적,긍정적
2022-06,음식은 맛있어요,긍정적,긍정적,알 수 없음,알 수 없음,긍정적,긍정적
2022-09,친절해요,긍정적,알 수 없음,긍정적,알 수 없음,긍정적,긍정적
2022-07,맛있어요,긍정적,긍정적,알 수 없음,알 수 없음,긍정적,긍정적
2022-06,짜장면 맛집,긍정적,알 수 없음,알 수 없음,알 수 없음,긍정적,긍정적
2022-06,굿굿,긍정적,긍정적,알 수 없음,알 수 없음,긍정적,긍정적
2022-07,굿,긍정적,긍정적,알 수 없음,알 수 없음,긍정적,긍정적
2022-07,맛있어요,긍정적,긍정적,알 수 없음,알 수 없음,긍정적,긍정적
2022-06,굿,긍정적,알 수 없음,알 수 없음,알 수 없음,긍정적,긍정적
2022-03,해산물많이주심 짬짜면,긍정적,긍정적,알 수 없음,긍정적,긍정적,긍정적
2022-03,간짜장은비추..,부정적,부정적,알 수 없음,알 수 없음,부정적,부정적
2022-05,맛있어요,긍정적,긍정적,알 수 없음,알 수 없음,긍정적,긍정적
2022-08,맛있어요,긍정적,긍정적,알 수 없음,알 수 없음,긍정적,긍정적
2022-06,굿,긍정적,긍정적,알 수 없음,알 수 없음,긍정적,긍정적
2022-04,좋습니다.,긍정적,알 수 없음,알 수 없음,알 수 없음,긍정적,긍정적
2022-03,굿굿,긍정적,긍정적,알 수 없음,알 수 없음,긍정적,긍정적
2022-04,굿,긍정적,긍정적,알 수 없음,알 수 없음,긍정적,긍정적
2022-04,맛있어요,긍정적,긍정적,알 수 없음,알 수 없음,긍정적,긍정적
2022-04,👍,긍정적,알 수 없음,알 수 없음,긍정적,긍정적,긍정적
2022-03,ㅏ,부정적,알 수 없음,알 수 없음,알 수 없음,부정적,부정적
2022-03,좋아요,긍정적,알 수 없음,알 수 없음,알 수 없음,긍정적,긍정적
2021-12,보통이었습니다,부정적,알 수 없음,알 수 없음,알 수 없음,부정적,부정적
2022-03,맛있어요,긍정적,긍정적,알 수 없음,알 수 없음,긍정적,긍정적
2021-12,손님이 많아요,부정적,알 수 없음,부정적,알 수 없음,부정적,부정적
2022-01,굿,긍정적,긍정적,알 수 없음,알 수 없음,긍정적,긍정적
2022-01,식사맨,부정적,알 수 없음,알 수 없음,알 수 없음,부정적,부정적
2022-02,좋아요,긍정적,알 수 없음,알 수 없음,알 수 없음,긍정적,긍정적
2022-01,좋아요,긍정적,알 수 없음,알 수 없음,알 수 없음,긍정적,긍정적
2021-11,점심에 짜장면만 먹다가 저녁에 가서 이것저것 먹어봤는데 찹쌀 탕수육 넘 맛있네요!!,긍정적,긍정적,알 수 없음,알 수 없음,긍정적,긍정적
2021-11,점심 먹으러 직장 동료와 갔는데 테이블 빽빽하게 사람이 있더군요. 그런데 칸막이가 하나도 없는게 좀 의아하기도 하고 염려스러워서 먹는둥 마는둥 하고 나왔네요. 맛은 참 좋은데..,부정적,긍정적,부정적,알 수 없음,부정적,부정적
2022-01,ㅏ,부정적,알 수 없음,알 수 없음,알 수 없음,부정적,부정적
2022-01,굿,긍정적,긍정적,알 수 없음,알 수 없음,긍정적,긍정적
2021-10,점심 시간엔 항상 대기해야 되는 곳! 점심 시간을 살짝 피해서 가야 대기 없이 들어갈 수 있어요.,긍정적,알 수 없음,긍정적,부정적,긍정적,긍정적
2022-01,굿,긍정적,긍정적,알 수 없음,알 수 없음,긍정적,긍정적
2021-12,굿,긍정적,긍정적,알 수 없음,알 수 없음,긍정적,긍정적
2021-12,굳,긍정적,알 수 없음,알 수 없음,알 수 없음,긍정적,긍정적
2022-04,좋아요,긍정적,알 수 없음,알 수 없음,알 수 없음,긍정적,긍정적
2021-11,짬뽕 추천합니다,긍정적,긍정적,알 수 없음,알 수 없음,긍정적,긍정적
2021-12,👍,긍정적,알 수 없음,알 수 없음,긍정적,긍정적,긍정적
2021-08,회사근처 맛난 중국집,긍정적,긍정적,알 수 없음,알 수 없음,긍정적,긍정적
2021-09,"잡채밥 맛있어요
오늘의 메뉴는 할인가로 제공되요",긍정적,긍정적,긍정적,알 수 없음,긍정적,긍정적
2022-03,좋아요,긍정적,알 수 없음,알 수 없음,알 수 없음,긍정적,긍정적
2022-03,맛있네요,긍정적,긍정적,알 수 없음,알 수 없음,긍정적,긍정적
2021-12,맛있어요,긍정적,긍정적,알 수 없음,알 수 없음,긍정적,긍정적
2021-09,맛있어요! 서비스로 군만두도 주시네요,긍정적,긍정적,긍정적,알 수 없음,긍정적,긍정적
2021-11,좋아요,긍정적,알 수 없음,알 수 없음,알 수 없음,긍정적,긍정적
2022-03,좋아요,긍정적,알 수 없음,알 수 없음,알 수 없음,긍정적,긍정적
2021-11,굳굳,긍정적,알 수 없음,알 수 없음,알 수 없음,긍정적,긍정적
2021-11,맛있어요,긍정적,긍정적,알 수 없음,알 수 없음,긍정적,긍정적
2021-11,좋아요,긍정적,알 수 없음,알 수 없음,알 수 없음,긍정적,긍정적
2021-10,맛있습니다~,긍정적,긍정적,알 수 없음,알 수 없음,긍정적,긍정적
2021-10,좋아요,긍정적,알 수 없음,알 수 없음,알 수 없음,긍정적,긍정적
2021-09,좋아요,긍정적,알 수 없음,긍정적,알 수 없음,긍정적,긍정적
2021-12,좋아요,긍정적,알 수 없음,알 수 없음,알 수 없음,긍정적,긍정적
2021-12,좋아요,긍정적,알 수 없음,알 수 없음,알 수 없음,긍정적,긍정적
2021-08,맛있어요,긍정적,긍정적,알 수 없음,알 수 없음,긍정적,긍정적
2021-11,맛있오요,긍정적,긍정적,알 수 없음,알 수 없음,긍정적,긍정적
2021-11,좋아요,긍정적,알 수 없음,알 수 없음,알 수 없음,긍정적,긍정적
2021-05,1번째,알 수 없음,알 수 없음,알 수 없음,알 수 없음,알 수 없음,알 수 없음
2022-01,맛있습니다,긍정적,긍정적,알 수 없음,알 수 없음,긍정적,긍정적
2021-09,좋아요,긍정적,알 수 없음,알 수 없음,알 수 없음,긍정적,긍정적
2021-09,좋아요,긍정적,알 수 없음,알 수 없음,알 수 없음,긍정적,긍정적
2021-08,조아요,긍정적,알 수 없음,알 수 없음,알 수 없음,긍정적,긍정적
2021-04,맛있어요,긍정적,긍정적,알 수 없음,알 수 없음,긍정적,긍정적
2021-08,맛나요.,긍정적,긍정적,알 수 없음,알 수 없음,긍정적,긍정적
2021-04,좋습니다,긍정적,알 수 없음,알 수 없음,알 수 없음,긍정적,긍정적
2020-12,맛있어요 짬뽕불맛좋아요,긍정적,긍정적,알 수 없음,알 수 없음,긍정적,긍정적
2020-11,요리와 식사 모두 맛있는 집입니다. 특히 송이덮밥이 알차네요. 짬뽕은 걸죽하고 맵습니다. 저렴하지 않지만 재료를 아끼지 않아 가격값 합니다.,긍정적,긍정적,알 수 없음,긍정적,긍정적,긍정적
2021-02,굿,긍정적,긍정적,알 수 없음,알 수 없음,긍정적,긍정적
2021-03,좋아요,긍정적,알 수 없음,알 수 없음,알 수 없음,긍정적,긍정적
2020-12,맛도 있지만 재료가 신선하고 먹고나서 속이 편해요. 이근처 중국집중에서 최고입니다. 이집만 먹어요.,긍정적,긍정적,알 수 없음,알 수 없음,긍정적,긍정적
2021-03,굳,긍정적,알 수 없음,알 수 없음,알 수 없음,긍정적,긍정적
2021-03,맛있어요.,긍정적,긍정적,알 수 없음,알 수 없음,긍정적,긍정적
2020-11,간짜장 먹었는데 맛있어요👍,긍정적,긍정적,알 수 없음,알 수 없음,긍정적,긍정적
2020-11,먹을만 합니다~ 괜찮은 중식당,긍정적,긍정적,알 수 없음,알 수 없음,긍정적,긍정적
2021-02,굿,긍정적,긍정적,알 수 없음,알 수 없음,긍정적,긍정적
2021-02,맛있어요,긍정적,긍정적,알 수 없음,알 수 없음,긍정적,긍정적
2021-02,굿,긍정적,긍정적,알 수 없음,알 수 없음,긍정적,긍정적
2020-12,배달 빨라용,긍정적,알 수 없음,긍정적,알 수 없음,긍정적,긍정적
2020-07,"회사 점심시간에 다녀왔어요!
바뀌고 나서 더 맛있어진거 같은...",긍정적,긍정적,알 수 없음,알 수 없음,긍정적,긍정적
2020-07,"탕수육 차돌짬뽕 간짜장 볶음밥
다 맛있는건 뭡니까!!!",긍정적,긍정적,알 수 없음,알 수 없음,긍정적,긍정적
2020-07,"비오는 날엔 역시 짬뽕이죠!!
특히 삼선짬뽕은 해물이 가~~~~득
넘 맛있어요!!!",긍정적,긍정적,알 수 없음,알 수 없음,긍정적,긍정적
2020-07,"#뱅뱅사거리 #중식맛집 #리첸
맛있고 양 많아요",긍정적,긍정적,알 수 없음,긍정적,긍정적,긍정적
2020-09,짬뽕에서 불맛나고 정말 맛있습니다,긍정적,긍정적,알 수 없음,알 수 없음,긍정적,긍정적
2020-08,가성비 중국집 맛있음,긍정적,긍정적,알 수 없음,알 수 없음,긍정적,긍정적
2020-12,맛있어요,긍정적,긍정적,알 수 없음,알 수 없음,긍정적,긍정적
2020-07,"#리텐 #동네 중국집중 갓성비
보통 시키면 다른데 곱배기급
냉짬뽕 추천해요!!",긍정적,긍정적,알 수 없음,긍정적,긍정적,긍정적
2020-07,"뱅뱅사거리 중국집 맛집!!
보통이 다른집 곱배기인 클라쓰!!
중식 가성비왕!
여름엔 냉짬뽕 강추!!",긍정적,긍정적,알 수 없음,긍정적,긍정적,긍정적
2020-01,불짬뽕 맛나는 곳이라고 해서 처음으로 가봤다이모님이 현장에 친절하셨고 이 창에 있어서 접근성이 조금 불편하지만 주차장도 있고 그리고 무엇보다도 짬뽕도 맛있었고 차 돌짬뽕에 사유도 많이 들어 있고 그리고 깍두기 같이 냉면 석박지가 너무 맛잇엇다,긍정적,긍정적,긍정적,긍정적,긍정적,긍정적
2021-02,맛은 괜찮아요.직원분들이 엄청 친절하세요,긍정적,긍정적,긍정적,알 수 없음,긍정적,긍정적
2020-02,"일반 짬뽕 짜장은 보통.

게살볶음밥상타.

저번에 먹었던 차돌짬뽕이 맛잇엇다",긍정적,긍정적,알 수 없음,알 수 없음,긍정적,긍정적
2020-08,1번째 방문입니다,긍정적,알 수 없음,알 수 없음,알 수 없음,긍정적,긍정적
2020-08,맛나요,긍정적,긍정적,알 수 없음,알 수 없음,긍정적,긍정적
2020-08,귣,부정적,알 수 없음,알 수 없음,알 수 없음,부정적,부정적
2020-08,좋아요,긍정적,알 수 없음,알 수 없음,알 수 없음,긍정적,긍정적
2020-08,좋아요,긍정적,알 수 없음,알 수 없음,알 수 없음,긍정적,긍정적
2021-06,좋아요 ^^,긍정적,긍정적,알 수 없음,알 수 없음,긍정적,긍정적
2020-08,중식 괜찮음,긍정적,알 수 없음,알 수 없음,알 수 없음,긍정적,긍정적
2020-11,친절,긍정적,알 수 없음,긍정적,알 수 없음,긍정적,긍정적
2020-04,맛있어요 양많아요!,긍정적,긍정적,알 수 없음,긍정적,긍정적,긍정적
2020-05,좋아요좋아요좋아요 좋아요,긍정적,알 수 없음,알 수 없음,알 수 없음,긍정적,긍정적
2020-05,좋아요,긍정적,알 수 없음,알 수 없음,알 수 없음,긍정적,긍정적
2020-04,굿,긍정적,긍정적,알 수 없음,알 수 없음,긍정적,긍정적
2020-03,굿,긍정적,긍정적,알 수 없음,알 수 없음,긍정적,긍정적
2020-02,좋습니다. 또 방문할게요~,긍정적,알 수 없음,긍정적,알 수 없음,긍정적,긍정적
2020-01,친절해요,긍정적,알 수 없음,긍정적,알 수 없음,긍정적,긍정적
2020-04,맛잇어요,긍정적,긍정적,알 수 없음,알 수 없음,긍정적,긍정적
2019-10,"오늘 점심은 중국집.
가격을 점점 올리네ㅡㅡ",부정적,긍정적,부정적,알 수 없음,부정적,부정적
