﻿Date,Review,Final_Sentiment,맛,서비스,양,sentiment,Sentiment2
2024-08,"처음 먹어보는 냉짬뽕 새콤달콤 맛있었고
탕수육은 바로 튀긴 거 같은데 너무 단단해서 씹기가..ㅜㅜ
다른 날은 오늘 같지 않고 맛있었다고 함",긍정적,긍정적,알 수 없음,알 수 없음,긍정적,긍정적
2024-10,음식이 맛있고 빠르게 나옵니다. 혼밥도 좋고 빠르게 식사할 때도 좋아요~,긍정적,긍정적,긍정적,알 수 없음,긍정적,긍정적
2024-07,"일반 짜장이 맛있는 집이지요.
간짜장도 먹어봤는데 맛있었어요.
가게가 크지 않아서..
점심시간에는 웨이팅이 기본인 집입니다.
그치만 가격 착하고, 맛도 조코!
좋아용~",긍정적,긍정적,긍정적,알 수 없음,긍정적,긍정적
2024-05,친절하고 매장 깨끗하고 음식맛이 깔끔해요ㅎㅎ 바삭한 탕수육 제가 좋아하는 스타일이에요 >.< 번창하세요,긍정적,긍정적,긍정적,알 수 없음,긍정적,긍정적
2024-09,맛있고 배달도 빨라요,긍정적,긍정적,긍정적,알 수 없음,긍정적,긍정적
2024-06,빠르고 친절한 배달와주셨지만 해물이 더 있어야 한다고 생각을 했어요! ! 담에 또 먹을게요!,긍정적,알 수 없음,긍정적,부정적,긍정적,긍정적
2024-05,"좀 이른 점심을 먹기위해 11시반쯤 방문 !!
음식도 빨리나오고 직원분들도 친절해 기분좋게
먹고있는데 사장인지 매니저인지 출근해선
아니 손님도 없는데 에어컨을 켰냐며 직원들 타박시작
혼자지만 나도 손님이긴 한데...
제가 켜달라한건 아니었어요에효
그래도 짬뽕은 맛있었어요",부정적,긍정적,부정적,알 수 없음,부정적,부정적
2024-06,맛있고 양 많고 친절합니다.,긍정적,긍정적,긍정적,긍정적,긍정적,긍정적
2024-10,굿굿,긍정적,긍정적,알 수 없음,알 수 없음,긍정적,긍정적
2024-05,이 근방에서 쟁반짜장은 최고인듯!!,긍정적,긍정적,알 수 없음,알 수 없음,긍정적,긍정적
2024-06,삼선간짜장 추천.,긍정적,긍정적,알 수 없음,알 수 없음,긍정적,긍정적
2024-07,음식이 맛있어용,긍정적,긍정적,알 수 없음,알 수 없음,긍정적,긍정적
2024-06,음식이 정말 빨리 나옴,긍정적,알 수 없음,긍정적,알 수 없음,긍정적,긍정적
2024-05,너무 맛있게 잘 먹고 갑니다^^,긍정적,긍정적,알 수 없음,알 수 없음,긍정적,긍정적
2024-07,좋아요~,긍정적,알 수 없음,긍정적,알 수 없음,긍정적,긍정적
2024-04,맛있어요.,긍정적,긍정적,알 수 없음,알 수 없음,긍정적,긍정적
2024-05,맛있어요,긍정적,긍정적,알 수 없음,알 수 없음,긍정적,긍정적
2024-03,굿,긍정적,긍정적,알 수 없음,알 수 없음,긍정적,긍정적
2023-11,"흔한 동네 중국집.
한가지를 추천하라면, 삼선간짜장이 입에 맞는다.
탕수육도 무난했고.",긍정적,긍정적,알 수 없음,긍정적,긍정적,긍정적
