﻿Date,Review,Final_Sentiment,맛,서비스,양,sentiment,Sentiment2
2024-11,가정식 백반이 맛나요.,긍정적,긍정적,알 수 없음,알 수 없음,긍정적,긍정적
2024-06,화요일은 생선입니다.,긍정적,알 수 없음,알 수 없음,알 수 없음,부정적,긍정적
2024-04,"힝...제육 볶음 너무 비싸요 ㅠ 으아아아앙
부담스러워서 못갈것같아요 이제는 빠빠이",부정적,알 수 없음,부정적,부정적,부정적,부정적
2024-04,맛있고 인심좋게 푸짐한 백반 너무 좋아요,긍정적,긍정적,긍정적,긍정적,긍정적,긍정적
2023-10,혼밥하며 이렇게 챙기기 힘든데...한끼 거나하게 잘 묵었습니닷. 저녁 가정식으로 이날은 제육볶음 또는 고등어 구이 중 택1하는거였어요. 한상 9처넌. 밥이 흰밥만 아니라믄 딱인데 아숩.,긍정적,긍정적,긍정적,부정적,긍정적,긍정적
2024-01,맛잇어요 메뉴가 항상 신선하고 다양하고 개인적으로는 고추장 찌개가 젤 맛나요,긍정적,긍정적,알 수 없음,알 수 없음,긍정적,긍정적
2024-02,맛있어요,긍정적,긍정적,알 수 없음,알 수 없음,긍정적,긍정적
2024-02,음.....,부정적,알 수 없음,알 수 없음,알 수 없음,부정적,부정적
2023-11,나름 괜찮아요 ~~!!ㅎㅎ,긍정적,긍정적,알 수 없음,알 수 없음,긍정적,긍정적
2023-12,굿,긍정적,긍정적,알 수 없음,알 수 없음,긍정적,긍정적
2023-11,굳,긍정적,알 수 없음,알 수 없음,알 수 없음,긍정적,긍정적
2023-11,맛집,긍정적,알 수 없음,알 수 없음,알 수 없음,긍정적,긍정적
2023-08,"할머니 엄마 이모가 해주는 밥 그립다면 방문해보세요
밥맛 좋아요~~~~~~",긍정적,긍정적,알 수 없음,알 수 없음,긍정적,긍정적
2023-11,굿,긍정적,긍정적,알 수 없음,알 수 없음,긍정적,긍정적
2023-05,간만에 왔는데 여전히 맛있어요ㅎㅎㅎ,긍정적,긍정적,알 수 없음,알 수 없음,긍정적,긍정적
2023-09,굿,긍정적,긍정적,알 수 없음,알 수 없음,긍정적,긍정적
2023-09,굿,긍정적,긍정적,알 수 없음,알 수 없음,긍정적,긍정적
2023-07,좋아요 :),긍정적,알 수 없음,긍정적,알 수 없음,긍정적,긍정적
2023-01,"고등어구이 주문해서 먹었는데 사장님 너무 친절하시고, 엄마가 해주는 집밥처럼 너무 맛있어요. 매일매일 반찬이 바뀌어요. 정말 음식에 신경쓰신다는걸 느낄 수 있는 부분이에요.",긍정적,긍정적,긍정적,알 수 없음,긍정적,긍정적
2023-02,"집에서 고등어구이 먹기힘든데
여기서 종종먹어요
근데 반쪽씩 나눠서 주시나봐요
어떤날은 통통한쪽?이고
어떤날은 아니네요",긍정적,긍정적,부정적,알 수 없음,부정적,긍정적
2023-02,집밥 같은 사이드 반찬이 나와서 좋습니당,긍정적,긍정적,긍정적,알 수 없음,긍정적,긍정적
2022-11,정갈하고 엄마 밥같은 맛의 식당이라 좋아해요. 사장님도 엄청 친절하십니다.,긍정적,긍정적,긍정적,알 수 없음,긍정적,긍정적
2023-02,혼밥하기 좋고 반찬 괜찮아요,긍정적,긍정적,알 수 없음,알 수 없음,긍정적,긍정적
2023-02,동태탕이 ㅠㅠㅠㅠㅠ,긍정적,긍정적,알 수 없음,알 수 없음,부정적,긍정적
2023-01,맛있고 친절해요,긍정적,긍정적,긍정적,알 수 없음,긍정적,긍정적
2022-12,뱅뱅 내최애맛집. 친절하고 가성비가 아주우좋음,긍정적,긍정적,긍정적,알 수 없음,긍정적,긍정적
2022-12,친절하고 집밥이에여,긍정적,긍정적,긍정적,알 수 없음,긍정적,긍정적
2022-04,집밥같이 맛있는집 김치찜 너무 맛나요,긍정적,긍정적,알 수 없음,알 수 없음,긍정적,긍정적
2022-11,가성비 및 음식이 맛있습니다.,긍정적,긍정적,알 수 없음,알 수 없음,긍정적,긍정적
2022-09,맛,긍정적,알 수 없음,알 수 없음,알 수 없음,긍정적,긍정적
2022-12,맛있어요,긍정적,긍정적,알 수 없음,알 수 없음,긍정적,긍정적
2022-12,맛있어요,긍정적,긍정적,알 수 없음,알 수 없음,긍정적,긍정적
2022-08,조아,긍정적,알 수 없음,알 수 없음,알 수 없음,긍정적,긍정적
2022-04,엄마밥 생각나서 또 들렀습니다. 너무 맛나요,긍정적,긍정적,알 수 없음,알 수 없음,긍정적,긍정적
2022-04,너무 맛있고 직원분들 친절해요~,긍정적,긍정적,긍정적,알 수 없음,긍정적,긍정적
2022-06,밥 먹기 좋아요,긍정적,알 수 없음,알 수 없음,알 수 없음,긍정적,긍정적
2022-04,엄마가 해주는 집밥같아요~ 혼밥하러 자주갑니다.,긍정적,긍정적,알 수 없음,알 수 없음,긍정적,긍정적
2022-04,어머니의 맛,긍정적,알 수 없음,알 수 없음,알 수 없음,긍정적,긍정적
2022-06,ㅈㅇ,긍정적,알 수 없음,알 수 없음,알 수 없음,부정적,긍정적
2022-05,굿,긍정적,긍정적,알 수 없음,알 수 없음,긍정적,긍정적
2022-05,좋아요,긍정적,알 수 없음,알 수 없음,알 수 없음,긍정적,긍정적
2021-08,"매일 바뀌는 반찬과 메인반찬이 있는 백반집..
가격이 오르고 올라 지음은 아침백반 7천원, 기본 백반 8천원!
반찬도 예전엔 다양하고 맛있었는데 요즘은 너무 딱딱하거나 너무 짜거나..ㅠㅠ 아쉽 .. 세월에 따라 변하는건지",긍정적,부정적,알 수 없음,알 수 없음,부정적,긍정적
2022-05,좋아요,긍정적,알 수 없음,알 수 없음,알 수 없음,긍정적,긍정적
2022-05,좋아요,긍정적,알 수 없음,알 수 없음,알 수 없음,긍정적,긍정적
2022-05,좋아요,긍정적,알 수 없음,알 수 없음,알 수 없음,긍정적,긍정적
2021-11,ㅎㅎ,긍정적,알 수 없음,알 수 없음,알 수 없음,긍정적,긍정적
2021-10,ㅑ,부정적,알 수 없음,알 수 없음,알 수 없음,부정적,부정적
2021-08,좋습니다,긍정적,알 수 없음,알 수 없음,알 수 없음,긍정적,긍정적
2021-07,갠춘,긍정적,알 수 없음,알 수 없음,알 수 없음,긍정적,긍정적
2021-06,좋아요👍🏽,긍정적,긍정적,알 수 없음,알 수 없음,긍정적,긍정적
2021-02,"7,000-> 8,000으로 올라서...백반 메리트가 적어졌네요... 맛은있어요",긍정적,긍정적,부정적,알 수 없음,부정적,긍정적
2021-02,나름 괜찮아요,긍정적,알 수 없음,긍정적,알 수 없음,긍정적,긍정적
2020-10,넘앗나요,긍정적,알 수 없음,알 수 없음,알 수 없음,긍정적,긍정적
2020-10,"음식 진짜 맛있어요.
집밥이예요. 가격도 착해요",긍정적,긍정적,알 수 없음,알 수 없음,긍정적,긍정적
