﻿Date,Review,Final_Sentiment,맛,서비스,양,sentiment,Sentiment2
2024-10,"아티제 강남유니온센터점!
커피도 빵도 다 맛있어요.매장이 통창으로 넓고 깔끔 직원분들도 넘 친절해 좋아요.🤗",긍정적,긍정적,긍정적,알 수 없음,긍정적,긍정적
2024-10,친절한 스텝의 구여운 양이 메모♡,긍정적,알 수 없음,긍정적,긍정적,긍정적,긍정적
2024-10,언제나 친절합니다,긍정적,알 수 없음,긍정적,알 수 없음,긍정적,긍정적
2024-09,디저트 종류 다양하고 넓어서 좋아요,긍정적,긍정적,긍정적,긍정적,긍정적,긍정적
2024-09,커피 맛있고 빨리나와서 좋았어요!,긍정적,긍정적,긍정적,알 수 없음,긍정적,긍정적
2024-07,매장 넓고 쾌적함.,긍정적,알 수 없음,알 수 없음,알 수 없음,긍정적,긍정적
2024-11,좋아요,긍정적,알 수 없음,알 수 없음,알 수 없음,긍정적,긍정적
2024-08,케잌이 맛있어요.,긍정적,긍정적,알 수 없음,알 수 없음,긍정적,긍정적
2024-09,맛있어요,긍정적,긍정적,알 수 없음,알 수 없음,긍정적,긍정적
2024-03,특히 얼그레이케잌은 으뜸이죠,긍정적,긍정적,알 수 없음,알 수 없음,긍정적,긍정적
2024-08,매장넓음,긍정적,알 수 없음,알 수 없음,긍정적,긍정적,긍정적
2024-05,"빵이 특히 신선하고 맛있어요
아티제 매장 중에서도 좋은 지점",긍정적,긍정적,알 수 없음,알 수 없음,긍정적,긍정적
2024-08,좋은데8시에문닫는게안좋다,긍정적,알 수 없음,부정적,알 수 없음,부정적,긍정적
2024-03,"아티제 딸기 시즌을 그냥 지나칠 수가 없죠ㅋㅋ 스토로베리 멜팅초코도 맛있고요 스토로베리 화이트롤도 많이 달지않고 촉촉 맛있어요!
단지 케잌 사이즈가 점점 작아지고 있는 점이 그저 서운할 뿐.",긍정적,긍정적,부정적,부정적,긍정적,긍정적
2024-06,에어컨 시원해요,긍정적,알 수 없음,알 수 없음,알 수 없음,긍정적,긍정적
2024-01,일찍연다~ 매장 넓고 층고 높다~ 빵 맛있다~ 좋암,긍정적,긍정적,알 수 없음,알 수 없음,긍정적,긍정적
2024-04,유자파운드케익 5500원 1+1 쿠폰행사 4월5일까지,긍정적,긍정적,알 수 없음,긍정적,긍정적,긍정적
2024-06,굿,긍정적,긍정적,알 수 없음,알 수 없음,긍정적,긍정적
2024-02,"좋아요~^^
아티제쿠키세트
선물세트로강추합니다.",긍정적,알 수 없음,긍정적,긍정적,긍정적,긍정적
2024-05,좋아요,긍정적,알 수 없음,알 수 없음,알 수 없음,긍정적,긍정적
2024-03,친절하고 맛있어요,긍정적,긍정적,긍정적,알 수 없음,긍정적,긍정적
2024-02,맛있게 먹었어요!!,긍정적,긍정적,알 수 없음,알 수 없음,긍정적,긍정적
2024-02,넓어서 좋아요,긍정적,알 수 없음,알 수 없음,긍정적,긍정적,긍정적
2024-04,"커피 맛있어요
친절해요",긍정적,긍정적,긍정적,알 수 없음,긍정적,긍정적
2024-03,빵맛있어요,긍정적,긍정적,알 수 없음,알 수 없음,긍정적,긍정적
2024-02,얼그레이 쉬폰 정말 맛있네요,긍정적,긍정적,알 수 없음,알 수 없음,긍정적,긍정적
2024-07,굿,긍정적,긍정적,알 수 없음,알 수 없음,긍정적,긍정적
2024-01,"평일 저녁에 방문했는데 들어가자마자 출입구에서 걸래쉰내(?) 같은게 났습니다
원인파악과 개선이 필요해 보이네요",부정적,알 수 없음,부정적,알 수 없음,부정적,부정적
2023-10,친절하시고 커피가 맛있어요~,긍정적,긍정적,긍정적,알 수 없음,긍정적,긍정적
2024-01,분위기 좋아요.,긍정적,알 수 없음,알 수 없음,알 수 없음,긍정적,긍정적
2023-11,아이스라테 맛나요~,긍정적,긍정적,알 수 없음,알 수 없음,긍정적,긍정적
2023-11,아이스 라테 맛나요~,긍정적,긍정적,알 수 없음,알 수 없음,긍정적,긍정적
2023-10,"아티제 단팥빵 넘 맛있어요
다른 베이커리 퀄이 떨어졌는데
여긴 여전하네요
오늘은 밤식빵도 도전!!",긍정적,긍정적,부정적,알 수 없음,긍정적,긍정적
2023-10,항상 느끼지만 음료도 케익도 맛있고 브랜드 컨셉? 그림도 너무 좋아요,긍정적,긍정적,알 수 없음,알 수 없음,긍정적,긍정적
2023-11,믿고 가는 아티제...티라떼가 파우더인건 조금 아쉬워요,긍정적,부정적,긍정적,알 수 없음,부정적,긍정적
2024-02,굿,긍정적,긍정적,알 수 없음,알 수 없음,긍정적,긍정적
2023-10,친절하시고 맛있어요~~,긍정적,긍정적,긍정적,알 수 없음,긍정적,긍정적
2024-04,굿!,긍정적,긍정적,알 수 없음,알 수 없음,긍정적,긍정적
2023-10,너무 맛있어요~~,긍정적,긍정적,알 수 없음,알 수 없음,긍정적,긍정적
2023-11,아티제 커피도 맛있어요,긍정적,긍정적,알 수 없음,알 수 없음,긍정적,긍정적
2023-09,빵과 커피가 너무 맛있어요~,긍정적,긍정적,알 수 없음,알 수 없음,긍정적,긍정적
2023-09,요즘 보늬밤 식빵이 맛있어서 자주 구입하러와요.,긍정적,긍정적,알 수 없음,알 수 없음,긍정적,긍정적
2023-09,"아티제는 커피 너무 맛있어요..
3시 케익 이벤트 또하면 좋겠어요 ...",긍정적,긍정적,알 수 없음,알 수 없음,긍정적,긍정적
2023-09,흑미카스텔라와 자몽주스 구입했어요~,긍정적,긍정적,알 수 없음,알 수 없음,긍정적,긍정적
2023-12,바닐라라떼 강추,긍정적,긍정적,알 수 없음,알 수 없음,긍정적,긍정적
2023-12,맛있어요,긍정적,긍정적,알 수 없음,알 수 없음,긍정적,긍정적
2023-09,"보늬밤 식빵과 호두찰빵, 자몽쥬스, 머쉬룸 파니니
구입 했어요.",긍정적,긍정적,알 수 없음,알 수 없음,긍정적,긍정적
2024-01,굿,긍정적,긍정적,알 수 없음,알 수 없음,긍정적,긍정적
2023-09,"매장이 넓고 깨끗해요, 커피맛이 좋아요",긍정적,긍정적,알 수 없음,알 수 없음,긍정적,긍정적
2023-09,보늬밤 식빵과 오렌지쥬스 구입했어요.,긍정적,긍정적,알 수 없음,알 수 없음,긍정적,긍정적
2023-09,아침 일찍 열어서 좋아요,긍정적,알 수 없음,긍정적,알 수 없음,긍정적,긍정적
2024-01,애플밀크티 맛나요,긍정적,긍정적,알 수 없음,알 수 없음,긍정적,긍정적
2023-08,아티제 디저트류가 너무 맛있어요~,긍정적,긍정적,알 수 없음,알 수 없음,긍정적,긍정적
2023-07,크루아상 샌드위치가 크기는 작아보여도 알차고 맛있어요 스모어 쿠키도 초콜렛 향 진짜 진하고 먹어본 쿠키 중 손에 꼽는 맛!,긍정적,긍정적,알 수 없음,긍정적,긍정적,긍정적
2023-08,아침 일찍 열어서 좋아요~~,긍정적,알 수 없음,긍정적,알 수 없음,긍정적,긍정적
2023-08,빵도 너무 맛있어요!,긍정적,긍정적,알 수 없음,알 수 없음,긍정적,긍정적
2023-07,"음료, 케익할 것 없이 전체적인 퀄리티 너무 좋음",긍정적,긍정적,알 수 없음,알 수 없음,긍정적,긍정적
2023-12,굿,긍정적,긍정적,알 수 없음,알 수 없음,긍정적,긍정적
2023-08,커피 부드럽고 맛있어요!,긍정적,긍정적,알 수 없음,알 수 없음,긍정적,긍정적
2023-07,강남에서 맛난빵과 아메 먹고 가요,긍정적,긍정적,알 수 없음,알 수 없음,긍정적,긍정적
2023-09,아침에 일찍 열어서 좋아요,긍정적,알 수 없음,긍정적,알 수 없음,긍정적,긍정적
2023-07,커피 맛있어요 자리도 넓네요,긍정적,긍정적,알 수 없음,알 수 없음,긍정적,긍정적
2023-09,맛있어요~~,긍정적,긍정적,알 수 없음,알 수 없음,긍정적,긍정적
2024-01,굿,긍정적,긍정적,알 수 없음,알 수 없음,긍정적,긍정적
2023-08,라테는 고소해서 좋아요. 다쿠아즈 큰 기대 없이 샀는데 너무 맛있었습니다,긍정적,긍정적,알 수 없음,알 수 없음,긍정적,긍정적
2023-07,"단팥빵 짱입니다
넘 맛있어요
사진도 못찍고 한번에 먹어버렸넹",긍정적,긍정적,알 수 없음,알 수 없음,긍정적,긍정적
2023-07,상큼 달달하고 맛잇어요>_<,긍정적,긍정적,알 수 없음,알 수 없음,긍정적,긍정적
2024-01,굿,긍정적,긍정적,알 수 없음,알 수 없음,긍정적,긍정적
2023-07,좋아요,긍정적,알 수 없음,알 수 없음,알 수 없음,긍정적,긍정적
2023-07,매장이 넓어서 얘기 나누기 좋아요~,긍정적,긍정적,긍정적,알 수 없음,긍정적,긍정적
2023-12,굿,긍정적,긍정적,알 수 없음,알 수 없음,긍정적,긍정적
2023-12,좋아요,긍정적,알 수 없음,알 수 없음,알 수 없음,긍정적,긍정적
2023-09,굿,긍정적,긍정적,알 수 없음,알 수 없음,긍정적,긍정적
2024-02,맛있어요,긍정적,긍정적,알 수 없음,알 수 없음,긍정적,긍정적
2023-05,친절하게감사합니다,긍정적,알 수 없음,긍정적,알 수 없음,긍정적,긍정적
2023-10,빵맛나,긍정적,긍정적,알 수 없음,알 수 없음,긍정적,긍정적
2023-08,넓고 쾌적해요,긍정적,알 수 없음,긍정적,알 수 없음,긍정적,긍정적
2023-09,친절하고 좋아요,긍정적,알 수 없음,긍정적,알 수 없음,긍정적,긍정적
2023-07,매장이 넓고 환해요~,긍정적,알 수 없음,알 수 없음,알 수 없음,긍정적,긍정적
2023-10,완전 맛있쥬,긍정적,긍정적,알 수 없음,알 수 없음,긍정적,긍정적
2023-10,좋아요,긍정적,알 수 없음,알 수 없음,알 수 없음,긍정적,긍정적
2023-09,진한 자몽차,긍정적,알 수 없음,알 수 없음,알 수 없음,긍정적,긍정적
2023-01,아티제 케잌 달지 않고 맛있어서 좋아해요,긍정적,긍정적,알 수 없음,알 수 없음,긍정적,긍정적
2023-05,좋아요~,긍정적,알 수 없음,긍정적,알 수 없음,긍정적,긍정적
2023-02,"아티제 쉬폰 케이크 맛있어요. 얼그레이, 딸기, 초코 다 맛있어요.",긍정적,긍정적,알 수 없음,알 수 없음,긍정적,긍정적
2023-01,"케잌은 언제나 항상 옳아요.
근데 핸드폰 충전이 되었으면 하는 바램입니다.",긍정적,긍정적,알 수 없음,알 수 없음,긍정적,긍정적
2023-06,베베치노도 먹을만!,긍정적,긍정적,알 수 없음,알 수 없음,긍정적,긍정적
2022-12,라떼와 카푸치노 마셨는데 넘 고소했어요.,긍정적,긍정적,알 수 없음,알 수 없음,부정적,긍정적
2023-02,완두앙금빵하고 소보로빵,긍정적,긍정적,알 수 없음,알 수 없음,긍정적,긍정적
2023-05,굿,긍정적,긍정적,알 수 없음,알 수 없음,긍정적,긍정적
2022-12,"크리스마스 파티용으로 구입했는데, 모두가 눈으로 입으로 만족했습니다. 양이 많습니다.",긍정적,긍정적,알 수 없음,긍정적,긍정적,긍정적
2023-04,좋습니다!,긍정적,알 수 없음,알 수 없음,알 수 없음,긍정적,긍정적
2022-11,추워서 따뜻한거 마셔봤는데 무난해요 신메뉴 로스트헤이즐넛라떼,긍정적,긍정적,알 수 없음,알 수 없음,긍정적,긍정적
2022-09,"친절도 ★★★☆☆
청결도 ☆☆☆☆☆
맛 ★★★★☆
재방문 ★★★★☆

발로나는 당도가 높아 디저트와 같이 먹기에는 너무 단 편이고
라떼는 고소하고 부드러워 목넘김이 좋았습니다.

라떼아트의 모양은 둘째 치고
폼을 처음부터 많이 치고 섞어주지 않아 입자가 너무 거칠고 두껍게 쳐저 밀어넣기에 실패한것 같은데
스팀 치실때 공기주입량을 줄이고 롤링을 길게하시면 벨벳같은 질감의 스팀밀크를 뽑을 수 있을것같아요",긍정적,긍정적,부정적,알 수 없음,긍정적,긍정적
2022-12,이야기 나누기에 좋은 널찍한 좌석이 구비되어있습니다.,긍정적,알 수 없음,긍정적,알 수 없음,긍정적,긍정적
2022-11,크로와상 맛있어요 페이코 결제로 2800->1960,긍정적,긍정적,긍정적,알 수 없음,긍정적,긍정적
2022-10,"아티제 빵도 맛나고
케익류도 맛나서 좋아해요ㅎㅎ

여긴 매장도 넓어서 좋네요",긍정적,긍정적,알 수 없음,알 수 없음,긍정적,긍정적
2022-11,아티제 강남유니온센터점,긍정적,알 수 없음,알 수 없음,알 수 없음,긍정적,긍정적
2022-12,어솔트 무스 선물로좋음,긍정적,긍정적,알 수 없음,알 수 없음,긍정적,긍정적
2023-01,좀 비싼 편,부정적,알 수 없음,알 수 없음,부정적,부정적,부정적
2022-11,비싸서 그렇지 샌드위치 맛어요 초리조 에그 샌드위치 맛나요 파니니도,긍정적,긍정적,알 수 없음,알 수 없음,긍정적,긍정적
2022-09,"친절도 ★★★☆☆
청결도 ☆☆☆☆☆
맛 ★★★★☆
재방문 ★★★★☆",긍정적,긍정적,부정적,알 수 없음,긍정적,긍정적
2023-06,케익 맛집입니다,긍정적,긍정적,알 수 없음,알 수 없음,긍정적,긍정적
2023-02,좋아요,긍정적,알 수 없음,알 수 없음,알 수 없음,긍정적,긍정적
2023-02,맛있어요,긍정적,긍정적,알 수 없음,알 수 없음,긍정적,긍정적
2023-07,맛있어요,긍정적,긍정적,알 수 없음,알 수 없음,긍정적,긍정적
2022-12,넓고 좋아요,긍정적,알 수 없음,긍정적,알 수 없음,긍정적,긍정적
2022-11,공간이 넓고 여유로와 편하게 커피타임할수 있는 고 이네요... 좋아요,긍정적,알 수 없음,긍정적,알 수 없음,긍정적,긍정적
2022-09,세련된 디자인으로 편한 느낌을 주네요,긍정적,알 수 없음,긍정적,알 수 없음,긍정적,긍정적
2023-03,굳,긍정적,알 수 없음,알 수 없음,알 수 없음,긍정적,긍정적
2023-03,러브리,긍정적,알 수 없음,알 수 없음,알 수 없음,긍정적,긍정적
2022-08,케이크 먹기 좋아요.,긍정적,긍정적,알 수 없음,알 수 없음,긍정적,긍정적
2023-05,맛있어요,긍정적,긍정적,알 수 없음,알 수 없음,긍정적,긍정적
2022-11,맛있었어요,긍정적,긍정적,알 수 없음,알 수 없음,긍정적,긍정적
2022-10,사이즈는 작지만 카스테라 맛있어요,긍정적,긍정적,알 수 없음,부정적,긍정적,긍정적
2022-10,굿,긍정적,긍정적,알 수 없음,알 수 없음,긍정적,긍정적
2022-09,ㅎㅎ,긍정적,알 수 없음,알 수 없음,알 수 없음,긍정적,긍정적
2022-08,넓고 쾌적하고 사람도 붐비지 않고 유유자적하기 좋은,긍정적,알 수 없음,긍정적,알 수 없음,긍정적,긍정적
2022-05,"커피, 디저트 모두 맛있어요!
매장 층고도 높고 넓어서 탁 트혀있어 머물러 있기에도 너무 좋네요",긍정적,긍정적,긍정적,알 수 없음,긍정적,긍정적
2022-10,맛나요,긍정적,긍정적,알 수 없음,알 수 없음,긍정적,긍정적
2022-10,조아요,긍정적,알 수 없음,알 수 없음,알 수 없음,긍정적,긍정적
2022-09,굿굿,긍정적,긍정적,알 수 없음,알 수 없음,긍정적,긍정적
2022-08,비싼만큼 맛좋다,긍정적,긍정적,알 수 없음,알 수 없음,긍정적,긍정적
2022-12,굿,긍정적,긍정적,알 수 없음,알 수 없음,긍정적,긍정적
2022-08,굿,긍정적,긍정적,알 수 없음,알 수 없음,긍정적,긍정적
2022-12,"빵은 진리~!!
♡♡♡♡♡",긍정적,긍정적,알 수 없음,알 수 없음,긍정적,긍정적
2022-09,굿,긍정적,긍정적,알 수 없음,알 수 없음,긍정적,긍정적
2022-06,"디저트로 먹기좋아요
최애빵집",긍정적,긍정적,알 수 없음,알 수 없음,긍정적,긍정적
2022-08,냠냠,긍정적,긍정적,알 수 없음,알 수 없음,긍정적,긍정적
2023-02,굿,긍정적,긍정적,알 수 없음,알 수 없음,긍정적,긍정적
2022-07,좋아요,긍정적,알 수 없음,알 수 없음,알 수 없음,긍정적,긍정적
2022-08,좋아요,긍정적,알 수 없음,알 수 없음,알 수 없음,긍정적,긍정적
2022-08,좋아요,긍정적,알 수 없음,알 수 없음,알 수 없음,긍정적,긍정적
2022-04,음료 맛있어요:),긍정적,긍정적,알 수 없음,알 수 없음,긍정적,긍정적
2022-04,매장도 넓고 쾌적하고 좋아요,긍정적,알 수 없음,긍정적,알 수 없음,긍정적,긍정적
2022-08,맛있어요!,긍정적,긍정적,알 수 없음,알 수 없음,긍정적,긍정적
2022-10,굳,긍정적,알 수 없음,알 수 없음,알 수 없음,긍정적,긍정적
2022-05,친절하고 매장 크고 깨끗해요,긍정적,알 수 없음,긍정적,알 수 없음,긍정적,긍정적
2022-03,매장이 넓고 좌석도 많고 편안해요,긍정적,알 수 없음,긍정적,알 수 없음,긍정적,긍정적
2022-04,매장이 넓고 쾌적하고 좋네요,긍정적,긍정적,긍정적,알 수 없음,긍정적,긍정적
2022-06,맛있어요,긍정적,긍정적,알 수 없음,알 수 없음,긍정적,긍정적
2022-10,굳,긍정적,알 수 없음,알 수 없음,알 수 없음,긍정적,긍정적
2022-07,굿,긍정적,긍정적,알 수 없음,알 수 없음,긍정적,긍정적
2022-07,굿,긍정적,긍정적,알 수 없음,알 수 없음,긍정적,긍정적
2022-05,',알 수 없음,알 수 없음,알 수 없음,알 수 없음,알 수 없음,알 수 없음
2022-06,좋아요,긍정적,알 수 없음,알 수 없음,알 수 없음,긍정적,긍정적
2022-09,굿,긍정적,긍정적,알 수 없음,알 수 없음,긍정적,긍정적
2022-05,빵이 맛있어요,긍정적,긍정적,알 수 없음,알 수 없음,긍정적,긍정적
2022-06,조용해서 얘기하기 좋아요,긍정적,알 수 없음,긍정적,알 수 없음,긍정적,긍정적
2022-06,커피맛나요,긍정적,긍정적,알 수 없음,알 수 없음,긍정적,긍정적
2022-05,좋아요!,긍정적,알 수 없음,긍정적,알 수 없음,긍정적,긍정적
2022-05,좋아요!,긍정적,알 수 없음,긍정적,알 수 없음,긍정적,긍정적
2022-06,좋아요,긍정적,알 수 없음,알 수 없음,알 수 없음,긍정적,긍정적
2022-06,맛있어요,긍정적,긍정적,알 수 없음,알 수 없음,긍정적,긍정적
2022-05,😍,긍정적,긍정적,알 수 없음,알 수 없음,긍정적,긍정적
2022-05,좋아요,긍정적,알 수 없음,알 수 없음,알 수 없음,긍정적,긍정적
2022-06,굳굳,긍정적,알 수 없음,알 수 없음,알 수 없음,긍정적,긍정적
2022-06,굿,긍정적,긍정적,알 수 없음,알 수 없음,긍정적,긍정적
2022-03,디저트계 강자,긍정적,긍정적,알 수 없음,알 수 없음,긍정적,긍정적
2022-05,저아용,긍정적,알 수 없음,알 수 없음,알 수 없음,긍정적,긍정적
2022-04,굿,긍정적,긍정적,알 수 없음,알 수 없음,긍정적,긍정적
2022-01,매장 넓어서 좋음!!! 문쪽은 추워영🥶,긍정적,알 수 없음,긍정적,알 수 없음,긍정적,긍정적
2022-05,굿,긍정적,긍정적,알 수 없음,알 수 없음,긍정적,긍정적
2022-05,굿,긍정적,긍정적,알 수 없음,알 수 없음,긍정적,긍정적
2022-05,ㄱㅅ,긍정적,알 수 없음,알 수 없음,알 수 없음,긍정적,긍정적
2022-06,케이크 맛있어요,긍정적,긍정적,알 수 없음,알 수 없음,긍정적,긍정적
2022-05,아티제 맛잇어요,긍정적,긍정적,알 수 없음,알 수 없음,긍정적,긍정적
2022-05,맛있어요,긍정적,긍정적,알 수 없음,알 수 없음,긍정적,긍정적
2022-05,굿,긍정적,긍정적,알 수 없음,알 수 없음,긍정적,긍정적
2022-05,맛있음,긍정적,긍정적,알 수 없음,알 수 없음,긍정적,긍정적
2022-03,빵 마감세일로 저렴하게 샀네요 너무 맛있었어요,긍정적,긍정적,알 수 없음,알 수 없음,긍정적,긍정적
2022-04,굿,긍정적,긍정적,알 수 없음,알 수 없음,긍정적,긍정적
2022-04,굿,긍정적,긍정적,알 수 없음,알 수 없음,긍정적,긍정적
2022-04,굿,긍정적,긍정적,알 수 없음,알 수 없음,긍정적,긍정적
2021-12,테이블 간 간격이 넓고 천장이 매우 높아 쾌적,긍정적,긍정적,긍정적,알 수 없음,긍정적,긍정적
2021-12,크리스마스 캐이크는 천원비싼데다 포인트 소멸된대서 천원 썼더니 39000원에대한 적립은 안되네요??? 왜 그런감,부정적,알 수 없음,부정적,부정적,부정적,부정적
2022-01,스패니쉬 라떼가 갑이에요,긍정적,긍정적,알 수 없음,알 수 없음,긍정적,긍정적
2022-04,넓고 좋음,긍정적,알 수 없음,긍정적,알 수 없음,긍정적,긍정적
2022-01,매장이 좋아요,긍정적,알 수 없음,긍정적,알 수 없음,긍정적,긍정적
2022-04,좋아오,긍정적,알 수 없음,알 수 없음,알 수 없음,긍정적,긍정적
2022-04,좋아요,긍정적,알 수 없음,알 수 없음,알 수 없음,긍정적,긍정적
2021-12,"크리스마스 케이크 예약했어요🎄
얼그레이쉬폰이 젤 맛나요🎂",긍정적,긍정적,알 수 없음,알 수 없음,긍정적,긍정적
2021-12,그렇게 맛있다는 아티제..오늘 첫방문과 동시에 케이크 픽업해왔는데 너무 기대되요♡♡,긍정적,긍정적,긍정적,알 수 없음,긍정적,긍정적
2021-12,크루아상너무맛있어요 초리조에그크루아상샌드위치너무맛나요,긍정적,긍정적,알 수 없음,알 수 없음,긍정적,긍정적
2022-03,맛있습니다.,긍정적,긍정적,알 수 없음,알 수 없음,긍정적,긍정적
2022-02,조아요,긍정적,알 수 없음,알 수 없음,알 수 없음,긍정적,긍정적
2021-11,주말이라 그런지 사람이 많이 없어 좋아요.,긍정적,알 수 없음,긍정적,알 수 없음,긍정적,긍정적
2021-11,맛있지만 비싸네용 헉헉,부정적,긍정적,알 수 없음,부정적,부정적,부정적
2022-02,굿,긍정적,긍정적,알 수 없음,알 수 없음,긍정적,긍정적
2021-10,가격이 스타벅스보다 비싸요,부정적,알 수 없음,알 수 없음,부정적,부정적,부정적
2022-05,굿,긍정적,긍정적,알 수 없음,알 수 없음,긍정적,긍정적
2022-01,좋아요!!,긍정적,알 수 없음,긍정적,알 수 없음,긍정적,긍정적
2021-11,케익도 커피도 맛있는 곳!,긍정적,긍정적,알 수 없음,알 수 없음,긍정적,긍정적
2022-03,"맛있는 제과,제빵집

좋아요",긍정적,긍정적,알 수 없음,알 수 없음,긍정적,긍정적
2022-05,굿,긍정적,긍정적,알 수 없음,알 수 없음,긍정적,긍정적
2022-05,굿,긍정적,긍정적,알 수 없음,알 수 없음,긍정적,긍정적
2021-09,맛있어요 맛나요,긍정적,긍정적,알 수 없음,알 수 없음,긍정적,긍정적
2022-01,좋아요!,긍정적,알 수 없음,긍정적,알 수 없음,긍정적,긍정적
2021-08,❤❤😉😉😉😉😉😉,긍정적,알 수 없음,긍정적,알 수 없음,긍정적,긍정적
2022-06,굿,긍정적,긍정적,알 수 없음,알 수 없음,긍정적,긍정적
2021-11,친절하고 꽤적해요,긍정적,알 수 없음,긍정적,알 수 없음,긍정적,긍정적
2022-05,커피 맛있어요~,긍정적,긍정적,알 수 없음,알 수 없음,긍정적,긍정적
2022-04,좋아요,긍정적,알 수 없음,알 수 없음,알 수 없음,긍정적,긍정적
2021-11,분위기 좋아요,긍정적,알 수 없음,알 수 없음,알 수 없음,긍정적,긍정적
2021-12,굿,긍정적,긍정적,알 수 없음,알 수 없음,긍정적,긍정적
2021-10,친절해서좋아요,긍정적,알 수 없음,긍정적,알 수 없음,긍정적,긍정적
2021-07,"쾌적한 공간이고, 초리조&에그 크루아상 맛있어요. 콜드브루 아인슈페너는 살짝 달지만 맛있습니다.",긍정적,긍정적,긍정적,알 수 없음,긍정적,긍정적
2021-09,구아바썸머에이드 넘 맛나요!,긍정적,긍정적,알 수 없음,알 수 없음,긍정적,긍정적
2021-08,베이커리 구입하기 좋습니다.,긍정적,알 수 없음,긍정적,알 수 없음,긍정적,긍정적
2021-11,안 북적여서 좋아요,긍정적,알 수 없음,긍정적,부정적,긍정적,긍정적
2022-01,굿,긍정적,긍정적,알 수 없음,알 수 없음,긍정적,긍정적
2021-10,저녁에 조각케익 할인해줘서 좋아용,긍정적,알 수 없음,긍정적,알 수 없음,긍정적,긍정적
2022-05,좋아요좋아,긍정적,알 수 없음,알 수 없음,알 수 없음,긍정적,긍정적
2021-11,넓고 좋아요!,긍정적,알 수 없음,긍정적,알 수 없음,긍정적,긍정적
2021-08,생각보다 빙수양도많고~~ 쾌적하고 평일저녁이라 그런지 한가해요,긍정적,알 수 없음,긍정적,긍정적,긍정적,긍정적
2021-09,마시쪙,긍정적,알 수 없음,알 수 없음,알 수 없음,긍정적,긍정적
2021-09,초큼 비싸지만 맛나요~,긍정적,긍정적,알 수 없음,부정적,긍정적,긍정적
2021-09,마감할인으로 좋았어요. 시트 폭신포신 좋았어요,긍정적,긍정적,알 수 없음,알 수 없음,긍정적,긍정적
2022-02,좋아요,긍정적,알 수 없음,알 수 없음,알 수 없음,긍정적,긍정적
2021-08,매장도 넓고 케이크 종류도 다양합니다. 망고빙수도 맛있어요~,긍정적,긍정적,알 수 없음,알 수 없음,긍정적,긍정적
2021-11,ㅡㅡ,부정적,알 수 없음,알 수 없음,알 수 없음,부정적,부정적
2021-11,넓어요,긍정적,알 수 없음,알 수 없음,알 수 없음,긍정적,긍정적
2021-09,커피랑 롤케이크 훌륭하네요,긍정적,긍정적,알 수 없음,알 수 없음,긍정적,긍정적
2021-06,"아침밥으로 샌드위치와 커피, 디저트를 구입하기 좋습니다. 베이커리도 다양하게 있습니다. 게다가 공간도 넓고 주차장이 있어 특히 좋아하는 매장입니다.",긍정적,긍정적,긍정적,알 수 없음,긍정적,긍정적
2021-10,ㅡ,부정적,알 수 없음,알 수 없음,알 수 없음,부정적,부정적
2021-07,"샌드위치도 커피도 맛있고 쾌적합니다.
그런데 점장님이 좀 뭐랄까 고객응대가 부족하다 느낍니다.
과하게 친절하길 바라는게 아니라 질문에 대답은 다 하시는데 그런것도 모르냐는 식의 대꾸랄까.
돌아서서 기분 나쁘게 하는 스타일. 같은 말 반복하시기 피곤하겠지 생각해봐도 과히 기분 좋지는 않습니다.",긍정적,긍정적,부정적,알 수 없음,긍정적,긍정적
2021-09,비싸고 맛있음,긍정적,긍정적,알 수 없음,부정적,긍정적,긍정적
2021-09,무화과 롤 시즌 넘 조아용,긍정적,긍정적,알 수 없음,알 수 없음,긍정적,긍정적
2021-07,"다른 매장보다 음료 맛이 떨어지네요^^ .
직원 응대도 불친절하고 단어 하나하나에서 선을 넘는다는 느낌을 받았습니다. 말씀은 가려하시길 바라요^^ .",부정적,부정적,부정적,알 수 없음,부정적,부정적
2022-03,좋아요,긍정적,알 수 없음,알 수 없음,알 수 없음,긍정적,긍정적
2021-06,케이크 구입하기 좋습니다. 캔들과 숫자도 예쁩니다.,긍정적,알 수 없음,긍정적,알 수 없음,긍정적,긍정적
2021-10,맛있어요,긍정적,긍정적,알 수 없음,알 수 없음,긍정적,긍정적
2021-06,팥빙수가 포장도 된다.,긍정적,긍정적,긍정적,알 수 없음,긍정적,긍정적
2021-11,맛있어요,긍정적,긍정적,알 수 없음,알 수 없음,긍정적,긍정적
2022-01,굿,긍정적,긍정적,알 수 없음,알 수 없음,긍정적,긍정적
2021-06,요즘 정말 자주 방문하는 아티제,긍정적,긍정적,긍정적,알 수 없음,긍정적,긍정적
2021-10,넓어서 좋아요,긍정적,알 수 없음,알 수 없음,긍정적,긍정적,긍정적
2021-08,짱 맛있는 빙수빙수!,긍정적,긍정적,알 수 없음,알 수 없음,긍정적,긍정적
2021-10,좋아요,긍정적,알 수 없음,알 수 없음,알 수 없음,긍정적,긍정적
2021-10,맛있어요,긍정적,긍정적,알 수 없음,알 수 없음,긍정적,긍정적
2021-06,"치즈식빵에 치즈가 가득 이예요!!
만족!!",긍정적,긍정적,알 수 없음,알 수 없음,긍정적,긍정적
2021-08,"여유럽고 편안한곳,",긍정적,알 수 없음,긍정적,알 수 없음,긍정적,긍정적
2021-06,"넓고 쾌적한 매장
디카페인 커피 있어 좋은데 여기 커피 맛이 없네요 ㅠ",긍정적,부정적,긍정적,알 수 없음,긍정적,긍정적
2022-05,좋아요,긍정적,알 수 없음,알 수 없음,알 수 없음,긍정적,긍정적
2021-06,아티제 멤버십을 활용하면 무료 사이즈업이 가능합니다.,긍정적,알 수 없음,긍정적,긍정적,긍정적,긍정적
2021-09,맛있지요.,긍정적,긍정적,알 수 없음,알 수 없음,긍정적,긍정적
2021-10,맛있어요,긍정적,긍정적,알 수 없음,알 수 없음,긍정적,긍정적
2021-04,"강남에서 드물게 넓은 공간
그다지 시끄럽지도 않은편이라 비교적 조용한 분위기
무엇보다도 1시간 무료주차 ← 15,000원 이상 구매시",긍정적,알 수 없음,긍정적,긍정적,긍정적,긍정적
2021-06,"점장님 완전 친절하시고, 커피맛도 좋아요~",긍정적,긍정적,긍정적,알 수 없음,긍정적,긍정적
2021-10,좋아요~,긍정적,알 수 없음,긍정적,알 수 없음,긍정적,긍정적
2021-08,넓고 시원해요,긍정적,알 수 없음,알 수 없음,알 수 없음,긍정적,긍정적
2021-06,시원하고 쾌적해요,긍정적,알 수 없음,긍정적,알 수 없음,긍정적,긍정적
2021-06,"초등생, 중등생들에게 디저트를 선물하기 좋습니다.",긍정적,알 수 없음,긍정적,알 수 없음,긍정적,긍정적
2021-03,매장이 쾌적합니다. 신라제과 계열이라 디저트가 맛있습니다.,긍정적,긍정적,알 수 없음,알 수 없음,긍정적,긍정적
2021-08,빵이 다 맛있어요.,긍정적,긍정적,알 수 없음,알 수 없음,긍정적,긍정적
2021-06,빵이 참 맛있어요,긍정적,긍정적,알 수 없음,알 수 없음,긍정적,긍정적
2021-09,쪼아,긍정적,알 수 없음,알 수 없음,알 수 없음,긍정적,긍정적
2021-06,"라떼와 빵이 JMT 입니다
크로크무슈 치즈롤 미니소시지데니쉬
믿고 먹는 곳이요~
없으면 서운~",긍정적,긍정적,긍정적,알 수 없음,긍정적,긍정적
2021-07,분위기 좋고 맛있어요,긍정적,긍정적,알 수 없음,알 수 없음,긍정적,긍정적
2021-12,맛있어요,긍정적,긍정적,알 수 없음,알 수 없음,긍정적,긍정적
2021-08,좋아요,긍정적,알 수 없음,알 수 없음,알 수 없음,긍정적,긍정적
2021-05,아주 친절하고 커피맛도 좋고 재방문의사100%,긍정적,긍정적,긍정적,알 수 없음,긍정적,긍정적
2021-07,팥빙수 맛있어요,긍정적,긍정적,알 수 없음,알 수 없음,긍정적,긍정적
2021-07,팥빙수 맛있어요,긍정적,긍정적,알 수 없음,알 수 없음,긍정적,긍정적
2021-05,안경낀 남자알바가 정말 친절하심,긍정적,알 수 없음,긍정적,알 수 없음,긍정적,긍정적
2021-08,케익류가 긋~~~,긍정적,긍정적,알 수 없음,알 수 없음,긍정적,긍정적
2021-08,빵 맛있어요,긍정적,긍정적,알 수 없음,알 수 없음,긍정적,긍정적
2021-03,새로나온 에쉬레 다쿠아즈 완전 맛있음.,긍정적,긍정적,알 수 없음,알 수 없음,긍정적,긍정적
2021-08,이뻐요,긍정적,알 수 없음,알 수 없음,알 수 없음,긍정적,긍정적
2021-04,불친절해요.. 음료도 너무 달았어요,부정적,부정적,부정적,알 수 없음,부정적,부정적
2021-08,굿,긍정적,긍정적,알 수 없음,알 수 없음,긍정적,긍정적
2021-07,빙수 맛나요,긍정적,긍정적,알 수 없음,알 수 없음,긍정적,긍정적
2021-06,좋아요,긍정적,알 수 없음,알 수 없음,알 수 없음,긍정적,긍정적
2021-07,굿,긍정적,긍정적,알 수 없음,알 수 없음,긍정적,긍정적
2020-12,새로 생겨서 넓고 쾌적해요. 케이크도 맛있네요. 샌드위치 종류 많아서 담에 먹어보려구요! :),긍정적,긍정적,알 수 없음,알 수 없음,긍정적,긍정적
2021-07,맛있어요,긍정적,긍정적,알 수 없음,알 수 없음,긍정적,긍정적
2021-05,픽업대 엉망,부정적,알 수 없음,부정적,알 수 없음,부정적,부정적
2021-06,좋아요,긍정적,알 수 없음,긍정적,알 수 없음,긍정적,긍정적
2021-06,좋아요,긍정적,알 수 없음,알 수 없음,알 수 없음,긍정적,긍정적
2021-06,좋아요,긍정적,알 수 없음,알 수 없음,알 수 없음,긍정적,긍정적
2021-05,맛있어요,긍정적,긍정적,알 수 없음,알 수 없음,긍정적,긍정적
2021-04,🙂🙂🙂🙂😉,긍정적,알 수 없음,알 수 없음,알 수 없음,긍정적,긍정적
2021-05,존맛..,긍정적,긍정적,알 수 없음,알 수 없음,긍정적,긍정적
2021-08,좋아요,긍정적,알 수 없음,알 수 없음,알 수 없음,긍정적,긍정적
2021-01,아침시간엔 다양하게 고를 수 있어 좋음~,긍정적,알 수 없음,긍정적,알 수 없음,긍정적,긍정적
2021-04,쏘쏘.,부정적,알 수 없음,알 수 없음,알 수 없음,부정적,부정적
2021-05,친절해요,긍정적,알 수 없음,긍정적,알 수 없음,긍정적,긍정적
2021-05,맛있어요,긍정적,긍정적,알 수 없음,알 수 없음,긍정적,긍정적
2021-03,케이크 맛있어요,긍정적,긍정적,알 수 없음,알 수 없음,긍정적,긍정적
2021-07,좋아요,긍정적,알 수 없음,알 수 없음,알 수 없음,긍정적,긍정적
2021-04,대존맛,긍정적,긍정적,알 수 없음,알 수 없음,긍정적,긍정적
2021-08,좋아요좋아,긍정적,알 수 없음,알 수 없음,알 수 없음,긍정적,긍정적
2020-12,"매번 크리스마스때마다 이용하는데 아주 만족스럽습니다. 밥먹고 먹을꺼라 작은걸로 했는데 완전 굳!!
내년에도 만나요~~",긍정적,긍정적,긍정적,알 수 없음,긍정적,긍정적
2020-11,여기는 공간도 널찍하고 사람도 많지 않아 커피를 맛나게 즐길 수 있는 장소 입니다.,긍정적,긍정적,알 수 없음,알 수 없음,긍정적,긍정적
2020-12,"넓고 쾌적하고, 베이커리 종류는 다른 데보다 다양하진 않네요.",긍정적,알 수 없음,긍정적,부정적,긍정적,긍정적
2021-02,케잌 맛있어요,긍정적,긍정적,알 수 없음,알 수 없음,긍정적,긍정적
2020-12,예약확인이 제대로 되어 있지 않아 매대에 있는 케잌 부랴부랴 포장해서 받음. 시스템에 문제가 있는지 주문한 날짜 확인까지 다시 해줘야했고 과정과 응대가 아마추어 스럽고 불쾌했음.,부정적,알 수 없음,부정적,부정적,부정적,부정적
2020-10,처음.커넥트 오더로 시켜봤는데 가격은 같은데 매장 케익보다 반절은 작은 사이즈에 파느거보고 기막혀 글남깁니다. 갈때마다 매니저로 보이는 직원은 불친절해도 그려러니 했는데 오늘은 정말 화가나네요,부정적,부정적,부정적,부정적,부정적,부정적
2020-12,디저트가 맛있어요 부드럽고 달콤함,긍정적,긍정적,알 수 없음,알 수 없음,긍정적,긍정적
2021-05,좋아요,긍정적,알 수 없음,알 수 없음,알 수 없음,긍정적,긍정적
2020-12,기다리지 않고 바로 구매해서 좋았어요,긍정적,알 수 없음,긍정적,알 수 없음,긍정적,긍정적
2020-12,"좋아요.넓고 쾌적, 친절",긍정적,알 수 없음,긍정적,알 수 없음,긍정적,긍정적
2021-01,빵이 생각보다 맛있어요!,긍정적,긍정적,알 수 없음,알 수 없음,긍정적,긍정적
2021-02,조앙~,긍정적,알 수 없음,알 수 없음,알 수 없음,긍정적,긍정적
2020-12,에그샌드위치 가성비 짱입니다.,긍정적,긍정적,알 수 없음,알 수 없음,긍정적,긍정적
2020-11,플랫화이트 맛이 너무 라떼같아요.. ㅠㅠ 우유가 그렇게 뜨겁게 들어가지 않아서... 커피가 미지근....해요.. 😶😶😑😑😐😐,긍정적,부정적,알 수 없음,알 수 없음,부정적,긍정적
2021-02,적당합니다,긍정적,알 수 없음,알 수 없음,알 수 없음,긍정적,긍정적
2020-10,널찍한 큰 아띠제. 단 베이커리가 많지는않다.,긍정적,긍정적,알 수 없음,부정적,부정적,긍정적
2020-12,겨울아침에 딱입니다,긍정적,알 수 없음,알 수 없음,긍정적,긍정적,긍정적
2020-10,직원분들이 기프티콘 금액권 처리 방법을 잘 모르셔서 너무 헤매신 것 제외하고는 괜찮았어요.,긍정적,알 수 없음,부정적,알 수 없음,부정적,긍정적
2020-10,"빵두개에 만원 ㅡㅡ
맛있어서 종종 먹는데 코로나 있고 금액이 더 오른듯",부정적,긍정적,부정적,알 수 없음,부정적,부정적
2020-10,"음료 두 잔과 파니니 구매하려는데 2만3천원을 계산하라길래 확인해보니 파니니를 만원이 넘게 포스기에 찍어놨어요
그래서 파니니 6,800 아니냐고 물어봤더니 직원 분 사과 한 마디 없이 포스기 다시 찍더니 계산 하라고 하더라고요.
아직 결제 전이었고 그냥 죄송하다 한 마디만 했어도 될 일인데 기분 나빴습니다.
앞으로 갈일은 없겠지만 구매하시는 분들 상품 가격과 영수증 비교 꼭 해보시길 바랍니다.
그래도 파니니는 맛있었어요.",부정적,긍정적,부정적,알 수 없음,부정적,부정적
2020-10,"아티제 소세지빵 대 존맛
그리고 마카롱도 맛나여",긍정적,긍정적,알 수 없음,알 수 없음,긍정적,긍정적
2020-12,넓고 쾌적하고 친절,긍정적,알 수 없음,긍정적,알 수 없음,긍정적,긍정적
2020-09,완전 넓찍하고 ..... 맛있는빵들,긍정적,긍정적,알 수 없음,알 수 없음,긍정적,긍정적
2021-06,좋아요좋아,긍정적,알 수 없음,알 수 없음,알 수 없음,긍정적,긍정적
2020-12,굿굿,긍정적,긍정적,알 수 없음,알 수 없음,긍정적,긍정적
2021-07,자주갑니다다음에또올게요,긍정적,알 수 없음,긍정적,알 수 없음,긍정적,긍정적
2020-09,빵이 늠늠 맛나요,긍정적,긍정적,알 수 없음,알 수 없음,긍정적,긍정적
2020-08,베이커리 종류 많아요,긍정적,알 수 없음,알 수 없음,긍정적,긍정적,긍정적
2020-09,맛없는게 없어요!!,긍정적,긍정적,알 수 없음,알 수 없음,긍정적,긍정적
2020-07,아티제 팥빙수 맛있어요,긍정적,긍정적,알 수 없음,알 수 없음,긍정적,긍정적
2020-09,빵 맛나요,긍정적,긍정적,알 수 없음,알 수 없음,긍정적,긍정적
2020-10,좋아용~~,긍정적,긍정적,알 수 없음,알 수 없음,긍정적,긍정적
2021-05,자주갑니다다음에또올게요,긍정적,알 수 없음,긍정적,알 수 없음,긍정적,긍정적
2020-06,빵 너무 맛있고 일도 빠릿하게 해서 좋아요,긍정적,긍정적,긍정적,알 수 없음,긍정적,긍정적
2020-06,#디저트맛집 #친절 #커피맛집 #오후의여유,긍정적,알 수 없음,긍정적,알 수 없음,긍정적,긍정적
2020-08,ㅎㅎ,긍정적,알 수 없음,알 수 없음,알 수 없음,긍정적,긍정적
2020-03,"안쪽으로 자리 크고 넓게 있고, 조용한 편 입니다. 아티제 입구만 봐서는 작을 줄 알았는데 베이커리 다양하고 좋아요 :)",긍정적,긍정적,알 수 없음,긍정적,긍정적,긍정적
2020-06,매장 넓고 쾌적!! ㅎㅎ 조용해요,긍정적,알 수 없음,긍정적,알 수 없음,긍정적,긍정적
2020-08,좋아요~~!,긍정적,알 수 없음,긍정적,알 수 없음,긍정적,긍정적
2020-05,아띠제 화이트롤이 제일 맛있어요~,긍정적,긍정적,알 수 없음,알 수 없음,긍정적,긍정적
2020-08,맛있어요,긍정적,긍정적,알 수 없음,알 수 없음,긍정적,긍정적
2020-08,좋아요,긍정적,알 수 없음,알 수 없음,알 수 없음,긍정적,긍정적
2020-05,"커피도 괜찮고, 크루와상도 괜찮아요.
그런데 바쁜건 알겠는데 주문할려고 불러도 아무 대답이 없는건 뭐죠? 두번이나. 제 지인도 똑같은 경험을했다네요. 직원이 매장의 얼굴인데 이점이 아쉽네요.",긍정적,긍정적,부정적,알 수 없음,긍정적,긍정적
2020-02,공간이 넓게. 좌석간 간격도 충분해요,긍정적,알 수 없음,긍정적,알 수 없음,긍정적,긍정적
2020-03,항상 맛있는 빵을 살 수 있는 아티제! 가격도 조금만 더 착해면 좋을텐데 ^^;,긍정적,긍정적,알 수 없음,부정적,긍정적,긍정적
2020-02,케이크나 카스테라 종류들이 항상 맛있어요 커피도 적당히 깊은맛으로 항상 만족해요,긍정적,긍정적,알 수 없음,알 수 없음,긍정적,긍정적
2020-05,커피 빵 굿,긍정적,긍정적,알 수 없음,알 수 없음,긍정적,긍정적
2020-02,좌석도 넉넉하고 좋아요 분위기!,긍정적,알 수 없음,긍정적,알 수 없음,긍정적,긍정적
2019-12,공간 넓고 새로 오픈한 곳이에요.,긍정적,알 수 없음,알 수 없음,알 수 없음,긍정적,긍정적
2020-01,마감시간에 가니 할인하네요!,긍정적,알 수 없음,긍정적,알 수 없음,긍정적,긍정적
2020-03,이즈니버터 브레드가 맛있음,긍정적,긍정적,알 수 없음,알 수 없음,긍정적,긍정적
2020-01,흑임자파운드 너무 맛있어요,긍정적,긍정적,알 수 없음,알 수 없음,긍정적,긍정적
2019-12,공간넓고 좋아요.,긍정적,알 수 없음,알 수 없음,긍정적,긍정적,긍정적
2020-01,새로생겨 깨끗하고 넓어서 좋아요,긍정적,알 수 없음,긍정적,알 수 없음,긍정적,긍정적
2020-02,빵이 종류가 많고 연유브레드가 맛나요,긍정적,긍정적,알 수 없음,알 수 없음,긍정적,긍정적
2020-03,"딸기라떼가 6,500원..",부정적,알 수 없음,알 수 없음,부정적,부정적,부정적
2020-02,너무 비싸요....,부정적,알 수 없음,부정적,알 수 없음,부정적,부정적
2019-12,카페라떼 마셔요,긍정적,알 수 없음,알 수 없음,알 수 없음,긍정적,긍정적
2020-09,아빠,긍정적,알 수 없음,알 수 없음,알 수 없음,긍정적,긍정적
2019-09,직원들 친절하고 매장넓고 쾌적해요 빵종류도 많아요,긍정적,알 수 없음,긍정적,긍정적,긍정적,긍정적
