﻿Date,Review,Final_Sentiment,맛,서비스,양,sentiment,Sentiment2
2024-07,"깨끗하고 친절하시고
대화하기 편합니다~",긍정적,알 수 없음,긍정적,알 수 없음,긍정적,긍정적
2024-07,친절하세요,긍정적,알 수 없음,긍정적,알 수 없음,긍정적,긍정적
2024-03,"가성비 좋은 곳이라 점심식사 후 직장동료들과 항상 방문하는 곳입니다.
점심식사 시간에 가면 항상 사람 많더라구요~",긍정적,알 수 없음,긍정적,알 수 없음,긍정적,긍정적
2024-04,커피 가격 저렴하고 맛있습니다.,긍정적,긍정적,알 수 없음,알 수 없음,긍정적,긍정적
2024-06,굿,긍정적,긍정적,알 수 없음,알 수 없음,긍정적,긍정적
2024-03,굿,긍정적,긍정적,알 수 없음,알 수 없음,긍정적,긍정적
2024-05,굿,긍정적,긍정적,알 수 없음,알 수 없음,긍정적,긍정적
2024-04,굿,긍정적,긍정적,알 수 없음,알 수 없음,긍정적,긍정적
2024-04,굿,긍정적,긍정적,알 수 없음,알 수 없음,긍정적,긍정적
2023-05,커피 마시기 넓고 좋아요,긍정적,알 수 없음,긍정적,알 수 없음,긍정적,긍정적
2023-09,여기는 감기차가 맛있습니다.,긍정적,긍정적,알 수 없음,알 수 없음,긍정적,긍정적
2023-04,비올때 기분이 좋네여,긍정적,알 수 없음,긍정적,알 수 없음,긍정적,긍정적
2023-04,매장이 넓어요 가격이 저렴한 편이라 자주 갑니다,긍정적,알 수 없음,긍정적,알 수 없음,긍정적,긍정적
2023-07,좋아요,긍정적,알 수 없음,알 수 없음,알 수 없음,긍정적,긍정적
2023-05,🫡🫡,긍정적,알 수 없음,알 수 없음,알 수 없음,긍정적,긍정적
2023-05,굿,긍정적,긍정적,알 수 없음,알 수 없음,긍정적,긍정적
2023-01,매장이용시에도 일회용컵으로 나와요,부정적,알 수 없음,긍정적,부정적,부정적,부정적
2023-01,분위기좋아요,긍정적,알 수 없음,알 수 없음,알 수 없음,긍정적,긍정적
2023-03,굿,긍정적,긍정적,알 수 없음,알 수 없음,긍정적,긍정적
2022-11,키오스크도 있고 직원분도 친절하셔요,긍정적,알 수 없음,긍정적,알 수 없음,긍정적,긍정적
2022-07,"오후 나른한시간 커피포장해서 샴실 가려고 기다리다가 인증샷.
맛나게 커피 내려주시네요~~~",긍정적,긍정적,긍정적,알 수 없음,긍정적,긍정적
2022-07,점심시간에 커피숖 아워948 들렀어요. 넓고 깨끗하고 친절하고 음료에 빵까지 메뉴다 좋아요.,긍정적,알 수 없음,긍정적,긍정적,긍정적,긍정적
2022-10,아메리카노가 저렴해요,긍정적,알 수 없음,긍정적,알 수 없음,긍정적,긍정적
2022-11,넓고 쾌적해요^^,긍정적,알 수 없음,긍정적,알 수 없음,긍정적,긍정적
2022-09,커피 맛은 쏘쏘 그래도 가성비 좋고 쾌적함,긍정적,알 수 없음,긍정적,알 수 없음,긍정적,긍정적
2022-07,제가 이제까지 가본 카페 중에 음료랑 빵이 젤 맛있는거 같아요ㅠㅠ💖 가격도 너무 착하구🥺❤️‍🔥 특히 블루베리가 진짜 맛있는거 같아요~ 완전 블루베리 맛집🏠 앞으로 생각날 때마다 먹으러 올게용! 단골 예약~🦋💎❤️‍🔥,긍정적,긍정적,긍정적,알 수 없음,긍정적,긍정적
2022-11,친절하심,긍정적,알 수 없음,긍정적,알 수 없음,긍정적,긍정적
2022-07,"친절하구 가성비 좋습니다.
비오는데 우산 없어서 빌려주시기도 하구
참으로 감사합니다!",긍정적,알 수 없음,긍정적,알 수 없음,긍정적,긍정적
2022-11,친절해요,긍정적,알 수 없음,긍정적,알 수 없음,긍정적,긍정적
2022-07,점심시간에 들러 머리식히면서 차마시기 좋아요. 넓고 쾌적하고 좋아요~~~,긍정적,알 수 없음,긍정적,알 수 없음,긍정적,긍정적
2022-10,굿,긍정적,긍정적,알 수 없음,알 수 없음,긍정적,긍정적
2022-08,좋아요,긍정적,알 수 없음,알 수 없음,알 수 없음,긍정적,긍정적
2022-05,가격이 매우착하네요 조용하고 좋아요,긍정적,알 수 없음,긍정적,알 수 없음,긍정적,긍정적
2022-08,조용해요,긍정적,알 수 없음,긍정적,알 수 없음,긍정적,긍정적
2022-10,굿,긍정적,긍정적,알 수 없음,알 수 없음,긍정적,긍정적
2021-08,음료 맛나요,긍정적,긍정적,알 수 없음,알 수 없음,긍정적,긍정적
2021-02,굿,긍정적,긍정적,알 수 없음,알 수 없음,긍정적,긍정적
