﻿Date,Review,Final_Sentiment,맛,서비스,양,sentiment,Sentiment2
2024-11,"연어찐 찐맛집.. 한 번 가보고 중독되어단골된 1인입니다
너무 신선하고 매장관리잘되어잇고 사장님도 직원들도 친절.
사진보니까 또먹고싶네요.

스노우폭스는 꽃이아니라 도시락맛집임",긍정적,긍정적,긍정적,부정적,긍정적,긍정적
2024-10,"사랑해요 스노우폭스 뱅뱅점 연어가 너무 두툼하고 신선해요
돼지김치덮밥도 뜨끈하니맛잇고 혼밥하기 넘 좋아요♥︎",긍정적,긍정적,알 수 없음,긍정적,긍정적,긍정적
2024-10,"서울 올 때마다 방문하게 되는 곳이네요 ◡̎
오늘은 밥이 설익은 느낌이었어요.. 아쉬운 마음도 있었지만 연어는 넘넘 맛있었고, 샐러드도 든든하게 잘 먹었습니다 🙌🏻",긍정적,긍정적,알 수 없음,긍정적,긍정적,긍정적
2024-05,"✔️ 뱅뱅사거리 도시락 맛집, 혼밥 맛집 찾으시는 분들 아묻따 스노우폭스 뱅뱅점 추천합니다
캘리포니아롤부터 샐러드 포케 오니기리 덮밥 스프 샌드위치 등 진짜 엄청 다양한 메뉴가 있는다
심지어 하나같이 다 맛나요.
특히 연어 요리들이 많은데 연어 들어간건 무조건 맛있어요 요기 ㅎㅎ
오랜만에 먹었더니 더 맛나고 감동적이네요~ >< 사장님 많이 파세요",긍정적,긍정적,긍정적,긍정적,긍정적,긍정적
2024-07,혼밥하기 너무좋아용 밖에 볼일있을때나 약속전에 배고플때 간단히 밥먹기 넘 좋은곳! 뱅뱅사거리 교차로 바로 앞이에용 진짜 자주옴니당👍🏻스시좋아하는분들 고고,긍정적,긍정적,긍정적,알 수 없음,긍정적,긍정적
2024-07,재료가 신선해요! 과일도 맛나요,긍정적,긍정적,알 수 없음,알 수 없음,긍정적,긍정적
2024-09,연어초밥 맛있어요!,긍정적,긍정적,알 수 없음,알 수 없음,긍정적,긍정적
2024-01,와 너무 맛있습니다! 양도 많고 가격도 저렴하면서~ 이렇게 맛있다니요!!! 전 롤도 완전 제스탈!!!! 놀러갈때 도시락으로 사갔더니 인기 만점에 센스쟁이 됐구요~ 그때부터 빠져서 아침출근할때 하나씩 사들고 갑니다👍🏻 커피도 저렴해 같이 먹기 딱!! 개인적으로 롤….진짜 너무 맛있습니다,긍정적,긍정적,긍정적,긍정적,긍정적,긍정적
2023-12,"한국브랜드의 세계적인 규모의 글로벌 도시락체인점 스노우폭스 뱅뱅점

연어를 주 재료로 사용한 초밥계열의 도시락 메뉴가 대부분이며, 그 밖의 메뉴도 있지만 그렇게 특별하진 않음

연어초밥의 경우는 연어의 신선도와 맛이 훌륭해서 만족도가 높고, 매장 인테리어와 분위기가 세련되어 도시락을 먹지만 뭔가 괜찮은 식사를 하고 있다는 느낌을 줌",긍정적,긍정적,긍정적,알 수 없음,긍정적,긍정적
2024-03,오늘도 건강하고 맛있게 먹고 갑니다~ 모든 메뉴가 만족스럽고 깔끔해요~ 조용하고 좋습니다.,긍정적,긍정적,알 수 없음,알 수 없음,긍정적,긍정적
2024-06,"가격이 조금 비싸긴 하지만 맛있어요.
초밥 같은 것 도 있고 간단히 먹을 때 좋습니다.",긍정적,긍정적,알 수 없음,알 수 없음,긍정적,긍정적
2024-03,"가격대비 연어퀄이 좋은편은아니지만,,ㅎ 여긴 필연스페셜콤보가 젤 맛나요ㅎㅎ 3년전부터 혼밥하러 자주 왔는뎅, 항상 친절하구 적립도되서 좋아용 모든메뉴 거의 다 먹어봤는데 평타이상입니다 모듬스시는 가격좀 올려서 다양하게 구성했음 좋겟어용",긍정적,긍정적,긍정적,알 수 없음,긍정적,긍정적
2024-04,신선한 샐러드를 쾌적한 매장에서 먹으니 좋네요,긍정적,긍정적,알 수 없음,알 수 없음,긍정적,긍정적
2024-06,"두번째 방문했아여
마니배부름",긍정적,긍정적,알 수 없음,긍정적,긍정적,긍정적
2024-05,회사 근처에 있어서 동료랑 점심먹으로 종종방문,긍정적,알 수 없음,알 수 없음,알 수 없음,긍정적,긍정적
2024-05,신선하고 맛있어요! ㅎㅎㅎ,긍정적,긍정적,알 수 없음,알 수 없음,긍정적,긍정적
2024-07,굿,긍정적,긍정적,알 수 없음,알 수 없음,긍정적,긍정적
2024-03,디톡스워터 요고요고 완전 건강한 느낌 낭낭하게 주네요. 주변에 가볍게 선물하기에도 좋아요😎,긍정적,긍정적,알 수 없음,알 수 없음,긍정적,긍정적
2023-12,"강남쪽 일 있을때 항상 들리는 스노우폭스
신선연어의 부드러움까지 혼밥하기도 정말좋아요",긍정적,긍정적,알 수 없음,알 수 없음,긍정적,긍정적
2024-03,맛있고 신선하고 깔끔해요,긍정적,긍정적,알 수 없음,알 수 없음,긍정적,긍정적
2023-12,"스시 드시고 싶다는 어머니를 위해 병원 근처가까이 찾다보니 방문하게 됫는데 로고를 보고나서야
김회장님의 스노우폭스라는걸 알게 됫어요

포장된걸 들고오는데 저렇게 뒤집어질정도로 랩이라도 쌓여잇엇음 좋앗을텐데 뚜껑이 열리고
좀 아쉽네요ㅜㅜ

맛은 가격대비 아닌듯해요

공장형ㆍ이마트 초밥과 비슷한데 가격은 비싼느낌?

단골 다니는게 낫단 생각을...

포인트적립은 많이 되지만 재구매는 안할것같아요",부정적,부정적,부정적,알 수 없음,부정적,부정적
2024-02,"연어류가 많아서 좋아요
식단관리할때 찾으면 좋을 것 같아요 자주 가야겠어요",긍정적,알 수 없음,긍정적,긍정적,긍정적,긍정적
2024-05,좋아요ㅎ,긍정적,알 수 없음,알 수 없음,알 수 없음,긍정적,긍정적
2023-12,"먹고 싶은 거 골라서 포장해 왔어요. 장바구니 있었는데, 봉투값 받는지 몰랐어요. 미리 안내해 주셨으면 환경 보호도 하고 봉투 추가 금액도 내지 않았을 거 같아요. 맛있어요!",부정적,긍정적,부정적,알 수 없음,부정적,부정적
2024-01,점장님께서 무슨 이유에서인지 불친절하여 나올때 기분이 좋치 않았어요. 몇번 가던 곳이 었는데 실망스럽네요.,부정적,알 수 없음,부정적,알 수 없음,부정적,부정적
2023-12,"강남에서 회사 다닐 때 많이 먹었는데 오랜만에 가도 맛은 여전하네요~
지점이 더 많이 늘어났으면 좋겠어요😂
초밥 도시락 생각나면 무조건 방문하는 곳👍👍",긍정적,긍정적,알 수 없음,알 수 없음,긍정적,긍정적
2024-02,한산해서 조용해요,긍정적,알 수 없음,긍정적,알 수 없음,긍정적,긍정적
2024-03,굿,긍정적,긍정적,알 수 없음,알 수 없음,긍정적,긍정적
2023-08,"오늘은 왠일로...
퇴근하고 갔는데도.. 꽤 많은 종류가 남아 있었네용~
원래는 늦게 가면..
대부분이 텅텅인데 말이쥬~
그만큼이나.. 여기가 맜있다는 거겠죠~ㅎㅎㅎ",긍정적,긍정적,긍정적,알 수 없음,긍정적,긍정적
2023-12,"매장도 깨끗하고 너무 맛있었습니다!
덮밥 너무 맛있었고 다음엔 초밥도 먹어봐야겠어요!",긍정적,긍정적,알 수 없음,알 수 없음,긍정적,긍정적
2023-12,구성좋구 함박 맛있네요~ 소스도 카레맛나고 맛있었어요,긍정적,긍정적,알 수 없음,알 수 없음,긍정적,긍정적
2024-03,맛있어요!,긍정적,긍정적,알 수 없음,알 수 없음,긍정적,긍정적
2023-12,샐러드 맛있어요,긍정적,긍정적,알 수 없음,알 수 없음,긍정적,긍정적
2023-07,진짜 맛있어요! 재료가 신선해서 더 맛있는 것 같아요. 정말 맛있어서 다시 먹고싶은 맛이에요.,긍정적,긍정적,알 수 없음,알 수 없음,긍정적,긍정적
2023-10,간단하게 먹기 좋아요😊,긍정적,긍정적,알 수 없음,알 수 없음,긍정적,긍정적
2023-10,음식 깔끔하다. 포장해서 한끼 때우기에 적합.,긍정적,긍정적,알 수 없음,긍정적,긍정적,긍정적
2023-12,맛있어요👍,긍정적,긍정적,알 수 없음,알 수 없음,긍정적,긍정적
2023-09,신선한 롤 먹을 수 있어서 좋아요!,긍정적,긍정적,알 수 없음,알 수 없음,긍정적,긍정적
2024-04,굿,긍정적,긍정적,알 수 없음,알 수 없음,긍정적,긍정적
2023-09,"뚜껑 안에 바로 음식물이 담겨있어 혹시 가방안에서 뚜껑 틀어지거나 하면 소스가 샐 수 있으니 봉투에 담아주시거나 랩핑 한번만 해달라고 요청드린게
구매한 사람 입장에서 그렇게 못할 요구 인가요?
제가 뭐 승질을 내면서 해달란것도 아니었고 해주실 수 있는지 여쭤본건데 보통은 그냥 가져가신다면서 진상취급을 하시네요;;
아다르고 어다른건데 그렇게 꼭 상대방 빈정 상하게 말을 하셔야 되나요? 다신 안갑니다.",부정적,알 수 없음,부정적,알 수 없음,부정적,부정적
2023-04,"1. 내부가 환하고 깨끗하다
2. 도시락 종류가 다양하다
3. 인스타 포스팅으로 고급커피 제공 이벤트
실제로 바로 포스팅하고 따뜻하고 맛있는 커피 를 마셨습니다👍
4. 직원이 친절하다

단점이라면.. 가격대가 다소 에헴.
강남이라 감안해야됨 ㅠ",긍정적,긍정적,긍정적,알 수 없음,긍정적,긍정적
2024-04,굿,긍정적,긍정적,알 수 없음,알 수 없음,긍정적,긍정적
2023-07,"매장 깔끔하고 샐러드,롤 다 맛있네요.",긍정적,긍정적,알 수 없음,알 수 없음,긍정적,긍정적
2023-04,"제가 건망증이 심해져서 카드나 지갑을 놓고 나오는 일이 잦은데 안전하게 보관해주시고 찾아주셨오요! 넘 감사드리고 믿고 늘 들르겠습니다~ 사무실에서 롤이나 스시, 샐러드 간단하게 단체주문하기 훌륭합니다.",긍정적,긍정적,긍정적,긍정적,긍정적,긍정적
2023-07,"혼밥할때 가끔 방문해요
가격댜는 좀 있지만 신선한 초밥을 먹을 수 있어서 좋아요",긍정적,긍정적,알 수 없음,알 수 없음,긍정적,긍정적
2023-11,굿,긍정적,긍정적,알 수 없음,알 수 없음,긍정적,긍정적
2023-07,맛있어요~~ 다음에도 사먹을려구요,긍정적,긍정적,알 수 없음,알 수 없음,긍정적,긍정적
2023-04,"깔끔하게 혼밥하기 좋아요~
음식도 맛있고 신선합니다 ㅎㅎ",긍정적,긍정적,알 수 없음,알 수 없음,긍정적,긍정적
2023-03,"퇴근길에 가끔 들러서 사가는데요..
저녁에 가면.. 남은 메뉴가 몇가지 없어유..
하지만 점심때 가면.. 다양한 종류에서 고를 수 있답니당.. 오늘은 선택의 여지가 많지 않았네융;;",긍정적,알 수 없음,부정적,부정적,부정적,긍정적
2023-06,다른 먹을 거 생각안날 때 오면 좋아요!,긍정적,긍정적,알 수 없음,알 수 없음,긍정적,긍정적
2023-01,깔끔하고 매장이 넓어서 혼밥하러 종종갑니다! 여전히 맛도 깔끔하니 초밥 생각날 때 먹기 좋네요~초밥이 땡기는데 근처에 일식집 없음 먹는 곳!,긍정적,긍정적,긍정적,알 수 없음,긍정적,긍정적
2023-04,간단하게 혼밥하기 좋아요,긍정적,알 수 없음,알 수 없음,긍정적,긍정적,긍정적
2023-02,#스노우폭스 #snowfox 신선하고 맛있습니다~,긍정적,긍정적,알 수 없음,알 수 없음,긍정적,긍정적
2023-04,야채가 썰어논지 오래되서 안싱싱했다,부정적,부정적,알 수 없음,알 수 없음,부정적,부정적
2023-02,좀 비싸긴 하지만 맛있어요 ^^,긍정적,긍정적,알 수 없음,알 수 없음,긍정적,긍정적
2023-06,넘 비싸요,부정적,알 수 없음,부정적,부정적,부정적,부정적
2023-01,간편하게 먹기 좋았어요. 신선하고 맛도 좋아서 포만감 있게 식사 잘 했습니다. 메뉴도 다양해서 다이어트할때 골라 먹기 좋을거 같아요.,긍정적,긍정적,알 수 없음,긍정적,긍정적,긍정적
2023-02,지인과 약속이 있어서 스노우폭스 뱅뱅점 처음 와봤는데 재료도 신선하고 맛있어서 좋았어요! 샐러드도 팔던데 다음에는 샐러드도 먹어보려구요 ㅎㅎ,긍정적,긍정적,알 수 없음,알 수 없음,긍정적,긍정적
2023-01,"연어초밥은 별로였지만 롤은 맛있었어요!!
직원분들 항상 친절하셔서 점심시간에 기분좋게 먹고 옵니다~!",긍정적,부정적,긍정적,알 수 없음,긍정적,긍정적
2022-11,"역시 초밥종류 도시락 메뉴가 👍
다음에는 밥종류 도시락을 먹고싶네요♡",긍정적,긍정적,알 수 없음,알 수 없음,긍정적,긍정적
2023-03,"채소가 말라 비틀어져있음…
신선한 채소를 쓰는건지 모르겟음",부정적,부정적,알 수 없음,알 수 없음,부정적,부정적
2023-01,맛익어요!!! 아침식사 거하게 하고 갑니다,긍정적,긍정적,알 수 없음,긍정적,긍정적,긍정적
2023-10,깔끔하고 좋아요,긍정적,알 수 없음,긍정적,알 수 없음,긍정적,긍정적
2023-03,맛 쏘쏘 .직원분들 친절 .매장 깨끗,긍정적,부정적,긍정적,알 수 없음,부정적,긍정적
2023-03,혼밥하고 싶을 때 딱인 곳,긍정적,알 수 없음,긍정적,알 수 없음,긍정적,긍정적
2023-02,"여유롭게 혼밥하기 좋은 곳
맛도 있어욤",긍정적,긍정적,알 수 없음,알 수 없음,긍정적,긍정적
2022-10,"혼밥하기 좋고 편하게 먹을 수 있어
종종 애용하고 있어요:) 맛나요😋",긍정적,긍정적,알 수 없음,알 수 없음,긍정적,긍정적
2022-11,간단히 챙겨먹기에 좋아요!!,긍정적,긍정적,알 수 없음,알 수 없음,긍정적,긍정적
2023-01,"메뉴가 다양하고, 맛있어요~ 직원도 친절하고 매장도 쾌적합니다 ㅎㅎ",긍정적,긍정적,긍정적,알 수 없음,긍정적,긍정적
2023-03,맛있어요!,긍정적,긍정적,알 수 없음,알 수 없음,긍정적,긍정적
2023-02,굿,긍정적,긍정적,알 수 없음,알 수 없음,긍정적,긍정적
2022-12,더블치즈함박스테이크에 맵다고 표시해주시길.. 전혀 매울 것 같지않은 이름이었는데 너무 매워서 당황했어요 겨우 먹었네요,부정적,부정적,부정적,알 수 없음,부정적,부정적
2022-11,샐러드가 신선해요,긍정적,긍정적,알 수 없음,알 수 없음,긍정적,긍정적
2022-12,간단하게 혼밥하고 싶을 때 포장해오기 좋은 매장,긍정적,알 수 없음,긍정적,긍정적,긍정적,긍정적
2023-01,"적립도잘챙겨주고,친절해요",긍정적,알 수 없음,긍정적,알 수 없음,긍정적,긍정적
2022-12,"롤+초밥 구성을 제일 좋아하는데 혼밥하기
너무 좋아요",긍정적,긍정적,알 수 없음,알 수 없음,긍정적,긍정적
2023-03,샐러드 굿,긍정적,긍정적,알 수 없음,알 수 없음,긍정적,긍정적
2023-03,굿,긍정적,긍정적,알 수 없음,알 수 없음,긍정적,긍정적
2022-12,간단히 먹기 좋아요.,긍정적,알 수 없음,알 수 없음,긍정적,긍정적,긍정적
2022-12,혼밥할때 자주갑니다~,긍정적,긍정적,알 수 없음,알 수 없음,긍정적,긍정적
2023-02,굿,긍정적,긍정적,알 수 없음,알 수 없음,긍정적,긍정적
2022-11,혼밥하기 좋아요.,긍정적,알 수 없음,알 수 없음,알 수 없음,긍정적,긍정적
2023-06,음식이맛있어요,긍정적,긍정적,알 수 없음,알 수 없음,긍정적,긍정적
2022-11,bb,알 수 없음,알 수 없음,알 수 없음,알 수 없음,알 수 없음,알 수 없음
2022-09,맛있는데 가격이 조금 있고 밥이 조금 딱딱했어요,긍정적,긍정적,알 수 없음,부정적,긍정적,긍정적
2022-09,혼밥 하기 좋아요,긍정적,알 수 없음,알 수 없음,긍정적,긍정적,긍정적
2022-09,가격이 좀 부담...되는?,부정적,알 수 없음,알 수 없음,부정적,부정적,부정적
2022-09,혼밥하기 좋아요,긍정적,알 수 없음,알 수 없음,알 수 없음,긍정적,긍정적
2022-10,재료가신선하고 맛있어요,긍정적,긍정적,알 수 없음,알 수 없음,긍정적,긍정적
2022-11,:),긍정적,알 수 없음,알 수 없음,알 수 없음,긍정적,긍정적
2022-08,연어가 많이 없네요 ㅠ,부정적,알 수 없음,부정적,부정적,부정적,부정적
2023-01,👍,긍정적,알 수 없음,알 수 없음,알 수 없음,긍정적,긍정적
2022-07,이 브랜드 자체가 양은 별로긴한데 가볍게 먹기 좋음,긍정적,긍정적,알 수 없음,부정적,부정적,긍정적
2022-10,좋아요,긍정적,알 수 없음,알 수 없음,알 수 없음,긍정적,긍정적
2022-07,가격대비 양이 적어요.. 맛도 밍숭맹숭해요.,부정적,부정적,알 수 없음,부정적,부정적,부정적
2022-06,맛은 있지만 예전엔 연어가 많았는데 점점 얇아지고 적어지고.. 연어대란이기 전에도 그랬던거 같은데 자주 오는 집인데 아쉽,부정적,긍정적,부정적,부정적,부정적,부정적
2022-10,샐러드랑 주스가 다양,긍정적,긍정적,알 수 없음,알 수 없음,긍정적,긍정적
2022-09,굿,긍정적,긍정적,알 수 없음,알 수 없음,긍정적,긍정적
2022-04,"신선하고 맛있어요🌺
광어초밥만 있는 메뉴도 만들어주세요😭",긍정적,긍정적,긍정적,알 수 없음,긍정적,긍정적
2022-06,깔끔하고 맛있어요,긍정적,긍정적,알 수 없음,알 수 없음,긍정적,긍정적
2022-06,"가끔 밥 상태가 아쉬울 때도 있지만
전반적으로 깔끔하고 좋아요",긍정적,부정적,알 수 없음,알 수 없음,긍정적,긍정적
2022-05,강남 직장인이라면 점심시간에 대충 먹을만한 간편식? 그 이상도 이하도 아님...,부정적,부정적,알 수 없음,알 수 없음,부정적,부정적
2022-04,"연어를 좋아해서 먹으러 자주 가는 곳이에요
직장에서 좀만더가까웟으면 ㅠㅠ 그리고 왜 이 맛있는게 강남에만 있는것 ㅠㅠ
집앞에도있었으면 좋겠다!!!",긍정적,긍정적,부정적,알 수 없음,긍정적,긍정적
2022-08,디톡스음료가 좋아요,긍정적,긍정적,알 수 없음,알 수 없음,긍정적,긍정적
2022-09,추천합니다.,긍정적,알 수 없음,긍정적,알 수 없음,긍정적,긍정적
2022-07,깔끔하고 좋야오. 추천,긍정적,긍정적,알 수 없음,알 수 없음,긍정적,긍정적
2022-09,추천합니다.,긍정적,알 수 없음,긍정적,알 수 없음,긍정적,긍정적
2022-08,맛있어요,긍정적,긍정적,알 수 없음,알 수 없음,긍정적,긍정적
2022-05,쌀이 맛이 별로인듯. 밥이 딱딱했어요.,부정적,부정적,알 수 없음,알 수 없음,부정적,부정적
2022-03,연어랑 롤이랑 뜨끈한 어묵 맛있어용💜,긍정적,긍정적,알 수 없음,알 수 없음,긍정적,긍정적
2022-03,장어랑 치킨기라아게 덮밥 포장해서 골고루 한그릇 그득~ 맛있어요^^,긍정적,긍정적,알 수 없음,긍정적,긍정적,긍정적
2022-05,깔끔하고 맛있어요,긍정적,긍정적,알 수 없음,알 수 없음,긍정적,긍정적
2022-06,초밥맛나요,긍정적,긍정적,알 수 없음,알 수 없음,긍정적,긍정적
2022-09,좋아요,긍정적,알 수 없음,알 수 없음,알 수 없음,긍정적,긍정적
2022-01,맛있어요 혼밥하기 좋아요,긍정적,긍정적,알 수 없음,알 수 없음,긍정적,긍정적
2022-10,좋아요!,긍정적,알 수 없음,긍정적,알 수 없음,긍정적,긍정적
2022-04,연어먹고싶을때 가용 무난무난,긍정적,긍정적,알 수 없음,알 수 없음,긍정적,긍정적
2022-05,"맛있어요.
단골이예요~",긍정적,긍정적,알 수 없음,알 수 없음,긍정적,긍정적
2022-06,신선해요,긍정적,긍정적,알 수 없음,알 수 없음,긍정적,긍정적
2022-07,좋아요,긍정적,알 수 없음,알 수 없음,알 수 없음,긍정적,긍정적
2022-09,좋아요,긍정적,알 수 없음,알 수 없음,알 수 없음,긍정적,긍정적
2022-06,굿,긍정적,긍정적,알 수 없음,알 수 없음,긍정적,긍정적
2022-06,좋아요,긍정적,알 수 없음,알 수 없음,알 수 없음,긍정적,긍정적
2022-06,친절하세요,긍정적,알 수 없음,긍정적,알 수 없음,긍정적,긍정적
2022-05,굿,긍정적,긍정적,알 수 없음,알 수 없음,긍정적,긍정적
2022-03,가격이 비싸긴해요,부정적,알 수 없음,부정적,알 수 없음,부정적,부정적
2022-06,친절하세요,긍정적,알 수 없음,긍정적,알 수 없음,긍정적,긍정적
2022-05,맛있어요!,긍정적,긍정적,알 수 없음,알 수 없음,긍정적,긍정적
2022-05,좋아요,긍정적,알 수 없음,알 수 없음,알 수 없음,긍정적,긍정적
2022-05,단골됬어요.,긍정적,긍정적,알 수 없음,알 수 없음,긍정적,긍정적
2022-05,좋아요.,긍정적,알 수 없음,알 수 없음,알 수 없음,긍정적,긍정적
2022-05,굿,긍정적,긍정적,알 수 없음,알 수 없음,긍정적,긍정적
2022-03,비싸긴 하지만 음식이 맛있고 깔끔해서 종종가요!,긍정적,긍정적,알 수 없음,알 수 없음,긍정적,긍정적
2022-05,좋아요,긍정적,알 수 없음,알 수 없음,알 수 없음,긍정적,긍정적
2021-10,"샐러드 가격은 평이해요
다른건 쫌 가격이 나가는 편이라
가성비와는 거리가 좀 있어요

음… 뭔가 특별한건 특별히 없는것 같지만
음식이 깔끔하구 매장도 깔끔해요;)",긍정적,긍정적,긍정적,알 수 없음,긍정적,긍정적
2022-05,좋아요,긍정적,알 수 없음,알 수 없음,알 수 없음,긍정적,긍정적
2022-01,비싸지만 맛있어요,긍정적,긍정적,알 수 없음,부정적,긍정적,긍정적
2022-04,좋아요,긍정적,알 수 없음,알 수 없음,알 수 없음,긍정적,긍정적
2021-11,간단하게 먹기 넘 편하고 좋은 것 같아요~ 맛도 있어요 추천합니다😋,긍정적,긍정적,알 수 없음,알 수 없음,긍정적,긍정적
2022-01,가성비가 안좋아요 ㅠㅠ,부정적,알 수 없음,알 수 없음,부정적,부정적,부정적
2021-10,혼자 힐링하기 좋아요 맛있어요,긍정적,긍정적,알 수 없음,알 수 없음,긍정적,긍정적
2021-11,혼밥할때 간편하게 먹을 수 있어 좋아요!,긍정적,긍정적,알 수 없음,알 수 없음,긍정적,긍정적
2022-04,굿,긍정적,긍정적,알 수 없음,알 수 없음,긍정적,긍정적
2021-12,매장이 넘 깔끔하고 예뻐요~샐러드도 적당해서 만족스러웠어요~,긍정적,긍정적,알 수 없음,알 수 없음,긍정적,긍정적
2021-11,연어 부드럽고 맛있어요>_<,긍정적,긍정적,알 수 없음,알 수 없음,긍정적,긍정적
2022-03,굿,긍정적,긍정적,알 수 없음,알 수 없음,긍정적,긍정적
2021-10,"가격대 조금 있는 것 빼곤 맛있어요
따듯한 코너랑 차가운 코너 나눠져 있는 것도 좋아요",긍정적,긍정적,긍정적,알 수 없음,긍정적,긍정적
2022-01,친절하시고 음식맛있어요,긍정적,긍정적,긍정적,알 수 없음,긍정적,긍정적
2022-03,ㅠ,긍정적,알 수 없음,알 수 없음,알 수 없음,부정적,긍정적
2022-03,좋아요,긍정적,알 수 없음,알 수 없음,알 수 없음,긍정적,긍정적
2022-02,맛있어요,긍정적,긍정적,알 수 없음,알 수 없음,긍정적,긍정적
2021-11,맛있고 신선해요,긍정적,긍정적,알 수 없음,알 수 없음,긍정적,긍정적
2021-10,스노우폭스 ❤️ 회사 제휴 10% 때문에 종종 가는데 부담스럽지 않게 건강한 맛 :),긍정적,긍정적,알 수 없음,알 수 없음,긍정적,긍정적
2021-10,샐러드 종류 많고 토핑이 알차요 ㅎㅎ 맛있어요 :),긍정적,긍정적,알 수 없음,알 수 없음,긍정적,긍정적
2022-01,굿,긍정적,긍정적,알 수 없음,알 수 없음,긍정적,긍정적
2021-11,마시쯈,긍정적,알 수 없음,알 수 없음,알 수 없음,부정적,긍정적
2022-01,맛있어요,긍정적,긍정적,알 수 없음,알 수 없음,긍정적,긍정적
2021-12,좋아영,긍정적,알 수 없음,알 수 없음,알 수 없음,긍정적,긍정적
2021-09,초밥에서 밥양이 좀 더 적었으면 좋겠네용 너무 많음ㅎㅎ,부정적,알 수 없음,긍정적,부정적,부정적,부정적
2022-01,굿,긍정적,긍정적,알 수 없음,알 수 없음,긍정적,긍정적
2021-09,"음식은 좋아요
다만 포스기 응대 알바는 교육이 필요해요
어린 여성분 같은데 어리버리하네요
눈만 깜빡깜빡 거리고 적극적이지 않네요….
(뭐 어쩌라고..?! 라는 표정)",부정적,긍정적,부정적,알 수 없음,부정적,부정적
2021-12,맛있어요,긍정적,긍정적,알 수 없음,알 수 없음,긍정적,긍정적
2021-12,추천합니다.,긍정적,알 수 없음,긍정적,알 수 없음,긍정적,긍정적
2021-12,추천합니다.,긍정적,알 수 없음,긍정적,알 수 없음,긍정적,긍정적
2021-12,굿,긍정적,긍정적,알 수 없음,알 수 없음,긍정적,긍정적
2021-12,굿,긍정적,긍정적,알 수 없음,알 수 없음,긍정적,긍정적
2021-08,맛있어요!!! 가격은 좀 비싸지만ㅜ,긍정적,긍정적,알 수 없음,알 수 없음,긍정적,긍정적
2021-09,혼밥하러 가기 좋아요,긍정적,알 수 없음,긍정적,알 수 없음,긍정적,긍정적
2021-06,연어 좋아하면 갈만한거 같아요,긍정적,긍정적,알 수 없음,알 수 없음,긍정적,긍정적
2021-08,"간편하게 식사하기 좋아요
양도 적당하고요",긍정적,알 수 없음,알 수 없음,긍정적,긍정적,긍정적
2021-11,좋아요,긍정적,알 수 없음,알 수 없음,알 수 없음,긍정적,긍정적
2021-11,맛있어요,긍정적,긍정적,알 수 없음,알 수 없음,긍정적,긍정적
2021-08,매장 예쁘고 맛있어요,긍정적,긍정적,알 수 없음,알 수 없음,긍정적,긍정적
2021-06,드레곤 롤 맛있어요. 옥수수 스프는 조금 걸죽하네요.,긍정적,긍정적,알 수 없음,알 수 없음,긍정적,긍정적
2021-06,"아이언연어그릴롤 아주얇은 연어를 올리고
아이스바닐라라떼는 시원하지않은 우유인지 미지근해서....별하나요",부정적,긍정적,부정적,알 수 없음,부정적,부정적
2021-04,"#연어초밥맛집 자주 가는데, 연어 상태는 가끔 별루일때도 있지만. 밥 양념이 다른 곳보다 정말 맛있는듯! 롤도 맛있어요.",긍정적,긍정적,알 수 없음,긍정적,긍정적,긍정적
2021-08,믿고 먹는 스노폭스,긍정적,알 수 없음,알 수 없음,알 수 없음,긍정적,긍정적
2021-10,친절해요,긍정적,알 수 없음,긍정적,알 수 없음,긍정적,긍정적
2021-10,맛있어요,긍정적,긍정적,알 수 없음,알 수 없음,긍정적,긍정적
2021-05,라면티와 유부초밥이 품절이라 다니엘 스페셜을 주문,긍정적,긍정적,알 수 없음,부정적,긍정적,긍정적
2021-08,혼밥,부정적,알 수 없음,알 수 없음,알 수 없음,부정적,부정적
2021-08,.,알 수 없음,알 수 없음,알 수 없음,알 수 없음,알 수 없음,알 수 없음
2021-08,ㅡ,부정적,알 수 없음,알 수 없음,알 수 없음,부정적,부정적
2021-06,밤에 가서 사먹었더니 밥이 좀 말랐네요ㅠ,긍정적,부정적,알 수 없음,알 수 없음,부정적,긍정적
2021-05,"인퓨즈워터 - 디톡스워터 좋은데, 전반적으로 롤이나 메뉴 구성이 예전만 못한듯 아쉬워요.",부정적,긍정적,알 수 없음,부정적,부정적,부정적
2021-07,간단하게 먹기 좋아요!,긍정적,알 수 없음,알 수 없음,긍정적,긍정적,긍정적
2021-05,깔끔하고 맛나요~,긍정적,긍정적,알 수 없음,알 수 없음,긍정적,긍정적
2021-12,맛있어요,긍정적,긍정적,알 수 없음,알 수 없음,긍정적,긍정적
2021-03,맛은 괜찮은데 가격너무비싸욤..,부정적,긍정적,알 수 없음,부정적,부정적,부정적
2021-06,비싸긴한데 맛있어요,긍정적,긍정적,알 수 없음,알 수 없음,긍정적,긍정적
2021-05,맛있어용 ㅎ ㅎㅎ굿굿,긍정적,긍정적,알 수 없음,알 수 없음,긍정적,긍정적
2021-05,별로예요,부정적,부정적,알 수 없음,알 수 없음,부정적,부정적
2021-07,싱싱하지가 않앗음 ㅜㅜ 비쌈,부정적,부정적,알 수 없음,부정적,부정적,부정적
2021-06,좋아요,긍정적,알 수 없음,알 수 없음,알 수 없음,긍정적,긍정적
2021-06,괜츈11,긍정적,알 수 없음,알 수 없음,알 수 없음,긍정적,긍정적
2021-05,친절해요,긍정적,알 수 없음,긍정적,알 수 없음,긍정적,긍정적
2021-06,맛있어용,긍정적,긍정적,알 수 없음,알 수 없음,긍정적,긍정적
2021-07,건강식,긍정적,알 수 없음,알 수 없음,알 수 없음,긍정적,긍정적
2021-07,마ㅛ있어요,긍정적,알 수 없음,알 수 없음,알 수 없음,부정적,긍정적
2021-07,굳,긍정적,알 수 없음,알 수 없음,알 수 없음,긍정적,긍정적
2021-05,맛있어요,긍정적,긍정적,알 수 없음,알 수 없음,긍정적,긍정적
2021-04,맛있어요,긍정적,긍정적,알 수 없음,알 수 없음,긍정적,긍정적
2021-02,좋아요 맛있어요,긍정적,긍정적,알 수 없음,알 수 없음,긍정적,긍정적
2020-11,"연어도시락이 많아요
연어 가득한 도시락이 땡길때 추천",긍정적,긍정적,알 수 없음,긍정적,긍정적,긍정적
2021-04,맛있어요!,긍정적,긍정적,알 수 없음,알 수 없음,긍정적,긍정적
2021-06,건강한음료,긍정적,알 수 없음,알 수 없음,알 수 없음,긍정적,긍정적
2021-04,좋아요,긍정적,알 수 없음,알 수 없음,알 수 없음,긍정적,긍정적
2021-01,오올 저한테는 신세계였어요~,긍정적,긍정적,알 수 없음,알 수 없음,긍정적,긍정적
2021-06,좋아요,긍정적,알 수 없음,알 수 없음,알 수 없음,긍정적,긍정적
2021-03,굳,긍정적,알 수 없음,알 수 없음,알 수 없음,긍정적,긍정적
2021-03,굳,긍정적,알 수 없음,알 수 없음,알 수 없음,긍정적,긍정적
2020-11,예전보단 맛이 덜하지만 그래도 가깝고 쾌적해서 찾는 곳.,긍정적,부정적,긍정적,알 수 없음,긍정적,긍정적
2020-10,무난히 도시락먹기좋은듯,긍정적,긍정적,알 수 없음,알 수 없음,긍정적,긍정적
2020-11,"바로 가져갈 수 있는 점 좋은데!
롤콤보 11000원..가격에 비해~ 맛은 보통~",긍정적,부정적,긍정적,알 수 없음,긍정적,긍정적
2021-01,맛있어요,긍정적,긍정적,알 수 없음,알 수 없음,긍정적,긍정적
2021-02,좋아요,긍정적,알 수 없음,알 수 없음,알 수 없음,긍정적,긍정적
2021-02,맛있어요,긍정적,긍정적,알 수 없음,알 수 없음,긍정적,긍정적
2020-12,신선하고 깔끔합니다,긍정적,긍정적,알 수 없음,알 수 없음,긍정적,긍정적
2020-11,자주 가요 맛있어요~!,긍정적,긍정적,알 수 없음,알 수 없음,긍정적,긍정적
2021-06,굿,긍정적,긍정적,알 수 없음,알 수 없음,긍정적,긍정적
2020-11,맛좋고 깨끗하고 분위기도 좋아요~,긍정적,긍정적,알 수 없음,알 수 없음,긍정적,긍정적
2020-11,운동중이라 샐러드 먹었어요~,긍정적,긍정적,알 수 없음,알 수 없음,긍정적,긍정적
2020-07,연어초밥이랑 롤이 다 맛있어요!🍣,긍정적,긍정적,알 수 없음,알 수 없음,긍정적,긍정적
2021-01,ㅊㅊ,긍정적,알 수 없음,알 수 없음,알 수 없음,부정적,긍정적
2020-10,음료와 디지트가 진하고 너무 맛있네요,긍정적,긍정적,알 수 없음,알 수 없음,긍정적,긍정적
2021-01,맛있습니다.,긍정적,긍정적,알 수 없음,알 수 없음,긍정적,긍정적
2020-09,가성비 우수하고 맛나요. 샐러드 소스가 좀 적은듯하네요.,긍정적,긍정적,부정적,알 수 없음,긍정적,긍정적
2020-06,"잘포장된상태로 신선하게 먹었네요,생각보다 양이 좀 있지만,,,다먹을수있을정도로 알찼습니다. 매장 깔끔해서 좋네요",긍정적,긍정적,긍정적,알 수 없음,긍정적,긍정적
2020-12,좋아요,긍정적,알 수 없음,알 수 없음,알 수 없음,긍정적,긍정적
2020-11,좋아요,긍정적,알 수 없음,알 수 없음,알 수 없음,긍정적,긍정적
2020-08,싸지 않지만 가끔 사치부리고 싶을 때 방문,긍정적,긍정적,알 수 없음,부정적,긍정적,긍정적
2020-08,간편하게 식사하기 좋음. 다만 연어초밥은 별로 추천하지 않습니다.,긍정적,부정적,알 수 없음,알 수 없음,긍정적,긍정적
2020-09,많은 선택권. 좋아요,긍정적,알 수 없음,긍정적,긍정적,긍정적,긍정적
2020-08,두부샐러드 맛나요(심심한 맛^^)!,긍정적,긍정적,알 수 없음,알 수 없음,긍정적,긍정적
2020-10,좋아요 좋아요 좋아요,긍정적,알 수 없음,알 수 없음,알 수 없음,긍정적,긍정적
2020-07,양에비해서 너무 비싸지만 맛은 좋은거같습미다,긍정적,긍정적,알 수 없음,부정적,부정적,긍정적
2020-12,좋아용 ㅎㅎ,긍정적,알 수 없음,알 수 없음,알 수 없음,긍정적,긍정적
2020-09,초밥류 맛있네요~~~,긍정적,긍정적,알 수 없음,알 수 없음,긍정적,긍정적
2020-09,맛도 인테리어도 깔끔하고 좋아요~,긍정적,긍정적,알 수 없음,알 수 없음,긍정적,긍정적
2020-09,간단히 먹기 좋아요!,긍정적,긍정적,알 수 없음,알 수 없음,긍정적,긍정적
2020-12,맛있어요,긍정적,긍정적,알 수 없음,알 수 없음,긍정적,긍정적
2020-12,good,긍정적,알 수 없음,알 수 없음,알 수 없음,긍정적,긍정적
2020-09,연어관련 초밥이 많아요.,긍정적,알 수 없음,알 수 없음,긍정적,긍정적,긍정적
2020-08,종류다양하고 바로살수있어서 좋은데 좀 비싸요,긍정적,알 수 없음,긍정적,부정적,긍정적,긍정적
2020-05,"깨끗하고 친절~~ 여우우유 다양해졌으면 좋겠어요
딸기, 바나나, 블베리 말고 계절에 따라.. 체리나 아보카도허니, 반시(감) 등등~ 그리고 와사비 좋은 거 쓰시면 더 맛있을 것 같네요",긍정적,긍정적,긍정적,알 수 없음,긍정적,긍정적
2021-07,자주갑니다다음에또올게요,긍정적,알 수 없음,긍정적,알 수 없음,긍정적,긍정적
2020-11,맛있음,긍정적,긍정적,알 수 없음,알 수 없음,긍정적,긍정적
2020-11,좋아요,긍정적,알 수 없음,알 수 없음,알 수 없음,긍정적,긍정적
2020-09,간편히 먹기 좋아요,긍정적,알 수 없음,알 수 없음,긍정적,긍정적,긍정적
2020-06,가격대가 좀 있긴하지만 깔끔하고 맛 괜찮아요^^,긍정적,긍정적,알 수 없음,알 수 없음,긍정적,긍정적
2020-07,맛있는데 너무 비싸여 흑흑,긍정적,긍정적,알 수 없음,부정적,부정적,긍정적
2020-09,깨끗해요.,긍정적,알 수 없음,알 수 없음,알 수 없음,긍정적,긍정적
2020-09,맛나용,긍정적,긍정적,알 수 없음,알 수 없음,긍정적,긍정적
2020-08,맛있었어요.,긍정적,긍정적,알 수 없음,알 수 없음,긍정적,긍정적
2020-09,좋아요.,긍정적,알 수 없음,알 수 없음,알 수 없음,긍정적,긍정적
2020-05,연어+캘리롤 조합도 만들어주세요ㅠ,긍정적,긍정적,긍정적,알 수 없음,긍정적,긍정적
2020-09,좋아요~~~!,긍정적,긍정적,알 수 없음,알 수 없음,긍정적,긍정적
2020-04,빠르게 픽업해서 먹을 수 있어서 좋아요!,긍정적,알 수 없음,긍정적,알 수 없음,긍정적,긍정적
2020-08,맛남,긍정적,알 수 없음,알 수 없음,알 수 없음,긍정적,긍정적
2020-06,간단하게 먹거나 혼밥 하기 좋아요.,긍정적,알 수 없음,알 수 없음,긍정적,긍정적,긍정적
2020-08,맛있어요,긍정적,긍정적,알 수 없음,알 수 없음,긍정적,긍정적
2020-05,매장에 테이블도많고 깨끗해서 좋아요,긍정적,긍정적,긍정적,알 수 없음,긍정적,긍정적
2020-05,깨끗하고 좋음! 하지만 샐러드나 디톡스물은 비쌈.. ㅜㅜ,긍정적,긍정적,알 수 없음,부정적,긍정적,긍정적
2020-06,좀 비싼거 같아요,부정적,알 수 없음,부정적,부정적,부정적,부정적
2020-05,도시락 넘 정갈하네요,긍정적,긍정적,알 수 없음,알 수 없음,긍정적,긍정적
2020-04,스노우폭스 너무 맛있어요 ㅎㅎ,긍정적,긍정적,알 수 없음,알 수 없음,긍정적,긍정적
2020-07,굿굿굿!!,긍정적,긍정적,알 수 없음,알 수 없음,긍정적,긍정적
2020-07,봉투가천원받는게 좀아쉽지만,긍정적,알 수 없음,부정적,부정적,부정적,긍정적
2020-06,기분좋은 점심,긍정적,알 수 없음,긍정적,알 수 없음,긍정적,긍정적
2020-07,친절해요,긍정적,알 수 없음,긍정적,알 수 없음,긍정적,긍정적
2020-03,"#스노우폭스뱅뱅점
샐러드와 롤 맛있어요~",긍정적,긍정적,알 수 없음,알 수 없음,긍정적,긍정적
2020-02,맛있지만 비싸요 하나먹으면 배고파요,부정적,긍정적,알 수 없음,부정적,부정적,부정적
2020-03,가격이비싼편인데 깔끔하고접근성쉬운 비슷한곳이 별루없는것도 사실,긍정적,알 수 없음,긍정적,부정적,부정적,긍정적
2020-06,좋아요~~,긍정적,긍정적,알 수 없음,알 수 없음,긍정적,긍정적
2020-03,가격이 좀 있어 부담되지만 음식이 신선해요.,긍정적,긍정적,알 수 없음,알 수 없음,부정적,긍정적
2020-04,맛있는데 비싸다,부정적,긍정적,알 수 없음,부정적,부정적,부정적
2020-03,맛있지만 가격이 좀 비싸요^^;,긍정적,긍정적,알 수 없음,알 수 없음,부정적,긍정적
2020-02,덮밥이랑 초밥이 맛있는데 비싸요ㅠㅠ,부정적,긍정적,알 수 없음,부정적,부정적,부정적
2020-03,비싸기도 하고 아침에 일찍가면 도시락이 별로 없어요 ㅠ,긍정적,알 수 없음,부정적,부정적,부정적,긍정적
2020-02,재료가 신선하고 맛도 좋아요,긍정적,긍정적,알 수 없음,알 수 없음,긍정적,긍정적
2020-08,Good,긍정적,알 수 없음,알 수 없음,알 수 없음,긍정적,긍정적
2020-07,친절해요,긍정적,알 수 없음,긍정적,알 수 없음,긍정적,긍정적
2019-10,간단히 점심 먹기 좋아요,긍정적,알 수 없음,긍정적,부정적,긍정적,긍정적
2019-08,차가운 음식이라 된장 같은 따뜻한 국물은 떨어지지 않게 해주세요,부정적,부정적,긍정적,알 수 없음,부정적,부정적
2019-09,깔끔한 매장 분위기,긍정적,알 수 없음,알 수 없음,알 수 없음,긍정적,긍정적
2019-08,"싸진 않음
신선도 좋음
채소들이 쓴 편. 다이어트로 드레싱 안 먹으려했는데 안 먹을 수 없었음.
다이어트보단 건강한 느낌으로 먹는 곳.
매장 청결
다량의 일회용기 사용은 다소 아쉽",긍정적,부정적,긍정적,알 수 없음,긍정적,긍정적
2019-07,자주방문하는 곳이예요 쾌적하고 깨끗하고 신선해요.,긍정적,알 수 없음,긍정적,알 수 없음,긍정적,긍정적
2019-07,오ㅎ 스노우폭스 신메뉴 맛봐야죠!!,긍정적,긍정적,알 수 없음,알 수 없음,긍정적,긍정적
2019-06,바쁠때는 도시락으로 상큼하게 건강을 챙겨봐요!!ㅎ,긍정적,긍정적,알 수 없음,알 수 없음,긍정적,긍정적
2019-05,"서브웨이 도시락, 편의점 도시락이 질릴때 스노우폭스로 고고!! 다양한 도시락이있어 은근 뭘먹을지 고민이 되네요ㅎㅎ #강남맛집 #스노우폭스 도시락 #강남역 맛집",긍정적,긍정적,긍정적,알 수 없음,긍정적,긍정적
2019-05,바쁠때 간단히 점심 대용으로 먹기위해 자주가는곳ㅎㅎ 테이크아웃이 가능해 좋아요!!ㅎ,긍정적,알 수 없음,긍정적,알 수 없음,긍정적,긍정적
2019-05,"오리고기가 들어간 샐러드 8400
인테리어는 깔끔해요
샐러드, 스시 롤 위주 판매하며 약간비싼느낌입니다",긍정적,알 수 없음,긍정적,부정적,긍정적,긍정적
