﻿Date,Review,Final_Sentiment,맛,서비스,양,sentiment,Sentiment2
2024-09,"가격은 다른 체인점보단 300~500원정도 비싼편이지만 메뉴가 다양하고 빵이 상당히 맛있었어요

한입프레즐 먹고싶어서 찾아갔는데 반죽은 쫄깃하고 크림치즈는 적당히 달고 소금도 알맞게 뿌려져 있어서 매우 만족했습니다!
포장도 다른곳에 비해 신경 더 쓴 느낌이라 저는 나름 가격에 만족하고 먹었어요

가게 분위기도 상당히 귀여웠어요",긍정적,긍정적,긍정적,알 수 없음,긍정적,긍정적
2024-11,"친절한데
포장이 부족해요",긍정적,알 수 없음,긍정적,부정적,부정적,긍정적
2024-07,주차만 되면 더 자주 갈텐데요~ 친절해요,긍정적,알 수 없음,긍정적,알 수 없음,긍정적,긍정적
2024-09,파리바게뜨뱅뱅사거리점 좋아요 추천!,긍정적,긍정적,알 수 없음,알 수 없음,긍정적,긍정적
2024-06,"부모님 드릴 빵 샀어요.
카스테라도 증정받아서 아주 가성비가 좋았습니다.",긍정적,긍정적,긍정적,알 수 없음,긍정적,긍정적
2024-04,분위기도 차분하고 샌드위치도 맛있어요,긍정적,긍정적,알 수 없음,알 수 없음,긍정적,긍정적
2024-07,네이버 예약은 처음 이용했는데 바쁠 때 엄청 편리합니다. 식빵은 쫄깃하고 맛이 좋습니다.,긍정적,긍정적,긍정적,알 수 없음,긍정적,긍정적
2024-06,커피와 빵을 즐기기 좋은곳,긍정적,긍정적,알 수 없음,알 수 없음,긍정적,긍정적
2024-06,"간단하게
빵먹으려고 들렀어요!",긍정적,알 수 없음,알 수 없음,긍정적,긍정적,긍정적
2024-05,"뉴질랜드 맥주 전문점이 나가고 들어왔다.
강남구 강남대로 302 동희빌딩 (역삼동 837-10).
02-556-3338.
07:00~23:00.

주말에는 샌드위치 등으로 간단히 때우기에 적당히 활용한다. 근데 가격은 그렇게 간단하지만은 않다. 애용하는 샌드위치 하나에 7,200. 밥값이나 뭐~. ㅋ",부정적,긍정적,부정적,부정적,부정적,부정적
2024-05,자주 가진 않지만 한번갈때 왕창 사오는곳 ㅎ 맛있습니다,긍정적,긍정적,알 수 없음,긍정적,긍정적,긍정적
2024-04,친절해요. 잡앞 파리바게트 서초중앙점이 너무 불친절해서 차 몰고 오더라도 여기로 옵니다.,긍정적,알 수 없음,긍정적,알 수 없음,긍정적,긍정적
2024-04,귀여워서 바로 구매 ㅎㅎ,긍정적,알 수 없음,알 수 없음,알 수 없음,긍정적,긍정적
2024-01,"여기 계산해 주시는 분은 진짜..
장난 아니게 빨라요.
파리바게트는 뭐.. 프랜차이즈니까..
빵맛은 다 가기서 거기지만,
이곳은 진짜.. 여기만의 분위기가 있는데
그게 직원분 때문인것 같아요.
진철하시고, 빠르게 포장 샤샤샥 해주시고..
그 와중에 커피 나오면 커피나왔다고 큰 소리로 알려주시고..
점심때 가끔 가는 곳인데..
갈때마다 기분까지 좋아지는 빵집입니다!",긍정적,긍정적,긍정적,알 수 없음,긍정적,긍정적
2024-04,빵 종류가 다양하고 적립과 할인이 잘됩니다,긍정적,긍정적,긍정적,알 수 없음,긍정적,긍정적
2024-04,실키 롤케익은 언제나 맛남,긍정적,긍정적,알 수 없음,알 수 없음,긍정적,긍정적
2024-03,회의할때 자주 들리는 곳. 항상 든든합니다,긍정적,긍정적,긍정적,알 수 없음,긍정적,긍정적
2024-03,저녁에 빵 사러 잠시 들렀는데 저녁까지 빵이 많이 남아있네요. 도넛은 좀 딱딱하지만 직원분 아주 친절하고 상냥하셨어요.,긍정적,부정적,긍정적,알 수 없음,긍정적,긍정적
2024-03,요즘 베이글 세일 이벤트해서 넘 좋습니다:) 쫄깃쫄깃,긍정적,긍정적,알 수 없음,알 수 없음,긍정적,긍정적
2024-03,"리뉴얼되고 좋아졌어요 ㅋㅋ
전에는 어처구니없이 비싸다는 생각이 들었는데 이제는 적당한거 같습니다 ..",긍정적,긍정적,알 수 없음,알 수 없음,긍정적,긍정적
2024-09,굿,긍정적,긍정적,알 수 없음,알 수 없음,긍정적,긍정적
2023-11,"여기 좋아요~
바쁜 아침에도 왕 친절하시고..
빵들도 신선신선하고~
아침부터 빵으로 시작합니다!",긍정적,긍정적,긍정적,알 수 없음,긍정적,긍정적
2024-03,상품이 다양하고 맛도 좋았어요,긍정적,긍정적,알 수 없음,알 수 없음,긍정적,긍정적
2023-12,"크기는 작지만, 나름 인테리어도 이쁜 빵집입니다~",긍정적,알 수 없음,긍정적,부정적,긍정적,긍정적
2024-05,빵 맛있어요,긍정적,긍정적,알 수 없음,알 수 없음,긍정적,긍정적
2024-06,맛있어요,긍정적,긍정적,알 수 없음,알 수 없음,긍정적,긍정적
2024-02,빵이 맛있어요,긍정적,긍정적,알 수 없음,알 수 없음,긍정적,긍정적
2023-09,"요즘 파바에서 블랙 올리브 치즈 베이글 젤 맛있어요
나머지 크로와상 샌드위치나 샐러드도 좋아했는데
올해 가격이 너무 올라서 그점은 아쉽네요
뱅뱅사거리점은,공간이 작아도 아늑하고 친절하셔서 자주 애용하는 점포에요",긍정적,긍정적,긍정적,알 수 없음,긍정적,긍정적
2023-09,"리코타치즈나 연어들어간 샐러드를 먹고 싶어서 갔는데 닭고기 들어있는 샐러드밖에 없어서
점심먹을겸 샌드위치랑 간식거리로 아이스크림이랑 빵구매했어요!
직원분 친절하시고, 빵 종류 다양해요",긍정적,부정적,긍정적,긍정적,긍정적,긍정적
2023-12,파리바게트 아메리카노 갠츈합니다!,긍정적,긍정적,알 수 없음,알 수 없음,긍정적,긍정적
2024-04,넓고 쾌적해요,긍정적,알 수 없음,알 수 없음,알 수 없음,긍정적,긍정적
2024-01,"사무실 근처에 있는 강남대로 빵집이라 그런지 다른 파바 지점보다 많이 비싸고 , 샐러드 양이 적다고 느껴지는편",부정적,알 수 없음,부정적,부정적,부정적,부정적
2024-01,"1월 5일 21시 알바분 너무도 불친절합니다. 저는 빵집에 들어가서 나올때까지 알바분 목소리를 한 번도 듣지 못했습니다.

빵을 다 고르고 카운터에서 오래 기다렸고, 홀의 빵정리만 하셔서 계산해달라고 말했더니 그때서야 마무리 정리까지 하고 오셔서 들고있던 빵바구니(?)를 굳이 비좁응 제 앞으로 지나쳐 카운터에 탁 하고 놓으시더라고요.

금액이 얼만지, 봉투는 필요한지, 마일리지 적립을 할껀지 일절 안물어보셔서 제가 적립과 영수증 요청드렸습니다.

혹시 마감시간인가 하고 영업시간을 봤는데 23시까지더라고요.. 정말 이런 불친절은 살다살다 처음 당해봅니다.
심지어 영수증도 마일리지 적립영수증으로 주셔서 다시 들어가서 총금액 영수증으로 달라니 영수증 뽑아서 카운터 바닥에 툭 놓습니다.

관리해주세요",부정적,알 수 없음,부정적,알 수 없음,부정적,부정적
2024-03,맛있어요!,긍정적,긍정적,알 수 없음,알 수 없음,긍정적,긍정적
2024-03,맛있어요!,긍정적,긍정적,알 수 없음,알 수 없음,긍정적,긍정적
2023-12,친절하고 빵 종류 많은 편이에요,긍정적,알 수 없음,긍정적,알 수 없음,긍정적,긍정적
2024-03,좋아요,긍정적,알 수 없음,알 수 없음,알 수 없음,긍정적,긍정적
2023-11,빵 몇몇개 가격이 타 지점보다 비쌈,부정적,알 수 없음,긍정적,부정적,부정적,부정적
2024-01,오후 방문하면 한숨 푹푹 쉬는 알바생 있었음. 받아들이는 느낌에 불쾌할 정도 였음.,부정적,알 수 없음,부정적,알 수 없음,부정적,부정적
2023-11,"아침 세트 먹었어요.
빵도 맛있고 간단히 먹을 수 있어서 좋네요",긍정적,긍정적,알 수 없음,알 수 없음,긍정적,긍정적
2023-11,"회사근처파바에서
필요한것을 많이 잘 살수있어요.^^

즉석빵은종류는 좀아쉽지만
그래도 전체적으로는
다른매장보다 다양한 제품들이
많더라구요~^^",긍정적,알 수 없음,긍정적,긍정적,긍정적,긍정적
2024-04,좋아요,긍정적,알 수 없음,알 수 없음,알 수 없음,긍정적,긍정적
2024-04,좋아요,긍정적,알 수 없음,알 수 없음,알 수 없음,긍정적,긍정적
2024-04,좋아요,긍정적,알 수 없음,알 수 없음,알 수 없음,긍정적,긍정적
2024-05,굿!,긍정적,긍정적,알 수 없음,알 수 없음,긍정적,긍정적
2023-10,칠리크랩은 처음 먹어버는데 내용물도 많고 기대됩니다!,긍정적,긍정적,알 수 없음,긍정적,긍정적,긍정적
2023-10,"쫀득 치즈스틱 최애빵인대
뱅뱅사거리점은 1개(3개입) 3,800원#다른지점은 2,700원 빵값 지점마다 상이한줄 처음 알았네",긍정적,긍정적,부정적,부정적,긍정적,긍정적
2024-03,친절해요,긍정적,알 수 없음,긍정적,알 수 없음,긍정적,긍정적
2024-04,굿!,긍정적,긍정적,알 수 없음,알 수 없음,긍정적,긍정적
2024-02,굿,긍정적,긍정적,알 수 없음,알 수 없음,긍정적,긍정적
2023-09,거침없이하이볼~ 좋아요! 양송이 스프 따뜻하게 데워주시네요~ 파바에서 즐기는 해장술^^,긍정적,긍정적,긍정적,긍정적,긍정적,긍정적
2023-05,"아침에는 빵이쥬!!
천장이 높은 빵집이라.. 분위기도 좋아요~
계산해 주시는 분들 친절하구요!
하지만 베이글은 아침 8시쯤에 나오니까..
그것보다 일찍가면 베이글은 없어용~
오늘도 빵먹고, 하루를 시작합니다아아아ㅏㅏㅏ~~",긍정적,긍정적,긍정적,부정적,긍정적,긍정적
2024-01,굿,긍정적,긍정적,알 수 없음,알 수 없음,긍정적,긍정적
2023-09,조카 600일 생케 구입#핑크핑크 예쁜듯#맛은 체리맛이라 약간상큼,긍정적,긍정적,알 수 없음,알 수 없음,긍정적,긍정적
2024-01,친절해요,긍정적,알 수 없음,긍정적,알 수 없음,긍정적,긍정적
2023-12,굿,긍정적,알 수 없음,알 수 없음,알 수 없음,긍정적,긍정적
2023-09,파리바게트 아이스크림이 숨은 맛집이예요!,긍정적,긍정적,알 수 없음,알 수 없음,긍정적,긍정적
2023-12,굿,긍정적,알 수 없음,알 수 없음,알 수 없음,긍정적,긍정적
2023-12,친절해요,긍정적,알 수 없음,긍정적,알 수 없음,긍정적,긍정적
2023-11,괜찮은 파바,긍정적,알 수 없음,긍정적,부정적,긍정적,긍정적
2023-07,"빵이 맛있어요!
간단하게 먹고 싶을 때 자주 방문합니다.
너무 좋아요 ☺️",긍정적,긍정적,알 수 없음,알 수 없음,긍정적,긍정적
2024-01,굿,긍정적,알 수 없음,알 수 없음,알 수 없음,긍정적,긍정적
2023-12,맛있어요,긍정적,긍정적,알 수 없음,알 수 없음,긍정적,긍정적
2023-09,"오전에 빵 할인해서 좋아요
아아랑 빵까지 저렴하게 살수잏어요",긍정적,긍정적,긍정적,긍정적,긍정적,긍정적
2023-11,간단하게 빵 사먹었어요~,긍정적,긍정적,알 수 없음,알 수 없음,긍정적,긍정적
2024-01,굿,긍정적,알 수 없음,알 수 없음,알 수 없음,긍정적,긍정적
2023-12,ㅇㅇ,긍정적,알 수 없음,알 수 없음,알 수 없음,부정적,긍정적
2023-11,소세지빵 맛있어용,긍정적,긍정적,알 수 없음,알 수 없음,긍정적,긍정적
2023-12,ㅇㅇ,긍정적,알 수 없음,알 수 없음,알 수 없음,부정적,긍정적
2023-09,크로와상 샌드위치 맛있어요.,긍정적,긍정적,알 수 없음,알 수 없음,긍정적,긍정적
2023-09,빵이 맛있어요 좋아요,긍정적,긍정적,알 수 없음,알 수 없음,긍정적,긍정적
2023-12,굿굿,긍정적,긍정적,알 수 없음,알 수 없음,긍정적,긍정적
2023-08,"항상 찾는 매장인데 매우 청결하고 친절하며 빵도 신선 합니다.점주님의 친절과 경청,고객 입장에서 듣고 배려해 주시는 미덕에 감사를 드립니다.늘 번창 하시고 복된날 되십시요",긍정적,긍정적,긍정적,알 수 없음,긍정적,긍정적
2023-08,다른파바보다 비싼것같지만 그래도 샌드위치는 괜찮아용,긍정적,긍정적,알 수 없음,알 수 없음,긍정적,긍정적
2023-10,가게가 넓고 좋아요,긍정적,알 수 없음,긍정적,알 수 없음,긍정적,긍정적
2023-08,맛있어요 다음엔 빙수도 먹고 싶네요,긍정적,긍정적,알 수 없음,알 수 없음,긍정적,긍정적
2023-12,굿,긍정적,긍정적,알 수 없음,알 수 없음,긍정적,긍정적
2023-12,굿,긍정적,알 수 없음,알 수 없음,알 수 없음,긍정적,긍정적
2023-11,맛있어요 굿,긍정적,긍정적,알 수 없음,알 수 없음,긍정적,긍정적
2023-11,귯,긍정적,알 수 없음,알 수 없음,알 수 없음,부정적,긍정적
2023-11,맛집,긍정적,긍정적,긍정적,알 수 없음,긍정적,긍정적
2023-10,굿,긍정적,긍정적,알 수 없음,알 수 없음,긍정적,긍정적
2023-06,"15,000원짜리 빙수 포장
할인받아 13,500원이었지만 이건 너무하네요
집까지 10분
오자마자 열고 섞고
먹으려고하니
어이가 없어서 글을 올라네요
빙수는 아닌듯
가게 창문에 붙인 사진보고 먹음직스러워 포장까지해서 왔는데
절대 비추입니다",부정적,부정적,부정적,알 수 없음,부정적,부정적
2023-08,좋아요,긍정적,알 수 없음,알 수 없음,알 수 없음,긍정적,긍정적
2023-08,좋아요,긍정적,알 수 없음,알 수 없음,알 수 없음,긍정적,긍정적
2023-10,굳,긍정적,긍정적,알 수 없음,알 수 없음,긍정적,긍정적
2023-06,"마감시간전에 방문했는데도 넘 친절하셨어오 ㅠㅠ 퇴근이 늦어서 어쩔수없었는데 감사해요
여기 전에 다른지점갓을땐 완전 나가란식으로해서 좀 더 걸어서 가게됐던곳인데 ㅠㅜ 좋은곳찾음!",긍정적,알 수 없음,긍정적,알 수 없음,긍정적,긍정적
2023-08,베이글이 맛있어요 아침에 일찍 나왔으면 좋겠어요,긍정적,긍정적,긍정적,알 수 없음,긍정적,긍정적
2023-08,쿠키 맛집 ㅎㅎ 소보로도 맛나요,긍정적,긍정적,알 수 없음,알 수 없음,긍정적,긍정적
2023-09,고로케,긍정적,긍정적,알 수 없음,부정적,긍정적,긍정적
2023-08,베이글 너무 맛있어요,긍정적,긍정적,알 수 없음,알 수 없음,긍정적,긍정적
2023-08,커피행사 안하는 매장,부정적,알 수 없음,부정적,알 수 없음,부정적,부정적
2023-10,굿,긍정적,알 수 없음,알 수 없음,알 수 없음,긍정적,긍정적
2023-11,빵 종류많고 맛있어요,긍정적,긍정적,알 수 없음,알 수 없음,긍정적,긍정적
2023-08,빵이 맛있어요 아침에 빵이 조금 더 일찍 나왔으면 좋겠어요,긍정적,긍정적,부정적,알 수 없음,긍정적,긍정적
2023-07,혼밥하기 좋아요 샐러드가 다양해요,긍정적,긍정적,알 수 없음,알 수 없음,긍정적,긍정적
2023-07,식빵 맛있어요,긍정적,긍정적,알 수 없음,알 수 없음,긍정적,긍정적
2023-10,굿,긍정적,긍정적,알 수 없음,알 수 없음,긍정적,긍정적
2023-10,저녁알바생이 불친절합니다 계산은 해주지않고 전화통화한다고 기다리라고 하네요,부정적,알 수 없음,부정적,알 수 없음,부정적,부정적
2023-08,너무 비싸요 ㅡㅡ,부정적,알 수 없음,부정적,부정적,부정적,부정적
2023-04,"사무실 근처 빵집이라 자주가는데요.
최근에 나온... 베이글들.. 너무너무 맛있어요!",긍정적,긍정적,알 수 없음,알 수 없음,긍정적,긍정적
2023-09,ㅇㅇ,긍정적,알 수 없음,알 수 없음,알 수 없음,부정적,긍정적
2023-08,맛나여,긍정적,긍정적,알 수 없음,알 수 없음,긍정적,긍정적
2023-11,👍,긍정적,긍정적,알 수 없음,알 수 없음,긍정적,긍정적
2023-05,커피 행사중이라 저렴하게 잘 먹었어요,긍정적,긍정적,알 수 없음,긍정적,긍정적,긍정적
2023-09,좋아요 굿,긍정적,긍정적,알 수 없음,알 수 없음,긍정적,긍정적
2023-08,좋아요,긍정적,알 수 없음,알 수 없음,알 수 없음,긍정적,긍정적
2023-05,다른 지점 파바보다 비싼데 빵종류가 갈때마다 잘 없어서 고르기가 힘듬,부정적,부정적,알 수 없음,부정적,부정적,부정적
2023-08,친절하세요,긍정적,알 수 없음,긍정적,알 수 없음,긍정적,긍정적
2023-06,실키롤케익 증정할 때 가서 빵 쟁여왔어요 ㅎㅎ,긍정적,알 수 없음,긍정적,긍정적,긍정적,긍정적
2023-06,같은 파리바게트인데 맞은편보다 빙수를 사천원정도씩 비싸게 파네요,부정적,부정적,알 수 없음,부정적,부정적,부정적
2023-10,친절해요,긍정적,알 수 없음,긍정적,알 수 없음,긍정적,긍정적
2023-08,빵이 맛나요,긍정적,긍정적,알 수 없음,알 수 없음,긍정적,긍정적
2023-08,맛나요,긍정적,긍정적,알 수 없음,알 수 없음,긍정적,긍정적
2023-07,맛있어요,긍정적,긍정적,알 수 없음,알 수 없음,긍정적,긍정적
2023-05,앉아서 먹고 갈 수 있어서 좋음,긍정적,알 수 없음,긍정적,알 수 없음,긍정적,긍정적
2023-08,친절해요,긍정적,알 수 없음,긍정적,알 수 없음,긍정적,긍정적
2023-04,점심에 가볍게 샐러드 빵 먹기 좋아요 빵도 맛있어요,긍정적,긍정적,알 수 없음,알 수 없음,긍정적,긍정적
2023-11,맛있어요,긍정적,긍정적,알 수 없음,알 수 없음,긍정적,긍정적
2023-06,회사 근처라 자주 가요~,긍정적,알 수 없음,긍정적,알 수 없음,긍정적,긍정적
2023-04,"거의 매일 아침마다 가는 빵집입니다!
빵도 짱 마싯고, 친절해융~~",긍정적,긍정적,긍정적,알 수 없음,긍정적,긍정적
2023-05,나이스,긍정적,알 수 없음,알 수 없음,알 수 없음,긍정적,긍정적
2023-05,베이글 맛집!! 오이베이들 넘 맛있어요,긍정적,긍정적,알 수 없음,알 수 없음,긍정적,긍정적
2023-04,층고가 높아서 시원하고 내부가 멋져요,긍정적,알 수 없음,알 수 없음,알 수 없음,긍정적,긍정적
2023-03,매장에서 먹고 왔는데 매장내에 일회용품 사용이 가능한가요? 포크도 플라스틱으로 주시고 컵도 플라스틱으로 주시던데 빵집은 카페랑 다른가.. 무튼 빵은 맛있는데 가격이 올라서 아쉽지만 그래도 먹습니다 ㅋㅋ,긍정적,긍정적,부정적,알 수 없음,부정적,긍정적
2023-05,친절하셨어요~,긍정적,알 수 없음,긍정적,알 수 없음,긍정적,긍정적
2023-07,굿굿,긍정적,긍정적,알 수 없음,알 수 없음,긍정적,긍정적
2023-03,샐러드 구성 좋아서 점심에 가끔 가요,긍정적,긍정적,알 수 없음,알 수 없음,긍정적,긍정적
2023-07,굿,긍정적,긍정적,알 수 없음,알 수 없음,긍정적,긍정적
2023-06,매장에 상품이 많아서 좋아요,긍정적,알 수 없음,알 수 없음,긍정적,긍정적,긍정적
2023-05,빵종류가 많음,긍정적,알 수 없음,알 수 없음,긍정적,긍정적,긍정적
2023-04,고로케 맛있게 잘 먹었습니다!,긍정적,긍정적,알 수 없음,알 수 없음,긍정적,긍정적
2023-03,샐러드 종류 많아서 좋아요,긍정적,긍정적,알 수 없음,알 수 없음,긍정적,긍정적
2023-04,건포도 호밀빵 넘 맛나요,긍정적,긍정적,알 수 없음,알 수 없음,긍정적,긍정적
2023-03,빵종류 많고 샐러드 종류 많아요,긍정적,알 수 없음,알 수 없음,긍정적,긍정적,긍정적
2023-04,시금지바질베이글 정말 맛있어요,긍정적,긍정적,알 수 없음,알 수 없음,긍정적,긍정적
2023-06,좋아요,긍정적,알 수 없음,알 수 없음,알 수 없음,긍정적,긍정적
2023-03,종류가 많아요,긍정적,알 수 없음,알 수 없음,긍정적,긍정적,긍정적
2023-02,너무 늦게가서 빵이 많이 없어서 아쉬웠어용,긍정적,알 수 없음,부정적,부정적,부정적,긍정적
2023-06,좋아요,긍정적,알 수 없음,알 수 없음,알 수 없음,긍정적,긍정적
2023-02,빵 종류가 많진 않고 앉을 자리는 꽤 있어요,부정적,부정적,긍정적,알 수 없음,부정적,부정적
2023-04,ㅇㅇ,긍정적,알 수 없음,알 수 없음,알 수 없음,부정적,긍정적
2023-04,ㅇㅇ,긍정적,알 수 없음,알 수 없음,알 수 없음,부정적,긍정적
2023-02,자주 이용하고 있습니다. 깔끔해요,긍정적,알 수 없음,긍정적,알 수 없음,긍정적,긍정적
2023-05,좋아요,긍정적,알 수 없음,알 수 없음,알 수 없음,긍정적,긍정적
2023-02,케이크 종류가 다양해요 사장님 친절하시구요,긍정적,알 수 없음,긍정적,알 수 없음,긍정적,긍정적
2023-03,샐러드 사러 방문 합니다,긍정적,알 수 없음,긍정적,알 수 없음,긍정적,긍정적
2023-03,샐러드 먹기 좋아요~,긍정적,긍정적,알 수 없음,알 수 없음,긍정적,긍정적
2023-06,귯,긍정적,알 수 없음,알 수 없음,알 수 없음,부정적,긍정적
2023-04,맛있어요!,긍정적,긍정적,알 수 없음,알 수 없음,긍정적,긍정적
2023-03,샌드위치가 맛있어요~,긍정적,긍정적,알 수 없음,알 수 없음,긍정적,긍정적
2023-05,굿,긍정적,알 수 없음,알 수 없음,알 수 없음,긍정적,긍정적
2023-01,프랜차이즈 빵 맛,긍정적,긍정적,알 수 없음,알 수 없음,긍정적,긍정적
2023-03,굿,긍정적,알 수 없음,알 수 없음,알 수 없음,긍정적,긍정적
2023-02,또갈께요,긍정적,긍정적,긍정적,알 수 없음,긍정적,긍정적
2023-01,베이글 합라적인가격에 맛도 좋아요,긍정적,긍정적,알 수 없음,알 수 없음,긍정적,긍정적
2023-03,👍🏻,긍정적,긍정적,알 수 없음,알 수 없음,긍정적,긍정적
2023-03,굿,긍정적,알 수 없음,알 수 없음,알 수 없음,긍정적,긍정적
2023-02,굿뜨,긍정적,긍정적,알 수 없음,알 수 없음,긍정적,긍정적
2023-02,맛있어요 :),긍정적,긍정적,알 수 없음,알 수 없음,긍정적,긍정적
2022-12,베이글땜에 자주 가요. 베이글 맛있어요,긍정적,긍정적,알 수 없음,알 수 없음,긍정적,긍정적
2023-06,좋아요,긍정적,알 수 없음,알 수 없음,알 수 없음,긍정적,긍정적
2023-02,맛,긍정적,긍정적,알 수 없음,부정적,긍정적,긍정적
2023-03,친절해요,긍정적,알 수 없음,긍정적,알 수 없음,긍정적,긍정적
2022-12,좋아요,긍정적,알 수 없음,알 수 없음,알 수 없음,긍정적,긍정적
2023-05,좋아요,긍정적,알 수 없음,알 수 없음,알 수 없음,긍정적,긍정적
2019-07,메뉴가 많아서 좋아요,긍정적,알 수 없음,알 수 없음,긍정적,긍정적,긍정적
