﻿Date,Review,Final_Sentiment,맛,서비스,양,sentiment,Sentiment2
2024-10,"두두 여긴 찐 숨은 양재역맛집 입니다
그것도 네이티브들만 아는...
등갈비김치찜은 완존 극락맛
김치가 최극강에 등갈비는 끝도 없이
나와요",긍정적,긍정적,알 수 없음,긍정적,긍정적,긍정적
2024-07,"가족끼리 집근처라 들렸는데, 진짜 너무 맛있어서 재방문 할 예정입니다!! 등갈비 김치찜 너무 맛있어요!! 신김치 한포기 들어가있고 고기도 부드러워서 잘 발려 편하게 먹을수있었습니다!! 흰쌀밥에 같이 먹으니 최고입니다....❤️ 반주하기도 좋아용",긍정적,긍정적,긍정적,긍정적,긍정적,긍정적
2024-07,"양이 푸짐하고요
김치가 맛있어요 고기도 연하고 많이들어있어서 ㄴ좋았어요
1인 1만4천원이라
가성비 있다고생각해요 김치찜먹어보니 불백은 보나마나 맛있을거같다 생각했는데
불백 맛집으로 이미 유명하더라구요!

국물에 김치 넣고 쓱싹 비벼서 다 먹었어요",긍정적,긍정적,긍정적,긍정적,긍정적,긍정적
2024-10,"김치찜 너무 푸짐하게 잘먹었어요!!!!!☺️👍🏻
가성비도 너무 좋아요.. 저녁에 한식에 술한잔 하고싶으시다면 강추입니닷>.<
글고 뼈랑 살이랑 엄청 잘 발려서 먹기도 짱 편해요!",긍정적,긍정적,긍정적,긍정적,긍정적,긍정적
2024-08,등갈비 김치찜 2인분 주문했는데 양이 진짜 넉넉하고 등갈비도 많이 들어있어서 가성비 진짜 좋아요 👍 사장님 친절하시고 음식도 반찬도 다 맛있어서 자주 들를것 같아요,긍정적,긍정적,긍정적,긍정적,긍정적,긍정적
2024-11,진짜 너무 맛있습니다.. 등갈비김치찜 미역국 오뎅 반찬들 다 맛있네요 멀리사는데 다음에 또 오고 싶을 정도입니다 잘먹고갑니다 사장님!,긍정적,긍정적,긍정적,알 수 없음,긍정적,긍정적
2024-05,"푸짐한 고기 양과 맛에 놀라는 양재역 등갈비김치찜 맛집👏 뱅뱅사거리 점심으로 강력 추천🙈주차는 서한 빌딩 주차장을 이용했다 주차요금은 기본 30분에 2,000원, 추가 10분당 1,000원 발생한다🐤 서한빌딩 주차장에서 2~3블럭만 걸으면 두두 도착할 수 있음⭐️고기 양 실화냐구요....😱아낌없이 등갈비 가득 넣어주는 두두❣️이래서 양재역 직장인분들에게 유명한가보다✨김치찜도 아낌없이 넣어주신다. 한 포기가 통채로 들어가있어서 ㅇ0ㅇ........롸...?✅✅✅가장 놀라운 점은 1초만에 벗겨지는 등갈비 뼈다✔️카메라를 한 손으로 들고 있어서 한 손으로 발라내는데도 툭툭 건드리면 알아서 벗겨진다🤣어떻게 이렇게 요리할 수 있는 것인지..등갈비김치찜 요리 만렙 인정입니다!🙌국내산 등갈비를 사용한다니 더 믿음이 간다❣️👍",긍정적,긍정적,긍정적,긍정적,긍정적,긍정적
2024-07,"돼지불백도 맛있고 고등어구이와 세트인데 가격도착하네요
오랜만에 집밥먹는 기분이였어요
돼지불백 딱 기사식당맛이예요",긍정적,긍정적,알 수 없음,긍정적,긍정적,긍정적
2024-05,"맛있는 김치가 푸짐한 등갈비김치찜 강추입니다!
김치가 많이 들어갔는데도 간도 많이 안짜고 넘 맛있었어요ㅋㅋ 고기는 부드러워서 뼈에서 쏙 발라지고 쌈싸먹어도 맛있더라고요! 미역국도 맛있었어요!
강남역 맛집 찾으시면 여기 가세요오오 밥 도둑만 있는 곳임🍚",긍정적,긍정적,긍정적,긍정적,긍정적,긍정적
2024-06,양재역에 이런 김치찜 맛집이 ㅋㅋㅋㅋ 김치찜 지이이인짜 맛잇엇고 일단 고기가 걍 보들보듳 해요 ㅠ 넘맛잇음 ㅜ ㅜ 매장넓어가지구 회식으로 오시기도 좋을듯여,긍정적,긍정적,긍정적,알 수 없음,긍정적,긍정적
2024-07,여기 신김치 좋아하시는 분들 꼭 가십시오…. 와 진짜 새콤하니 존맛탱… 등갈비살도 삭삭 잘발라져서 김치랑 싸먹으면 진짜 밥도둑이에요….👍 지금 사진다시보는데 또 먹고싶어요,긍정적,긍정적,알 수 없음,긍정적,긍정적,긍정적
2024-05,"여기 등갈비김치찜 완전 맛있습니다☺️👍
묵은지라 새콤하면서 감칠맛 최고예요ㅎㅎ
등갈비가 고기도 실하고 푹 익혀 주셔서 살이 쏙- 발라집니다! 기본 상차림으로 주시는 미역국도 넘 맛있어서 싹싹 비웠어요ㅎㅎ밥, 술 모두 어울리는 곳입니다!!",긍정적,긍정적,긍정적,긍정적,긍정적,긍정적
2024-06,"등갈비 김치찜 진짜 맛있어요~~
양도 많고 고기도 잘 발라져서 먹기도 편해요!",긍정적,긍정적,알 수 없음,긍정적,긍정적,긍정적
2024-05,"제가 먹어본 김치찜 중 1등입니다...
일단 등갈비는 뼈가 쏙 빠질 정도로 부드럽고요ㅠㅠ
또 엄청 큰 묵은지가 들어가서 너무 맛있어요.
2인분 주문했는데 고기가 너무 많아서 공기밥 두개씩 먹었네요 ㅋㅋㅋㅋ진짜 밥도둑 그 자체입니다!
이렇게 푸짐하게 주는 곳 처음 봤어요. 기본 반찬 구성도 너무 좋고 특히 쌈에가다가 싸먹으면 존맛입니다👍
자리도 엄청 넓어서 회식 장소로 딱일 거 같더라고요.
양재역 맛집으로는 두두 진짜 강추드립니다.",긍정적,긍정적,긍정적,긍정적,긍정적,긍정적
2024-05,"캐치테이블로 예약하고 편하게 방문했어요 가게도 조용하고 매장 넓어서 다음에 회식으로도 한번 와야겠어요 ㅎㅎ

등갈비 뼈 완전 잘 발라지고 김치 짱 맛있어요💛",긍정적,긍정적,긍정적,알 수 없음,긍정적,긍정적
2024-09,음식이 다 맛있어용!!,긍정적,긍정적,알 수 없음,알 수 없음,긍정적,긍정적
2024-04,"영재역근처 등갈비 김치찜 맛집 두두!!
양도 푸짐하고 김치랑 고기가 너무 맛있어요
가게 인테리어도 예쁘고 밑반찬도 진짜 푸짐해요❤️
단체 예약도 가능해서 회식하기도 좋고
한식 땡길 때 데이트 장소로도 좋은 것 같아요👍🏻",긍정적,긍정적,긍정적,긍정적,긍정적,긍정적
2024-08,등갈비찜 먹었는데 양도 많고 맛있게 잘 먹았습니다. 특히 김치 신맛이 맛있는 신맛이라 좋았습니다. 다음엔 돼지불백 먹으러 올게요!,긍정적,긍정적,알 수 없음,긍정적,긍정적,긍정적
2024-02,"칼칼하고 시원한 등갈비 김치찜!!
이렇게 장사하셔서 뭐가 남나 싶을 정도로
김치도 가득 등갈비도 가득이네요~~
먹어도 먹어도 계속 나오는 등갈비 ㅎㅎ
김치 쭉쭉 찢어서 흰밥 위에 얹어 먹으니
밥한공기 뚝딱! 건강한 집밥느낌에 저절로 소주 땡기는 맛^^",긍정적,긍정적,알 수 없음,긍정적,긍정적,긍정적
2024-04,정말 맛있는 돼지갈비찜 먹고왔어요! 고기가 뼈에서 잘 발라져서 먹기도 편하더라구요😄 양념도 맛있어서 밥한공기 뚝딱입니다! 다음에 또 방문할께요😁,긍정적,긍정적,알 수 없음,긍정적,긍정적,긍정적
2024-03,"양도 많고 고기도 푸짐하고 뭣보다 뼈랑 바로 분리될정도로 부드러워요!
맛은 두말할것도 없어서 배부르게 잘먹었어요.
리필되는 맛있고 싱싱한 반찬들과 미역국도 두두만의 매력! 담에는 불백먹어보러 오겠습니다~",긍정적,긍정적,긍정적,긍정적,긍정적,긍정적
2024-06,회사가 근처에 있어 종종 방문하는 곳이에요! 맛있는 불백 찾으신다면 추천드립니다🙂,긍정적,긍정적,알 수 없음,알 수 없음,긍정적,긍정적
2024-06,양이 너무 많아서 깜짝 놀랐네요 ㅎㅎ 3인분 같은 2인분.. 고기 살도 쏙쏙 발려서 먹기 편했습니당 무엇보다 김치가 정말 맛있네용!,긍정적,긍정적,알 수 없음,긍정적,긍정적,긍정적
2024-04,등갈비 김치찜 양 엄청 푸짐하고 등갈비랑 김치 다 너무 부드럽고 맛있었어요!! 고등어 구이도 간 딱 맞구 전체적으로 다 집밥 스타일이어서 넘 좋아요. 재방문각입니다!,긍정적,긍정적,알 수 없음,긍정적,긍정적,긍정적
2024-05,등갈비 김치찜이 정말 맛있었어요! 다음엔 불백을 먹으러 다시 방문하고 싶어요,긍정적,긍정적,알 수 없음,알 수 없음,긍정적,긍정적
2024-02,"등갈비 김치찜이 너무 부드러워서 살이 쏙 발라져요 ㅎㅎ
요즘 김치찜 고기나 김치가 국산이 아닌데가 많은데 두두는 국산이라 믿고 먹을 수 있네용 ㅎㅎ 매장도 넓고 맛있고 양도 많아서 양재역 회식장소로 추천합니다!",긍정적,긍정적,긍정적,긍정적,긍정적,긍정적
2024-01,"김치찜 전문점이지만 매운 게 땡겨 매운갈비찜을 시켜서 먹었어요! 갈비가 등갈비로 나오고 양도 꽤 많아서 맛있게 먹었네요 ㅎㅎㅎ 청양고추 넣어서 먹었더니 더 맵칼한 게 맛있었습니다 ! 최고의 술도둑 두두 매운갈비찜🐷👍
다음엔 김치찜과 돼지불백도 도전해보려고요 ㅎㅎㅎ",긍정적,긍정적,알 수 없음,긍정적,긍정적,긍정적
2024-02,넘넘 맛있었던 두두 등갈비김치찜! 양재역에 이렇게 한식이 맛있는 집이 있다니 기대이상이었어요❤️ 인테리어도 예쁘고 남자 손님도 여자 손님도 많으셨는데 가성비있게 든든하게 먹었어요! 양재역맛집 두두 인정👍🏻 다음에 또 올게요!,긍정적,긍정적,긍정적,긍정적,긍정적,긍정적
2024-06,셀프바가 있어 편리합니다.,긍정적,알 수 없음,긍정적,알 수 없음,긍정적,긍정적
2024-01,"고집일때왔는데 짠돈으로 바뀌고 처음 방문했어요!!!
이전에도 왔었는데 사장님께서 알아봐주셔서 감사했습니다 ㅎㅎㅎ 앞으로도 친구들이랑 자주 방문할게요 ♥️
노량진에서 제일 맛있는 고깃집이라서 자주 방문합니다 ㅎㅎ 오늘도 잘 챙겨주셔서 감사합니다 ☺️",긍정적,긍정적,긍정적,알 수 없음,긍정적,긍정적
2024-01,"묵은지 등갈비 김치찜 넘넘 맛있었어요 .. 🥹❤️

반찬 가짓수도 넘넘 다양하구 정감가는 분위기라 더욱 편안하게 냠냠 먹을 수 있었습니당 🥰✨

묵은지 한 포기 그대로 올려서 주시는데 .. 진짜 김치랑 밥만 먹어도 완벽해요 .. ❤️

양재쪽에서 김치찜 맛집은 여기로 정착하겠습니당 ㅠㅡㅠ 💛 고기도 넘넘 부드럽고 ㅠㅠ 김치도 넘넘 맛있어요 ㅠㅠ 😭💗

매장이 넓직해서 다음에는 가족 모두 같이 가서 식사하려구요 ㅎㅎ 회식하기도 넘넘 좋을 것 같아용 !! 🥹💛

다음에 김치찜 생각나는 날 또 방문하겠습니당 .. 💓😋",긍정적,긍정적,긍정적,긍정적,긍정적,긍정적
2024-01,"어떻게 만드신건지 고기랑 김치가 너무 부드러워서 입에서 녹아요🫠❤️❤️ 등갈비 뼈가 너무 잘발라진것도 신기했고 양도 푸짐해서 배부르게 잘 먹고갑니다😖
밥 한공기 뚝딱했어요🍚 완전 밥도둑이잖아요!!!
양재역 맛집 두두에서 다들 등갈비 김치찜 드셔보세요ㅠㅠㅠ 입에서 고기와 김치가 녹는 경험을 할 수 있어요",긍정적,긍정적,긍정적,긍정적,긍정적,긍정적
2024-01,"사장님께서 너무 친절하게 서비스 해주셔서
기분 좋은 식사 할 수 있었어요!
동네 주민이라면 편하게 자주 저녁 식사하러
올 것 같아요. 점심엔 돼지 불백도 잘 되어 있어서,
점심 저녁 모두 추천하는 식당입니다.",긍정적,알 수 없음,긍정적,긍정적,긍정적,긍정적
2024-06,"처음가봤는데 매운 갈비찜
기분좋게 맵네요",긍정적,긍정적,알 수 없음,알 수 없음,긍정적,긍정적
2024-05,갈비찜 너무 맛있게 먹었습당 고기도 실하고 간장베이스 양념이 호불호안갈릴 맛인것 같아요 갈비찜 먹고싶을때 추천해요!!,긍정적,긍정적,알 수 없음,알 수 없음,긍정적,긍정적
2024-01,"등갈비 김치찜 맛집..
기본 반찬, 김치 기본적인 것들이 맛있으니까 공깃밥 한 공기 뚝딱인 집.. 고기도 부드럽고 작게 손질이 돼 있어서 먹기 편하고 점심엔 웨이팅이 있다던데 미리 웨이팅 하셔서 꼭 드셔보시길 바라용 양재역 맛집 추천bbb",긍정적,긍정적,긍정적,긍정적,긍정적,긍정적
2024-07,가성비와 맛도 좋습니다~~,긍정적,긍정적,알 수 없음,알 수 없음,긍정적,긍정적
2024-03,양재에서 집밥 생각날때 가면 좋은 곳이에요 맛도리!!,긍정적,긍정적,알 수 없음,알 수 없음,긍정적,긍정적
2024-04,너무 맛있어욤,긍정적,긍정적,알 수 없음,알 수 없음,긍정적,긍정적
2024-03,"등갈비김치찜 너무 맛있어요!! 국내산 재료인데 1인분에 14,000원이고 맛도 좋아요!!! 👍🏻👍🏻 다음에 또 방문해서 다른 메뉴도 먹어 보고 싶어용~~",긍정적,긍정적,알 수 없음,알 수 없음,긍정적,긍정적
2024-04,상추쌈 싸먹으면 진짜 맛있어요~,긍정적,긍정적,알 수 없음,알 수 없음,긍정적,긍정적
2023-12,김치돼지불백세트 먹었어요 다들 넘 맛있다고 좋아했어요 술집에서는 볼수 없는건강한 맛인데 또 술이 땡겨 혼났어요. 김치돼지불백은 고기냄새안나고 불향이 입혀져맛있었고 쌈과 야채를 곁들여 먹으니 맛있었어요. 고등어 구이가 일품인데 겉은 바삭하고 안은 부드럽고 촉촉해요. 운동하고왔지만 캘리가고파지는 맛입니다. 테이블이 많아서 단체모임에도 좋을것 같아요 깔끔하면서 푸짐하고 맛있는 밥집에서 편안한 사람들과 술자리 하신다면 완전 추천입니다,긍정적,긍정적,긍정적,긍정적,긍정적,긍정적
2024-01,부드러운 등갈비살과 새콤하니 맛있게 잘 익은 묵은지 조합 미춋어요😍😍 레알 밥도둑이니 등갈비 김치찜 무조건 주문하세요👍 재방문각입니당ㅎㅎ,긍정적,긍정적,긍정적,긍정적,긍정적,긍정적
2023-12,여기 완전 맛도리... 등갈비김치찜 2인 먹었는데 고기며 김치며 그냥 녹아요ㅋㅋ 살이랑 뼈랑 바로 분리됨ㅋㅋㅋ 김치도 묵은지처럼 야들야들하니 맛있어요!!🍗🍗🍗,긍정적,긍정적,알 수 없음,긍정적,긍정적,긍정적
2024-04,불백 맛있어요! 두두불백 굿,긍정적,긍정적,알 수 없음,알 수 없음,긍정적,긍정적
2024-04,김치찜이 넘 맛있어요!!,긍정적,긍정적,알 수 없음,알 수 없음,긍정적,긍정적
2023-11,"양재역회식장소 두두 추천합니다!
돼지불백 김치찜 직장인들이 사랑하는 메뉴가득
특히 고등어정식은 가성비가 미쳤습니다
엄청 큰 고등어와 푸짐한 돼지불백이 심지어 국내산김치를 사용하신다니... 뱅뱅사거리맛집 두두 무조건입니다!",긍정적,긍정적,알 수 없음,긍정적,긍정적,긍정적
2024-02,김치찜 입에서 사르르 녹아요🥹😋,긍정적,긍정적,알 수 없음,알 수 없음,긍정적,긍정적
2023-11,"양재역 맛집인 두두에 방문했습니당! 김치찜 평소에도 좋아하는데 두두는 정말 새콤한 김치찜이라 대만족! 사장님도 완전 친절하세요~! 다음에는 매운돼지갈비찜도 먹어보려구요~!
* 본 리뷰는 업체로부터 제품만을 제공받아 솔직하게 작성하였습니다.",긍정적,긍정적,긍정적,알 수 없음,긍정적,긍정적
2023-12,"매운돼지갈비찜도 맛있고
간장 돼지불백도 너무 맛있어요!!!
추천👍👍👍",긍정적,긍정적,알 수 없음,알 수 없음,긍정적,긍정적
2024-04,사장님 매우 친절하시고 음식도 짱 맛나요♥️♥️,긍정적,긍정적,긍정적,알 수 없음,긍정적,긍정적
2024-01,"등갈비 엄청 부드럽고 김치 진짜 맛있어용
양도 엄청 푸짐하고 집밥먹는느낌👍👍👍👍",긍정적,긍정적,알 수 없음,긍정적,긍정적,긍정적
2024-02,등갈비 김치찜이 베스트메뉴여서 시켜봤는데 양도 많고 김치도 한포기가 냅다 들어가있다 ㅋㅋㅋㅋ 고기도 부드러워서 뼈와 분리하기 쉬워서 먹기도 좋았다 왜 베스트메뉴인지 알것만 같았다 ㅎㅎ 잘 먹고 갑니당 ~~,긍정적,긍정적,알 수 없음,긍정적,긍정적,긍정적
2023-12,"신김치가 아니고 적당히 묵은 김치랑 맛있어요
잘 익으면 등갈비도 쏙쏙 빠져서 먹기 편해요",긍정적,긍정적,알 수 없음,긍정적,긍정적,긍정적
2024-01,양도 엄청 많고 고기도 진짜 부드럽고 맛있어요!!,긍정적,긍정적,알 수 없음,긍정적,긍정적,긍정적
2024-01,양이 많고 반찬이 잘나와요,긍정적,알 수 없음,알 수 없음,긍정적,긍정적,긍정적
2023-11,양이 정말 많고 맛있었어요!! 등갈비 김치찜 답게 김치가 푹 익어 아주 맛있는 김치였습니다. 갈비도 살이 쏙쏙 잘 발라지구요 ㅎㅎ 사장님도 친절하셔서 기분 좋아지는 식사였습니다. 다음에 다른 메뉴 먹어보러 가겠습니다!! 번창하세요 ~!~!,긍정적,긍정적,긍정적,긍정적,긍정적,긍정적
2023-11,맛있고 멋있는 밥집 맛집👌👌👌친절해서 기분봏은 돼지불백 맛집😍😍😍,긍정적,긍정적,긍정적,알 수 없음,긍정적,긍정적
2024-05,좋아요,긍정적,알 수 없음,알 수 없음,알 수 없음,긍정적,긍정적
2024-05,김치찜 맛나게 먹었어요~^^,긍정적,긍정적,알 수 없음,알 수 없음,긍정적,긍정적
2024-01,맛있는 점심 한끼 먹었습니다.,긍정적,긍정적,알 수 없음,알 수 없음,긍정적,긍정적
2023-12,밑반찬도 많고 돼지불백 맛이 깔끔해서 좋습니다!,긍정적,긍정적,알 수 없음,긍정적,긍정적,긍정적
2024-01,정말 좋았어요,긍정적,긍정적,알 수 없음,알 수 없음,긍정적,긍정적
2024-03,굿,긍정적,긍정적,알 수 없음,알 수 없음,긍정적,긍정적
2023-11,"미미!!!!

넘 맛있어요!🩷
특히 김치가 도른자!!

담에 불백먹으러 갈게용🤭
번창하세여!!!",긍정적,긍정적,알 수 없음,알 수 없음,긍정적,긍정적
2024-01,굿,긍정적,긍정적,알 수 없음,알 수 없음,긍정적,긍정적
2024-01,굿,긍정적,긍정적,알 수 없음,알 수 없음,긍정적,긍정적
2023-09,공기밥은 따로추가라 아쉬웠음,부정적,알 수 없음,부정적,부정적,부정적,부정적
2023-07,두두돼지불백은 언제 먹어도 정말 맛있습니다👍 오래오래 장사해주세요💓 그리고 2번이상 방문하신다면 김치찜 도전 추천드립니다. 존맛이에요,긍정적,긍정적,긍정적,알 수 없음,긍정적,긍정적
2024-05,맛나다,긍정적,긍정적,알 수 없음,알 수 없음,긍정적,긍정적
2023-06,"인태리어도 멋지고
친절하고
음식은 메뉴별로
다 맛있어요",긍정적,긍정적,긍정적,알 수 없음,긍정적,긍정적
2023-08,괜춘괜춘한 점심 집!!,긍정적,긍정적,알 수 없음,알 수 없음,긍정적,긍정적
2023-05,굿,긍정적,긍정적,알 수 없음,알 수 없음,긍정적,긍정적
2023-03,"음식이 맛있고
친절하며
계속먹어도 질리지않아요",긍정적,긍정적,긍정적,알 수 없음,긍정적,긍정적
2023-02,재료가 신선하고 음식이 맛있어서 좋습니다,긍정적,긍정적,알 수 없음,알 수 없음,긍정적,긍정적
2023-05,구ㅅ,긍정적,알 수 없음,알 수 없음,알 수 없음,부정적,긍정적
2023-09,친절하고 음식도 맛있어요,긍정적,긍정적,긍정적,알 수 없음,긍정적,긍정적
2022-11,"여러명에서 밥한끼하기 좋아요!!
2인부터 먹을 수 있는거 같아요~ 양도 푸짐하고 넉넉히 둘이서 잘 먹었습니다ㅎㅎ
다음에는 다른 메뉴도 정복해보려구요",긍정적,긍정적,알 수 없음,긍정적,긍정적,긍정적
2022-09,불백 존맛탱이에요👍 상추로 싸서 먹으면 극락입니다💕 상호명을 영수증 보고 알았지만 ㅋㅋ 계속 방문할거에요!,긍정적,긍정적,알 수 없음,알 수 없음,긍정적,긍정적
2023-10,맛있어요,긍정적,긍정적,알 수 없음,알 수 없음,긍정적,긍정적
2022-11,"새콤 매콤한 김치찜!
등갈비 김치찜 맛있어요>_<",긍정적,긍정적,알 수 없음,알 수 없음,긍정적,긍정적
2023-02,굳 맛집,긍정적,긍정적,알 수 없음,알 수 없음,긍정적,긍정적
2022-11,역시 넘 맛있어요 🥰 숯불향도 넘 좋구요 깻잎 불백만 먹습니당 반찬도 다 신선하고 쌈싸면 짱이에여 😋,긍정적,긍정적,긍정적,긍정적,긍정적,긍정적
2023-02,돼지불백 맛있어요,긍정적,긍정적,알 수 없음,알 수 없음,긍정적,긍정적
2022-10,돼지불백 + 고등어 한상,긍정적,긍정적,알 수 없음,긍정적,긍정적,긍정적
2022-11,양과 맛 모두 좋네요 등갈비김치찜 맛있습니다,긍정적,긍정적,알 수 없음,긍정적,긍정적,긍정적
2023-03,굳,긍정적,알 수 없음,알 수 없음,알 수 없음,긍정적,긍정적
2023-02,굿굿,긍정적,긍정적,알 수 없음,알 수 없음,긍정적,긍정적
2022-10,음식이 너무 맛있어요❤️,긍정적,긍정적,알 수 없음,알 수 없음,긍정적,긍정적
2022-12,등갈비 김치찜 최애,긍정적,긍정적,알 수 없음,알 수 없음,긍정적,긍정적
2022-09,더덕구이가 정말 맛있고 밑반찬 종류도 다양해서 좋습니다 ㅎㅎ,긍정적,긍정적,알 수 없음,알 수 없음,긍정적,긍정적
2022-12,ㄱㅜㅅ,긍정적,알 수 없음,알 수 없음,알 수 없음,부정적,긍정적
2022-06,푸짐하게 먹을만했어요. 단점 1가지가 있는데 제 입맛에 김치가 너무너무 달아요. 다음엔 불백을 먹어봐야겠네요.,긍정적,부정적,알 수 없음,긍정적,긍정적,긍정적
2022-08,두두컴퍼니 불백은 정말 맛있어요!,긍정적,긍정적,알 수 없음,알 수 없음,긍정적,긍정적
2023-02,맛있어요❤️,긍정적,긍정적,알 수 없음,알 수 없음,긍정적,긍정적
2022-12,굿,긍정적,긍정적,알 수 없음,알 수 없음,긍정적,긍정적
2022-08,점심에 불고기백반 맛있어요,긍정적,긍정적,알 수 없음,알 수 없음,긍정적,긍정적
2023-06,맛있어요,긍정적,긍정적,알 수 없음,알 수 없음,긍정적,긍정적
2023-06,맛있어요,긍정적,긍정적,알 수 없음,알 수 없음,긍정적,긍정적
2022-11,좋아요,긍정적,알 수 없음,알 수 없음,알 수 없음,긍정적,긍정적
2022-10,맛있어요,긍정적,긍정적,알 수 없음,알 수 없음,긍정적,긍정적
2022-08,불백이랑 김치찜이 맛있어요!,긍정적,긍정적,알 수 없음,알 수 없음,긍정적,긍정적
2022-08,점심 먹으러 지주가는데 가격올라 이제 만원이네요,긍정적,알 수 없음,부정적,알 수 없음,부정적,긍정적
2022-07,등갈비 엄청 푸짐하고 맛나요,긍정적,긍정적,알 수 없음,긍정적,긍정적,긍정적
2022-09,좋아요,긍정적,알 수 없음,알 수 없음,알 수 없음,긍정적,긍정적
2022-07,잘먹었어요,긍정적,긍정적,알 수 없음,알 수 없음,긍정적,긍정적
2022-11,맛있어요,긍정적,긍정적,알 수 없음,알 수 없음,긍정적,긍정적
2022-11,ㅈㅡㅎ아요,부정적,알 수 없음,알 수 없음,알 수 없음,부정적,부정적
2022-04,맛있고 친절해요,긍정적,긍정적,긍정적,알 수 없음,긍정적,긍정적
2022-06,좋아,긍정적,알 수 없음,알 수 없음,알 수 없음,긍정적,긍정적
2022-02,"좋아요
맛있어요
강추합니다",긍정적,긍정적,알 수 없음,알 수 없음,긍정적,긍정적
2022-06,굿,긍정적,긍정적,알 수 없음,알 수 없음,긍정적,긍정적
2022-01,인테리어도 예쁘고 음식도 맛있어요!,긍정적,긍정적,알 수 없음,알 수 없음,긍정적,긍정적
2022-01,등갈비 맛있어요😋😋,긍정적,긍정적,알 수 없음,알 수 없음,긍정적,긍정적
2022-07,맛있어요,긍정적,긍정적,알 수 없음,알 수 없음,긍정적,긍정적
2022-03,굿,긍정적,긍정적,알 수 없음,알 수 없음,긍정적,긍정적
2022-03,맛있어요~~,긍정적,긍정적,알 수 없음,알 수 없음,긍정적,긍정적
2022-01,고등어 추가 필수 맛집,긍정적,긍정적,알 수 없음,알 수 없음,긍정적,긍정적
2021-11,반찬도 굉장히 다양하고 돼지불고기가 너무 맛있어서 좋습니다!,긍정적,긍정적,알 수 없음,알 수 없음,긍정적,긍정적
2021-07,"정말 맛있게 잘먹었어요.
자주 방문했지만 처음으로 리뷰를 남기네요.
단골이 많은 이유는 역시 맛과 양은
항상 한결 같고 친절합니다. 고민 마시고 가보세요!",긍정적,긍정적,긍정적,긍정적,긍정적,긍정적
2022-01,좋아요,긍정적,알 수 없음,알 수 없음,알 수 없음,긍정적,긍정적
2022-03,좋아요,긍정적,알 수 없음,알 수 없음,알 수 없음,긍정적,긍정적
2022-03,좋아요,긍정적,알 수 없음,알 수 없음,알 수 없음,긍정적,긍정적
2022-01,좋아요,긍정적,알 수 없음,알 수 없음,알 수 없음,긍정적,긍정적
2021-10,친절하세요,긍정적,알 수 없음,긍정적,알 수 없음,긍정적,긍정적
2021-11,좋아요,긍정적,알 수 없음,알 수 없음,알 수 없음,긍정적,긍정적
2021-08,오늘도 간장불백 맛있네요,긍정적,긍정적,알 수 없음,알 수 없음,긍정적,긍정적
2021-10,ㅎㅎ,긍정적,알 수 없음,알 수 없음,알 수 없음,긍정적,긍정적
2022-02,좋아요,긍정적,알 수 없음,알 수 없음,알 수 없음,긍정적,긍정적
2021-09,좋아요,긍정적,알 수 없음,알 수 없음,알 수 없음,긍정적,긍정적
2021-07,진짜 깔끔하고 맛있어요,긍정적,긍정적,알 수 없음,알 수 없음,긍정적,긍정적
2021-08,좋아요,긍정적,알 수 없음,알 수 없음,알 수 없음,긍정적,긍정적
2021-07,늘 맛있어요,긍정적,긍정적,알 수 없음,알 수 없음,긍정적,긍정적
2021-07,맛있어요!,긍정적,긍정적,알 수 없음,알 수 없음,긍정적,긍정적
2021-07,굿,긍정적,긍정적,알 수 없음,알 수 없음,긍정적,긍정적
2021-06,굳,긍정적,알 수 없음,알 수 없음,알 수 없음,긍정적,긍정적
2021-04,맛있어요,긍정적,긍정적,알 수 없음,알 수 없음,긍정적,긍정적
2021-03,맛있고 친철 짱~~^^,긍정적,긍정적,긍정적,알 수 없음,긍정적,긍정적
2021-08,좋아요,긍정적,알 수 없음,알 수 없음,알 수 없음,긍정적,긍정적
2021-01,최애 식당 중 하나에요...♡,긍정적,긍정적,알 수 없음,알 수 없음,긍정적,긍정적
2021-03,친절해요,긍정적,알 수 없음,긍정적,알 수 없음,긍정적,긍정적
2021-03,맛남,긍정적,알 수 없음,알 수 없음,알 수 없음,긍정적,긍정적
2021-05,맛있어용~~~!,긍정적,긍정적,알 수 없음,알 수 없음,긍정적,긍정적
2020-11,"강남구 도곡로,두두컴퍼니.
감사해요.",긍정적,알 수 없음,긍정적,알 수 없음,긍정적,긍정적
2020-10,"맛있었어요~~~ 두두불백도 맛있었고 밑반찬도 다 맛있더라구요~ 사빙헤주시는 분도 친절하고~~~ :)
가성비 좋아서 또 갈 것 같아요~",긍정적,긍정적,긍정적,알 수 없음,긍정적,긍정적
2021-04,보통입니다,부정적,알 수 없음,알 수 없음,알 수 없음,부정적,부정적
2020-11,맛있어요 다음에도 또 올게요^^,긍정적,긍정적,알 수 없음,알 수 없음,긍정적,긍정적
2021-02,맛있어요^^,긍정적,긍정적,알 수 없음,알 수 없음,긍정적,긍정적
2021-02,맛있어요,긍정적,긍정적,알 수 없음,알 수 없음,긍정적,긍정적
2021-02,맛있어요!!,긍정적,긍정적,알 수 없음,알 수 없음,긍정적,긍정적
2020-11,가격에. 비해. 아쉽,부정적,알 수 없음,알 수 없음,부정적,부정적,부정적
2020-10,김치 불백 맛나요~!,긍정적,긍정적,알 수 없음,알 수 없음,긍정적,긍정적
2020-11,"맛있었어요
코로나인데 테이블거리두기좀 해주셨으면 좋겠습니다 점심시간에 사람들밥먹으면서 대화를 너무 많이하거든요ㅜㅜ",긍정적,긍정적,부정적,알 수 없음,긍정적,긍정적
2020-11,좋아요,긍정적,알 수 없음,알 수 없음,알 수 없음,긍정적,긍정적
2020-08,"양도 적당하고 간도 쎄지 않고 맛있어요.
직원분들이 마스크를 안쓰셔서 좀...",긍정적,긍정적,부정적,긍정적,긍정적,긍정적
2020-12,맛있어요,긍정적,긍정적,알 수 없음,알 수 없음,긍정적,긍정적
2020-11,맛있어요,긍정적,긍정적,알 수 없음,알 수 없음,긍정적,긍정적
2020-11,친절해요,긍정적,알 수 없음,긍정적,알 수 없음,긍정적,긍정적
2020-11,좋아요,긍정적,알 수 없음,알 수 없음,알 수 없음,긍정적,긍정적
2020-11,맛있는데 좀 비싸요,긍정적,긍정적,알 수 없음,부정적,부정적,긍정적
2020-08,맛있어요~~~,긍정적,긍정적,알 수 없음,알 수 없음,긍정적,긍정적
2020-06,완전 맛있어요 등갈비김치찜 대박 추천합니다,긍정적,긍정적,알 수 없음,알 수 없음,긍정적,긍정적
2020-07,친절해요,긍정적,알 수 없음,긍정적,알 수 없음,긍정적,긍정적
2020-08,맛있어요,긍정적,긍정적,알 수 없음,알 수 없음,긍정적,긍정적
2020-02,"묵은지 등갈비찜 포장했어요!
둘이 먹기에 양이 딱 적당해요~",긍정적,긍정적,알 수 없음,긍정적,긍정적,긍정적
2020-07,김치찜 존맛탱,긍정적,긍정적,알 수 없음,알 수 없음,긍정적,긍정적
2020-12,맛있어요,긍정적,긍정적,알 수 없음,알 수 없음,긍정적,긍정적
2020-03,점심때도 맛있었지만 술마시러 오기도 좋을듯,긍정적,긍정적,알 수 없음,알 수 없음,긍정적,긍정적
2020-11,맛있어요,긍정적,긍정적,알 수 없음,알 수 없음,긍정적,긍정적
2020-03,맛있어요!,긍정적,긍정적,알 수 없음,알 수 없음,긍정적,긍정적
2020-03,좋습니다,긍정적,알 수 없음,알 수 없음,알 수 없음,긍정적,긍정적
2020-01,맛있고 양많고 친절해여,긍정적,긍정적,긍정적,긍정적,긍정적,긍정적
2020-01,맛남,긍정적,알 수 없음,알 수 없음,알 수 없음,긍정적,긍정적
2020-01,강력추천,긍정적,긍정적,알 수 없음,알 수 없음,긍정적,긍정적
2018-01,굿,긍정적,긍정적,알 수 없음,알 수 없음,긍정적,긍정적
