﻿Date,Review,Final_Sentiment,맛,서비스,양,sentiment,Sentiment2
2024-10,친절해요,긍정적,알 수 없음,긍정적,알 수 없음,긍정적,긍정적
2024-06,또봉이통닭은 치킨 가격도 12000원밖에 안하고 일단 2층 테라스에서 시원하게 먹는 맥주는 끝내줍니다!! 사장님도 친절하시고 앞으로 자주 올것 같아요!,긍정적,긍정적,긍정적,알 수 없음,긍정적,긍정적
2024-07,맛있게 잘 먹고 왔습니다~~,긍정적,긍정적,알 수 없음,알 수 없음,긍정적,긍정적
2024-05,야장이 있어서 아주 운치있고 좋아요.,긍정적,알 수 없음,긍정적,알 수 없음,긍정적,긍정적
2024-05,점심 정식 맛있어요.,긍정적,긍정적,알 수 없음,알 수 없음,긍정적,긍정적
