﻿Date,Review,Final_Sentiment,맛,서비스,양,sentiment,Sentiment2
2024-08,"퇴근후 집밥같은 느낌으로 식사하기 좋은 가게입니다. 소소하게 퇴근하고 불백에 소주 한잔할 수 있는 곳이 근처에 있어서 좋네요ㅎㅎ 이번엔 매운돼지불백으로 주문해봤는데 생각보다 꽤 매웠고, 개인적으로는 그냥 돼지불백이 좀더 맛있는것 같습니다. 계란찜 완전 옛날 스타일인데 너무 맛있었어요. 퇴근후 배가 많이 고픈날이면 생각나는 집입니다 굿b",긍정적,부정적,긍정적,알 수 없음,긍정적,긍정적
2024-10,"역삼동에서 먹을수있는 최고의 건강한 집밥!
계란찜도 대박이에요",긍정적,긍정적,알 수 없음,알 수 없음,긍정적,긍정적
2024-11,"과거에 왔을때 쌈상추와 함께 고추 가 나왔었는데 고추가 안나오길래 이제 고추는 안나오는건가요 하고 물어봤더니
짜증을 내면서
“그건물어보셔야해요!! 안물어보는데 어떻게 드려요!! ”
라고 화 를 내시더라구요.상추도 모두 물러있구요.두번다시 안가렵니다.",부정적,알 수 없음,부정적,부정적,부정적,부정적
2024-10,"푸짐하고 따뜻한 집밥 그자체
너무좋아하는곳이라 혼밥하러도 자주가요
최고입니다",긍정적,긍정적,알 수 없음,긍정적,긍정적,긍정적
2024-05,여기 진짜 맛도좋고 양도 혜자ㅠ 사장님도 친절하세요💓 우연히 점심 먹으러 들렀는데 이렇게 철판에 제대로 먹은게 오랜만이네요 같이 나오는 오이냉국도 짱맛입니당~ 근처 불백집 많은데 고가네 완전 추천드려요!! (음료수 천원 실화인가요..ㅎ) 잘먹고갑니당~~~,긍정적,긍정적,긍정적,긍정적,긍정적,긍정적
2024-07,"매운맛이랑 약간매운맛이랑 크게 차이는 없어요
양도 많고 맛있어요
당면 추가하는 거 추천합니다",긍정적,긍정적,알 수 없음,긍정적,긍정적,긍정적
2024-04,"뱅뱅사거리 근처에 맛집없기로 유명한데 여기는 일부러 찾아올만한 불백집이네요 :) 사장님도 엄청 친절하시고 사이드로 나오는 반찬이랑 시래기국 다 넘 맛있어요! 다들 철판불백 먹고서 볶음밥까지 추가해서 먹던데, 기본 인수대로 공기밥이 나와서 배불러서 못 먹었어요..다음번엔 볶음밥도 먹어보겠습니다ㅎㅎ 역삼에서 가성비 좋은 흔치않은 불백 맛집에요♡",긍정적,긍정적,긍정적,부정적,긍정적,긍정적
2024-06,"철판불백+국까지 세트라 가성비 좋아요
약간매운맛도 매운 편임
당면 추가 필수",긍정적,긍정적,알 수 없음,긍정적,긍정적,긍정적
2024-03,"가성비가 너무 좋아요,
반찬 구성과 양이 적절해요,
내부도 깨끗해요,
고기 상태도 좋아보여요,
간단한 점심 먹기에 너무 좋아요",긍정적,긍정적,알 수 없음,긍정적,긍정적,긍정적
2024-02,"혼밥 하기에 딱입니다
혼자 가서 이런 철판 불백 먹기 정말 쉽지 않은데 가성비 최고예요
늘 번창하세요",긍정적,긍정적,알 수 없음,알 수 없음,긍정적,긍정적
2024-03,"약간매운맛으로 먹으면 딱이에요
당면추가 필수 ㅋㅋ",긍정적,긍정적,알 수 없음,긍정적,긍정적,긍정적
2024-02,재방문인데 혼자먹기 편해요,긍정적,알 수 없음,긍정적,긍정적,긍정적,긍정적
2024-05,궁,긍정적,알 수 없음,알 수 없음,알 수 없음,긍정적,긍정적
2023-10,"아니 철판불백도 맛있는데, 시래기국 도랏어요!!!
볶음밥 먹을려고 했는데, 시래기국이 먼저 나오는 바람에 밥말아서 먹느라 볶음밥까진 못 먹어서 아쉽..ㅠ 시래기국만 있어도 밥 한공기 뚝딱입니다..(진심으로 살면서 먹어온 시래기국중에 최고에요..)",긍정적,긍정적,부정적,알 수 없음,긍정적,긍정적
2024-01,맛있어요 :),긍정적,긍정적,알 수 없음,알 수 없음,긍정적,긍정적
2023-07,"혼밥인데 이렇게 철판에다가 먹기 어려운데ㅎㅎㅎ 고기도 맛있고요, 부추 넣어서 먹는 타이밍과 불 끄는 타이밍 등 친절히 알려주셔서 좋았습니다!",긍정적,긍정적,긍정적,알 수 없음,긍정적,긍정적
2023-09,테이블마다 어떤 찬이 더 필요한지 세심하게 둘러봐주시는 사장님께 감동했어요!!! 장사는 그렇게 해야 하는 건데 요새 막돼먹은 식당들이 우후죽순 생겨나서 화나요!! 고가네 철판불백 화이팅!!!,긍정적,알 수 없음,긍정적,알 수 없음,긍정적,긍정적
2023-10,가격대비 맛있어요,긍정적,긍정적,알 수 없음,알 수 없음,긍정적,긍정적
2023-08,친절하고 맛있어요,긍정적,긍정적,긍정적,알 수 없음,긍정적,긍정적
2023-12,혼밥하기 좋아요 계란찜은 조금 비싸요 5천원 ㅎ 볶음밥도 맛있어요,긍정적,긍정적,알 수 없음,부정적,긍정적,긍정적
2023-07,좋아요 :),긍정적,알 수 없음,긍정적,알 수 없음,긍정적,긍정적
2023-07,"불백 혼자가도 불판에 줘서 맛있어요
오이냉국도 맛있어요~",긍정적,긍정적,알 수 없음,알 수 없음,긍정적,긍정적
2023-07,김치철판불백!!!,긍정적,긍정적,알 수 없음,알 수 없음,긍정적,긍정적
2023-09,굳,긍정적,알 수 없음,알 수 없음,알 수 없음,긍정적,긍정적
2023-08,굿이에요,긍정적,긍정적,알 수 없음,알 수 없음,긍정적,긍정적
2023-06,사장님 넘 친절하시고 불백도 진짜 맛있었어요!!,긍정적,긍정적,긍정적,알 수 없음,긍정적,긍정적
2023-06,불백 맛있어요!,긍정적,긍정적,알 수 없음,알 수 없음,긍정적,긍정적
2023-05,추천드립니다,긍정적,알 수 없음,긍정적,알 수 없음,긍정적,긍정적
2023-01,쌈싸먹으라고 배추를 줌. 불백에 배추라니!! 완전 따봉임. 불백 국 반찬 다 맛있음.,긍정적,긍정적,부정적,긍정적,긍정적,긍정적
2023-06,음식 맛있습니다,긍정적,긍정적,알 수 없음,알 수 없음,긍정적,긍정적
2023-06,좋아요 :),긍정적,알 수 없음,긍정적,알 수 없음,긍정적,긍정적
2023-06,좋아요,긍정적,알 수 없음,알 수 없음,알 수 없음,긍정적,긍정적
2022-12,회사 옆에 있어서 자주 방문하는데 불백이 담백하고 맛있어요. 된장국도 엄청 맛나요.,긍정적,긍정적,알 수 없음,알 수 없음,긍정적,긍정적
2023-07,굳,긍정적,알 수 없음,알 수 없음,알 수 없음,긍정적,긍정적
2023-03,맛있고 친절하세요 점심에 대기하면 당면을 서비스로 주십니다,긍정적,긍정적,긍정적,긍정적,긍정적,긍정적
2023-02,오징어불고기는 확실히 안주용이에요~ 밥이랑 먹기에는 좀 짜네요ㅠㅠ 그래도 맛있어요!,긍정적,긍정적,알 수 없음,알 수 없음,부정적,긍정적
2023-03,너무맛있습니당,긍정적,긍정적,알 수 없음,알 수 없음,긍정적,긍정적
2023-05,굿,긍정적,긍정적,알 수 없음,알 수 없음,긍정적,긍정적
2022-12,"돼지불백 매운돼지불백 모두 맛나요!
밥까지 볶아먹으면 진짜 배부르게 점심 한끼 해결이에요!
사장님도 친절하시고 밑반찬으로 나오는 국이 정말 맛나요!!",긍정적,긍정적,긍정적,긍정적,긍정적,긍정적
2023-03,맛있어요,긍정적,긍정적,알 수 없음,알 수 없음,긍정적,긍정적
2022-12,점심시간에 딱히 생각나는게 없으면 가는곳이에요~ 맛있어요,긍정적,긍정적,알 수 없음,알 수 없음,긍정적,긍정적
2023-03,굿입니다,긍정적,긍정적,알 수 없음,알 수 없음,긍정적,긍정적
2022-12,혼밥하기도 좋구요 술자리모임하기도 좋은 메뉴에 가성비 넘치는 구성입니다. 음식도 물론 맛있습니다,긍정적,긍정적,알 수 없음,긍정적,긍정적,긍정적
2023-03,굿굿,긍정적,긍정적,알 수 없음,알 수 없음,긍정적,긍정적
2022-12,"점심 시간에 회사 근처라 갔는데 부담없이
먹기 좋고 친절해요!",긍정적,긍정적,긍정적,알 수 없음,긍정적,긍정적
2023-02,굿,긍정적,긍정적,알 수 없음,알 수 없음,긍정적,긍정적
2022-12,ㅇㅇ,긍정적,알 수 없음,알 수 없음,알 수 없음,부정적,긍정적
2022-10,음식은 맛있는데 계산이 틀렸어요... 내돈 ㅠㅠ,부정적,긍정적,부정적,알 수 없음,부정적,부정적
2022-12,ㅇㅇ,긍정적,알 수 없음,알 수 없음,알 수 없음,부정적,긍정적
2023-01,굿굿,긍정적,긍정적,알 수 없음,알 수 없음,긍정적,긍정적
2023-02,굿,긍정적,긍정적,알 수 없음,알 수 없음,긍정적,긍정적
2022-12,맛있어요!,긍정적,긍정적,알 수 없음,알 수 없음,긍정적,긍정적
2022-11,굿,긍정적,긍정적,알 수 없음,알 수 없음,긍정적,긍정적
2022-11,굿굿,긍정적,긍정적,알 수 없음,알 수 없음,긍정적,긍정적
2023-02,좋아요,긍정적,알 수 없음,알 수 없음,알 수 없음,긍정적,긍정적
2022-10,굿굿,긍정적,긍정적,알 수 없음,알 수 없음,긍정적,긍정적
2022-10,맛있었어요~,긍정적,긍정적,알 수 없음,알 수 없음,긍정적,긍정적
2022-10,굿굿,긍정적,긍정적,알 수 없음,알 수 없음,긍정적,긍정적
2022-10,굳,긍정적,알 수 없음,알 수 없음,알 수 없음,긍정적,긍정적
2023-02,맛있어요,긍정적,긍정적,알 수 없음,알 수 없음,긍정적,긍정적
2022-05,불백도 괜찮지만 차돌된장이 진리 🥺🤍,긍정적,긍정적,알 수 없음,알 수 없음,긍정적,긍정적
2022-12,친절하고 가성비도 좋구 맛있어요!,긍정적,긍정적,긍정적,알 수 없음,긍정적,긍정적
2022-04,고추장찌개는 살짝 물이 많고 묽은느낌이에요 원래 약간 진득한국물이지않나요? 맛은 있는데 흠..싱거운느낌이있었어요 ㅜㅜ,부정적,부정적,알 수 없음,알 수 없음,부정적,부정적
2022-03,부추 매콤 양념 맛있고 직원분 친절합니다 맛도 깔끔하니 맛있음,긍정적,긍정적,긍정적,알 수 없음,긍정적,긍정적
2022-06,굿,긍정적,긍정적,알 수 없음,알 수 없음,긍정적,긍정적
2022-10,굿,긍정적,긍정적,알 수 없음,알 수 없음,긍정적,긍정적
2022-07,맛있어요!,긍정적,긍정적,알 수 없음,알 수 없음,긍정적,긍정적
2022-02,가격도 저렴하고 맛있어요!!!!,긍정적,긍정적,알 수 없음,알 수 없음,긍정적,긍정적
2022-06,맛있어요,긍정적,긍정적,알 수 없음,알 수 없음,긍정적,긍정적
2022-07,Soso,부정적,알 수 없음,알 수 없음,알 수 없음,부정적,부정적
2022-04,자주 이용합니다.,긍정적,알 수 없음,긍정적,알 수 없음,긍정적,긍정적
2022-10,점심장사는 혼밥안받으시네요,부정적,알 수 없음,부정적,부정적,부정적,부정적
2022-04,긋긋~,긍정적,알 수 없음,알 수 없음,알 수 없음,긍정적,긍정적
2022-06,굿,긍정적,긍정적,알 수 없음,알 수 없음,긍정적,긍정적
2022-03,ㅇㅇ,긍정적,알 수 없음,알 수 없음,알 수 없음,부정적,긍정적
2022-03,ㅏ,부정적,알 수 없음,알 수 없음,알 수 없음,부정적,부정적
2022-01,조아,긍정적,알 수 없음,알 수 없음,알 수 없음,긍정적,긍정적
2022-01,좋아요,긍정적,알 수 없음,알 수 없음,알 수 없음,긍정적,긍정적
2022-06,굿,긍정적,긍정적,알 수 없음,알 수 없음,긍정적,긍정적
2021-12,굿,긍정적,긍정적,알 수 없음,알 수 없음,긍정적,긍정적
2022-01,맛있어요!,긍정적,긍정적,알 수 없음,알 수 없음,긍정적,긍정적
2021-08,클래식한 불백. 가격도 저렴하고 맛있었음.,긍정적,긍정적,알 수 없음,알 수 없음,긍정적,긍정적
2021-08,철판 불백이 1인분 가능해서 혼밥할수 있어서 좋아요~~,긍정적,긍정적,알 수 없음,긍정적,긍정적,긍정적
2021-12,맛있어요,긍정적,긍정적,알 수 없음,알 수 없음,긍정적,긍정적
2021-06,"오늘따라 해물부추전 속에 든 오징어가 너무 짰지만
불백은 늘 맛있어요.",긍정적,부정적,알 수 없음,알 수 없음,부정적,긍정적
2021-05,점심마다 자주 가는 곳입니다. 사장님도 친절하시고 불백도 맛나고 전도 맛난 곳이어요.,긍정적,긍정적,긍정적,알 수 없음,긍정적,긍정적
2021-06,불백도 맛나고 해물부추전도 맛납니다~,긍정적,긍정적,알 수 없음,알 수 없음,긍정적,긍정적
2021-08,가성비 훌륭!!,긍정적,긍정적,알 수 없음,알 수 없음,긍정적,긍정적
2021-05,맛있어용 당면 추가해먹으면 짱,긍정적,긍정적,알 수 없음,긍정적,긍정적,긍정적
2021-03,양은 조금 적지만 맛있어요.,긍정적,긍정적,알 수 없음,부정적,긍정적,긍정적
2021-01,약간 달아요. 친절하시고 좋아요,긍정적,긍정적,긍정적,알 수 없음,긍정적,긍정적
2021-03,좋아요,긍정적,알 수 없음,알 수 없음,알 수 없음,긍정적,긍정적
2021-03,맛있어요!!,긍정적,긍정적,알 수 없음,알 수 없음,긍정적,긍정적
2021-01,친절하고 맛있어요,긍정적,긍정적,긍정적,알 수 없음,긍정적,긍정적
2020-08,"가격괜찮고

차돌된찌 msg맛잇긴한데
찐하고맛잇는곳.

굿",긍정적,긍정적,알 수 없음,알 수 없음,긍정적,긍정적
2020-11,점심먹기좋아요,긍정적,알 수 없음,알 수 없음,알 수 없음,긍정적,긍정적
2021-01,존맛탱,긍정적,긍정적,알 수 없음,알 수 없음,긍정적,긍정적
2020-11,맛있게 먹고 갑니다^^,긍정적,긍정적,알 수 없음,알 수 없음,긍정적,긍정적
2020-10,가성비 돼지 불백,부정적,알 수 없음,알 수 없음,알 수 없음,부정적,부정적
2020-07,"#돼지철판볶음 #당면사리추가
#쌈에 싸먹으면 맛있어요",긍정적,긍정적,알 수 없음,알 수 없음,긍정적,긍정적
2020-11,싸고 맛있음,긍정적,긍정적,알 수 없음,알 수 없음,긍정적,긍정적
2020-11,좋아요~,긍정적,알 수 없음,긍정적,알 수 없음,긍정적,긍정적
2020-08,잘 먹고 갑니다. 또 방문할게요~,긍정적,긍정적,긍정적,알 수 없음,긍정적,긍정적
2020-10,가성비 돼지불백,긍정적,알 수 없음,알 수 없음,알 수 없음,긍정적,긍정적
2020-07,좋아요좋아요좋아요 맛있어요,긍정적,긍정적,알 수 없음,알 수 없음,긍정적,긍정적
2020-05,"맛있는데 맛잇어 근데 양이 너무 적어요 ㅠㅜ
저녁에 와서 먹으면 딱좋을거 같음",긍정적,긍정적,알 수 없음,부정적,부정적,긍정적
2020-08,맛이ㅛ어용,긍정적,긍정적,알 수 없음,알 수 없음,긍정적,긍정적
2020-07,굿,긍정적,긍정적,알 수 없음,알 수 없음,긍정적,긍정적
2020-07,좋아요~,긍정적,알 수 없음,긍정적,알 수 없음,긍정적,긍정적
2020-05,ㅇㅇㅇ,알 수 없음,알 수 없음,알 수 없음,알 수 없음,알 수 없음,알 수 없음
2020-01,가성비 좋아서 자주 이용해요~,긍정적,긍정적,알 수 없음,알 수 없음,긍정적,긍정적
2020-01,그냥 그랬어요.,부정적,알 수 없음,알 수 없음,알 수 없음,부정적,부정적
2019-08,"돼지 불백 맛있어요
여름에는 좀 더워요",긍정적,긍정적,알 수 없음,알 수 없음,긍정적,긍정적
2019-09,맛있어요,긍정적,긍정적,알 수 없음,알 수 없음,긍정적,긍정적
2019-06,맛있어요,긍정적,긍정적,알 수 없음,알 수 없음,긍정적,긍정적
2019-04,완전맛있음,긍정적,긍정적,알 수 없음,알 수 없음,긍정적,긍정적
