Date,Review,sentiment,Sentiment2
2024-10,"2024년 09월 차림표. 상호에 걸맞게 주종목은 떡볶이인듯.
내 일행중에는 아무도 시키지 않아서, 대신 각자가 이것저것 주문한다. ^^

처음 나온 김치찌개. 요즘 김치가 비싼 탓인지, 예상보다 부실하다. ;;
해물부추전. 그런대로 가성비 괜찮다.
육전. 가운데에 부추를 담아준다.
어묵탕과 계란찜. 가성비 좋다. 

영수증 리뷰에 음료수 1캔 준다고.
상호가 바뀌기 전에는, 흔히 말하는 전집 이었다. 전체 분위기는 살짝 비슷.
전체적으로 만족, 재방문 예감.",긍정적,긍정적
2024-09,점심에 분식만 먹다가 저녁 술 안주도 있길래 술 자리를 가졌는데 안주가 다양하고 가격도 적당했으며 옛날 래트로 감성 분위기 때문에 자리가 더 좋았네요,긍정적,긍정적
2024-07,일요일에 영업 안 합니다,부정적,부정적
2024-04,"추억의 떡볶이 맛입니당 ㅎㅎ
세트메뉴 (17천원) 둘이서 먹기에 양이 많았어요!",긍정적,긍정적
2024-02,양재역에서 일등,긍정적,긍정적
2024-01,"자극적인 떡볶이가 아닌, 적당히 매콤달달한 옛날 떡볶이 맛입니다^^ 튀김도 눅눅하거나 오래된 기름맛 전혀 안나요. 바삭바삭 하고 구성도 푸짐하고 좋아요. 순대도 내장 다양하게 있고 김밥도 로제 떡볶이도 맛있었어요. 가끔 포장해서 먹는 단골집입니다!! ㅎㅎ",긍정적,긍정적
2023-02,"오랜만에 분식이 땡겨서 방문한 곳.
어렸을때 분식집 온 기분으로 맛나게 먹었습니다ㅎㅎ
가격 대비 양은 생각보다 푸짐했어요.
담에도 생각나면 종종 들릴께요!",긍정적,긍정적
2022-10,억세게 비싸고 혀떨어지게 매운떡볶이가 유행하는 바람에 구하기 어려워진 매콤달달떡볶이를 파는 집이라서 소중! 어묵국물도 맛있다.,긍정적,긍정적
2022-09,맛있는데 요즘 전화가 연결이 잘 안되네요,부정적,긍정적
2022-08,"진짜 맛있어요
옛날 떡볶이 맛",긍정적,긍정적
2022-07,도랏,부정적,긍정적
2022-01,내가 원하던 떡볶이... 옛날 떡볶이♡,긍정적,긍정적
2021-09,오뎅 밀가루오뎅 튀김 기름 매우 안좋음 튀김 맛없음 떡볶이 맛있음,부정적,부정적
2020-05,"떡볶이- . 달고짜고 달고짜고 옛날 맛.맛있어서 추가 주문해서 먹었다. 
튀김- 맛 없어서 남겼다. 공장에서 찍어나오는  흔한 맛의 튀김.

떡볶이가 맛있어서 4개별",긍정적,긍정적
2019-10,"매운거 잘 못먹고 적당히 매운거 좋아하는데 여기는 진짜 딱 적당한 맵기에 달달하고 너무 맛있습니다 ㅠ 튀김,순대는 말할것도 없고 개인적으로 치즈김밥이랑 김치참치덮밥이 넘사벽 ㅠ 진짜 맛있습니다 양재 맛집이라고 해도 손색이 없겟네요 퇴근하는길에 정말 잘먹고갑니다 앞으로 자주올듯 번창하세요 ㅎㅎ",긍정적,긍정적
2019-10,"가야는이유 : 추억의 떡볶이 맛과 꽤나 비슷
안가능이유 : 떡볶이는 흔한 면이..

떡볶이는 달콤보다 매콤이 좀 더 있는 편이고 양은 좀 적음, 튀김이 꽤 깨끗한 편, 김밥도 괜찮지만 살짝 비쌈",긍정적,긍정적
2019-07,"웬만하면 좋은평 남겨주고 싶지만ㅠ 튀김을 주문하면 다시 튀겨서 데워주는데,, 이가 나갈정도로 딱딱한 튀김옷;; 10년동안 먹은 분식집 튀김중 제일 별로였음",부정적,부정적
2019-03,"추억의 맛..양재역에서는 젤 먹을만함..
완전 존맛탱~~♡",긍정적,긍정적
