Date,Review,sentiment,Sentiment2
2024-01,"성수에 있을 때부터 꾸준히 찾는 곳. 자주는 못가지만 갈 때마다 정말 만족합니다! 소스와 재료 맛의 밸런스가 좋아 아주 맛있어요. 사이드 토마토나 피클도 정말 맛있구요. 먹고 나면 포만감이 있고 꽤 든든한 편이라 재료들 생각해서도 가격은 적절한 것 같아요. 

오픈 키친이라고 다 깨끗한거 아닌데 이곳은 잘 정돈되어져 있고 직원 두분이서 깔끔하게 잘 운영하시는 것 같아요. 매장에 어플주문 알람소리가 안난다던가...별거 아닌것 같은 부분에서 세심함이 느껴집니다. 별로인 곳을 다녀오면 비교가 되는 부분이거든요. 

별로라 생각하시는 분들 다른 식당 후기를 보니 저같으면 다신 안갈 비위생적인데다 샌드위치 밸런스 최악의 음식점도 좋다고 하는걸 보니 별점은 취향인 셈이죠. 개인적으로는 서울에 이만한 샌드위치집도 잘 없는 것 같아 제일 좋아하는 곳 중 하나예요.",긍정적,긍정적
2023-11,"그릇이나 도자기 소품 하나하나 예뻐서 탐난다!
요즘 물가가 미쳐서 가격대가 엄청 높은지는 모르겠다. 커피도 맛있어서 또갈듯",긍정적,긍정적
2023-06,트러플핫소스치킨이 존맛!!!,긍정적,긍정적
2023-01,"애매하다 맛은 있는데 굳이 이가격에? 
넓고 뷰 좋은 카페였으면 또 달랐을 수도 있는데 좁은 건물 로비에 테이블만 내놓은 것 같은 인테리어,, 친절하지도 않은 응대,, 고려했을 땐 비싼 가격이었음 
한번쯤은 가볼만함, 먹을거라면 비프 or 치킨 추천",부정적,부정적
2022-09,"정말
지극히 평범한.,
13000원 주고 먹을 샌드위치는 전혀 아닌
차라리 같은가격 
소고기 들어간 수제버거를 먹는게 나은..? 
화려한 설명과 다채로워보이는 것 같은 재료에 속지 마시길..",부정적,부정적
2022-09,엄청 신선하고 맛있어요! 샐러리 향이 너무 기분 좋네요,긍정적,긍정적
2022-08,"누구나 지나다니는 건물 복도에 있는 듯한 매장이라고 말하기 민망한 매장이었어요
좌석도 바 좌석이랑 큰 동그란테이블 하나?
샌드위치도 가격대비 받아보고 살짝 당황했습니다
한 번이면 족한 것 같아요",부정적,부정적
2022-07,"샌프란 분위기 나네요 ㅎㅎ
제가 싱글이었으면 여기서 힙하게 살고 싶네요 ㅎㅎ
1층 샌드위치 가게 짱이에요!",긍정적,긍정적
2022-06,샌드위치 맛있어요! 과일 박스도 파는데 그것도 저는 좋네요.,긍정적,긍정적
2022-05,여자 직원분들 일하기 싫은 티 너무 나요ㅠ그리고 오픈키친이라 조리 과정 다 보이는데 파리 앉았던 도마위에서 샌드위치 만드시더라구요.. 플레이팅은 예쁘나 맛도 그저 그렇고 다시 오지는 않을 듯합니다,부정적,부정적
2022-02,맛있어요. 비프샌드위치는 크기가 많이 작아요.,긍정적,긍정적
2022-01,"저는 좀 돈아까웠어요
이 가격이면 더만족스러운 식사 가능...",부정적,부정적
2022-01,친절하신 사장님! 음식 맛있고 모든 식재료가 신선했어요.,긍정적,긍정적
2022-01,맛있고 멋있는 곳,긍정적,긍정적
2021-11,"가야는이유 : 샌드위치 맛으로는 손에 꼽을
안가는이유 : 가격을 생각할 수 밖에 없는, 여백의 미가 많은 플레이팅

로스트비프 : 서빙나오고 좀 당혹스러웠지만 고기와 치즈 빵맛이 상당히 괜찮, 같이 먹을 재료가 좀 더 있어야할듯, 올리브도 맛있었던",긍정적,긍정적
2021-10,재료도 신선하고 조화로운 맛! 빵도 쫄깃하면서 촉촉하고 식감도 좋습니다. 사이즈가 크지는 않아서 양이 좀 적은 느낌이에요. 사이드 메뉴랑 같이 먹으면 적당합니다.,긍정적,긍정적
2021-08,토마토수프가 조금 아쉬웠어요,부정적,긍정적
2021-08,인생 샌드위치…,긍정적,긍정적
2021-03,넘 맛있어서 또 먹으러 왔어요 트러플 향 싫어하는데도 트러플 핫소스 존맛... 닭고기도 닭다리살이라서 더 좋아요,긍정적,긍정적
2021-03,"비싸지만 ... 맛있긴해요
트러플핫소스 최고 !",긍정적,긍정적
2021-02,"사장님도 친절하시고 샌드위치도 너무너무너무 맛있어요 트러플 핫소스 진짜 넘 맛나더라구용 ㅎ 아까 샌드위치 ,, 솔직히 기대안핶는데 전 아까 샌드위치가 너무 맛있었어욬ㅋㅋㅋㅋ 하지만 크기가 너무 작아서,, 별 한개 빼요,,, 메뉴 바뀌면 또 먹으러 갈게용",긍정적,긍정적
2021-02,맛있다 메뉴가 몇개 없어서 아쉽지만 재방문 의사 있음,긍정적,긍정적
2021-01,인생 샌드위치,긍정적,긍정적
2020-10,"샌드위치는 맛있긴 한데 평범한거 같고요
트러플 핫소스가 대박이네요 ㅋㅋㅋ 진짜 맛있어요",긍정적,긍정적
2020-08,"확실히 이태원에 있을때보다 양이 작아지긴 했네요,,그땐 반쪽만 먹어도 배불렀는데,, 지금은 ,,,  맛도있구여 피클이 참 맛있었어요!",부정적,긍정적
2020-07,"가능한 메뉴도 너무 먹고 양이 너무 적음. 이 가격에 맛없으면 더 놀랄듯. 
샌드위치2, 샐러드, 음료2 둘이 먹고 오만원.
다 먹고 배고파서 저녁을 일찍먹음...... 
기대했는데..",부정적,부정적
2020-07,샌드위치 일단 맛있음! 트러플 핫소스가 신의 한수고 좋았지만 가격이 좀 비싸다,긍정적,긍정적
2020-05,먹어본 샌드위치중 탑! 뭔가생소하면서 맛있는맛 ㅠㅠ 또 갈꺼에요,긍정적,긍정적
2020-05,로스트치킨 샌드위치 + 트러플 핫소스 = 말뭐. 짱맛탱.,긍정적,긍정적
2019-08,"서울숲에서 먹는 서울숲, 
시즌별로 바뀌는 샌드위치가 반가웠다 눈,코,입 모두 즐거운 샌드위치. 기본적인 치킨,비프 모두 맛있다. 양도 적절.",긍정적,긍정적
