Date,Review,sentiment,Sentiment2
2024-08,"포장으로 한끼 때운다.
입안에서 퍽퍽하다..",부정적,부정적
2024-04,채소가 물기 하나도없고 텁텁한게 요리할 때 채소를 아예 안씻는거같음. 흙맛나서 다 남깁니다.,부정적,부정적
2023-11,"옥수수스프를 샀는데 먹을려고 뚜껑 여니까 뭔 젤리처럼 스프가 한 덩어리가 된거임. 그래서 뭐지 버려야하나 싶어서 매대쪽 다시 가보니까, 전자레인지로 돌려준다는 거임. 그제서야 남직원이 “전분기가 많아서~ 돌려드릴게요.” 이러는데. 계산도 같은 분이 하셨으면서 왜 계산할때는 이런 말 안해줌? 알아서 쳐 먹으라는건가 ㅠㅋㅋ 너무 싫당.. 첫방문인데 마지막 방문이 될 것 같네요. iOS쓰는데 와이파이도 안됨.",부정적,부정적
2022-11,"먹지마세요… 회사돈으로 먹어도 아까워요
얼마나 맛있는지 확인차 먹었는데 그 돈으로 딴거 드세요",부정적,부정적
2022-08,가성비는 구리지만 양많고 먹을만함. 식사할때 물티슈를 개별포장 제품을 주는 게 아니라 천원짜리 뽑아써야함. 불특정 다수랑 물티슈 공유는 너무 비위생적임...,부정적,부정적
2021-09,가성비 별로,부정적,부정적
2021-05,저녁에 가면 도시락이 별로 없어서 아쉬워요,부정적,긍정적
2021-05,"전반적으로 맛있어요. 근데 가격에 비해 재료를 너무 많이 아꼈단 생각이 드는 곳이에요~ 쌀 양이 많아요~
딴 사람 사진에 아보카도랑 연어가 큰데 제가 먹은 건 아주 작은거보니 뽑기운이 있어야되는 것 같아요",긍정적,긍정적
2020-12,도시락이 여러종류가 있고 깨끗해서 좋긴한데 초밥이 내 입맛에는 짜다. 코우슬로도 짜다 그리고 점심엔 사람이 많아서 그런지 스프가 다 떨어졌다,부정적,부정적
2020-04,칼로리 냦고 연어 초밥 계열 & 닭갈비 덮밥 맛있어요,긍정적,긍정적
2019-10,맛있어요 혼점하기 딱이에요!,긍정적,긍정적
2019-10,가성비 짱별로,부정적,부정적
