Date,Review,sentiment,Sentiment2
2024-05,"뉴질랜드 맥주 전문점이 나가고 들어왔다.
강남구 강남대로 302 동희빌딩 (역삼동 837-10).
02-556-3338.
07:00~23:00.

주말에는 샌드위치 등으로 간단히 때우기에 적당히 활용한다. 근데 가격은 그렇게 간단하지만은 않다. 애용하는 샌드위치 하나에 7,200. 밥값이나 뭐~. ㅋ",부정적,부정적
2024-01,오후 방문하면 한숨 푹푹 쉬는 알바생 있음. 받아들이는 느낌에 불쾌할 정도 였음.,부정적,부정적
