Date,Review,sentiment,Sentiment2
2024-10,"동네에 새로 생겼길래 가족과 같이 방문 했습니다. 2층이지만 작으나마 테라스 자리가 있길래 비어있는 것을 확인하고 앉아도 되냐고 여쭈었더니 (이유는 모르겠으나 이미 어느정도 화가 나 계신 여사장님께서) 밖에 나중에 손님들이 담배를 펴서 안된다 하셔서 홀에 착석했습니다. 이후 바깥자리에 손님들이 오셨으나, 당연하지만 흡연은 아무도 그자리에서 하시지는 않았습니다. 계산할때 사장님 왈 '이렇게 많이 시킬 거면 미리 말을하지!!~~'' 일행 중 아이들이 있어서 아마도 많이 안 시킬줄 알고 바깥자리를 스페셜 요청으로 간주하고 없는 논리를 만들어서 일언지하 거절로 대응하셨나 봅니다. 그리고 생맥주잔 설겆이 통에서 아무거나 꺼내서 재활용하는 모습은 아쉽지만 저에겐 다시는 발걸음 할 수 없게끔 확신을 주는 포인트 였습니다. 아쉽네요.",부정적,부정적
2024-07,"별 한개도 아까운 집입니다.
살다 살다 이렇게 맛없는 똥집튀김은 처음입니다.
몇 주 묵힌 것 같은 걸 디따 튀겨 내와서 먹으라고 주는데...
거기다가 현금 결제 하려고 하니 거스름 돈 없다고 카드 내놔라고..
말이 아 다르고 어 다릅니다.
무슨 자신감으로 그러시는지...
치킨은 맛이 있을런지
또봉이통닭 집은 다 이런 것일까요?",부정적,부정적
2024-05,"생맥주 잔 재사용도하고,
시키지도않은 메뉴을 계산서에 포함시키는게 기본 이고,  바쁘다고 해서 그냥 넘결라고 하고, 최악인 체험 였습니다.
다음 피해자 없으시길 ......",부정적,부정적
