Date,Review,sentiment,Sentiment2
2024-08,"마감시간 얼마 안남기고 갔는데도 친절하게 받아주셨어요
고추김밥이랑 김치라면 시켰는데 매운거 좋아하는 것 같다고 청양고추도 조금 넣어주셨다는 것에 그만 반해버렸습니다..",긍정적,긍정적
2024-01,아이쿠 맛있어서 거의 다 먹고 찍어서 올리네요 완전 맛있어요!! 포장도 맛있어요!!,긍정적,긍정적
2023-09,김밥 만들면서 걍 기침을 해버리네,부정적,부정적
